HADM_ID,temperature_c,spo2,wbc,age,label
138132,1.0074304342269897,-0.3779640197753906,-1.3225231170654297,-1.2094181776046753,7
152032,-0.7482863068580627,-0.3779640197753906,0.45221757888793945,-0.2997376322746277,6
168074,-1.4955625534057617,2.6457481384277344,0.3839583098888397,1.2941781282424927,8
180546,-0.5221689343452454,-0.3779640197753906,2.249711275100708,-0.24346692860126495,0
157609,0.7813194394111633,-0.3779640197753906,-0.5944243669509888,-1.6908077001571655,1
174997,-0.6418796181678772,-0.3779640197753906,-0.2531280815601349,0.4970678687095642,9
116518,1.6990803480148315,-0.3779640197753906,-0.4351527690887451,0.4778658151626587,1
180391,-0.07991369813680649,-0.3779640197753906,-0.4806589186191559,1.1743191480636597,4
