HADM_ID,temperature_c,spo2,wbc,age,label
175237,1.805487036705017,-0.3779640197753906,-0.18486882746219635,0.4605002999305725,7
179418,-0.4988916516304016,1.4362633228302002,0.6342422366142273,-0.2045617401599884,3
