rank,model,status,seconds,auroc,auprc,brier_score,accuracy,sensitivity,specificity,ppv,npv,f1,threshold,tp,tn,fp,fn
1,"hybrid_dnn(64,)_conv(8, 16)_gbdt100-5-0.05_gbdt_heavy",ok,6.08,0.8565645613083943,0.5822431612414738,0.1010054783786164,0.8727695888285493,0.4852941176470588,0.9456221198156682,0.6265822784810127,0.9071618037135278,0.5469613259668509,0.5,99.0,1026.0,59.0,105.0
2,"hybrid_dnn(64,)_conv(16, 32)_gbdt100-5-0.05_gbdt_heavy",ok,5.11,0.8565193819463268,0.5786195072976846,0.1016104176836436,0.8712179984484096,0.4705882352941176,0.9465437788018434,0.6233766233766234,0.9048458149779736,0.5363128491620112,0.5,96.0,1027.0,58.0,108.0
3,"hybrid_dnn(64,)_conv(32, 64)_gbdt100-5-0.05_gbdt_heavy",ok,5.47,0.8563025210084034,0.5760282950118311,0.1003817057234567,0.8719937936384794,0.4705882352941176,0.9474654377880184,0.6274509803921569,0.9049295774647887,0.5378151260504201,0.5,96.0,1028.0,57.0,108.0
4,"hybrid_dnn(128, 64)_conv(32, 64)_gbdt100-5-0.05_gbdt_heavy",ok,6.21,0.8562347519653022,0.5763576404731966,0.1008780496391987,0.8719937936384794,0.4754901960784313,0.9465437788018434,0.6258064516129033,0.9056437389770724,0.5403899721448467,0.5,97.0,1027.0,58.0,107.0
5,"hybrid_dnn(64,)_conv(8, 16, 32)_gbdt100-5-0.05_gbdt_heavy",ok,5.97,0.8558597632601429,0.5753099126169683,0.101305045944338,0.873545384018619,0.4754901960784313,0.9483870967741936,0.6339869281045751,0.9058098591549296,0.5434173669467787,0.5,97.0,1029.0,56.0,107.0
6,"hybrid_dnn(128, 64)_conv(16, 32)_gbdt100-5-0.05_gbdt_heavy",ok,5.71,0.855593205023945,0.5785526020908943,0.1021503137837441,0.8719937936384794,0.4705882352941176,0.9474654377880184,0.6274509803921569,0.9049295774647887,0.5378151260504201,0.5,96.0,1028.0,57.0,108.0
7,"hybrid_dnn(128, 64)_conv(8, 16, 32)_gbdt100-5-0.05_gbdt_heavy",ok,6.14,0.8553176109153339,0.5755237711717752,0.1018233165692047,0.8727695888285493,0.4754901960784313,0.9474654377880184,0.6298701298701299,0.905726872246696,0.5418994413407822,0.5,97.0,1028.0,57.0,107.0
8,"hybrid_dnn(64,)_conv(32, 64)_gbdt200-5-0.05_gbdt_heavy",ok,5.75,0.8550826782325833,0.5776200726726758,0.0989740187826312,0.8712179984484096,0.4656862745098039,0.9474654377880184,0.625,0.9041336851363236,0.5337078651685393,0.5,95.0,1028.0,57.0,109.0
9,"hybrid_dnn(128, 64)_conv(8, 16)_gbdt100-5-0.05_gbdt_heavy",ok,6.54,0.8550555706153429,0.5815019378855009,0.1016037893570714,0.8727695888285493,0.4852941176470588,0.9456221198156682,0.6265822784810127,0.9071618037135278,0.5469613259668509,0.5,99.0,1026.0,59.0,105.0
10,"hybrid_dnn(64,)_conv(8, 16)_gbdt200-5-0.05_gbdt_heavy",ok,6.08,0.8549742477636215,0.5841933864588391,0.099400564904899,0.8704422032583398,0.4656862745098039,0.9465437788018434,0.6209150326797386,0.904049295774648,0.5322128851540616,0.5,95.0,1027.0,58.0,109.0
11,"hybrid_dnn(128, 64)_conv(32, 64)_gbdt200-5-0.05_gbdt_heavy",ok,6.18,0.85487937110328,0.5777781581733691,0.09938100046501,0.873545384018619,0.4705882352941176,0.9493087557603688,0.6357615894039735,0.905096660808436,0.5408450704225352,0.5,96.0,1030.0,55.0,108.0
12,"hybrid_dnn(64,)_conv(16, 32)_gbdt200-5-0.05_gbdt_heavy",ok,5.56,0.8548206379325923,0.5799735717265999,0.1000012111942093,0.8712179984484096,0.4607843137254901,0.9483870967741936,0.6266666666666667,0.90342405618964,0.5310734463276836,0.5,94.0,1029.0,56.0,110.0
13,"hybrid_dnn(128, 64)_conv(32, 64)_gbdt100-3-0.1_gbdt_heavy",ok,5.9,0.854599259058462,0.5689932210562779,0.1018401546293393,0.8712179984484096,0.4852941176470588,0.943778801843318,0.61875,0.9069973427812223,0.5439560439560439,0.5,99.0,1024.0,61.0,105.0
14,"hybrid_dnn(64,)_conv(32, 64)_gbdt100-3-0.1_gbdt_heavy",ok,5.19,0.8544727568446734,0.5692335266215055,0.1013450960943234,0.8688906128782001,0.4705882352941176,0.943778801843318,0.6114649681528662,0.9045936395759716,0.5318559556786704,0.5,96.0,1024.0,61.0,108.0
15,"hybrid_dnn(64,)_conv(8, 16)_gbdt100-3-0.1_gbdt_heavy",ok,5.97,0.8544546850998463,0.5799473273437705,0.1019687390152331,0.8727695888285493,0.4705882352941176,0.9483870967741936,0.631578947368421,0.9050131926121372,0.5393258426966292,0.5,96.0,1029.0,56.0,108.0
16,"hybrid_dnn(64,)_conv(8, 16, 32)_gbdt200-5-0.05_gbdt_heavy",ok,6.21,0.8541971627360623,0.5807255911983746,0.0997125524962049,0.8712179984484096,0.4607843137254901,0.9483870967741936,0.6266666666666667,0.90342405618964,0.5310734463276836,0.5,94.0,1029.0,56.0,110.0
17,"hybrid_dnn(128, 64)_conv(8, 16, 32)_gbdt200-5-0.05_gbdt_heavy",ok,6.53,0.8540977681395139,0.5783987278714263,0.1001414609041953,0.8712179984484096,0.4656862745098039,0.9474654377880184,0.625,0.9041336851363236,0.5337078651685393,0.5,95.0,1028.0,57.0,109.0
18,"hybrid_dnn(128, 64)_conv(16, 32)_gbdt200-5-0.05_gbdt_heavy",ok,6.06,0.8539938556067589,0.5780934894999294,0.1004517450822076,0.8719937936384794,0.4656862745098039,0.9483870967741936,0.6291390728476821,0.9042179261862916,0.5352112676056338,0.5,95.0,1029.0,56.0,109.0
19,lightgbm_n300_leaves31_lr0.05,ok,2.14,0.8537318153067679,0.6037499915484252,0.1049923828117366,0.8774243599689682,0.392156862745098,0.968663594470046,0.7017543859649122,0.894468085106383,0.5031446540880503,0.5,80.0,1051.0,34.0,124.0
20,"hybrid_dnn(64, 32)_conv(16, 32)_gbdt100-5-0.05_gbdt_heavy",ok,5.67,0.853677600072287,0.5772847381619546,0.102148230151553,0.8712179984484096,0.4754901960784313,0.9456221198156682,0.6217948717948718,0.9055604589585172,0.5388888888888889,0.5,97.0,1026.0,59.0,107.0
21,"hybrid_dnn(64,)_conv(16,)_gbdt100-5-0.05_gbdt_heavy",ok,4.43,0.8535872413481521,0.5767642049361688,0.1014182867408612,0.8681148176881304,0.4754901960784313,0.9419354838709676,0.60625,0.9052258635961028,0.532967032967033,0.5,97.0,1022.0,63.0,107.0
22,"hybrid_dnn(64, 32)_conv(32, 64)_gbdt100-5-0.05_gbdt_heavy",ok,7.05,0.8534020059636759,0.574202420286914,0.1009395375621272,0.8727695888285493,0.4754901960784313,0.9474654377880184,0.6298701298701299,0.905726872246696,0.5418994413407822,0.5,97.0,1028.0,57.0,107.0
23,"hybrid_dnn(64,)_conv(16, 32)_gbdt100-3-0.1_gbdt_heavy",ok,4.63,0.8533613445378152,0.5763389806634561,0.1026588095184609,0.86966640806827,0.4656862745098039,0.9456221198156682,0.6168831168831169,0.9039647577092512,0.5307262569832403,0.5,95.0,1026.0,59.0,109.0
24,"hybrid_dnn(128, 64)_conv(16,)_gbdt100-5-0.05_gbdt_heavy",ok,5.11,0.8533523086654017,0.5787015090366725,0.1017873270777477,0.8681148176881304,0.4852941176470588,0.9400921658986175,0.6036585365853658,0.9066666666666666,0.5380434782608695,0.5,99.0,1020.0,65.0,105.0
25,"hybrid_dnn(128, 64)_conv(8, 16)_gbdt100-3-0.1_gbdt_heavy",ok,5.9,0.853293575494714,0.5787589189270927,0.1025657646525879,0.8727695888285493,0.4852941176470588,0.9456221198156682,0.6265822784810127,0.9071618037135278,0.5469613259668509,0.5,99.0,1026.0,59.0,105.0
26,rf_n200_d15_None,ok,2.7,0.8531828860576488,0.5737261233921547,0.0967827423289846,0.8712179984484096,0.2892156862745098,0.9806451612903224,0.7375,0.880066170388751,0.4154929577464789,0.5,59.0,1064.0,21.0,145.0
27,"hybrid_dnn(128, 64)_conv(8, 16)_gbdt200-5-0.05_gbdt_heavy",ok,6.85,0.8531173759826512,0.582337164856474,0.0999095136551516,0.873545384018619,0.4754901960784313,0.9483870967741936,0.6339869281045751,0.9058098591549296,0.5434173669467787,0.5,97.0,1029.0,56.0,107.0
28,"hybrid_dnn(128, 64)_conv(16, 32)_gbdt100-3-0.1_gbdt_heavy",ok,5.79,0.8530450890033433,0.5758687727047432,0.1031974202501575,0.8712179984484096,0.4705882352941176,0.9465437788018434,0.6233766233766234,0.9048458149779736,0.5363128491620112,0.5,96.0,1027.0,58.0,108.0
29,lightgbm_n200_leaves31_lr0.05,ok,1.58,0.85284178187404,0.5994625184362123,0.1017377619006108,0.873545384018619,0.3872549019607843,0.9649769585253456,0.6752136752136753,0.893344709897611,0.4922118380062305,0.5,79.0,1047.0,38.0,125.0
30,"hybrid_dnn(32,)_conv(32, 64)_gbdt100-5-0.05_gbdt_heavy",ok,5.47,0.852683654106804,0.5719251600898246,0.1012315729318839,0.873545384018619,0.4754901960784313,0.9483870967741936,0.6339869281045751,0.9058098591549296,0.5434173669467787,0.5,97.0,1029.0,56.0,107.0
31,"hybrid_dnn(64, 32)_conv(8, 16)_gbdt100-5-0.05_gbdt_heavy",ok,6.57,0.8525707057016354,0.580496936805559,0.1015978594991467,0.8727695888285493,0.4852941176470588,0.9456221198156682,0.6265822784810127,0.9071618037135278,0.5469613259668509,0.5,99.0,1026.0,59.0,105.0
32,"hybrid_dnn(64, 32)_conv(32, 64)_gbdt200-5-0.05_gbdt_heavy",ok,6.65,0.8525210084033613,0.5760583936016852,0.0995377904935158,0.8727695888285493,0.4705882352941176,0.9483870967741936,0.631578947368421,0.9050131926121372,0.5393258426966292,0.5,96.0,1029.0,56.0,108.0
33,"hybrid_dnn(32,)_conv(8, 16)_gbdt100-5-0.05_gbdt_heavy",ok,5.77,0.8524667931688805,0.5775613084666574,0.1018295180836957,0.873545384018619,0.4803921568627451,0.9474654377880184,0.632258064516129,0.9065255731922398,0.5459610027855153,0.5,98.0,1028.0,57.0,106.0
34,rf_n800_d15_None,ok,10.52,0.8524487214240535,0.5828366927685709,0.0965614339041352,0.8719937936384794,0.2892156862745098,0.9815668202764976,0.7468354430379747,0.8801652892561983,0.4169611307420495,0.5,59.0,1065.0,20.0,145.0
35,"hybrid_dnn(128, 64)_conv(8, 16, 32)_gbdt100-3-0.1_gbdt_heavy",ok,6.23,0.8524170958706062,0.5735103730704947,0.1028439879341426,0.8712179984484096,0.4705882352941176,0.9465437788018434,0.6233766233766234,0.9048458149779736,0.5363128491620112,0.5,96.0,1027.0,58.0,108.0
36,"hybrid_dnn(64,)_conv(8, 16, 32)_gbdt100-3-0.1_gbdt_heavy",ok,5.73,0.8523719165085388,0.5722262602359957,0.102327002676172,0.86966640806827,0.4656862745098039,0.9456221198156682,0.6168831168831169,0.9039647577092512,0.5307262569832403,0.5,95.0,1026.0,59.0,109.0
37,"hybrid_dnn(128, 64)_conv(16,)_gbdt200-5-0.05_gbdt_heavy",ok,5.29,0.8523312550826783,0.5814914887009214,0.1002435348799916,0.8681148176881304,0.4607843137254901,0.9447004608294932,0.6103896103896104,0.9030837004405288,0.5251396648044693,0.5,94.0,1025.0,60.0,110.0
38,"hybrid_dnn(64, 32)_conv(32, 64)_gbdt100-3-0.1_gbdt_heavy",ok,6.5,0.8521821631878558,0.5671005094696264,0.1019580692662538,0.8688906128782001,0.4705882352941176,0.943778801843318,0.6114649681528662,0.9045936395759716,0.5318559556786704,0.5,96.0,1024.0,61.0,108.0
39,"hybrid_dnn(32,)_conv(16, 32)_gbdt100-5-0.05_gbdt_heavy",ok,5.53,0.852177645251649,0.574349724313493,0.1025198855521891,0.8719937936384794,0.4705882352941176,0.9474654377880184,0.6274509803921569,0.9049295774647887,0.5378151260504201,0.5,96.0,1028.0,57.0,108.0
40,"hybrid_dnn(64, 32)_conv(16, 32)_gbdt200-5-0.05_gbdt_heavy",ok,6.71,0.8521550555706154,0.5780641711900059,0.100544963552549,0.8704422032583398,0.4656862745098039,0.9465437788018434,0.6209150326797386,0.904049295774648,0.5322128851540616,0.5,95.0,1027.0,58.0,109.0
41,"hybrid_dnn(32,)_conv(8, 16, 32)_gbdt100-5-0.05_gbdt_heavy",ok,6.02,0.8519969278033793,0.5708799451677732,0.1021837690268702,0.8719937936384794,0.4754901960784313,0.9465437788018434,0.6258064516129033,0.9056437389770724,0.5403899721448467,0.5,97.0,1027.0,58.0,107.0
42,"hybrid_dnn(64, 32)_conv(8, 16, 32)_gbdt100-5-0.05_gbdt_heavy",ok,6.74,0.8519924098671727,0.5735010787267483,0.1018146455849953,0.873545384018619,0.4754901960784313,0.9483870967741936,0.6339869281045751,0.9058098591549296,0.5434173669467787,0.5,97.0,1029.0,56.0,107.0
43,"hybrid_dnn(64,)_conv(32, 64)_gbdt50-3-0.1_gbdt_heavy",ok,5.29,0.8518297641637301,0.5642445225510508,0.1032332629839825,0.8673390224980605,0.4656862745098039,0.9428571428571428,0.6050955414012739,0.9037102473498232,0.5263157894736842,0.5,95.0,1023.0,62.0,109.0
44,rf_n800_dNone_None,ok,10.77,0.8518162103551098,0.5794925290502984,0.0968736266000775,0.873545384018619,0.2990196078431372,0.9815668202764976,0.7530864197530864,0.8816225165562914,0.4280701754385965,0.5,61.0,1065.0,20.0,143.0
45,rf_n800_d30_None,ok,10.43,0.8518162103551098,0.5794925290502984,0.0968736266000775,0.873545384018619,0.2990196078431372,0.9815668202764976,0.7530864197530864,0.8816225165562914,0.4280701754385965,0.5,61.0,1065.0,20.0,143.0
46,"hybrid_dnn(64,)_conv(16,)_gbdt200-5-0.05_gbdt_heavy",ok,5.11,0.851793620674076,0.5806587444898409,0.0999638567851817,0.8681148176881304,0.4656862745098039,0.943778801843318,0.6089743589743589,0.9037952338923212,0.5277777777777778,0.5,95.0,1024.0,61.0,109.0
47,lightgbm_n500_leaves31_lr0.05,ok,3.01,0.851725851630975,0.6011464206620913,0.1100285440032266,0.878200155159038,0.4068627450980392,0.966820276497696,0.6974789915966386,0.8965811965811966,0.5139318885448917,0.5,83.0,1049.0,36.0,121.0
48,rf_n800_d20_None,ok,10.45,0.851646787747357,0.5799392763327706,0.0969056260163051,0.8719937936384794,0.2941176470588235,0.9806451612903224,0.7407407407407407,0.8807947019867549,0.4210526315789473,0.5,60.0,1064.0,21.0,144.0
49,"hybrid_dnn(64,)_conv(8, 16)_gbdt50-3-0.1_gbdt_heavy",ok,5.54,0.8515632059275322,0.5680707758246936,0.1039535887775892,0.8727695888285493,0.4901960784313725,0.9447004608294932,0.625,0.907883082373782,0.5494505494505495,0.5,100.0,1025.0,60.0,104.0
50,"hybrid_dnn(128, 64)_conv(16,)_gbdt100-3-0.1_gbdt_heavy",ok,4.65,0.8514728472033974,0.5733223588093852,0.1029076617518998,0.8688906128782001,0.4803921568627451,0.9419354838709676,0.6086956521739131,0.9060283687943262,0.536986301369863,0.5,98.0,1022.0,63.0,106.0
51,rf_n500_d15_None,ok,6.81,0.8514186319689167,0.5809195112517149,0.096693882725088,0.8719937936384794,0.3088235294117647,0.9778801843317972,0.7241379310344828,0.8826955074875208,0.4329896907216495,0.5,63.0,1061.0,24.0,141.0
52,"hybrid_dnn(64, 32, 16)_conv(32, 64)_gbdt100-5-0.05_gbdt_heavy",ok,6.68,0.8513960422878829,0.5760414387293524,0.1010916086189759,0.8750969743987588,0.4803921568627451,0.9493087557603688,0.6405228758169934,0.9066901408450704,0.5490196078431373,0.5,98.0,1030.0,55.0,106.0
53,"hybrid_dnn(128, 64)_conv(32, 64)_gbdt50-3-0.1_gbdt_heavy",ok,5.92,0.8513824884792627,0.5629911606864133,0.1037567527056919,0.8688906128782001,0.4754901960784313,0.9428571428571428,0.610062893081761,0.9053097345132743,0.5344352617079889,0.5,97.0,1023.0,62.0,107.0
54,"hybrid_dnn(64,)_conv(8, 16)_gbdt100-5-0.05_average",ok,5.91,0.8513102014999548,0.5658570838491711,0.1205344403067514,0.8440651667959659,0.553921568627451,0.8986175115207373,0.5067264573991032,0.9146341463414634,0.5292740046838408,0.5,113.0,975.0,110.0,91.0
55,"hybrid_dnn(32,)_conv(32, 64)_gbdt200-5-0.05_gbdt_heavy",ok,5.95,0.8511023764344448,0.574256721262781,0.0997537418651035,0.8727695888285493,0.4705882352941176,0.9483870967741936,0.631578947368421,0.9050131926121372,0.5393258426966292,0.5,96.0,1029.0,56.0,108.0
56,lightgbm_n100_leaves31_lr0.05,ok,0.83,0.8510707508809975,0.5907085729661679,0.0967476230212587,0.8766485647788984,0.3725490196078431,0.9714285714285714,0.7102803738317757,0.8917089678510999,0.4887459807073955,0.5,76.0,1054.0,31.0,128.0
57,"hybrid_dnn(64, 32)_conv(16, 32)_gbdt100-3-0.1_gbdt_heavy",ok,6.07,0.8510255715189301,0.5730772801293047,0.1032517633165753,0.8712179984484096,0.4656862745098039,0.9474654377880184,0.625,0.9041336851363236,0.5337078651685393,0.5,95.0,1028.0,57.0,109.0
58,"hybrid_dnn(64, 32)_conv(8, 16)_gbdt100-3-0.1_gbdt_heavy",ok,6.74,0.8510210535827234,0.5764108083776789,0.1026162614652846,0.8719937936384794,0.4754901960784313,0.9465437788018434,0.6258064516129033,0.9056437389770724,0.5403899721448467,0.5,97.0,1027.0,58.0,107.0
59,"hybrid_dnn(32,)_conv(32, 64)_gbdt100-3-0.1_gbdt_heavy",ok,5.21,0.8510210535827233,0.5668698546781601,0.1021989867712957,0.873545384018619,0.4803921568627451,0.9474654377880184,0.632258064516129,0.9065255731922398,0.5459610027855153,0.5,98.0,1028.0,57.0,106.0
60,"hybrid_dnn(64,)_conv(16, 32)_gbdt50-3-0.1_gbdt_heavy",ok,4.72,0.8510029818378964,0.5645062436328152,0.1047000240539909,0.86966640806827,0.4705882352941176,0.9447004608294932,0.6153846153846154,0.9046778464254192,0.5333333333333333,0.5,96.0,1025.0,60.0,108.0
61,"hybrid_dnn(64,)_conv(16,)_gbdt100-3-0.1_gbdt_heavy",ok,4.35,0.8509623204120356,0.5736490019656705,0.1025399067773952,0.8704422032583398,0.4754901960784313,0.9447004608294932,0.6178343949044586,0.90547703180212,0.5373961218836565,0.5,97.0,1025.0,60.0,107.0
62,"hybrid_dnn(64, 32)_conv(8, 16)_gbdt200-5-0.05_gbdt_heavy",ok,6.55,0.8509352127947952,0.5797519026663618,0.0999988859256128,0.8727695888285493,0.4705882352941176,0.9483870967741936,0.631578947368421,0.9050131926121372,0.5393258426966292,0.5,96.0,1029.0,56.0,108.0
63,"hybrid_dnn(64,)_conv(16, 32)_gbdt100-5-0.05_average",ok,4.97,0.8509081051775549,0.556427340902935,0.1219277933202583,0.8401861908456167,0.5294117647058824,0.8986175115207373,0.4954128440366973,0.9103641456582632,0.5118483412322274,0.5,108.0,975.0,110.0,96.0
64,rf_n300_dNone_None,ok,3.95,0.8508922924008314,0.5709837757173317,0.0973384794414274,0.8712179984484096,0.2892156862745098,0.9806451612903224,0.7375,0.880066170388751,0.4154929577464789,0.5,59.0,1064.0,21.0,145.0
65,rf_n300_d30_None,ok,4.12,0.8508922924008314,0.5709837757173317,0.0973384794414274,0.8712179984484096,0.2892156862745098,0.9806451612903224,0.7375,0.880066170388751,0.4154929577464789,0.5,59.0,1064.0,21.0,145.0
66,rf_n300_d15_None,ok,3.83,0.8508877744646246,0.5766336635085607,0.0970728883935101,0.8681148176881304,0.284313725490196,0.9778801843317972,0.7073170731707317,0.8790389395194698,0.4055944055944055,0.5,58.0,1061.0,24.0,146.0
67,"hybrid_dnn(64,)_conv(8, 16)_gbdt200-5-0.05_average",ok,6.4,0.850871961687901,0.5715564746467645,0.1184210475207665,0.8456167571761055,0.5196078431372549,0.9069124423963134,0.5120772946859904,0.909426987060998,0.5158150851581509,0.5,106.0,984.0,101.0,98.0
68,rf_n500_d30_None,ok,6.41,0.850853889943074,0.5746590626556618,0.0971568875096974,0.873545384018619,0.2990196078431372,0.9815668202764976,0.7530864197530864,0.8816225165562914,0.4280701754385965,0.5,61.0,1065.0,20.0,143.0
69,rf_n500_dNone_None,ok,6.68,0.850853889943074,0.5746590626556618,0.0971568875096974,0.873545384018619,0.2990196078431372,0.9815668202764976,0.7530864197530864,0.8816225165562914,0.4280701754385965,0.5,61.0,1065.0,20.0,143.0
70,rf_n500_d20_None,ok,6.67,0.8507070570163549,0.5753047678418804,0.0972116331426742,0.8719937936384794,0.2990196078431372,0.9797235023041476,0.7349397590361446,0.8814262023217247,0.4250871080139373,0.5,61.0,1063.0,22.0,143.0
71,rf_n200_d30_None,ok,2.78,0.8506483238456674,0.5653768184957516,0.0975526764934057,0.8704422032583398,0.284313725490196,0.9806451612903224,0.7341772151898734,0.8793388429752066,0.4098939929328622,0.5,58.0,1064.0,21.0,146.0
72,rf_n200_dNone_None,ok,2.79,0.8506483238456674,0.5653768184957516,0.0975526764934057,0.8704422032583398,0.284313725490196,0.9806451612903224,0.7341772151898734,0.8793388429752066,0.4098939929328622,0.5,58.0,1064.0,21.0,146.0
73,"hybrid_dnn(64, 32)_conv(16,)_gbdt100-5-0.05_gbdt_heavy",ok,5.53,0.8505873317068764,0.5751518999718719,0.1019481737364094,0.86966640806827,0.4803921568627451,0.9428571428571428,0.6125,0.9061116031886626,0.5384615384615384,0.5,98.0,1023.0,62.0,106.0
74,"hybrid_dnn(64,)_conv(8, 16)_gbdt100-3-0.1_average",ok,6.01,0.8505782958344628,0.5647004781203971,0.1212216604598477,0.8463925523661753,0.5490196078431373,0.9023041474654376,0.5137614678899083,0.9140989729225024,0.5308056872037915,0.5,112.0,979.0,106.0,92.0
75,rf_n500_d20_balanced,ok,7.12,0.8505670009939459,0.5694642519451656,0.104902094966281,0.8673390224980605,0.4558823529411764,0.9447004608294932,0.6078431372549019,0.9022887323943662,0.5210084033613446,0.5,93.0,1025.0,60.0,111.0
76,lightgbm_n800_leaves31_lr0.05,ok,3.76,0.850555706153429,0.5985162356048647,0.111034672287061,0.8789759503491078,0.4068627450980392,0.967741935483871,0.7033898305084746,0.89666951323655,0.515527950310559,0.5,83.0,1050.0,35.0,121.0
77,rf_n500_d30_balanced,ok,6.54,0.8505263395680853,0.5692158935843477,0.1049224577191621,0.8673390224980605,0.4558823529411764,0.9447004608294932,0.6078431372549019,0.9022887323943662,0.5210084033613446,0.5,93.0,1025.0,60.0,111.0
78,rf_n500_dNone_balanced,ok,7.09,0.8505263395680853,0.5692158935843477,0.1049224577191621,0.8673390224980605,0.4558823529411764,0.9447004608294932,0.6078431372549019,0.9022887323943662,0.5210084033613446,0.5,93.0,1025.0,60.0,111.0
79,"hybrid_dnn(64,)_conv(16, 32)_gbdt200-5-0.05_average",ok,5.32,0.8504472756844673,0.5625641352052815,0.1198104255622244,0.8448409619860356,0.5147058823529411,0.9069124423963134,0.5097087378640777,0.9085872576177284,0.5121951219512195,0.5,105.0,984.0,101.0,99.0
80,"hybrid_dnn(32,)_conv(8, 16)_gbdt200-5-0.05_gbdt_heavy",ok,6.08,0.8504292039396404,0.5787358335061968,0.1001544604967024,0.8719937936384794,0.4754901960784313,0.9465437788018434,0.6258064516129033,0.9056437389770724,0.5403899721448467,0.5,97.0,1027.0,58.0,107.0
81,rf_n800_d10_None,ok,9.86,0.8504292039396404,0.5773338386189086,0.0971382210061641,0.86966640806827,0.2598039215686274,0.9843317972350232,0.7571428571428571,0.8761279737489746,0.3868613138686131,0.5,53.0,1068.0,17.0,151.0
82,extra_trees_n800_d15,ok,8.69,0.8504292039396404,0.5621021626996914,0.0997837070481783,0.8665632273079907,0.2205882352941176,0.9880184331797236,0.7758620689655172,0.8708367181153533,0.3435114503816794,0.5,45.0,1072.0,13.0,159.0
83,rf_n300_d20_None,ok,4.17,0.8504111321948135,0.5701285220729974,0.0974810765446833,0.8719937936384794,0.2941176470588235,0.9806451612903224,0.7407407407407407,0.8807947019867549,0.4210526315789473,0.5,60.0,1064.0,21.0,144.0
84,"hybrid_dnn(64, 32, 16)_conv(8, 16)_gbdt100-5-0.05_gbdt_heavy",ok,7.03,0.8503885425137797,0.5820681664453975,0.1017749134797863,0.8758727695888285,0.4901960784313725,0.9483870967741936,0.6410256410256411,0.9082082965578112,0.5555555555555556,0.5,100.0,1029.0,56.0,104.0
85,"hybrid_dnn(64, 32, 16)_conv(8, 16, 32)_gbdt100-5-0.05_gbdt_heavy",ok,7.75,0.8503343272792988,0.5764984177548118,0.1021234183139558,0.873545384018619,0.4705882352941176,0.9493087557603688,0.6357615894039735,0.905096660808436,0.5408450704225352,0.5,96.0,1030.0,55.0,108.0
86,lightgbm_n800_leaves31_lr0.01,ok,5.62,0.8503207734706786,0.5928755487425669,0.0993620141092718,0.8797517455391777,0.392156862745098,0.9714285714285714,0.7207207207207207,0.8947368421052632,0.5079365079365079,0.5,80.0,1054.0,31.0,124.0
87,"hybrid_dnn(128, 64)_conv(8, 16)_gbdt50-3-0.1_gbdt_heavy",ok,6.29,0.8502936658534381,0.5653252441614361,0.1045790455937397,0.8719937936384794,0.4901960784313725,0.943778801843318,0.6211180124223602,0.9078014184397164,0.547945205479452,0.5,100.0,1024.0,61.0,104.0
88,"hybrid_dnn(64,)_conv(8, 16, 32)_gbdt50-3-0.1_gbdt_heavy",ok,6.91,0.8502936658534381,0.5628187352137477,0.1043590890939172,0.86966640806827,0.4558823529411764,0.9474654377880184,0.62,0.9025460930640912,0.5254237288135594,0.5,93.0,1028.0,57.0,111.0
89,"hybrid_dnn(64, 32)_conv(8, 16, 32)_gbdt200-5-0.05_gbdt_heavy",ok,7.2,0.8502801120448179,0.5770919530102807,0.1002280920221378,0.8704422032583398,0.4656862745098039,0.9465437788018434,0.6209150326797386,0.904049295774648,0.5322128851540616,0.5,95.0,1027.0,58.0,109.0
90,"hybrid_dnn(32,)_conv(8, 16)_gbdt100-3-0.1_gbdt_heavy",ok,5.6,0.8502394506189572,0.5737922831193991,0.1027968022112957,0.8719937936384794,0.4705882352941176,0.9474654377880184,0.6274509803921569,0.9049295774647887,0.5378151260504201,0.5,96.0,1028.0,57.0,108.0
91,"hybrid_dnn(128, 64)_conv(16, 32)_gbdt50-3-0.1_gbdt_heavy",ok,5.2,0.8502304147465438,0.5643823955543421,0.1052670659623865,0.8719937936384794,0.4852941176470588,0.9447004608294932,0.6226415094339622,0.9070796460176992,0.5454545454545454,0.5,99.0,1025.0,60.0,105.0
92,rf_n200_d20_None,ok,2.87,0.8501920122887865,0.5649724675616857,0.0975877191569936,0.8704422032583398,0.2892156862745098,0.9797235023041476,0.7283950617283951,0.8799668874172185,0.4140350877192982,0.5,59.0,1063.0,22.0,145.0
93,"hybrid_dnn(64,)_conv(32, 64)_gbdt100-5-0.05_average",ok,5.87,0.8501310201499954,0.5542794885811961,0.1181584076283351,0.843289371605896,0.5196078431372549,0.904147465437788,0.5047619047619047,0.9091751621872104,0.5120772946859904,0.5,106.0,981.0,104.0,98.0
94,"hybrid_dnn(64,)_conv(16, 32)_gbdt100-3-0.1_average",ok,5.04,0.8501039125327551,0.556139595107669,0.1226938386368225,0.8417377812257564,0.5245098039215687,0.9013824884792628,0.5,0.9097674418604652,0.5119617224880383,0.5,107.0,978.0,107.0,97.0
95,"hybrid_dnn(64, 32, 16)_conv(16,)_gbdt100-5-0.05_gbdt_heavy",ok,6.33,0.8500768049155145,0.577646380961092,0.1017771568965355,0.8704422032583398,0.4803921568627451,0.943778801843318,0.6163522012578616,0.9061946902654868,0.5399449035812672,0.5,98.0,1024.0,61.0,106.0
96,"hybrid_dnn(128, 64)_conv(16, 32)_gbdt200-5-0.05_average",ok,6.13,0.8500406614258607,0.5603549535858929,0.1214474349282704,0.8448409619860356,0.5343137254901961,0.9032258064516128,0.5093457943925234,0.9116279069767442,0.5215311004784688,0.5,109.0,980.0,105.0,95.0
97,"hybrid_dnn(64,)_conv(8, 16, 32)_gbdt100-5-0.05_average",ok,5.98,0.8500271076172403,0.5501170621413167,0.1207207161591225,0.8502715283165244,0.5245098039215687,0.911520737327189,0.5270935960591133,0.9106813996316758,0.5257985257985258,0.5,107.0,989.0,96.0,97.0
98,"hybrid_dnn(32,)_conv(16,)_gbdt100-5-0.05_gbdt_heavy",ok,5.07,0.8500135538086202,0.5726482728333333,0.102134908663615,0.8712179984484096,0.4754901960784313,0.9456221198156682,0.6217948717948718,0.9055604589585172,0.5388888888888889,0.5,97.0,1026.0,59.0,107.0
99,"hybrid_dnn(32,)_conv(8, 16, 32)_gbdt200-5-0.05_gbdt_heavy",ok,6.24,0.8499954820637932,0.574380961274406,0.1005211314766306,0.8712179984484096,0.4656862745098039,0.9474654377880184,0.625,0.9041336851363236,0.5337078651685393,0.5,95.0,1028.0,57.0,109.0
100,"hybrid_dnn(128, 64)_conv(8, 16, 32)_gbdt100-5-0.05_average",ok,6.49,0.8499503027017258,0.5479536761374771,0.1223803965901929,0.8456167571761055,0.5343137254901961,0.904147465437788,0.5117370892018779,0.9117100371747212,0.5227817745803357,0.5,109.0,981.0,104.0,95.0
101,"hybrid_dnn(128, 64)_conv(8, 16, 32)_gbdt50-3-0.1_gbdt_heavy",ok,6.02,0.849927713020692,0.5622670030803013,0.104904505529152,0.8704422032583398,0.4705882352941176,0.9456221198156682,0.6193548387096774,0.9047619047619048,0.5348189415041783,0.5,96.0,1026.0,59.0,108.0
102,lightgbm_n200_leaves31_lr0.1,ok,1.54,0.849914159212072,0.6043010924629526,0.1083453085817665,0.8750969743987588,0.392156862745098,0.9658986175115208,0.6837606837606838,0.89419795221843,0.4984423676012461,0.5,80.0,1048.0,37.0,124.0
103,"hybrid_dnn(32,)_conv(16, 32)_gbdt200-5-0.05_gbdt_heavy",ok,5.73,0.8499051233396584,0.5756747939546937,0.1008405349435514,0.8750969743987588,0.4705882352941176,0.9511520737327188,0.6442953020134228,0.9052631578947368,0.5439093484419264,0.5,96.0,1032.0,53.0,108.0
104,"hybrid_dnn(64, 32, 16)_conv(32, 64)_gbdt200-5-0.05_gbdt_heavy",ok,6.93,0.8499006054034517,0.5773193931801991,0.0995927438765906,0.8750969743987588,0.4754901960784313,0.9502304147465438,0.6423841059602649,0.90597539543058,0.5464788732394367,0.5,97.0,1031.0,54.0,107.0
105,"hybrid_dnn(64,)_conv(32, 64)_gbdt200-5-0.05_average",ok,5.75,0.849896087467245,0.5589327499232811,0.1162276320299863,0.847944142746315,0.5098039215686274,0.911520737327189,0.52,0.9081726354453628,0.5148514851485149,0.5,104.0,989.0,96.0,100.0
106,"hybrid_dnn(64,)_conv(32, 64)_gbdt100-3-0.1_average",ok,5.27,0.8498734977862114,0.5534366106647746,0.1188457478853321,0.8409619860356866,0.5245098039215687,0.9004608294930876,0.4976744186046511,0.909683426443203,0.5107398568019093,0.5,107.0,977.0,108.0,97.0
107,"hybrid_dnn(128, 64)_conv(8, 16, 32)_gbdt200-5-0.05_average",ok,6.1,0.8498102466793169,0.5564493586540271,0.120195761065339,0.8502715283165244,0.5294117647058824,0.9105990783410138,0.526829268292683,0.911439114391144,0.5281173594132029,0.5,108.0,988.0,97.0,96.0
108,"hybrid_dnn(128, 64)_conv(16, 32)_gbdt100-5-0.05_average",ok,5.29,0.8497424776362158,0.5534290775951952,0.1236475454981366,0.8409619860356866,0.5441176470588235,0.896774193548387,0.4977578475336323,0.9127579737335836,0.5199063231850117,0.5,111.0,973.0,112.0,93.0
109,"hybrid_dnn(128, 64)_conv(32, 64)_gbdt200-5-0.05_average",ok,6.52,0.8496747085931147,0.5573777694940822,0.1177436617013085,0.8425135764158262,0.5245098039215687,0.9023041474654376,0.5023474178403756,0.9098513011152416,0.513189448441247,0.5,107.0,979.0,106.0,97.0
110,rf_n800_d20_balanced,ok,10.52,0.8496724496250113,0.5707732557866552,0.1049861399519236,0.8665632273079907,0.4558823529411764,0.943778801843318,0.6038961038961039,0.9022026431718062,0.5195530726256983,0.5,93.0,1024.0,61.0,111.0
111,"hybrid_dnn(64, 32, 16)_conv(16, 32)_gbdt100-5-0.05_gbdt_heavy",ok,6.87,0.8496701906569079,0.5770995325253773,0.1024322265486458,0.8743211792086889,0.4852941176470588,0.9474654377880184,0.6346153846153846,0.9073256840247133,0.55,0.5,99.0,1028.0,57.0,105.0
112,"hybrid_dnn(64, 32)_conv(8, 16, 32)_gbdt100-3-0.1_gbdt_heavy",ok,7.23,0.8496656727207013,0.570983060410901,0.1028917436336409,0.8719937936384794,0.4656862745098039,0.9483870967741936,0.6291390728476821,0.9042179261862916,0.5352112676056338,0.5,95.0,1029.0,56.0,109.0
113,"hybrid_dnn(128, 64)_conv(32, 64)_gbdt100-5-0.05_average",ok,6.23,0.8496204933586339,0.5516857975671617,0.1197571800734187,0.843289371605896,0.5490196078431373,0.8986175115207373,0.5045045045045045,0.9137769447047798,0.5258215962441315,0.5,112.0,975.0,110.0,92.0
114,rf_n800_dNone_balanced,ok,11.13,0.8496114574862202,0.5705557126791454,0.1050034825930954,0.8657874321179209,0.4509803921568627,0.943778801843318,0.6013071895424836,0.9014084507042254,0.5154061624649859,0.5,92.0,1024.0,61.0,112.0
115,rf_n800_d30_balanced,ok,10.67,0.8496114574862202,0.5705557126791454,0.1050034825930954,0.8657874321179209,0.4509803921568627,0.943778801843318,0.6013071895424836,0.9014084507042254,0.5154061624649859,0.5,92.0,1024.0,61.0,112.0
116,lightgbm_n800_leaves255_lr0.01,ok,8.33,0.8495391705069124,0.5930999658947311,0.100180728817117,0.8750969743987588,0.392156862745098,0.9658986175115208,0.6837606837606838,0.89419795221843,0.4984423676012461,0.5,80.0,1048.0,37.0,124.0
117,lightgbm_n800_leaves127_lr0.01,ok,8.4,0.8495391705069124,0.5930999658947311,0.100180728817117,0.8750969743987588,0.392156862745098,0.9658986175115208,0.6837606837606838,0.89419795221843,0.4984423676012461,0.5,80.0,1048.0,37.0,124.0
118,lightgbm_n800_leaves63_lr0.01,ok,8.21,0.8495391705069124,0.5930999658947311,0.1001807288244668,0.8750969743987588,0.392156862745098,0.9658986175115208,0.6837606837606838,0.89419795221843,0.4984423676012461,0.5,80.0,1048.0,37.0,124.0
119,rf_n500_d15_balanced,ok,6.86,0.8495233577301888,0.5691153731148452,0.1050770926859016,0.8688906128782001,0.4509803921568627,0.9474654377880184,0.6174496644295302,0.9017543859649124,0.5212464589235127,0.5,92.0,1028.0,57.0,112.0
120,rf_huge_n300_leafnodes2500_None,ok,4.46,0.8495030270172585,0.5662680324886482,0.0976265235755538,0.86966640806827,0.284313725490196,0.9797235023041476,0.725,0.8792390405293631,0.4084507042253521,0.5,58.0,1063.0,22.0,146.0
121,rf_huge_n300_leafnodes5000_None,ok,4.18,0.8495030270172585,0.5662680324886482,0.0976265235755538,0.86966640806827,0.284313725490196,0.9797235023041476,0.725,0.8792390405293631,0.4084507042253521,0.5,58.0,1063.0,22.0,146.0
122,"hybrid_dnn(128, 64)_conv(32, 64)_gbdt100-3-0.1_average",ok,5.51,0.8494352579741574,0.5511865734873601,0.1204433301840322,0.839410395655547,0.5588235294117647,0.8921658986175115,0.4935064935064935,0.9149338374291116,0.5241379310344828,0.5,114.0,968.0,117.0,90.0
123,"hybrid_dnn(32,)_conv(16, 32)_gbdt100-3-0.1_gbdt_heavy",ok,5.1,0.849408150356917,0.5706387437381079,0.1035723008668425,0.8712179984484096,0.4656862745098039,0.9474654377880184,0.625,0.9041336851363236,0.5337078651685393,0.5,95.0,1028.0,57.0,109.0
124,lightgbm_n300_leaves31_lr0.1,ok,1.68,0.8494036324207103,0.6056384172742889,0.109533111358603,0.878200155159038,0.4068627450980392,0.966820276497696,0.6974789915966386,0.8965811965811966,0.5139318885448917,0.5,83.0,1049.0,36.0,121.0
125,"hybrid_dnn(64, 32)_conv(16,)_gbdt200-5-0.05_gbdt_heavy",ok,6.87,0.8493945965482967,0.578963363924365,0.1004996836926725,0.8704422032583398,0.4754901960784313,0.9447004608294932,0.6178343949044586,0.90547703180212,0.5373961218836565,0.5,97.0,1025.0,60.0,107.0
126,"hybrid_dnn(64, 32, 16)_conv(32, 64)_gbdt100-3-0.1_gbdt_heavy",ok,6.53,0.84939007861209,0.5687860962254181,0.1020985069016948,0.8712179984484096,0.4754901960784313,0.9456221198156682,0.6217948717948718,0.9055604589585172,0.5388888888888889,0.5,97.0,1026.0,59.0,107.0
127,"hybrid_dnn(64,)_conv(8, 16, 32)_gbdt200-5-0.05_average",ok,6.01,0.8493855606758832,0.5577352295800115,0.1186188234513791,0.8510473235065943,0.5098039215686274,0.9152073732718894,0.5306122448979592,0.9085086916742908,0.52,0.5,104.0,993.0,92.0,100.0
128,lightgbm_n800_leaves31_lr0.1,ok,2.37,0.8493810427396765,0.6021962415653662,0.1107530216558525,0.8766485647788984,0.4068627450980392,0.9649769585253456,0.6859504132231405,0.896404109589041,0.5107692307692308,0.5,83.0,1047.0,38.0,121.0
129,"hybrid_dnn(64, 32)_conv(32, 64)_gbdt50-3-0.1_gbdt_heavy",ok,6.45,0.8493448992500227,0.5620096065463906,0.1038417916495668,0.86966640806827,0.4754901960784313,0.943778801843318,0.6139240506329114,0.905393457117595,0.5359116022099447,0.5,97.0,1024.0,61.0,107.0
130,extra_trees_n800_d30,ok,9.06,0.8491935483870967,0.5635322279931525,0.0993291700617264,0.8665632273079907,0.2254901960784313,0.9870967741935484,0.7666666666666667,0.871440195280716,0.3484848484848485,0.5,46.0,1071.0,14.0,158.0
131,"hybrid_dnn(64, 32)_conv(16,)_gbdt100-3-0.1_gbdt_heavy",ok,5.73,0.8491912894189935,0.5719800962564153,0.1031249350835589,0.8688906128782001,0.4803921568627451,0.9419354838709676,0.6086956521739131,0.9060283687943262,0.536986301369863,0.5,98.0,1022.0,63.0,106.0
132,lightgbm_n100_leaves31_lr0.1,ok,0.84,0.8490693051414114,0.5988198935394673,0.1019286031166806,0.8766485647788984,0.4019607843137255,0.9658986175115208,0.6890756302521008,0.8957264957264958,0.5077399380804953,0.5,82.0,1048.0,37.0,122.0
133,"dnn_v2_(16,)_drop0.1_lr0.005_wd0.1",ok,2.4,0.8490015360983103,0.5322575985543833,0.1738987294046129,0.7773467804499612,0.7549019607843137,0.7815668202764977,0.3938618925831202,0.9443207126948776,0.5176470588235295,0.5,154.0,848.0,237.0,50.0
134,rf_n800_d15_balanced,ok,10.29,0.8489970181621036,0.5723484397476727,0.1050655890408388,0.8673390224980605,0.4607843137254901,0.943778801843318,0.6064516129032258,0.9029982363315696,0.5236768802228412,0.5,94.0,1024.0,61.0,110.0
135,lightgbm_n500_leaves31_lr0.01,ok,3.37,0.8489834643534833,0.5883688263297662,0.0962282652807303,0.878200155159038,0.3872549019607843,0.9705069124423964,0.7117117117117117,0.8938879456706282,0.5015873015873016,0.5,79.0,1053.0,32.0,125.0
136,"hybrid_dnn(64, 32)_conv(16, 32)_gbdt50-3-0.1_gbdt_heavy",ok,5.98,0.8489382849914159,0.5636560382703507,0.1052885333258086,0.8727695888285493,0.4852941176470588,0.9456221198156682,0.6265822784810127,0.9071618037135278,0.5469613259668509,0.5,99.0,1026.0,59.0,105.0
137,lightgbm_n800_leaves15_lr0.01,ok,3.29,0.8489247311827957,0.584523251278376,0.0977671002537669,0.8758727695888285,0.392156862745098,0.966820276497696,0.6896551724137931,0.8942881500426257,0.5,0.5,80.0,1049.0,36.0,124.0
138,"hybrid_dnn(128, 64)_conv(8, 16, 32)_gbdt100-3-0.1_average",ok,6.09,0.8488976235655552,0.5492275184906193,0.1231207747906962,0.8448409619860356,0.5441176470588235,0.9013824884792628,0.5091743119266054,0.9131652661064426,0.5260663507109005,0.5,111.0,978.0,107.0,93.0
139,"hybrid_dnn(128, 64)_conv(16,)_gbdt50-3-0.1_gbdt_heavy",ok,4.65,0.8488795518207284,0.565048613484296,0.1047969495750219,0.8673390224980605,0.4803921568627451,0.9400921658986175,0.6012269938650306,0.905861456483126,0.5340599455040872,0.5,98.0,1020.0,65.0,106.0
140,"hybrid_dnn(128, 64)_conv(8, 16)_gbdt100-3-0.1_average",ok,6.31,0.8488659980121079,0.5619711842898398,0.1231024857932861,0.8409619860356866,0.5637254901960784,0.8930875576036866,0.4978354978354978,0.9158790170132324,0.5287356321839081,0.5,115.0,969.0,116.0,89.0
141,lightgbm_n300_leaves127_lr0.05,ok,3.14,0.8488614800759012,0.6055928490387834,0.1048386158564429,0.878200155159038,0.4068627450980392,0.966820276497696,0.6974789915966386,0.8965811965811966,0.5139318885448917,0.5,83.0,1049.0,36.0,121.0
142,lightgbm_n300_leaves63_lr0.05,ok,3.06,0.8488614800759012,0.6055928490387834,0.1048386159089357,0.878200155159038,0.4068627450980392,0.966820276497696,0.6974789915966386,0.8965811965811966,0.5139318885448917,0.5,83.0,1049.0,36.0,121.0
143,lightgbm_n300_leaves255_lr0.05,ok,3.06,0.8488614800759012,0.6055928490387834,0.1048386158564429,0.878200155159038,0.4068627450980392,0.966820276497696,0.6974789915966386,0.8965811965811966,0.5139318885448917,0.5,83.0,1049.0,36.0,121.0
144,lightgbm_n500_leaves31_lr0.1,ok,1.89,0.8488524442034879,0.6027883560876752,0.1104656369114415,0.8766485647788984,0.4019607843137255,0.9658986175115208,0.6890756302521008,0.8957264957264958,0.5077399380804953,0.5,82.0,1048.0,37.0,122.0
145,extra_trees_n800_dNone,ok,8.5,0.8488366314267642,0.5622680081865706,0.0993559081652443,0.8657874321179209,0.2205882352941176,0.9870967741935484,0.7627118644067796,0.8707317073170732,0.3422053231939163,0.5,45.0,1071.0,14.0,159.0
146,"hybrid_dnn(128, 64)_conv(16, 32)_gbdt100-3-0.1_average",ok,5.54,0.8488343724586609,0.554002670448334,0.1244124006424226,0.8355314197051978,0.5392156862745098,0.8912442396313364,0.4824561403508772,0.9114043355325164,0.5092592592592593,0.5,110.0,967.0,118.0,94.0
147,"hybrid_dnn(128, 64)_conv(8, 16)_gbdt200-5-0.05_average",ok,6.68,0.8488163007138338,0.5669241643753425,0.1202203202085593,0.8456167571761055,0.5441176470588235,0.9023041474654376,0.511520737327189,0.9132462686567164,0.5273159144893111,0.5,111.0,979.0,106.0,93.0
148,extra_trees_n500_d15,ok,5.46,0.84878015722418,0.55718171322975,0.1001580075259249,0.8665632273079907,0.2205882352941176,0.9880184331797236,0.7758620689655172,0.8708367181153533,0.3435114503816794,0.5,45.0,1072.0,13.0,159.0
149,"hybrid_dnn(64,)_conv(16,)_gbdt50-3-0.1_gbdt_heavy",ok,4.6,0.8487756392879733,0.5654590046371951,0.1044007634050681,0.8665632273079907,0.4754901960784313,0.9400921658986175,0.5987654320987654,0.9050576752440106,0.5300546448087432,0.5,97.0,1020.0,65.0,107.0
150,extra_trees_huge_n300_leafnodes5000,ok,3.33,0.848744013734526,0.5596975797052777,0.0994757951900698,0.8650116369278511,0.2205882352941176,0.9861751152073732,0.75,0.870626525630594,0.3409090909090909,0.5,45.0,1070.0,15.0,159.0
151,extra_trees_huge_n300_leafnodes2500,ok,3.14,0.848744013734526,0.5596975797052777,0.0994757951900698,0.8650116369278511,0.2205882352941176,0.9861751152073732,0.75,0.870626525630594,0.3409090909090909,0.5,45.0,1070.0,15.0,159.0
152,"hybrid_dnn(128, 64)_conv(8, 16)_gbdt100-5-0.05_average",ok,6.13,0.8487304599259059,0.5603828377544222,0.1224164557793798,0.8386346004654771,0.5588235294117647,0.8912442396313364,0.4913793103448275,0.9148533585619678,0.5229357798165137,0.5,114.0,967.0,118.0,90.0
153,catboost_n800_d8_lr0.1,ok,37.41,0.848712388181079,0.5745485666994282,0.1061003078924829,0.8712179984484096,0.3333333333333333,0.9723502304147466,0.6938775510204082,0.8858102434928632,0.4503311258278146,0.5,68.0,1055.0,30.0,136.0
154,extra_trees_n800_d20,ok,8.9,0.8487033523086653,0.5639239582833417,0.0994404024498591,0.8657874321179209,0.2205882352941176,0.9870967741935484,0.7627118644067796,0.8707317073170732,0.3422053231939163,0.5,45.0,1071.0,14.0,159.0
155,rf_n800_d10_balanced,ok,10.72,0.8486672088190114,0.5740844969387559,0.1073891535765099,0.8681148176881304,0.4950980392156863,0.9382488479262672,0.6011904761904762,0.9081177520071364,0.543010752688172,0.5,101.0,1018.0,67.0,103.0
156,"hybrid_dnn(64,)_conv(8, 16, 32)_gbdt100-3-0.1_average",ok,6.15,0.8485813680310834,0.5507976727413637,0.1214622845753311,0.847944142746315,0.5245098039215687,0.9087557603686636,0.5194174757281553,0.9104339796860572,0.5219512195121951,0.5,107.0,986.0,99.0,97.0
157,"hybrid_dnn(64,)_conv(8, 16)_gbdt50-3-0.1_average",ok,6.28,0.8485768500948767,0.555983799933518,0.1229375753271001,0.8386346004654771,0.553921568627451,0.8921658986175115,0.4913043478260869,0.9140698772426816,0.5207373271889401,0.5,113.0,968.0,117.0,91.0
158,"hybrid_dnn(32,)_conv(8, 16, 32)_gbdt100-3-0.1_gbdt_heavy",ok,5.83,0.8485723321586698,0.5681836378423379,0.1032097492214386,0.86966640806827,0.4656862745098039,0.9456221198156682,0.6168831168831169,0.9039647577092512,0.5307262569832403,0.5,95.0,1026.0,59.0,109.0
159,rf_n500_d10_balanced,ok,6.68,0.848554260413843,0.5765597032482112,0.1073744275773103,0.8665632273079907,0.4852941176470588,0.9382488479262672,0.5963855421686747,0.9065004452359752,0.5351351351351351,0.5,99.0,1018.0,67.0,105.0
160,rf_n300_dNone_balanced,ok,4.07,0.848504563115569,0.5638817826065718,0.1053942591155935,0.8673390224980605,0.4705882352941176,0.9419354838709676,0.6037735849056604,0.904424778761062,0.5289256198347108,0.5,96.0,1022.0,63.0,108.0
161,rf_n300_d30_balanced,ok,4.53,0.848504563115569,0.5638817826065718,0.1053942591155935,0.8673390224980605,0.4705882352941176,0.9419354838709676,0.6037735849056604,0.904424778761062,0.5289256198347108,0.5,96.0,1022.0,63.0,108.0
162,rf_n300_d20_balanced,ok,4.1,0.8484729375621215,0.5642689883564818,0.1053973118581163,0.8673390224980605,0.4705882352941176,0.9419354838709676,0.6037735849056604,0.904424778761062,0.5289256198347108,0.5,96.0,1022.0,63.0,108.0
163,catboost_n500_d8_lr0.1,ok,23.85,0.8484458299448812,0.5738006459846813,0.1049720006686484,0.8712179984484096,0.3235294117647059,0.9741935483870968,0.7021276595744681,0.8845188284518829,0.4429530201342282,0.5,66.0,1057.0,28.0,138.0
164,rf_n100_d10_balanced,ok,1.44,0.8484051685190206,0.5643171422181265,0.1080149092527807,0.8642358417377812,0.4754901960784313,0.937327188940092,0.5878787878787879,0.9048042704626336,0.5257452574525745,0.5,97.0,1017.0,68.0,107.0
165,lightgbm_n200_leaves127_lr0.1,ok,2.08,0.8483735429655733,0.5995259079904367,0.1088210144385607,0.873545384018619,0.3872549019607843,0.9649769585253456,0.6752136752136753,0.893344709897611,0.4922118380062305,0.5,79.0,1047.0,38.0,125.0
166,lightgbm_n200_leaves63_lr0.1,ok,2.04,0.8483735429655733,0.5995259079904367,0.1088210144385607,0.873545384018619,0.3872549019607843,0.9649769585253456,0.6752136752136753,0.893344709897611,0.4922118380062305,0.5,79.0,1047.0,38.0,125.0
167,lightgbm_n200_leaves255_lr0.1,ok,2.0,0.8483735429655733,0.5995259079904367,0.1088210144385607,0.873545384018619,0.3872549019607843,0.9649769585253456,0.6752136752136753,0.893344709897611,0.4922118380062305,0.5,79.0,1047.0,38.0,125.0
168,"hybrid_dnn(32,)_conv(16,)_gbdt200-5-0.05_gbdt_heavy",ok,4.71,0.8483464353483329,0.5761036529019576,0.1006103345770424,0.86966640806827,0.4656862745098039,0.9456221198156682,0.6168831168831169,0.9039647577092512,0.5307262569832403,0.5,95.0,1026.0,59.0,109.0
169,"hybrid_dnn(64, 32)_conv(8, 16)_gbdt50-3-0.1_gbdt_heavy",ok,6.6,0.8482605945604047,0.566363445733678,0.1045966667142128,0.8712179984484096,0.4852941176470588,0.943778801843318,0.61875,0.9069973427812223,0.5439560439560439,0.5,99.0,1024.0,61.0,105.0
170,rf_n200_dNone_balanced,ok,3.07,0.8482538176560948,0.5602557942031268,0.1054612102404965,0.8634600465477114,0.446078431372549,0.9419354838709676,0.5909090909090909,0.9004405286343612,0.5083798882681564,0.5,91.0,1022.0,63.0,113.0
171,rf_n200_d30_balanced,ok,2.99,0.8482538176560948,0.5602557942031268,0.1054612102404965,0.8634600465477114,0.446078431372549,0.9419354838709676,0.5909090909090909,0.9004405286343612,0.5083798882681564,0.5,91.0,1022.0,63.0,113.0
172,rf_n200_d20_balanced,ok,2.73,0.8481996024216137,0.5603632913372842,0.105453416669061,0.8634600465477114,0.446078431372549,0.9419354838709676,0.5909090909090909,0.9004405286343612,0.5083798882681564,0.5,91.0,1022.0,63.0,113.0
173,"hybrid_dnn(64, 32, 16)_conv(16,)_gbdt200-5-0.05_gbdt_heavy",ok,6.52,0.8481160206017891,0.5802483698309755,0.1002315491315936,0.8719937936384794,0.4705882352941176,0.9474654377880184,0.6274509803921569,0.9049295774647887,0.5378151260504201,0.5,96.0,1028.0,57.0,108.0
174,catboost_n800_d7_lr0.01,ok,20.7,0.8480527694948946,0.5658812374291885,0.0983557574724099,0.86966640806827,0.3039215686274509,0.976036866359447,0.7045454545454546,0.8817651956702748,0.4246575342465753,0.5,62.0,1059.0,26.0,142.0
175,bagging_n200_ms0.8,ok,6.65,0.8480075901328274,0.5771184682278567,0.0959958107059736,0.8719937936384794,0.3382352941176471,0.9723502304147466,0.696969696969697,0.8865546218487395,0.4554455445544554,0.5,69.0,1055.0,30.0,135.0
176,catboost_n800_d8_lr0.01,ok,37.32,0.8479985542604139,0.568202227087448,0.0988821451254473,0.86966640806827,0.2745098039215686,0.9815668202764976,0.7368421052631579,0.8779884583676835,0.4,0.5,56.0,1065.0,20.0,148.0
177,rf_n200_d10_balanced,ok,2.92,0.8479804825155869,0.5633120934359155,0.1081138954244352,0.8634600465477114,0.4901960784313725,0.9336405529953916,0.5813953488372093,0.9068934646374216,0.5319148936170213,0.5,100.0,1013.0,72.0,104.0
178,rf_n500_d10_None,ok,6.3,0.8479804825155868,0.5741170741591335,0.0975403786636928,0.8712179984484096,0.2696078431372549,0.9843317972350232,0.7638888888888888,0.8775677896466721,0.3985507246376811,0.5,55.0,1068.0,17.0,149.0
179,"hybrid_dnn(64,)_conv(16, 32)_gbdt50-3-0.1_average",ok,4.9,0.8479262672811061,0.5485578287218662,0.1244619430953914,0.8363072148952676,0.5343137254901961,0.8930875576036866,0.4844444444444444,0.9107142857142856,0.5081585081585082,0.5,109.0,969.0,116.0,95.0
180,rf_n200_d10_None,ok,2.72,0.8479217493448993,0.5677771131854341,0.0978465614096475,0.8681148176881304,0.2598039215686274,0.9824884792626728,0.7361111111111112,0.8759244042728019,0.3840579710144927,0.5,53.0,1066.0,19.0,151.0
181,"hybrid_dnn(64, 32)_conv(16, 32)_gbdt100-5-0.05_average",ok,5.83,0.8478991596638656,0.5529607995694198,0.1234243719154083,0.8409619860356866,0.5294117647058824,0.8995391705069125,0.4976958525345622,0.9104477611940298,0.5130641330166271,0.5,108.0,976.0,109.0,96.0
182,"hybrid_dnn(64, 32, 16)_conv(8, 16)_gbdt100-3-0.1_gbdt_heavy",ok,7.17,0.8478630161742116,0.5777806033326063,0.102781682046792,0.8704422032583398,0.4656862745098039,0.9465437788018434,0.6209150326797386,0.904049295774648,0.5322128851540616,0.5,95.0,1027.0,58.0,109.0
183,"hybrid_dnn(128, 64)_conv(16,)_gbdt200-5-0.05_average",ok,5.51,0.847853980301798,0.5634535293450107,0.1204693036982942,0.839410395655547,0.5343137254901961,0.896774193548387,0.4932126696832579,0.9110486891385768,0.5129411764705882,0.5,109.0,973.0,112.0,95.0
184,"hybrid_dnn(64, 32, 16)_conv(8, 16)_gbdt200-5-0.05_gbdt_heavy",ok,7.64,0.8478494623655913,0.5803871183994413,0.1000788222016497,0.8743211792086889,0.4754901960784313,0.9493087557603688,0.6381578947368421,0.9058927000879508,0.5449438202247191,0.5,97.0,1030.0,55.0,107.0
185,lightgbm_n800_leaves63_lr0.2,ok,1.91,0.8478449444293846,0.5829568643916936,0.1116711986560024,0.8766485647788984,0.3970588235294117,0.966820276497696,0.6923076923076923,0.8950511945392492,0.5046728971962616,0.5,81.0,1049.0,36.0,123.0
186,lightgbm_n800_leaves255_lr0.2,ok,1.84,0.8478449444293846,0.5829568643916936,0.1116711986725739,0.8766485647788984,0.3970588235294117,0.966820276497696,0.6923076923076923,0.8950511945392492,0.5046728971962616,0.5,81.0,1049.0,36.0,123.0
187,lightgbm_n800_leaves127_lr0.2,ok,1.79,0.8478449444293846,0.5829568643916936,0.1116711986725739,0.8766485647788984,0.3970588235294117,0.966820276497696,0.6923076923076923,0.8950511945392492,0.5046728971962616,0.5,81.0,1049.0,36.0,123.0
188,"hybrid_dnn(32,)_conv(32, 64)_gbdt50-3-0.1_gbdt_heavy",ok,5.4,0.847835908556971,0.5568963695594424,0.1041893936171479,0.8688906128782001,0.4754901960784313,0.9428571428571428,0.610062893081761,0.9053097345132743,0.5344352617079889,0.5,97.0,1023.0,62.0,107.0
189,"hybrid_dnn(32,)_conv(16,)_gbdt100-3-0.1_gbdt_heavy",ok,4.66,0.8477997650673171,0.5694890590153298,0.1032605521627895,0.8704422032583398,0.4803921568627451,0.943778801843318,0.6163522012578616,0.9061946902654868,0.5399449035812672,0.5,98.0,1024.0,61.0,106.0
190,"hybrid_dnn(64, 32, 16)_conv(16, 32)_gbdt200-5-0.05_gbdt_heavy",ok,6.72,0.8477816933224903,0.5775894801001855,0.1007318422723559,0.8743211792086889,0.4705882352941176,0.9502304147465438,0.64,0.9051799824407376,0.5423728813559322,0.5,96.0,1031.0,54.0,108.0
191,"hybrid_dnn(128, 64)_conv(16,)_gbdt100-5-0.05_average",ok,4.96,0.8477274780880095,0.5590308815511025,0.1225261026417898,0.8355314197051978,0.5441176470588235,0.8903225806451613,0.4826086956521739,0.9121813031161472,0.511520737327189,0.5,111.0,966.0,119.0,93.0
192,"hybrid_dnn(64, 32)_conv(16, 32)_gbdt200-5-0.05_average",ok,6.48,0.8477229601518026,0.5583088467325014,0.1213125040512592,0.8456167571761055,0.5196078431372549,0.9069124423963134,0.5120772946859904,0.909426987060998,0.5158150851581509,0.5,106.0,984.0,101.0,98.0
193,extra_trees_n500_d30,ok,5.63,0.8477207011836994,0.5597865895941784,0.0996156374006444,0.8650116369278511,0.2205882352941176,0.9861751152073732,0.75,0.870626525630594,0.3409090909090909,0.5,45.0,1070.0,15.0,159.0
194,lightgbm_n800_leaves31_lr0.2,ok,1.49,0.8477048884069757,0.5896283747343429,0.1137198876076624,0.8743211792086889,0.4117647058823529,0.9612903225806452,0.6666666666666666,0.8968185726569218,0.509090909090909,0.5,84.0,1043.0,42.0,120.0
195,"hybrid_dnn(64, 32)_conv(8, 16, 32)_gbdt50-3-0.1_gbdt_heavy",ok,6.24,0.8476777807897352,0.5619382440661359,0.104919385521177,0.8712179984484096,0.4656862745098039,0.9474654377880184,0.625,0.9041336851363236,0.5337078651685393,0.5,95.0,1028.0,57.0,109.0
196,"hybrid_dnn(64, 32, 16)_conv(8, 16, 32)_gbdt200-5-0.05_gbdt_heavy",ok,7.47,0.8476506731724949,0.5758141412731419,0.1004397470627473,0.8727695888285493,0.4705882352941176,0.9483870967741936,0.631578947368421,0.9050131926121372,0.5393258426966292,0.5,96.0,1029.0,56.0,108.0
197,rf_n300_d10_balanced,ok,3.98,0.8476280834914611,0.5719571501774221,0.1076955283321342,0.8665632273079907,0.4705882352941176,0.9410138248847926,0.6,0.9043401240035428,0.5274725274725275,0.5,96.0,1021.0,64.0,108.0
198,lightgbm_n100_leaves31_lr0.2,ok,0.82,0.8475467606397398,0.591579548443202,0.1086683249088402,0.8774243599689682,0.3970588235294117,0.967741935483871,0.6982758620689655,0.8951406649616368,0.50625,0.5,81.0,1050.0,35.0,123.0
199,"hybrid_dnn(32,)_conv(8, 16)_gbdt50-3-0.1_gbdt_heavy",ok,5.67,0.8475467606397397,0.5630258015024019,0.1048838919196383,0.8727695888285493,0.4901960784313725,0.9447004608294932,0.625,0.907883082373782,0.5494505494505495,0.5,100.0,1025.0,60.0,104.0
200,"hybrid_dnn(128, 64)_conv(32, 64)_gbdt50-3-0.1_average",ok,6.32,0.8475332068311195,0.5460021446257234,0.1220960490109586,0.8355314197051978,0.5490196078431373,0.8894009216589862,0.4827586206896552,0.912961210974456,0.5137614678899083,0.5,112.0,965.0,120.0,92.0
201,"hybrid_dnn(64, 32)_conv(32, 64)_gbdt100-5-0.05_average",ok,7.12,0.8475015812776724,0.5506721868332881,0.1197105931112091,0.8401861908456167,0.5294117647058824,0.8986175115207373,0.4954128440366973,0.9103641456582632,0.5118483412322274,0.5,108.0,975.0,110.0,96.0
202,rf_n100_d15_None,ok,1.41,0.8474586608837084,0.557422798740666,0.0983015901173621,0.8688906128782001,0.284313725490196,0.9788018433179724,0.7160493827160493,0.8791390728476821,0.4070175438596491,0.5,58.0,1062.0,23.0,146.0
203,extra_trees_n500_d20,ok,5.69,0.8474428481069847,0.5655735117710674,0.0993038641758329,0.8665632273079907,0.230392156862745,0.9861751152073732,0.7580645161290323,0.8720456397718012,0.3533834586466165,0.5,47.0,1070.0,15.0,157.0
204,"hybrid_dnn(128, 64)_conv(16,)_gbdt100-3-0.1_average",ok,4.93,0.8474338122345713,0.5586057790222904,0.1233587617203017,0.8355314197051978,0.553921568627451,0.8884792626728111,0.4829059829059829,0.913744075829384,0.5159817351598174,0.5,113.0,964.0,121.0,91.0
205,"hybrid_dnn(64,)_conv(32, 64)_gbdt50-3-0.1_average",ok,5.11,0.8474157404897441,0.5461056299697187,0.1204721415515958,0.8370830100853375,0.5196078431372549,0.896774193548387,0.4862385321100917,0.9084967320261438,0.5023696682464455,0.5,106.0,973.0,112.0,98.0
206,"hybrid_dnn(32,)_conv(16, 32)_gbdt50-3-0.1_gbdt_heavy",ok,4.76,0.8472711665311286,0.5607112911044045,0.1057157553298803,0.8719937936384794,0.4705882352941176,0.9474654377880184,0.6274509803921569,0.9049295774647887,0.5378151260504201,0.5,96.0,1028.0,57.0,108.0
207,lightgbm_n500_leaves31_lr0.2,ok,1.28,0.8472440589138881,0.5904666801919376,0.1132708964234741,0.8750969743987588,0.4117647058823529,0.9622119815668204,0.672,0.8969072164948454,0.5106382978723404,0.5,84.0,1044.0,41.0,120.0
208,lightgbm_n800_leaves127_lr0.1,ok,2.95,0.8472169512966476,0.5891214905757999,0.1125278146018833,0.873545384018619,0.3872549019607843,0.9649769585253456,0.6752136752136753,0.893344709897611,0.4922118380062305,0.5,79.0,1047.0,38.0,125.0
209,lightgbm_n800_leaves63_lr0.1,ok,2.99,0.8472169512966476,0.5891214905757999,0.1125278146018833,0.873545384018619,0.3872549019607843,0.9649769585253456,0.6752136752136753,0.893344709897611,0.4922118380062305,0.5,79.0,1047.0,38.0,125.0
210,lightgbm_n800_leaves255_lr0.1,ok,3.01,0.8472169512966476,0.5891214905757999,0.1125278146018833,0.873545384018619,0.3872549019607843,0.9649769585253456,0.6752136752136753,0.893344709897611,0.4922118380062305,0.5,79.0,1047.0,38.0,125.0
211,"hybrid_dnn(64, 32)_conv(32, 64)_gbdt200-5-0.05_average",ok,6.87,0.8472033974880276,0.5567535878444231,0.1177853174514917,0.8471683475562451,0.5245098039215687,0.9078341013824884,0.5169082125603864,0.910351201478743,0.5206812652068127,0.5,107.0,985.0,100.0,97.0
212,"hybrid_dnn(64, 32, 16)_conv(16,)_gbdt100-3-0.1_gbdt_heavy",ok,5.8,0.8471943616156139,0.5744283218424711,0.1029422848323453,0.8681148176881304,0.4656862745098039,0.943778801843318,0.6089743589743589,0.9037952338923212,0.5277777777777778,0.5,95.0,1024.0,61.0,109.0
213,lightgbm_goss_n300_leaves63_lr0.05,ok,1.0,0.8471627360621669,0.5718999039680823,0.1010627223680749,0.8673390224980605,0.392156862745098,0.9566820276497696,0.6299212598425197,0.8932874354561101,0.4833836858006042,0.5,80.0,1038.0,47.0,124.0
214,lightgbm_goss_n200_leaves63_lr0.05,ok,0.72,0.8471582181259601,0.5676901662600919,0.0985934152907339,0.8704422032583398,0.392156862745098,0.96036866359447,0.6504065040650406,0.8936535162950258,0.4892966360856269,0.5,80.0,1042.0,43.0,124.0
215,xgboost_n200_d11_lr0.05,ok,2.32,0.8471537001897533,0.5794862661037863,0.0985242487899142,0.8766485647788984,0.3823529411764705,0.9695852534562212,0.7027027027027027,0.8930390492359932,0.4952380952380952,0.5,78.0,1052.0,33.0,126.0
216,lightgbm_n500_leaves127_lr0.1,ok,2.48,0.8471265925725128,0.5901174225481535,0.1121706022089682,0.873545384018619,0.392156862745098,0.9640552995391704,0.6722689075630253,0.8940170940170941,0.4953560371517028,0.5,80.0,1046.0,39.0,124.0
217,lightgbm_n500_leaves63_lr0.1,ok,2.47,0.8471265925725128,0.5901174225481535,0.1121706022089682,0.873545384018619,0.392156862745098,0.9640552995391704,0.6722689075630253,0.8940170940170941,0.4953560371517028,0.5,80.0,1046.0,39.0,124.0
218,lightgbm_n500_leaves255_lr0.1,ok,2.64,0.8471265925725128,0.5901174225481535,0.1121706022089682,0.873545384018619,0.392156862745098,0.9640552995391704,0.6722689075630253,0.8940170940170941,0.4953560371517028,0.5,80.0,1046.0,39.0,124.0
219,"hybrid_dnn(64, 32)_conv(32, 64)_gbdt100-3-0.1_average",ok,6.46,0.847090449082859,0.548852697997274,0.1204489901357699,0.8456167571761055,0.5441176470588235,0.9023041474654376,0.511520737327189,0.9132462686567164,0.5273159144893111,0.5,111.0,979.0,106.0,93.0
220,lightgbm_n300_leaves63_lr0.1,ok,2.17,0.8470904490828589,0.5932658728117415,0.1111328852605691,0.873545384018619,0.392156862745098,0.9640552995391704,0.6722689075630253,0.8940170940170941,0.4953560371517028,0.5,80.0,1046.0,39.0,124.0
221,lightgbm_n300_leaves255_lr0.1,ok,2.21,0.8470904490828589,0.5932658728117415,0.1111328852605691,0.873545384018619,0.392156862745098,0.9640552995391704,0.6722689075630253,0.8940170940170941,0.4953560371517028,0.5,80.0,1046.0,39.0,124.0
222,lightgbm_n300_leaves127_lr0.1,ok,2.2,0.8470904490828589,0.5932658728117415,0.1111328852605691,0.873545384018619,0.392156862745098,0.9640552995391704,0.6722689075630253,0.8940170940170941,0.4953560371517028,0.5,80.0,1046.0,39.0,124.0
223,catboost_plain_n300_d8_lr0.1,ok,14.16,0.8470678594018252,0.5695928215724023,0.1032846623462856,0.8743211792086889,0.3333333333333333,0.976036866359447,0.723404255319149,0.8861924686192468,0.4563758389261745,0.5,68.0,1059.0,26.0,136.0
224,catboost_n300_d8_lr0.1,ok,13.74,0.8470678594018252,0.5695928215724023,0.1032846623462856,0.8743211792086889,0.3333333333333333,0.976036866359447,0.723404255319149,0.8861924686192468,0.4563758389261745,0.5,68.0,1059.0,26.0,136.0
225,extra_trees_n500_dNone,ok,5.7,0.847047528688895,0.5581012969363863,0.0997354662529092,0.8642358417377812,0.2156862745098039,0.9861751152073732,0.7457627118644068,0.8699186991869918,0.3346007604562737,0.5,44.0,1070.0,15.0,160.0
226,"hybrid_dnn(128, 64)_conv(16, 32)_gbdt50-3-0.1_average",ok,5.7,0.8470407517845847,0.5470221951481976,0.126206830275504,0.8332040341349883,0.553921568627451,0.8857142857142857,0.4767932489451477,0.9134980988593157,0.5124716553287982,0.5,113.0,961.0,124.0,91.0
227,"hybrid_dnn(64,)_conv(8, 16)_gbdt100-5-0.05_nn_heavy",ok,6.06,0.8470046082949308,0.5503020006738372,0.134837547383207,0.8207913110938713,0.5931372549019608,0.8635944700460829,0.449814126394052,0.918627450980392,0.5116279069767442,0.5,121.0,937.0,148.0,83.0
228,rf_huge_n300_leafnodes5000_balanced,ok,4.36,0.8469910544863106,0.5606187323309495,0.1056524351349021,0.8657874321179209,0.4607843137254901,0.9419354838709676,0.5987261146496815,0.9028268551236748,0.5207756232686981,0.5,94.0,1022.0,63.0,110.0
229,rf_huge_n300_leafnodes2500_balanced,ok,4.35,0.8469910544863106,0.5606187323309495,0.1056524351349021,0.8657874321179209,0.4607843137254901,0.9419354838709676,0.5987261146496815,0.9028268551236748,0.5207756232686981,0.5,94.0,1022.0,63.0,110.0
230,lightgbm_n300_leaves31_lr0.2,ok,1.06,0.8469549109966568,0.5916218056208856,0.1125803340301787,0.8758727695888285,0.4117647058823529,0.9631336405529954,0.6774193548387096,0.8969957081545065,0.5121951219512195,0.5,84.0,1045.0,40.0,120.0
231,extra_trees_n800_d10,ok,8.62,0.8469368392518298,0.5582312903604373,0.1023942396360015,0.8634600465477114,0.1666666666666666,0.9944700460829492,0.85,0.8638911128903123,0.2786885245901639,0.5,34.0,1079.0,6.0,170.0
232,"hybrid_dnn(64, 32)_conv(16, 32)_gbdt100-3-0.1_average",ok,5.73,0.8469323213156229,0.5518992531787937,0.1242414740187742,0.8448409619860356,0.5343137254901961,0.9032258064516128,0.5093457943925234,0.9116279069767442,0.5215311004784688,0.5,109.0,980.0,105.0,95.0
233,"hybrid_dnn(64,)_conv(8, 16)_gbdt200-5-0.05_nn_heavy",ok,5.96,0.8468916598897623,0.5563728420726928,0.1332029795209538,0.821567106283941,0.5931372549019608,0.864516129032258,0.4514925373134328,0.9187071498530852,0.5127118644067796,0.5,121.0,938.0,147.0,83.0
234,"hybrid_dnn(64, 32, 16)_conv(8, 16, 32)_gbdt100-3-0.1_gbdt_heavy",ok,7.05,0.8468826240173489,0.5713353517337783,0.1031888829731461,0.8719937936384794,0.4607843137254901,0.9493087557603688,0.6308724832214765,0.9035087719298246,0.5325779036827195,0.5,94.0,1030.0,55.0,110.0
235,"hybrid_dnn(64,)_conv(8, 16, 32)_gbdt50-3-0.1_average",ok,6.23,0.8468193729104545,0.5426679878867967,0.1232219370430197,0.8448409619860356,0.5245098039215687,0.9050691244239631,0.5095238095238095,0.9101019462465244,0.5169082125603864,0.5,107.0,982.0,103.0,97.0
236,"hybrid_dnn(64, 32)_conv(16,)_gbdt50-3-0.1_gbdt_heavy",ok,5.47,0.8468148549742478,0.563895230418353,0.1049813472102882,0.8688906128782001,0.4852941176470588,0.9410138248847926,0.6073619631901841,0.9067495559502664,0.5395095367847411,0.5,99.0,1021.0,64.0,105.0
237,"hybrid_dnn(64, 32)_conv(8, 16, 32)_gbdt100-5-0.05_average",ok,7.08,0.8467922652932142,0.5499468233351776,0.1221389235812401,0.8502715283165244,0.5294117647058824,0.9105990783410138,0.526829268292683,0.911439114391144,0.5281173594132029,0.5,108.0,988.0,97.0,96.0
238,"hybrid_dnn(64, 32)_conv(8, 16)_gbdt100-5-0.05_average",ok,6.89,0.8467696756121803,0.5606908981143126,0.1221825970409707,0.8417377812257564,0.5490196078431373,0.896774193548387,0.5,0.9136150234741784,0.5233644859813084,0.5,112.0,973.0,112.0,92.0
239,"hybrid_dnn(128, 64)_conv(8, 16, 32)_gbdt50-3-0.1_average",ok,6.21,0.8467516038673534,0.5412796515741106,0.1249067524725942,0.8417377812257564,0.5490196078431373,0.896774193548387,0.5,0.9136150234741784,0.5233644859813084,0.5,112.0,973.0,112.0,92.0
240,rf_n300_d10_None,ok,3.89,0.8466973886328726,0.569749520411536,0.0979004557515952,0.86966640806827,0.2647058823529412,0.983410138248848,0.75,0.876746096959737,0.391304347826087,0.5,54.0,1067.0,18.0,150.0
241,"hybrid_dnn(128, 64)_conv(8, 16)_gbdt50-3-0.1_average",ok,6.15,0.846688352760459,0.552645609555215,0.1248447258355996,0.8355314197051978,0.5686274509803921,0.8857142857142857,0.4833333333333333,0.9161105815061964,0.5225225225225225,0.5,116.0,961.0,124.0,88.0
242,"hybrid_dnn(64,)_conv(16,)_gbdt100-5-0.05_average",ok,4.46,0.8466747989518387,0.5582774031458022,0.1212809506652831,0.8355314197051978,0.5294117647058824,0.8930875576036866,0.4821428571428571,0.9098591549295776,0.5046728971962616,0.5,108.0,969.0,116.0,96.0
243,lightgbm_n500_leaves255_lr0.05,ok,4.34,0.8466070299087378,0.6007894015935527,0.109243545749963,0.8774243599689682,0.4068627450980392,0.9658986175115208,0.6916666666666667,0.8964927288280582,0.5123456790123457,0.5,83.0,1048.0,37.0,121.0
244,lightgbm_n500_leaves127_lr0.05,ok,4.08,0.8466070299087378,0.6007894015935527,0.109243545749963,0.8774243599689682,0.4068627450980392,0.9658986175115208,0.6916666666666667,0.8964927288280582,0.5123456790123457,0.5,83.0,1048.0,37.0,121.0
245,lightgbm_n500_leaves63_lr0.05,ok,4.07,0.8466070299087378,0.6007894015935527,0.1092435458184827,0.8774243599689682,0.4068627450980392,0.9658986175115208,0.6916666666666667,0.8964927288280582,0.5123456790123457,0.5,83.0,1048.0,37.0,121.0
246,catboost_n500_d8_lr0.01,ok,22.26,0.8465031173759826,0.5615815743779262,0.0985434374445749,0.86966640806827,0.2647058823529412,0.983410138248848,0.75,0.876746096959737,0.391304347826087,0.5,54.0,1067.0,18.0,150.0
247,"hybrid_dnn(64,)_conv(8, 16)_gbdt100-3-0.1_nn_heavy",ok,5.44,0.846498599439776,0.5510789684419412,0.1352955020568209,0.821567106283941,0.6078431372549019,0.8617511520737328,0.4525547445255474,0.9211822660098522,0.5188284518828452,0.5,124.0,935.0,150.0,80.0
248,lightgbm_n500_leaves127_lr0.2,ok,1.52,0.8464985994397759,0.5816473604229403,0.1113569229302678,0.8766485647788984,0.3970588235294117,0.966820276497696,0.6923076923076923,0.8950511945392492,0.5046728971962616,0.5,81.0,1049.0,36.0,123.0
249,lightgbm_n500_leaves255_lr0.2,ok,1.61,0.8464985994397759,0.5816473604229403,0.1113569229302678,0.8766485647788984,0.3970588235294117,0.966820276497696,0.6923076923076923,0.8950511945392492,0.5046728971962616,0.5,81.0,1049.0,36.0,123.0
250,lightgbm_n500_leaves63_lr0.2,ok,1.5,0.8464985994397759,0.5816473604229403,0.111356922919887,0.8766485647788984,0.3970588235294117,0.966820276497696,0.6923076923076923,0.8950511945392492,0.5046728971962616,0.5,81.0,1049.0,36.0,123.0
251,"hybrid_dnn(64, 32, 16)_conv(16, 32)_gbdt100-3-0.1_gbdt_heavy",ok,6.08,0.8464940815035693,0.5738707640151154,0.1035241263091821,0.8712179984484096,0.4656862745098039,0.9474654377880184,0.625,0.9041336851363236,0.5337078651685393,0.5,95.0,1028.0,57.0,109.0
252,"hybrid_dnn(64, 32, 16)_conv(32, 64)_gbdt50-3-0.1_gbdt_heavy",ok,6.71,0.8464398662690882,0.5620492651545796,0.1040860418683422,0.86966640806827,0.4754901960784313,0.943778801843318,0.6139240506329114,0.905393457117595,0.5359116022099447,0.5,97.0,1024.0,61.0,107.0
253,lightgbm_n200_leaves31_lr0.2,ok,1.13,0.8464172765880547,0.5907648339380098,0.1120231847893934,0.8766485647788984,0.4117647058823529,0.9640552995391704,0.6829268292682927,0.8970840480274442,0.5137614678899083,0.5,84.0,1046.0,39.0,120.0
254,bagging_n300_ms0.5,ok,6.36,0.846412758651848,0.5708437335843612,0.0967136022756659,0.86966640806827,0.3235294117647059,0.9723502304147466,0.6875,0.8843252305113161,0.44,0.5,66.0,1055.0,30.0,138.0
255,"hybrid_dnn(32,)_conv(8, 16, 32)_gbdt50-3-0.1_gbdt_heavy",ok,5.62,0.8463946869070208,0.5586718358496296,0.1053440755876266,0.8719937936384794,0.4705882352941176,0.9474654377880184,0.6274509803921569,0.9049295774647887,0.5378151260504201,0.5,96.0,1028.0,57.0,108.0
256,"hybrid_dnn(64,)_conv(16,)_gbdt200-5-0.05_average",ok,5.35,0.846304328182886,0.5632280840821744,0.1193068945071619,0.8417377812257564,0.5245098039215687,0.9013824884792628,0.5,0.9097674418604652,0.5119617224880383,0.5,107.0,978.0,107.0,97.0
257,"hybrid_dnn(64, 32)_conv(8, 16, 32)_gbdt200-5-0.05_average",ok,7.1,0.8462817385018525,0.5570224055915501,0.1200425308076328,0.8502715283165244,0.5049019607843137,0.9152073732718894,0.5282051282051282,0.9076782449725777,0.5162907268170426,0.5,103.0,993.0,92.0,101.0
258,lightgbm_n200_leaves127_lr0.05,ok,2.25,0.846254630884612,0.5964719435205913,0.1016329212455878,0.878200155159038,0.4166666666666667,0.9649769585253456,0.6910569105691057,0.8979416809605489,0.5198776758409785,0.5,85.0,1047.0,38.0,119.0
259,lightgbm_n200_leaves63_lr0.05,ok,2.22,0.846254630884612,0.5964719435205913,0.1016329212633971,0.878200155159038,0.4166666666666667,0.9649769585253456,0.6910569105691057,0.8979416809605489,0.5198776758409785,0.5,85.0,1047.0,38.0,119.0
260,lightgbm_n200_leaves255_lr0.05,ok,2.14,0.846254630884612,0.5964719435205913,0.1016329212455878,0.878200155159038,0.4166666666666667,0.9649769585253456,0.6910569105691057,0.8979416809605489,0.5198776758409785,0.5,85.0,1047.0,38.0,119.0
261,catboost_n500_d7_lr0.01,ok,12.72,0.8462049335863379,0.5598105954145841,0.098325732877179,0.8681148176881304,0.2745098039215686,0.9797235023041476,0.717948717948718,0.8777869529314616,0.3971631205673759,0.5,56.0,1063.0,22.0,148.0
262,lightgbm_goss_n200_leaves63_lr0.1,ok,0.68,0.8461416824794434,0.5593005941592958,0.1056598874714343,0.873545384018619,0.4068627450980392,0.9612903225806452,0.664,0.8960481099656358,0.5045592705167173,0.5,83.0,1043.0,42.0,121.0
263,"hybrid_dnn(64,)_conv(16,)_gbdt100-3-0.1_average",ok,4.78,0.8461100569259963,0.5581435234361071,0.1221147999002231,0.834755624515128,0.5441176470588235,0.8894009216589862,0.4805194805194805,0.9120982986767486,0.5103448275862069,0.5,111.0,965.0,120.0,93.0
264,rf_n500_d5_None,ok,6.52,0.8460739134363422,0.5664631052673047,0.1000734196506979,0.8642358417377812,0.2009803921568627,0.9889400921658986,0.7735849056603774,0.8681229773462783,0.3190661478599221,0.5,41.0,1073.0,12.0,163.0
265,lightgbm_n800_leaves63_lr0.05,ok,4.84,0.8460648775639288,0.5970374489060922,0.1103096339321204,0.8766485647788984,0.4117647058823529,0.9640552995391704,0.6829268292682927,0.8970840480274442,0.5137614678899083,0.5,84.0,1046.0,39.0,120.0
266,lightgbm_n800_leaves255_lr0.05,ok,4.79,0.8460648775639288,0.5970374489060922,0.1103096338763349,0.8766485647788984,0.4117647058823529,0.9640552995391704,0.6829268292682927,0.8970840480274442,0.5137614678899083,0.5,84.0,1046.0,39.0,120.0
267,lightgbm_dart_n300_leaves63_lr0.1,ok,4.0,0.8460648775639288,0.5837649463880439,0.1002616791209474,0.8712179984484096,0.3823529411764705,0.9631336405529954,0.6610169491525424,0.892399658411614,0.484472049689441,0.5,78.0,1045.0,40.0,126.0
268,lightgbm_n800_leaves127_lr0.05,ok,4.86,0.8460648775639288,0.5970374489060922,0.1103096338763349,0.8766485647788984,0.4117647058823529,0.9640552995391704,0.6829268292682927,0.8970840480274442,0.5137614678899083,0.5,84.0,1046.0,39.0,120.0
269,rf_n300_d15_balanced,ok,4.0,0.8460648775639288,0.5611860311040809,0.1059598071530626,0.8665632273079907,0.4607843137254901,0.9428571428571428,0.6025641025641025,0.9029126213592232,0.5222222222222223,0.5,94.0,1023.0,62.0,110.0
270,catboost_plain_n200_d8_lr0.1,ok,9.5,0.8459971085208277,0.5685110416909349,0.1016415567946437,0.8719937936384794,0.3137254901960784,0.976958525345622,0.7191011235955056,0.8833333333333333,0.4368600682593856,0.5,64.0,1060.0,25.0,140.0
271,catboost_n200_d8_lr0.1,ok,9.09,0.8459971085208277,0.5685110416909349,0.1016415567946437,0.8719937936384794,0.3137254901960784,0.976958525345622,0.7191011235955056,0.8833333333333333,0.4368600682593856,0.5,64.0,1060.0,25.0,140.0
272,"hybrid_dnn(64,)_conv(16, 32)_gbdt200-5-0.05_nn_heavy",ok,5.26,0.8459925905846212,0.5432925148355274,0.1351032149628438,0.8246702870442203,0.5784313725490197,0.8709677419354839,0.4573643410852713,0.9165858389912708,0.5108225108225108,0.5,118.0,945.0,140.0,86.0
273,gbdt_sklearn_n300_lr0.05_sub0.8,ok,12.64,0.8459790367760007,0.5535959013166115,0.0992527977049972,0.8766485647788984,0.4215686274509804,0.9622119815668204,0.6771653543307087,0.8984509466437177,0.5196374622356495,0.5,86.0,1044.0,41.0,118.0
274,"hybrid_dnn(64, 32)_conv(8, 16)_gbdt100-3-0.1_average",ok,6.64,0.8459609650311737,0.5589395410979361,0.1229208739695894,0.8425135764158262,0.5490196078431373,0.8976958525345622,0.5022421524663677,0.9136960600375236,0.5245901639344263,0.5,112.0,974.0,111.0,92.0
275,"hybrid_dnn(64,)_conv(16, 32)_gbdt100-5-0.05_nn_heavy",ok,5.41,0.8459519291587603,0.5398321792472083,0.136740644835575,0.8238944918541505,0.5931372549019608,0.8672811059907835,0.4566037735849056,0.9189453125,0.5159914712153518,0.5,121.0,941.0,144.0,83.0
276,lightgbm_dart_n200_leaves63_lr0.1,ok,2.29,0.8458570524984186,0.5857552512397152,0.0972324409530982,0.8766485647788984,0.3774509803921568,0.9705069124423964,0.7064220183486238,0.8923728813559322,0.4920127795527156,0.5,77.0,1053.0,32.0,127.0
277,catboost_n300_d7_lr0.01,ok,7.51,0.8458028372639379,0.5629204974278995,0.0986130769819595,0.8688906128782001,0.2549019607843137,0.9843317972350232,0.7536231884057971,0.8754098360655738,0.3809523809523809,0.5,52.0,1068.0,17.0,152.0
278,"hybrid_dnn(64, 32)_conv(8, 16)_gbdt200-5-0.05_average",ok,6.75,0.8458028372639378,0.5650508996000864,0.1200747041827579,0.8456167571761055,0.5245098039215687,0.9059907834101384,0.5119617224880383,0.9101851851851852,0.5181598062953995,0.5,107.0,983.0,102.0,97.0
279,"hybrid_dnn(64, 32)_conv(8, 16, 32)_gbdt100-3-0.1_average",ok,6.71,0.8457892834553177,0.5471415864984888,0.1229315487601166,0.8510473235065943,0.5343137254901961,0.9105990783410138,0.529126213592233,0.912280701754386,0.5317073170731708,0.5,109.0,988.0,97.0,95.0
280,"dnn_v2_(16,)_drop0.1_lr0.001_wd0.1",ok,4.38,0.8457757296466974,0.5132193159124109,0.1643415519474473,0.78277734678045,0.7205882352941176,0.7944700460829494,0.3972972972972973,0.9379760609357998,0.5121951219512195,0.5,147.0,862.0,223.0,57.0
281,bagging_n300_ms0.8,ok,9.44,0.8456898888587694,0.5760047990830557,0.0964300232738557,0.8681148176881304,0.3235294117647059,0.9705069124423964,0.673469387755102,0.8841309823677582,0.4370860927152318,0.5,66.0,1053.0,32.0,138.0
282,rf_n100_dNone_None,ok,1.4,0.8456876298906659,0.5502123063722473,0.0987731574864235,0.86966640806827,0.2941176470588235,0.9778801843317972,0.7142857142857143,0.8804979253112033,0.4166666666666667,0.5,60.0,1061.0,24.0,144.0
283,rf_n100_d30_None,ok,1.49,0.8456876298906659,0.5502123063722473,0.0987731574864235,0.86966640806827,0.2941176470588235,0.9778801843317972,0.7142857142857143,0.8804979253112033,0.4166666666666667,0.5,60.0,1061.0,24.0,144.0
284,"hybrid_dnn(64,)_conv(16, 32)_gbdt100-3-0.1_nn_heavy",ok,4.66,0.8456492274329086,0.5415308946590364,0.1372553536413226,0.8254460822342902,0.5980392156862745,0.8682027649769585,0.460377358490566,0.919921875,0.5202558635394456,0.5,122.0,942.0,143.0,82.0
285,"hybrid_dnn(128, 64)_conv(16, 32)_gbdt200-5-0.05_nn_heavy",ok,6.17,0.8456401915604953,0.5422214874713923,0.1375992964802641,0.8223429014740109,0.5980392156862745,0.864516129032258,0.4535315985130111,0.9196078431372549,0.5158562367864693,0.5,122.0,938.0,147.0,82.0
286,xgboost_n200_d9_lr0.05,ok,2.3,0.8455995301346345,0.5802780005079178,0.0983170554137207,0.8813033359193173,0.3872549019607843,0.9741935483870968,0.7383177570093458,0.8942470389170897,0.5080385852090032,0.5,79.0,1057.0,28.0,125.0
287,lightgbm_dart_n100_leaves63_lr0.1,ok,1.08,0.8455543507725671,0.57899519403952,0.0961034236349751,0.8750969743987588,0.3627450980392157,0.9714285714285714,0.7047619047619048,0.8902027027027027,0.4789644012944983,0.5,74.0,1054.0,31.0,130.0
288,"hybrid_dnn(64, 32, 16)_conv(8, 16)_gbdt50-3-0.1_gbdt_heavy",ok,7.3,0.8455543507725671,0.568292547298205,0.1048658998832734,0.8712179984484096,0.4852941176470588,0.943778801843318,0.61875,0.9069973427812223,0.5439560439560439,0.5,99.0,1024.0,61.0,105.0
289,lightgbm_n200_leaves255_lr0.2,ok,1.32,0.8455272431553267,0.5841188726873987,0.1107782296189178,0.878200155159038,0.3970588235294117,0.968663594470046,0.7043478260869566,0.8952299829642248,0.5078369905956113,0.5,81.0,1051.0,34.0,123.0
290,lightgbm_n200_leaves63_lr0.2,ok,1.3,0.8455272431553267,0.5841188726873987,0.1107782296336481,0.878200155159038,0.3970588235294117,0.968663594470046,0.7043478260869566,0.8952299829642248,0.5078369905956113,0.5,81.0,1051.0,34.0,123.0
291,lightgbm_n200_leaves127_lr0.2,ok,1.34,0.8455272431553267,0.5841188726873987,0.1107782296189178,0.878200155159038,0.3970588235294117,0.968663594470046,0.7043478260869566,0.8952299829642248,0.5078369905956113,0.5,81.0,1051.0,34.0,123.0
292,rf_n800_d5_None,ok,9.39,0.8455182072829133,0.5687109360941217,0.0998532484168111,0.8657874321179209,0.2009803921568627,0.9907834101382488,0.803921568627451,0.8683360258481422,0.3215686274509804,0.5,41.0,1075.0,10.0,163.0
293,catboost_n300_d8_lr0.01,ok,13.84,0.8455136893467065,0.5605821512272058,0.0988539799823482,0.8650116369278511,0.230392156862745,0.9843317972350232,0.734375,0.8718367346938776,0.3507462686567164,0.5,47.0,1068.0,17.0,157.0
294,lightgbm_n300_leaves255_lr0.2,ok,1.35,0.8454594741122256,0.581384334637297,0.1112052589374736,0.8789759503491078,0.4068627450980392,0.967741935483871,0.7033898305084746,0.89666951323655,0.515527950310559,0.5,83.0,1050.0,35.0,121.0
295,lightgbm_n300_leaves63_lr0.2,ok,1.34,0.8454594741122256,0.581384334637297,0.1112052589304417,0.8789759503491078,0.4068627450980392,0.967741935483871,0.7033898305084746,0.89666951323655,0.515527950310559,0.5,83.0,1050.0,35.0,121.0
296,lightgbm_n300_leaves127_lr0.2,ok,1.33,0.8454594741122256,0.581384334637297,0.1112052589374736,0.8789759503491078,0.4068627450980392,0.967741935483871,0.7033898305084746,0.89666951323655,0.515527950310559,0.5,83.0,1050.0,35.0,121.0
297,extra_trees_huge_n100_leafnodes5000,ok,1.1,0.845432366494985,0.5558937211033217,0.0993661753297129,0.8657874321179209,0.2254901960784313,0.9861751152073732,0.7540983606557377,0.8713355048859935,0.3471698113207547,0.5,46.0,1070.0,15.0,158.0
298,extra_trees_huge_n100_leafnodes2500,ok,1.18,0.845432366494985,0.5558937211033217,0.0993661753297129,0.8657874321179209,0.2254901960784313,0.9861751152073732,0.7540983606557377,0.8713355048859935,0.3471698113207547,0.5,46.0,1070.0,15.0,158.0
299,lightgbm_n500_leaves15_lr0.01,ok,1.92,0.8454188126863649,0.5799499081572643,0.0961091725521708,0.8743211792086889,0.392156862745098,0.9649769585253456,0.6779661016949152,0.8941076003415884,0.4968944099378882,0.5,80.0,1047.0,38.0,124.0
300,"hybrid_dnn(32,)_conv(8, 16)_gbdt100-5-0.05_average",ok,6.02,0.8453962230053311,0.555761233381386,0.1226100788033774,0.8401861908456167,0.5637254901960784,0.8921658986175115,0.4956896551724138,0.9157994323557236,0.5275229357798165,0.5,115.0,968.0,117.0,89.0
301,catboost_n800_d5_lr0.01,ok,8.45,0.8453826691967109,0.5648426229902883,0.0971165587360371,0.8712179984484096,0.3480392156862745,0.9695852534562212,0.6826923076923077,0.8877637130801688,0.461038961038961,0.5,71.0,1052.0,33.0,133.0
302,xgboost_n300_d11_lr0.05,ok,2.86,0.8453781512605043,0.57552537425801,0.1003831263755263,0.8789759503491078,0.392156862745098,0.9705069124423964,0.7142857142857143,0.8946474086661003,0.5063291139240507,0.5,80.0,1053.0,32.0,124.0
303,"hybrid_dnn(32,)_conv(16,)_gbdt50-3-0.1_gbdt_heavy",ok,4.52,0.8453691153880907,0.5607848533047199,0.1052236487561271,0.86966640806827,0.4950980392156863,0.9400921658986175,0.608433734939759,0.9082813891362422,0.5459459459459459,0.5,101.0,1020.0,65.0,103.0
304,"hybrid_dnn(128, 64)_conv(8, 16, 32)_gbdt200-5-0.05_nn_heavy",ok,6.87,0.8453510436432636,0.5340139480525036,0.135656566989508,0.8285492629945694,0.5833333333333334,0.8746543778801843,0.4666666666666667,0.9177949709864603,0.5185185185185185,0.5,119.0,949.0,136.0,85.0
305,catboost_n500_d5_lr0.01,ok,5.04,0.8453465257070572,0.560739946326684,0.0974275276388027,0.873545384018619,0.3235294117647059,0.976958525345622,0.7252747252747253,0.8848080133555927,0.447457627118644,0.5,66.0,1060.0,25.0,138.0
306,xgboost_n100_d11_lr0.05,ok,1.58,0.8453420077708502,0.5755331356456306,0.0962543966608392,0.8805275407292474,0.3823529411764705,0.9741935483870968,0.7358490566037735,0.893491124260355,0.5032258064516129,0.5,78.0,1057.0,28.0,126.0
307,"hybrid_dnn(64,)_conv(32, 64)_gbdt200-5-0.05_nn_heavy",ok,5.77,0.8453239360260234,0.5411847118210885,0.1296813769985746,0.8238944918541505,0.5735294117647058,0.8709677419354839,0.4552529182879377,0.9156976744186046,0.5075921908893709,0.5,117.0,945.0,140.0,87.0
308,"hybrid_dnn(64,)_conv(32, 64)_gbdt100-5-0.05_nn_heavy",ok,5.8,0.8453194180898167,0.5366353961877119,0.1311844605055665,0.8254460822342902,0.5931372549019608,0.8691244239631336,0.4600760456273764,0.919103313840156,0.5182012847965739,0.5,121.0,943.0,142.0,83.0
309,lightgbm_n500_leaves127_lr0.01,ok,4.82,0.8453149001536099,0.5862710782341944,0.0971560076901453,0.8766485647788984,0.3676470588235294,0.9723502304147466,0.7142857142857143,0.8910472972972973,0.4854368932038835,0.5,75.0,1055.0,30.0,129.0
310,lightgbm_n500_leaves63_lr0.01,ok,4.8,0.8453149001536099,0.5862710782341944,0.0971560076901453,0.8766485647788984,0.3676470588235294,0.9723502304147466,0.7142857142857143,0.8910472972972973,0.4854368932038835,0.5,75.0,1055.0,30.0,129.0
311,lightgbm_n500_leaves255_lr0.01,ok,4.91,0.8453149001536099,0.5862710782341944,0.0971560076901453,0.8766485647788984,0.3676470588235294,0.9723502304147466,0.7142857142857143,0.8910472972972973,0.4854368932038835,0.5,75.0,1055.0,30.0,129.0
312,"dnn_v2_(16,)_drop0.2_lr0.001_wd0.1",ok,3.87,0.8452923104725761,0.5126570143848702,0.161482233919694,0.7944142746314973,0.7107843137254902,0.8101382488479263,0.4131054131054131,0.9371002132196162,0.5225225225225225,0.5,145.0,879.0,206.0,59.0
313,"hybrid_dnn(32,)_conv(8, 16)_gbdt100-3-0.1_average",ok,5.48,0.8451974338122346,0.5551304741624332,0.1233010244008026,0.8363072148952676,0.5490196078431373,0.8903225806451613,0.4848484848484848,0.9130434782608696,0.5149425287356322,0.5,112.0,966.0,119.0,92.0
314,lightgbm_n200_leaves15_lr0.05,ok,0.94,0.8451974338122346,0.5806851498364449,0.0995465551820946,0.878200155159038,0.4117647058823529,0.9658986175115208,0.6942148760330579,0.8972602739726028,0.5169230769230769,0.5,84.0,1048.0,37.0,120.0
315,"hybrid_dnn(128, 64)_conv(32, 64)_gbdt200-5-0.05_nn_heavy",ok,6.32,0.8451929158760279,0.5381732217667397,0.1320032493941519,0.8277734678044996,0.6029411764705882,0.8700460829493087,0.4659090909090909,0.9209756097560976,0.5256410256410257,0.5,123.0,944.0,141.0,81.0
316,rf_n100_d20_None,ok,1.48,0.8451906569079245,0.5518289421896131,0.0989028486602692,0.8681148176881304,0.2794117647058823,0.9788018433179724,0.7125,0.8784119106699751,0.4014084507042254,0.5,57.0,1062.0,23.0,147.0
317,"hybrid_dnn(32,)_conv(8, 16)_gbdt200-5-0.05_average",ok,6.05,0.8451387006415471,0.5626193258596677,0.1204317377993656,0.8417377812257564,0.5392156862745098,0.8986175115207373,0.5,0.912067352666043,0.5188679245283019,0.5,110.0,975.0,110.0,94.0
318,"hybrid_dnn(128, 64)_conv(16,)_gbdt50-3-0.1_average",ok,4.61,0.8451161109605133,0.5463966369094643,0.1249861932865119,0.8316524437548487,0.5686274509803921,0.8811059907834101,0.473469387755102,0.9157088122605364,0.5167037861915368,0.5,116.0,956.0,129.0,88.0
319,"hybrid_dnn(128, 64)_conv(8, 16, 32)_gbdt100-5-0.05_nn_heavy",ok,5.93,0.8450664136622391,0.5316002649105548,0.1373424296459559,0.8293250581846393,0.5833333333333334,0.8755760368663594,0.468503937007874,0.9178743961352656,0.519650655021834,0.5,119.0,950.0,135.0,85.0
320,rf_n200_d5_None,ok,2.86,0.8450573777898257,0.5653708423597512,0.1000408730938225,0.8665632273079907,0.2058823529411764,0.9907834101382488,0.8076923076923077,0.8690379951495554,0.328125,0.5,42.0,1075.0,10.0,162.0
321,"hybrid_dnn(64,)_conv(8, 16, 32)_gbdt200-5-0.05_nn_heavy",ok,6.29,0.8450438239812055,0.5398864090023782,0.133246987481911,0.8363072148952676,0.5735294117647058,0.8857142857142857,0.4854771784232365,0.9169847328244276,0.5258426966292135,0.5,117.0,961.0,124.0,87.0
322,"hybrid_dnn(32,)_conv(16, 32)_gbdt100-5-0.05_average",ok,5.61,0.845030270172585,0.5481846201635606,0.1242407334099063,0.8401861908456167,0.5392156862745098,0.896774193548387,0.4954954954954955,0.9119025304592316,0.5164319248826291,0.5,110.0,973.0,112.0,94.0
323,extra_trees_n500_d10,ok,5.32,0.8450212343001716,0.5555985419957377,0.1026002077536073,0.8634600465477114,0.1617647058823529,0.9953917050691244,0.868421052631579,0.8633093525179856,0.2727272727272727,0.5,33.0,1080.0,5.0,171.0
324,"hybrid_dnn(128, 64)_conv(32, 64)_gbdt100-5-0.05_nn_heavy",ok,5.88,0.845016716363965,0.5327877527315261,0.1335659077233859,0.8285492629945694,0.6225490196078431,0.8672811059907835,0.4686346863468634,0.924361493123772,0.5347368421052632,0.5,127.0,941.0,144.0,77.0
325,"hybrid_dnn(64, 32)_conv(16, 32)_gbdt50-3-0.1_average",ok,6.44,0.8450076804915516,0.5454454467699712,0.126005463203255,0.839410395655547,0.5490196078431373,0.8940092165898618,0.4933920704845815,0.9133709981167608,0.5197215777262181,0.5,112.0,970.0,115.0,92.0
326,"hybrid_dnn(128, 64)_conv(16, 32)_gbdt100-5-0.05_nn_heavy",ok,5.43,0.8450076804915515,0.5355499123497135,0.1392963011610633,0.8238944918541505,0.6127450980392157,0.8635944700460829,0.4578754578754578,0.922244094488189,0.5241090146750524,0.5,125.0,937.0,148.0,79.0
327,"hybrid_dnn(64,)_conv(8, 16)_gbdt50-3-0.1_nn_heavy",ok,5.61,0.8450031625553448,0.5423470988037074,0.136509017121546,0.8200155159038014,0.6029411764705882,0.8608294930875576,0.4489051094890511,0.9201970443349754,0.5146443514644351,0.5,123.0,934.0,151.0,81.0
328,"hybrid_dnn(64, 32, 16)_conv(16,)_gbdt50-3-0.1_gbdt_heavy",ok,6.21,0.844980572874311,0.5659333064540651,0.1049025095400185,0.8712179984484096,0.4754901960784313,0.9456221198156682,0.6217948717948718,0.9055604589585172,0.5388888888888889,0.5,97.0,1026.0,59.0,107.0
329,catboost_n800_d6_lr0.01,ok,12.69,0.8449715370018976,0.5585362364777137,0.0985211073289155,0.8665632273079907,0.3039215686274509,0.9723502304147466,0.6739130434782609,0.8813700918964077,0.4189189189189189,0.5,62.0,1055.0,30.0,142.0
330,extra_trees_n200_d10,ok,2.17,0.8449625011294841,0.5576953316838447,0.1023082587650561,0.8619084561675717,0.1519607843137254,0.9953917050691244,0.8611111111111112,0.8619313647246608,0.2583333333333333,0.5,31.0,1080.0,5.0,173.0
331,extra_trees_n300_d10,ok,2.95,0.8449534652570706,0.5569875045038829,0.1025919182141932,0.8642358417377812,0.1617647058823529,0.9963133640552996,0.8918918918918919,0.8634185303514377,0.2738589211618257,0.5,33.0,1081.0,4.0,171.0
332,"dnn_v2_(32,)_drop0.2_lr0.005_wd0.1",ok,2.32,0.8449263576398302,0.5172004017883993,0.1681706626840395,0.773467804499612,0.7450980392156863,0.7788018433179723,0.3877551020408163,0.9420289855072465,0.5100671140939598,0.5,152.0,845.0,240.0,52.0
333,rf_n200_d15_balanced,ok,2.72,0.84491958073552,0.5580875001718473,0.1061683051805113,0.8603568657874321,0.4313725490196078,0.9410138248847926,0.5789473684210527,0.8979771328056289,0.4943820224719101,0.5,88.0,1021.0,64.0,116.0
334,gbdt_sklearn_n200_lr0.05_sub0.8,ok,8.19,0.8449173217674166,0.5531833896258477,0.0976505253591398,0.8789759503491078,0.4117647058823529,0.966820276497696,0.7,0.8973481608212147,0.5185185185185185,0.5,84.0,1049.0,36.0,120.0
335,"hybrid_dnn(64,)_conv(32, 64)_gbdt100-3-0.1_nn_heavy",ok,5.63,0.8449128038312099,0.5359590694842283,0.1316425016686804,0.8269976726144298,0.5931372549019608,0.8709677419354839,0.4636015325670498,0.919260700389105,0.5204301075268817,0.5,121.0,945.0,140.0,83.0
336,lightgbm_goss_n200_leaves31_lr0.05,ok,0.69,0.8448856962139695,0.5667647573535084,0.0989897253458699,0.8750969743987588,0.4117647058823529,0.9622119815668204,0.672,0.8969072164948454,0.5106382978723404,0.5,84.0,1044.0,41.0,120.0
337,"hybrid_dnn(128, 64)_conv(16, 32)_gbdt100-3-0.1_nn_heavy",ok,5.18,0.8448811782777628,0.5336698420794611,0.1398101530545417,0.8223429014740109,0.6176470588235294,0.8608294930875576,0.4548736462093863,0.9229249011857708,0.5239085239085239,0.5,126.0,934.0,151.0,78.0
338,"hybrid_dnn(64, 32, 16)_conv(16, 32)_gbdt50-3-0.1_gbdt_heavy",ok,6.61,0.8448631065329358,0.5645521698707059,0.105664708907619,0.8727695888285493,0.4754901960784313,0.9474654377880184,0.6298701298701299,0.905726872246696,0.5418994413407822,0.5,97.0,1028.0,57.0,107.0
339,"hybrid_dnn(128, 64)_conv(8, 16)_gbdt200-5-0.05_nn_heavy",ok,6.93,0.844858588596729,0.5489887574596455,0.1359327208997201,0.8246702870442203,0.6127450980392157,0.864516129032258,0.4595588235294117,0.9223205506391348,0.5252100840336135,0.5,125.0,938.0,147.0,79.0
340,"hybrid_dnn(128, 64)_conv(32, 64)_gbdt100-3-0.1_nn_heavy",ok,6.14,0.844858588596729,0.5312287989113245,0.1340230919660158,0.8262218774243599,0.6225490196078431,0.864516129032258,0.4635036496350365,0.9241379310344828,0.5313807531380753,0.5,127.0,938.0,147.0,77.0
341,"hybrid_dnn(32,)_conv(8, 16, 32)_gbdt100-5-0.05_average",ok,5.51,0.8448359989156954,0.5403249354981846,0.122948253098949,0.8448409619860356,0.5294117647058824,0.904147465437788,0.5094339622641509,0.9108635097493036,0.5192307692307693,0.5,108.0,981.0,104.0,96.0
342,lightgbm_goss_n100_leaves63_lr0.1,ok,0.43,0.8447908195536278,0.5611800783546462,0.1007855614165001,0.86966640806827,0.3823529411764705,0.9612903225806452,0.65,0.8922155688622755,0.4814814814814814,0.5,78.0,1043.0,42.0,126.0
343,"hybrid_dnn(64, 32, 16)_conv(8, 16, 32)_gbdt50-3-0.1_gbdt_heavy",ok,7.44,0.8447863016174211,0.5611693755205671,0.105320337442311,0.8712179984484096,0.4656862745098039,0.9474654377880184,0.625,0.9041336851363236,0.5337078651685393,0.5,95.0,1028.0,57.0,109.0
344,extra_trees_n300_d15,ok,3.01,0.8447817836812145,0.5472442387345304,0.100738314111082,0.8642358417377812,0.2058823529411764,0.9880184331797236,0.7636363636363637,0.8687196110210696,0.3243243243243243,0.5,42.0,1072.0,13.0,162.0
345,"hybrid_dnn(64,)_conv(8, 16, 32)_gbdt100-5-0.05_nn_heavy",ok,6.26,0.8447772657450077,0.5329014702756285,0.1348732753271079,0.8324282389449186,0.5735294117647058,0.8811059907834101,0.4756097560975609,0.9165867689357622,0.52,0.5,117.0,956.0,129.0,87.0
346,"hybrid_dnn(32,)_conv(32, 64)_gbdt100-5-0.05_average",ok,5.44,0.8447546760639739,0.5447152024449103,0.1203057886702924,0.8355314197051978,0.5392156862745098,0.8912442396313364,0.4824561403508772,0.9114043355325164,0.5092592592592593,0.5,110.0,967.0,118.0,94.0
347,histgbdt_n200_lr0.05,ok,3.19,0.8447320863829403,0.5893494935677327,0.1012067111908446,0.878200155159038,0.4019607843137255,0.967741935483871,0.7008547008547008,0.8959044368600683,0.5109034267912772,0.5,82.0,1050.0,35.0,122.0
348,lightgbm_dart_n300_leaves31_lr0.1,ok,2.81,0.8447185325743201,0.5865019563555566,0.1005590536697087,0.8758727695888285,0.392156862745098,0.966820276497696,0.6896551724137931,0.8942881500426257,0.5,0.5,80.0,1049.0,36.0,124.0
349,bagging_n500_ms0.5,ok,10.54,0.844700460829493,0.5727988136163115,0.0969016415826221,0.86966640806827,0.3137254901960784,0.9741935483870968,0.6956521739130435,0.8830409356725146,0.4324324324324324,0.5,64.0,1057.0,28.0,140.0
350,rf_n100_dNone_balanced,ok,1.43,0.8446823890846661,0.5591739012282457,0.1057769588828549,0.8650116369278511,0.4509803921568627,0.9428571428571428,0.5974025974025974,0.9013215859030838,0.5139664804469274,0.5,92.0,1023.0,62.0,112.0
351,rf_n100_d30_balanced,ok,1.46,0.8446823890846661,0.5591739012282457,0.1057769588828549,0.8650116369278511,0.4509803921568627,0.9428571428571428,0.5974025974025974,0.9013215859030838,0.5139664804469274,0.5,92.0,1023.0,62.0,112.0
352,"hybrid_dnn(128, 64)_conv(8, 16, 32)_gbdt100-3-0.1_nn_heavy",ok,6.33,0.8446372097225987,0.5295764745315527,0.1378386581384506,0.8308766485647789,0.6029411764705882,0.8737327188940092,0.473076923076923,0.9212827988338192,0.5301724137931034,0.5,123.0,948.0,137.0,81.0
353,lightgbm_n200_leaves15_lr0.1,ok,0.95,0.844614620041565,0.5845127352173933,0.1054049782608766,0.873545384018619,0.3970588235294117,0.9631336405529954,0.6694214876033058,0.8946917808219178,0.4984615384615384,0.5,81.0,1045.0,40.0,123.0
354,rf_n300_d5_None,ok,3.64,0.8446055841691515,0.566848234605505,0.1001509604260269,0.8642358417377812,0.196078431372549,0.9898617511520738,0.7843137254901961,0.8675282714054927,0.3137254901960784,0.5,40.0,1074.0,11.0,164.0
355,rf_n100_d20_balanced,ok,1.52,0.8446055841691515,0.5594931112418793,0.1057688130333592,0.8657874321179209,0.4558823529411764,0.9428571428571428,0.6,0.902116402116402,0.5181058495821727,0.5,93.0,1023.0,62.0,111.0
356,histgbdt_n200_lr0.03,ok,3.2,0.844596548296738,0.5859596795468572,0.0983195629195937,0.8774243599689682,0.3823529411764705,0.9705069124423964,0.7090909090909091,0.8931297709923665,0.4968152866242038,0.5,78.0,1053.0,32.0,126.0
357,"hybrid_dnn(128, 64)_conv(8, 16)_gbdt100-5-0.05_nn_heavy",ok,6.09,0.8445694406794977,0.5424563558534621,0.1376268635807749,0.8207913110938713,0.6127450980392157,0.8599078341013825,0.4512635379061371,0.9219367588932806,0.5197505197505198,0.5,125.0,933.0,152.0,79.0
358,"hybrid_dnn(64,)_conv(8, 16, 32)_gbdt100-3-0.1_nn_heavy",ok,6.08,0.8445287792536369,0.5330201925487071,0.1353703607308667,0.8293250581846393,0.5784313725490197,0.8764976958525346,0.4682539682539682,0.9170684667309548,0.5175438596491229,0.5,118.0,951.0,134.0,86.0
359,xgboost_n100_d9_lr0.1,ok,1.24,0.8445016716363964,0.5770342341536057,0.1000746074913118,0.873545384018619,0.3627450980392157,0.9695852534562212,0.6915887850467289,0.8900169204737732,0.4758842443729904,0.5,74.0,1052.0,33.0,130.0
360,"hybrid_dnn(32,)_conv(32, 64)_gbdt100-3-0.1_average",ok,5.28,0.8444881178277763,0.5433756040359212,0.1209968543700985,0.8363072148952676,0.5294117647058824,0.8940092165898618,0.484304932735426,0.9099437148217636,0.5058548009367682,0.5,108.0,970.0,115.0,96.0
361,"hybrid_dnn(32,)_conv(16, 32)_gbdt200-5-0.05_average",ok,5.95,0.8444384205295021,0.55437538678533,0.1220584174031531,0.843289371605896,0.5196078431372549,0.904147465437788,0.5047619047619047,0.9091751621872104,0.5120772946859904,0.5,106.0,981.0,104.0,98.0
362,"hybrid_dnn(32,)_conv(32, 64)_gbdt200-5-0.05_average",ok,5.84,0.8443887232312279,0.550471601963137,0.1183100648767083,0.843289371605896,0.5147058823529411,0.9050691244239631,0.5048076923076923,0.908418131359852,0.5097087378640777,0.5,105.0,982.0,103.0,99.0
363,lightgbm_n100_leaves255_lr0.1,ok,1.17,0.8443842052950212,0.5912978187808373,0.1026290251828727,0.8727695888285493,0.3823529411764705,0.9649769585253456,0.6724137931034483,0.8925831202046036,0.4875,0.5,78.0,1047.0,38.0,126.0
364,lightgbm_n100_leaves127_lr0.1,ok,1.17,0.8443842052950212,0.5912978187808373,0.1026290251828727,0.8727695888285493,0.3823529411764705,0.9649769585253456,0.6724137931034483,0.8925831202046036,0.4875,0.5,78.0,1047.0,38.0,126.0
365,lightgbm_n100_leaves63_lr0.1,ok,1.3,0.8443842052950212,0.5912978187808373,0.1026290251828727,0.8727695888285493,0.3823529411764705,0.9649769585253456,0.6724137931034483,0.8925831202046036,0.4875,0.5,78.0,1047.0,38.0,126.0
366,"hybrid_dnn(64, 32)_conv(32, 64)_gbdt50-3-0.1_average",ok,6.36,0.8443570976777808,0.5404772379727101,0.1220712685155319,0.8401861908456167,0.5392156862745098,0.896774193548387,0.4954954954954955,0.9119025304592316,0.5164319248826291,0.5,110.0,973.0,112.0,94.0
367,"hybrid_dnn(32,)_conv(8, 16, 32)_gbdt200-5-0.05_average",ok,6.18,0.8443254721243336,0.5497313223359386,0.1207814121356773,0.8510473235065943,0.5245098039215687,0.912442396313364,0.5297029702970297,0.9107635694572216,0.5270935960591133,0.5,107.0,990.0,95.0,97.0
368,bagging_n100_ms0.8,ok,3.43,0.8442667389536459,0.571074476737521,0.0962312645461598,0.8727695888285493,0.3529411764705882,0.9705069124423964,0.6923076923076923,0.8886075949367088,0.4675324675324675,0.5,72.0,1053.0,32.0,132.0
369,histgbdt_n100_lr0.05,ok,1.74,0.8442622210174392,0.5870698435777366,0.0974451637644474,0.8743211792086889,0.392156862745098,0.9649769585253456,0.6779661016949152,0.8941076003415884,0.4968944099378882,0.5,80.0,1047.0,38.0,124.0
370,"hybrid_dnn(64,)_conv(16, 32)_gbdt50-3-0.1_nn_heavy",ok,5.07,0.8442351134001986,0.5331208024236058,0.138506445221497,0.8200155159038014,0.5980392156862745,0.8617511520737328,0.4485294117647059,0.91937069813176,0.5126050420168067,0.5,122.0,935.0,150.0,82.0
371,lightgbm_n300_leaves15_lr0.05,ok,1.26,0.8442080057829584,0.5806403304710037,0.1027682162529688,0.8743211792086889,0.4166666666666667,0.96036866359447,0.6640625,0.8975021533161068,0.5120481927710844,0.5,85.0,1042.0,43.0,119.0
372,lightgbm_goss_n100_leaves31_lr0.05,ok,0.47,0.8441944519743381,0.5730449674178941,0.0964706325631378,0.8743211792086889,0.4068627450980392,0.9622119815668204,0.6693548387096774,0.896137339055794,0.5060975609756098,0.5,83.0,1044.0,41.0,121.0
373,"hybrid_dnn(128, 64)_conv(8, 16)_gbdt100-3-0.1_nn_heavy",ok,5.99,0.8441854161019247,0.5412539217345788,0.138083961360322,0.8184639255236618,0.6225490196078431,0.8552995391705069,0.4471830985915493,0.9233830845771144,0.5204918032786885,0.5,127.0,928.0,157.0,77.0
374,xgboost_n800_d9_lr0.01,ok,9.63,0.8441808981657181,0.5757854420693019,0.0974082711966598,0.8805275407292474,0.3970588235294117,0.9714285714285714,0.7232142857142857,0.8954970263381479,0.5126582278481012,0.5,81.0,1054.0,31.0,123.0
375,lightgbm_dart_n300_leaves15_lr0.05,ok,1.64,0.8441537905484775,0.5667073432756122,0.096350871529317,0.873545384018619,0.3774509803921568,0.966820276497696,0.6814159292035398,0.8920068027210885,0.4858044164037854,0.5,77.0,1049.0,36.0,127.0
376,"hybrid_dnn(32,)_conv(16, 32)_gbdt100-3-0.1_average",ok,4.87,0.8441312008674438,0.5456300156920629,0.1250105041698547,0.8355314197051978,0.5343137254901961,0.8921658986175115,0.4823008849557522,0.9106302916274694,0.5069767441860465,0.5,109.0,968.0,117.0,95.0
377,"hybrid_dnn(64,)_conv(16,)_gbdt50-3-0.1_average",ok,4.55,0.8441176470588235,0.5475155531655567,0.1237159062950817,0.8316524437548487,0.553921568627451,0.8838709677419355,0.4728033472803347,0.9133333333333332,0.510158013544018,0.5,113.0,959.0,126.0,91.0
378,catboost_n500_d8_lr0.2,ok,23.91,0.8440950573777899,0.5566147595537868,0.1086611970273199,0.8727695888285493,0.3333333333333333,0.9741935483870968,0.7083333333333334,0.8860016764459346,0.4533333333333333,0.5,68.0,1057.0,28.0,136.0
379,lightgbm_n100_leaves127_lr0.2,ok,1.11,0.8440860215053764,0.5856138509589818,0.1096998472848094,0.8743211792086889,0.3823529411764705,0.966820276497696,0.6842105263157895,0.8927659574468085,0.490566037735849,0.5,78.0,1049.0,36.0,126.0
380,lightgbm_n100_leaves255_lr0.2,ok,1.09,0.8440860215053764,0.5856138509589818,0.1096998472848094,0.8743211792086889,0.3823529411764705,0.966820276497696,0.6842105263157895,0.8927659574468085,0.490566037735849,0.5,78.0,1049.0,36.0,126.0
381,lightgbm_n100_leaves63_lr0.2,ok,1.1,0.8440860215053764,0.5856138509589818,0.109699847300195,0.8743211792086889,0.3823529411764705,0.966820276497696,0.6842105263157895,0.8927659574468085,0.490566037735849,0.5,78.0,1049.0,36.0,126.0
382,histgbdt_n300_lr0.03,ok,4.65,0.8440815035691698,0.5933638192410126,0.1008488463371641,0.8766485647788984,0.3823529411764705,0.9695852534562212,0.7027027027027027,0.8930390492359932,0.4952380952380952,0.5,78.0,1052.0,33.0,126.0
383,lightgbm_goss_n100_leaves63_lr0.05,ok,0.51,0.8440453600795157,0.578516562654257,0.0963806037834266,0.8727695888285493,0.392156862745098,0.9631336405529954,0.6666666666666666,0.8939264328485885,0.4938271604938271,0.5,80.0,1045.0,40.0,124.0
384,catboost_n500_d6_lr0.01,ok,7.67,0.844040842143309,0.555750681484394,0.0985609420107873,0.8688906128782001,0.2941176470588235,0.976958525345622,0.7058823529411765,0.8803986710963455,0.4152249134948096,0.5,60.0,1060.0,25.0,144.0
385,xgboost_n300_d9_lr0.05,ok,2.86,0.8440272883346888,0.5787863400632396,0.1000797428769364,0.8766485647788984,0.3872549019607843,0.968663594470046,0.6991150442477876,0.8937074829931972,0.4984227129337539,0.5,79.0,1051.0,34.0,125.0
386,lightgbm_n100_leaves63_lr0.05,ok,1.12,0.8439911448450347,0.5890289635919536,0.096527662875585,0.8758727695888285,0.3725490196078431,0.9705069124423964,0.7037037037037037,0.8916172734970365,0.4871794871794871,0.5,76.0,1053.0,32.0,128.0
387,lightgbm_n100_leaves255_lr0.05,ok,1.12,0.8439911448450347,0.5890289635919536,0.096527662875585,0.8758727695888285,0.3725490196078431,0.9705069124423964,0.7037037037037037,0.8916172734970365,0.4871794871794871,0.5,76.0,1053.0,32.0,128.0
388,lightgbm_n100_leaves127_lr0.05,ok,1.11,0.8439911448450347,0.5890289635919536,0.096527662875585,0.8758727695888285,0.3725490196078431,0.9705069124423964,0.7037037037037037,0.8916172734970365,0.4871794871794871,0.5,76.0,1053.0,32.0,128.0
389,catboost_n200_d7_lr0.1,ok,5.42,0.8439866269088281,0.5622309331440827,0.1020072803176581,0.8750969743987588,0.3333333333333333,0.976958525345622,0.7311827956989247,0.8862876254180602,0.4579124579124579,0.5,68.0,1060.0,25.0,136.0
390,rf_huge_n100_leafnodes2500_None,ok,1.54,0.843979850004518,0.5428957892905796,0.0989904577191621,0.86966640806827,0.3039215686274509,0.976036866359447,0.7045454545454546,0.8817651956702748,0.4246575342465753,0.5,62.0,1059.0,26.0,142.0
391,rf_huge_n100_leafnodes5000_None,ok,1.51,0.843979850004518,0.5428957892905796,0.0989904577191621,0.86966640806827,0.3039215686274509,0.976036866359447,0.7045454545454546,0.8817651956702748,0.4246575342465753,0.5,62.0,1059.0,26.0,142.0
392,catboost_n800_d8_lr0.2,ok,36.86,0.8439550013553809,0.5583852739337354,0.1090326336590134,0.873545384018619,0.3333333333333333,0.9751152073732718,0.7157894736842105,0.8860971524288107,0.4548494983277591,0.5,68.0,1058.0,27.0,136.0
393,"hybrid_dnn(64, 32)_conv(8, 16)_gbdt50-3-0.1_average",ok,6.62,0.8439143399295203,0.5526632940725298,0.1246326735583501,0.839410395655547,0.5490196078431373,0.8940092165898618,0.4933920704845815,0.9133709981167608,0.5197215777262181,0.5,112.0,970.0,115.0,92.0
394,xgboost_n200_d9_lr0.1,ok,1.73,0.8438917502484866,0.5714081243333787,0.1029960251258705,0.8750969743987588,0.3725490196078431,0.9695852534562212,0.6972477064220184,0.8915254237288136,0.4856230031948881,0.5,76.0,1052.0,33.0,128.0
395,histgbdt_huge_n200_leafnodes1000,ok,3.83,0.8438917502484865,0.5810193274139777,0.110801567479666,0.8750969743987588,0.3970588235294117,0.9649769585253456,0.680672268907563,0.8948717948717949,0.5015479876160991,0.5,81.0,1047.0,38.0,123.0
396,histgbdt_huge_n200_leafnodes5000,ok,3.94,0.8438917502484865,0.5810193274139777,0.110801567479666,0.8750969743987588,0.3970588235294117,0.9649769585253456,0.680672268907563,0.8948717948717949,0.5015479876160991,0.5,81.0,1047.0,38.0,123.0
397,"hybrid_dnn(64, 32)_conv(8, 16, 32)_gbdt50-3-0.1_average",ok,6.63,0.8438239812053854,0.539003836320272,0.1246870859582949,0.8463925523661753,0.5392156862745098,0.904147465437788,0.514018691588785,0.9125581395348836,0.5263157894736842,0.5,110.0,981.0,104.0,94.0
398,lightgbm_n100_leaves15_lr0.05,ok,0.53,0.8438059094605584,0.5717495653207564,0.096857803274409,0.8758727695888285,0.3970588235294117,0.9658986175115208,0.6864406779661016,0.8949615713065756,0.5031055900621118,0.5,81.0,1048.0,37.0,123.0
399,catboost_n500_d4_lr0.05,ok,3.61,0.8437923556519383,0.5410194689716755,0.1009782776690616,0.8727695888285493,0.3872549019607843,0.9640552995391704,0.6694915254237288,0.8932536293766012,0.4906832298136646,0.5,79.0,1046.0,39.0,125.0
400,"hybrid_dnn(64, 32)_conv(16,)_gbdt200-5-0.05_average",ok,6.02,0.8437652480346978,0.5583062749007558,0.1207869560658239,0.839410395655547,0.5343137254901961,0.896774193548387,0.4932126696832579,0.9110486891385768,0.5129411764705882,0.5,109.0,973.0,112.0,95.0
401,"hybrid_dnn(32,)_conv(8, 16, 32)_gbdt100-3-0.1_average",ok,5.44,0.8437652480346978,0.5404664550090338,0.1236935469245964,0.8463925523661753,0.5392156862745098,0.904147465437788,0.514018691588785,0.9125581395348836,0.5263157894736842,0.5,110.0,981.0,104.0,94.0
402,xgboost_n300_d9_lr0.1,ok,2.09,0.8437516942260775,0.5705407562297634,0.1038166876218222,0.8774243599689682,0.3970588235294117,0.967741935483871,0.6982758620689655,0.8951406649616368,0.50625,0.5,81.0,1050.0,35.0,123.0
403,bagging_n200_ms0.5,ok,4.28,0.8437358814493541,0.572630075587519,0.0970243793638479,0.8688906128782001,0.3235294117647059,0.9714285714285714,0.6804123711340206,0.8842281879194631,0.4385382059800664,0.5,66.0,1054.0,31.0,138.0
404,bagging_n500_ms0.8,ok,15.92,0.8436748893105629,0.5716158844669963,0.0969761148176881,0.8673390224980605,0.3333333333333333,0.967741935483871,0.6601941747572816,0.8853288364249579,0.4429967426710097,0.5,68.0,1050.0,35.0,136.0
405,"hybrid_dnn(64, 32)_conv(16,)_gbdt100-5-0.05_average",ok,5.88,0.8436613355019427,0.5554736738741964,0.1227555123211451,0.8355314197051978,0.5441176470588235,0.8903225806451613,0.4826086956521739,0.9121813031161472,0.511520737327189,0.5,111.0,966.0,119.0,93.0
406,"hybrid_dnn(128, 64)_conv(16,)_gbdt200-5-0.05_nn_heavy",ok,5.29,0.8436477816933226,0.5507719449384945,0.1360468701928033,0.8153607447633825,0.5882352941176471,0.8580645161290322,0.437956204379562,0.9172413793103448,0.502092050209205,0.5,120.0,931.0,154.0,84.0
407,lightgbm_n300_leaves15_lr0.1,ok,1.27,0.8436477816933226,0.5807508208331355,0.1099952722860479,0.8758727695888285,0.392156862745098,0.966820276497696,0.6896551724137931,0.8942881500426257,0.5,0.5,80.0,1049.0,36.0,124.0
408,catboost_n800_d7_lr0.1,ok,20.76,0.8435800126502214,0.5598034494861324,0.106983229857597,0.8727695888285493,0.3382352941176471,0.9732718894009216,0.7040816326530612,0.8866498740554156,0.4569536423841059,0.5,69.0,1056.0,29.0,135.0
409,"dnn_v2_(16,)_drop0.4_lr0.001_wd0.1",ok,4.46,0.843570976777808,0.5164903258546444,0.1655722822709196,0.7804499612102405,0.7205882352941176,0.791705069124424,0.3941018766756032,0.937772925764192,0.5095320623916811,0.5,147.0,859.0,226.0,57.0
410,xgboost_n200_d11_lr0.1,ok,1.69,0.8435664588416011,0.5675281099147435,0.1004504156751024,0.8813033359193173,0.392156862745098,0.9732718894009216,0.7339449541284404,0.8949152542372881,0.5111821086261981,0.5,80.0,1056.0,29.0,124.0
411,lightgbm_n300_leaves31_lr0.01,ok,2.08,0.8435122436071203,0.5793142883214673,0.0951218013904529,0.8758727695888285,0.3676470588235294,0.9714285714285714,0.7075471698113207,0.8909551986475064,0.4838709677419355,0.5,75.0,1054.0,31.0,129.0
412,catboost_n500_d7_lr0.1,ok,12.47,0.8435077256709135,0.5603294741781134,0.1057500574711827,0.8719937936384794,0.3284313725490196,0.9741935483870968,0.7052631578947368,0.8852596314907872,0.4481605351170568,0.5,67.0,1057.0,28.0,137.0
413,"hybrid_dnn(64, 32)_conv(16,)_gbdt100-3-0.1_average",ok,5.58,0.8435032077347067,0.5529483756933767,0.1236404183097864,0.8370830100853375,0.5637254901960784,0.8884792626728111,0.4872881355932203,0.9154795821462488,0.5227272727272727,0.5,115.0,964.0,121.0,89.0
414,xgboost_n800_d11_lr0.01,ok,10.15,0.8434986897985,0.576846203336447,0.0971408856550944,0.8797517455391777,0.3823529411764705,0.9732718894009216,0.7289719626168224,0.8934010152284264,0.5016077170418006,0.5,78.0,1056.0,29.0,126.0
415,catboost_n200_d6_lr0.01,ok,3.29,0.8434715821812597,0.5607147673952663,0.10050215475123,0.8673390224980605,0.2205882352941176,0.9889400921658986,0.7894736842105263,0.8709415584415584,0.3448275862068966,0.5,45.0,1073.0,12.0,159.0
416,catboost_n200_d8_lr0.01,ok,9.19,0.8434354386916056,0.5552608659830703,0.1000282544450725,0.8650116369278511,0.2107843137254902,0.9880184331797236,0.7678571428571429,0.8694241686942417,0.3307692307692307,0.5,43.0,1072.0,13.0,161.0
417,xgboost_n100_d7_lr0.05,ok,1.23,0.843412849010572,0.5846360141176309,0.0960295775416871,0.8828549262994569,0.3970588235294117,0.9741935483870968,0.7431192660550459,0.8957627118644068,0.5175718849840255,0.5,81.0,1057.0,28.0,123.0
418,lightgbm_goss_n100_leaves15_lr0.1,ok,0.43,0.843412849010572,0.5633016166509148,0.0993349508841375,0.873545384018619,0.3970588235294117,0.9631336405529954,0.6694214876033058,0.8946917808219178,0.4984615384615384,0.5,81.0,1045.0,40.0,123.0
419,"hybrid_dnn(64, 32)_conv(16, 32)_gbdt200-5-0.05_nn_heavy",ok,6.3,0.8433676696485045,0.5390376709902382,0.1372632015333274,0.8262218774243599,0.5882352941176471,0.8709677419354839,0.4615384615384615,0.9183673469387756,0.5172413793103449,0.5,120.0,945.0,140.0,84.0
420,lightgbm_n800_leaves15_lr0.1,ok,2.18,0.8433360440950572,0.5787141470687485,0.1132093113726046,0.8743211792086889,0.3872549019607843,0.9658986175115208,0.6810344827586207,0.8934356351236147,0.49375,0.5,79.0,1048.0,37.0,125.0
421,xgboost_n500_d9_lr0.01,ok,6.33,0.8433224902864371,0.5692393987071233,0.096531502329903,0.8797517455391777,0.3872549019607843,0.9723502304147466,0.7247706422018348,0.8940677966101694,0.5047923322683706,0.5,79.0,1055.0,30.0,125.0
422,xgboost_n100_d5_lr0.1,ok,0.82,0.8433134544140237,0.5699707047944486,0.0976251668943516,0.8766485647788984,0.4019607843137255,0.9658986175115208,0.6890756302521008,0.8957264957264958,0.5077399380804953,0.5,82.0,1048.0,37.0,122.0
423,"hybrid_dnn(128, 64)_conv(16,)_gbdt100-5-0.05_nn_heavy",ok,5.13,0.8432863467967834,0.5440541552925319,0.137640690537749,0.8161365399534523,0.6176470588235294,0.8534562211981567,0.4421052631578947,0.9223107569721116,0.5153374233128835,0.5,126.0,926.0,159.0,78.0
424,xgboost_n100_d5_lr0.05,ok,0.89,0.8432863467967833,0.5753928520969416,0.0951411799123875,0.878200155159038,0.3627450980392157,0.9751152073732718,0.7326732673267327,0.8905723905723906,0.4852459016393443,0.5,74.0,1058.0,27.0,130.0
425,"hybrid_dnn(128, 64)_conv(16, 32)_gbdt50-3-0.1_nn_heavy",ok,5.71,0.843272792988163,0.5300098136210608,0.1410801987525154,0.8207913110938713,0.6225490196078431,0.8580645161290322,0.4519572953736654,0.9236111111111112,0.5237113402061856,0.5,127.0,931.0,154.0,77.0
426,histgbdt_n200_lr0.1,ok,3.23,0.8432592391795428,0.584838887957232,0.1109719008590292,0.8750969743987588,0.4068627450980392,0.9631336405529954,0.6747967479674797,0.8962264150943396,0.5076452599388379,0.5,83.0,1045.0,40.0,121.0
427,"hybrid_dnn(128, 64)_conv(32, 64)_gbdt50-3-0.1_nn_heavy",ok,5.52,0.8432502033071293,0.5265637109044186,0.1351911059067386,0.8285492629945694,0.6323529411764706,0.8654377880184332,0.4690909090909091,0.9260355029585798,0.5386221294363257,0.5,129.0,939.0,146.0,75.0
428,"hybrid_dnn(64, 32, 16)_conv(32, 64)_gbdt100-5-0.05_average",ok,6.53,0.8432502033071292,0.5509518588926325,0.1201661784392544,0.8448409619860356,0.553921568627451,0.8995391705069125,0.509009009009009,0.914714151827554,0.5305164319248826,0.5,113.0,976.0,109.0,91.0
429,lightgbm_n300_leaves63_lr0.01,ok,2.75,0.8432456853709225,0.5798819395499264,0.0955821939057665,0.8766485647788984,0.3480392156862745,0.976036866359447,0.7319587628865979,0.8884228187919463,0.4717607973421927,0.5,71.0,1059.0,26.0,133.0
430,lightgbm_n300_leaves255_lr0.01,ok,2.79,0.8432456853709225,0.5798819395499264,0.0955821939057665,0.8766485647788984,0.3480392156862745,0.976036866359447,0.7319587628865979,0.8884228187919463,0.4717607973421927,0.5,71.0,1059.0,26.0,133.0
431,lightgbm_n300_leaves127_lr0.01,ok,2.89,0.8432456853709225,0.5798819395499264,0.0955821939057665,0.8766485647788984,0.3480392156862745,0.976036866359447,0.7319587628865979,0.8884228187919463,0.4717607973421927,0.5,71.0,1059.0,26.0,133.0
432,"hybrid_dnn(64, 32)_conv(16, 32)_gbdt100-5-0.05_nn_heavy",ok,5.86,0.8432456853709225,0.5357893851687947,0.138896671479105,0.8254460822342902,0.6029411764705882,0.8672811059907835,0.4606741573033708,0.920743639921722,0.5222929936305732,0.5,123.0,941.0,144.0,81.0
433,extra_trees_n300_d20,ok,3.12,0.8432366494985092,0.5588929876221057,0.0999585169408004,0.8688906128782001,0.230392156862745,0.9889400921658986,0.7966101694915254,0.8723577235772357,0.3574144486692015,0.5,47.0,1073.0,12.0,157.0
434,gbdt_sklearn_n100_lr0.1_sub0.8,ok,4.11,0.8432366494985091,0.5388152982846858,0.100437962504992,0.8704422032583398,0.392156862745098,0.96036866359447,0.6504065040650406,0.8936535162950258,0.4892966360856269,0.5,80.0,1042.0,43.0,124.0
435,xgboost_n300_d5_lr0.05,ok,1.91,0.8431733983916145,0.5740636365592284,0.0994995394540048,0.8750969743987588,0.3872549019607843,0.966820276497696,0.6869565217391305,0.893526405451448,0.4952978056426332,0.5,79.0,1049.0,36.0,125.0
436,catboost_n300_d7_lr0.1,ok,7.52,0.843168880455408,0.5614018049594603,0.1039453012636351,0.8743211792086889,0.3333333333333333,0.976036866359447,0.723404255319149,0.8861924686192468,0.4563758389261745,0.5,68.0,1059.0,26.0,136.0
437,"hybrid_dnn(64,)_conv(32, 64)_gbdt50-3-0.1_nn_heavy",ok,5.14,0.8431688804554079,0.530063205119851,0.1327915614849409,0.8231186966640807,0.5931372549019608,0.8663594470046083,0.4548872180451128,0.9188660801564028,0.5148936170212766,0.5,121.0,940.0,145.0,83.0
438,"dnn_v2_(32,)_drop0.4_lr0.005_wd0.1",ok,2.68,0.8431372549019608,0.5160352811733854,0.1630247841336622,0.7820015515903801,0.7205882352941176,0.7935483870967742,0.3962264150943396,0.937908496732026,0.5113043478260869,0.5,147.0,861.0,224.0,57.0
439,catboost_n800_d8_lr0.05,ok,37.35,0.8431101472847204,0.5641124027374577,0.1075250416061158,0.8650116369278511,0.3039215686274509,0.9705069124423964,0.6595744680851063,0.8811715481171548,0.4161073825503356,0.5,62.0,1053.0,32.0,142.0
440,histgbdt_n100_lr0.1,ok,1.67,0.8430830396674799,0.5839672751323994,0.1035637146314531,0.8758727695888285,0.392156862745098,0.966820276497696,0.6896551724137931,0.8942881500426257,0.5,0.5,80.0,1049.0,36.0,124.0
441,xgboost_n300_d11_lr0.1,ok,2.08,0.8430604499864462,0.5637075991530313,0.1014859055980371,0.878200155159038,0.3872549019607843,0.9705069124423964,0.7117117117117117,0.8938879456706282,0.5015873015873016,0.5,79.0,1053.0,32.0,125.0
442,catboost_n200_d7_lr0.05,ok,5.34,0.843060449986446,0.5597875448779094,0.0999591674177435,0.861132660977502,0.2892156862745098,0.968663594470046,0.6344086021505376,0.8787625418060201,0.3973063973063973,0.5,59.0,1051.0,34.0,145.0
443,xgboost_n500_d9_lr0.1,ok,2.44,0.8430378603054125,0.5707463800623731,0.1045844695697522,0.878200155159038,0.3970588235294117,0.968663594470046,0.7043478260869566,0.8952299829642248,0.5078369905956113,0.5,81.0,1051.0,34.0,123.0
444,"hybrid_dnn(128, 64)_conv(8, 16, 32)_gbdt50-3-0.1_nn_heavy",ok,5.76,0.8430378603054124,0.5227071760667404,0.1391026184249446,0.8238944918541505,0.5882352941176471,0.8682027649769585,0.4562737642585551,0.9181286549707602,0.5139186295503212,0.5,120.0,942.0,143.0,84.0
445,xgboost_n200_d5_lr0.05,ok,1.43,0.8430333423692058,0.5729495487567784,0.097480649019108,0.8766485647788984,0.3823529411764705,0.9695852534562212,0.7027027027027027,0.8930390492359932,0.4952380952380952,0.5,78.0,1052.0,33.0,126.0
446,extra_trees_n300_d30,ok,3.72,0.8430265654648956,0.5547950109893703,0.1001261259817407,0.8665632273079907,0.230392156862745,0.9861751152073732,0.7580645161290323,0.8720456397718012,0.3533834586466165,0.5,47.0,1070.0,15.0,157.0
447,bagging_n100_ms0.5,ok,2.24,0.8430243064967922,0.5695813651533495,0.0971041117145073,0.8727695888285493,0.3480392156862745,0.9714285714285714,0.696078431372549,0.8879528222409435,0.4640522875816993,0.5,71.0,1054.0,31.0,133.0
448,catboost_n300_d5_lr0.01,ok,3.12,0.8429475015812776,0.5611829585201322,0.0984646758628419,0.8681148176881304,0.2647058823529412,0.9815668202764976,0.7297297297297297,0.8765432098765432,0.3884892086330935,0.5,54.0,1065.0,20.0,150.0
449,lightgbm_n500_leaves15_lr0.1,ok,1.71,0.8429339477726575,0.5777691788261713,0.1126553272899608,0.8743211792086889,0.3872549019607843,0.9658986175115208,0.6810344827586207,0.8934356351236147,0.49375,0.5,79.0,1048.0,37.0,125.0
450,"hybrid_dnn(32,)_conv(8, 16)_gbdt50-3-0.1_average",ok,5.78,0.8429203939640372,0.54462390986454,0.1251116058578573,0.8332040341349883,0.5588235294117647,0.8847926267281107,0.4769874476987448,0.9142857142857144,0.5146726862302483,0.5,114.0,960.0,125.0,90.0
451,"hybrid_dnn(64, 32, 16)_conv(32, 64)_gbdt200-5-0.05_average",ok,6.94,0.8429068401554171,0.5560410563407933,0.1181509789594926,0.8440651667959659,0.5196078431372549,0.9050691244239631,0.507177033492823,0.9092592592592592,0.513317191283293,0.5,106.0,982.0,103.0,98.0
452,"hybrid_dnn(64, 32, 16)_conv(8, 16, 32)_gbdt100-5-0.05_average",ok,7.61,0.8428616607933496,0.547888239682578,0.1230297908227042,0.8510473235065943,0.5490196078431373,0.9078341013824884,0.5283018867924528,0.914577530176416,0.5384615384615384,0.5,112.0,985.0,100.0,92.0
453,"hybrid_dnn(64, 32, 16)_conv(16,)_gbdt100-5-0.05_average",ok,6.29,0.8428616607933496,0.5576407876104305,0.1223136314634354,0.8386346004654771,0.5490196078431373,0.8930875576036866,0.4912280701754385,0.9132893496701224,0.5185185185185185,0.5,112.0,969.0,116.0,92.0
454,catboost_n200_d8_lr0.05,ok,9.26,0.842857142857143,0.5685438546870218,0.1003187243288986,0.8642358417377812,0.2892156862745098,0.9723502304147466,0.6629213483146067,0.8791666666666667,0.4027303754266211,0.5,59.0,1055.0,30.0,145.0
455,catboost_plain_n200_d8_lr0.05,ok,9.47,0.842857142857143,0.5685438546870218,0.1003187243288986,0.8642358417377812,0.2892156862745098,0.9723502304147466,0.6629213483146067,0.8791666666666667,0.4027303754266211,0.5,59.0,1055.0,30.0,145.0
456,"hybrid_dnn(64, 32)_conv(16, 32)_gbdt100-3-0.1_nn_heavy",ok,6.15,0.842852624920936,0.5324941233330749,0.139448141171656,0.8269976726144298,0.6029411764705882,0.8691244239631336,0.4641509433962264,0.9208984375,0.5245202558635395,0.5,123.0,943.0,142.0,81.0
457,catboost_n200_d7_lr0.01,ok,5.32,0.8428435890485225,0.5612374122032713,0.0999897815655536,0.8650116369278511,0.2205882352941176,0.9861751152073732,0.75,0.870626525630594,0.3409090909090909,0.5,45.0,1070.0,15.0,159.0
458,"hybrid_dnn(64,)_conv(8, 16, 32)_gbdt50-3-0.1_nn_heavy",ok,6.69,0.8428390711123159,0.5245843627658011,0.1366153668991846,0.8262218774243599,0.5784313725490197,0.8728110599078341,0.4609375,0.9167473378509196,0.5130434782608696,0.5,118.0,947.0,138.0,86.0
459,catboost_n300_d8_lr0.2,ok,13.45,0.842802927622662,0.5512819023342574,0.1082552001552153,0.8704422032583398,0.3235294117647059,0.9732718894009216,0.6947368421052632,0.8844221105527639,0.4414715719063545,0.5,66.0,1056.0,29.0,138.0
460,"hybrid_dnn(128, 64)_conv(16,)_gbdt100-3-0.1_nn_heavy",ok,4.6,0.8427984096864551,0.5402201049488707,0.1382033612363865,0.8138091543832429,0.6176470588235294,0.8506912442396314,0.4375,0.922077922077922,0.5121951219512195,0.5,126.0,923.0,162.0,78.0
461,"dnn_v2_(16,)_drop0.4_lr0.005_wd0.1",ok,2.89,0.8427758200054215,0.5158772410581468,0.1735464984593319,0.7765709852598914,0.75,0.7815668202764977,0.3923076923076923,0.943270300333704,0.5151515151515151,0.5,153.0,848.0,237.0,51.0
462,lightgbm_dart_n200_leaves31_lr0.1,ok,1.73,0.8427713020692148,0.5880452089206518,0.0970425938356122,0.8743211792086889,0.3823529411764705,0.966820276497696,0.6842105263157895,0.8927659574468085,0.490566037735849,0.5,78.0,1049.0,36.0,126.0
463,lightgbm_n500_leaves15_lr0.05,ok,1.97,0.8427577482605946,0.5808325702945007,0.107904952318155,0.873545384018619,0.3970588235294117,0.9631336405529954,0.6694214876033058,0.8946917808219178,0.4984615384615384,0.5,81.0,1045.0,40.0,123.0
464,"hybrid_dnn(128, 64)_conv(8, 16)_gbdt50-3-0.1_nn_heavy",ok,5.84,0.8427532303243876,0.534936959791285,0.1393164305442442,0.8169123351435221,0.6225490196078431,0.8534562211981567,0.444055944055944,0.9232303090727816,0.5183673469387755,0.5,127.0,926.0,159.0,77.0
465,xgboost_n500_d11_lr0.01,ok,6.97,0.842730640643354,0.5739994367807233,0.0961463658978061,0.8820791311093871,0.3872549019607843,0.9751152073732718,0.7452830188679245,0.8943364327979713,0.5096774193548387,0.5,79.0,1058.0,27.0,125.0
466,"hybrid_dnn(64, 32, 16)_conv(32, 64)_gbdt100-3-0.1_average",ok,6.79,0.842699015089907,0.5511482952855863,0.1208938038158179,0.8425135764158262,0.5392156862745098,0.8995391705069125,0.502283105022831,0.9121495327102804,0.5200945626477541,0.5,110.0,976.0,109.0,94.0
467,xgboost_n100_d11_lr0.2,ok,0.95,0.8426899792174934,0.5677455912489165,0.1026450720408516,0.8797517455391777,0.392156862745098,0.9714285714285714,0.7207207207207207,0.8947368421052632,0.5079365079365079,0.5,80.0,1054.0,31.0,124.0
468,"hybrid_dnn(64, 32, 16)_conv(16,)_gbdt200-5-0.05_average",ok,6.72,0.8426764254088731,0.5625519264751416,0.1202551514189468,0.8487199379363848,0.5441176470588235,0.9059907834101384,0.5211267605633803,0.9135687732342008,0.5323741007194245,0.5,111.0,983.0,102.0,93.0
469,histgbdt_n300_lr0.3,ok,2.2,0.8426176922381856,0.5683250456175826,0.1169709474377336,0.8727695888285493,0.3970588235294117,0.9622119815668204,0.6639344262295082,0.8946015424164524,0.4969325153374233,0.5,81.0,1044.0,41.0,123.0
470,"hybrid_dnn(64, 32, 16)_conv(16, 32)_gbdt100-5-0.05_average",ok,6.18,0.8425996204933587,0.5538541242713346,0.1242464153017595,0.8448409619860356,0.553921568627451,0.8995391705069125,0.509009009009009,0.914714151827554,0.5305164319248826,0.5,113.0,976.0,109.0,91.0
471,gbdt_sklearn_n300_lr0.03_sub0.8,ok,12.61,0.8425815487485316,0.5505485281273762,0.098293264342326,0.8758727695888285,0.3970588235294117,0.9658986175115208,0.6864406779661016,0.8949615713065756,0.5031055900621118,0.5,81.0,1048.0,37.0,123.0
472,xgboost_n500_d5_lr0.05,ok,2.8,0.8425634770037048,0.5718686029647828,0.1015438138699359,0.878200155159038,0.4068627450980392,0.966820276497696,0.6974789915966386,0.8965811965811966,0.5139318885448917,0.5,83.0,1049.0,36.0,121.0
473,"hybrid_dnn(64, 32, 16)_conv(8, 16)_gbdt100-5-0.05_average",ok,7.27,0.842522815577844,0.5638642202265347,0.1227075796793613,0.8448409619860356,0.5637254901960784,0.8976958525345622,0.5088495575221239,0.916274694261524,0.5348837209302325,0.5,115.0,974.0,111.0,89.0
474,lightgbm_goss_n300_leaves31_lr0.05,ok,0.95,0.8425047438330171,0.564921757810007,0.1022877299099113,0.8719937936384794,0.4117647058823529,0.9585253456221198,0.6511627906976745,0.896551724137931,0.5045045045045045,0.5,84.0,1040.0,45.0,120.0
475,xgboost_n100_d7_lr0.1,ok,1.06,0.8425002258968104,0.5856358642874587,0.0979815925670202,0.8797517455391777,0.4019607843137255,0.9695852534562212,0.7130434782608696,0.8960817717206133,0.5141065830721003,0.5,82.0,1052.0,33.0,122.0
476,"hybrid_dnn(32,)_conv(16,)_gbdt100-5-0.05_average",ok,4.86,0.8424957079606037,0.5478628344462819,0.1230582066838106,0.8339798293250582,0.5392156862745098,0.8894009216589862,0.4782608695652174,0.91123701605288,0.5069124423963134,0.5,110.0,965.0,120.0,94.0
477,xgboost_n500_d11_lr0.1,ok,2.81,0.8424911900243968,0.5636055619719593,0.1024980647673235,0.878200155159038,0.392156862745098,0.9695852534562212,0.7079646017699115,0.8945578231292517,0.5047318611987381,0.5,80.0,1052.0,33.0,124.0
478,catboost_n500_d8_lr0.05,ok,23.04,0.8424505285985362,0.566182152116223,0.1055797064011012,0.8650116369278511,0.2941176470588235,0.9723502304147466,0.6666666666666666,0.8798999165971643,0.4081632653061224,0.5,60.0,1055.0,30.0,144.0
479,gaussian_process_matern,ok,103.28,0.8424460106623295,0.5097112831168963,0.1029708125058485,0.8564778898370831,0.1911764705882352,0.9815668202764976,0.6610169491525424,0.8658536585365854,0.2965779467680608,0.5,39.0,1065.0,20.0,165.0
480,xgboost_n800_d11_lr0.1,ok,3.62,0.8424098671726754,0.5638092010527599,0.1030669581450975,0.878200155159038,0.392156862745098,0.9695852534562212,0.7079646017699115,0.8945578231292517,0.5047318611987381,0.5,80.0,1052.0,33.0,124.0
481,catboost_n500_d7_lr0.05,ok,12.83,0.8424053492364687,0.5570910068545751,0.1048746671119527,0.8688906128782001,0.3186274509803921,0.9723502304147466,0.6842105263157895,0.8835845896147404,0.4347826086956521,0.5,65.0,1055.0,30.0,139.0
482,"dnn_v2_(32,)_drop0.4_lr0.001_wd0.1",ok,3.88,0.8423963133640553,0.5052238259481564,0.1636933334331531,0.7874321179208689,0.7254901960784313,0.7990783410138249,0.4043715846994535,0.9393282773564464,0.519298245614035,0.5,148.0,867.0,218.0,56.0
483,xgboost_n500_d9_lr0.05,ok,3.4,0.8423782416192285,0.5760943501936766,0.1017730226366351,0.8766485647788984,0.3970588235294117,0.966820276497696,0.6923076923076923,0.8950511945392492,0.5046728971962616,0.5,81.0,1049.0,36.0,123.0
484,xgboost_n800_d9_lr0.05,ok,4.74,0.842369205746815,0.5754122478487071,0.1029938558311718,0.8750969743987588,0.4019607843137255,0.9640552995391704,0.6776859504132231,0.8955479452054794,0.5046153846153846,0.5,82.0,1046.0,39.0,122.0
485,"hybrid_dnn(32,)_conv(16, 32)_gbdt50-3-0.1_average",ok,5.28,0.8423556519381945,0.5357461898327731,0.1268732752268325,0.8285492629945694,0.5294117647058824,0.8847926267281107,0.463519313304721,0.9090909090909092,0.494279176201373,0.5,108.0,960.0,125.0,96.0
486,histgbdt_n100_lr0.2,ok,1.69,0.8423420981295745,0.5800522669022514,0.109757254647858,0.8789759503491078,0.4019607843137255,0.968663594470046,0.7068965517241379,0.8959931798806479,0.5125,0.5,82.0,1051.0,34.0,122.0
487,extra_trees_n300_dNone,ok,2.95,0.8423217674166441,0.552632039082541,0.1002403068700974,0.8665632273079907,0.230392156862745,0.9861751152073732,0.7580645161290323,0.8720456397718012,0.3533834586466165,0.5,47.0,1070.0,15.0,157.0
488,gbdt_sklearn_n100_lr0.05_sub0.8,ok,4.09,0.8423104725761272,0.5589833835172247,0.0961652149999327,0.8758727695888285,0.3676470588235294,0.9714285714285714,0.7075471698113207,0.8909551986475064,0.4838709677419355,0.5,75.0,1054.0,31.0,129.0
489,"hybrid_dnn(32,)_conv(32, 64)_gbdt50-3-0.1_average",ok,5.83,0.8422924008313003,0.5359258365107403,0.122717914625485,0.8324282389449186,0.5392156862745098,0.8875576036866359,0.4741379310344827,0.9110690633869442,0.5045871559633027,0.5,110.0,963.0,122.0,94.0
490,catboost_n200_d6_lr0.2,ok,3.31,0.8422924008313003,0.5603300771140473,0.1054720184429905,0.86966640806827,0.3627450980392157,0.9649769585253456,0.6607142857142857,0.8895497026338148,0.4683544303797468,0.5,74.0,1047.0,38.0,130.0
491,extra_trees_n800_d5,ok,8.14,0.8422924008313002,0.5439867817427699,0.110204030916803,0.8448409619860356,0.0245098039215686,0.9990783410138248,0.8333333333333334,0.8448947778643804,0.0476190476190476,0.5,5.0,1084.0,1.0,199.0
492,"hybrid_dnn(64, 32, 16)_conv(16,)_gbdt100-3-0.1_average",ok,5.86,0.8422698111502666,0.5582260222208961,0.1231877658032523,0.8401861908456167,0.553921568627451,0.8940092165898618,0.4956140350877193,0.9142318567389256,0.5231481481481481,0.5,113.0,970.0,115.0,91.0
493,xgboost_n100_d9_lr0.05,ok,1.48,0.8422517394054395,0.5728865999200348,0.0968583164214611,0.8820791311093871,0.3823529411764705,0.976036866359447,0.75,0.8936708860759494,0.5064935064935064,0.5,78.0,1059.0,26.0,126.0
494,xgboost_n100_d11_lr0.1,ok,1.25,0.8422472214692328,0.5704711555380705,0.0985968112720303,0.8789759503491078,0.3872549019607843,0.9714285714285714,0.7181818181818181,0.8939779474130619,0.5031847133757962,0.5,79.0,1054.0,31.0,125.0
495,lightgbm_n100_leaves15_lr0.1,ok,0.53,0.8422427035330261,0.568157035345239,0.1011284824764166,0.8704422032583398,0.4019607843137255,0.9585253456221198,0.6456692913385826,0.8950086058519794,0.4954682779456193,0.5,82.0,1040.0,45.0,122.0
496,histgbdt_n300_lr0.05,ok,10.47,0.8421884882985451,0.5860623124177415,0.1060469375363898,0.8766485647788984,0.4068627450980392,0.9649769585253456,0.6859504132231405,0.896404109589041,0.5107692307692308,0.5,83.0,1047.0,38.0,121.0
497,histgbdt_n200_lr0.3,ok,1.81,0.842174934489925,0.5690348992941182,0.1171474172748887,0.873545384018619,0.3970588235294117,0.9631336405529954,0.6694214876033058,0.8946917808219178,0.4984615384615384,0.5,81.0,1045.0,40.0,123.0
498,"hybrid_dnn(64, 32)_conv(32, 64)_gbdt200-5-0.05_nn_heavy",ok,6.79,0.842174934489925,0.5345133829168061,0.1319214400257193,0.8246702870442203,0.5735294117647058,0.871889400921659,0.45703125,0.9157792836398838,0.508695652173913,0.5,117.0,946.0,139.0,87.0
499,bagging_n500_ms1.0,ok,19.46,0.842143308936478,0.5695416151044757,0.0972752831652443,0.8704422032583398,0.3382352941176471,0.9705069124423964,0.6831683168316832,0.8863636363636364,0.4524590163934426,0.5,69.0,1053.0,32.0,135.0
500,"dnn_v2_(16,)_drop0.2_lr0.005_wd1e-05",ok,2.42,0.8421387910002711,0.5102274421218065,0.1567984227180567,0.7835531419705197,0.7254901960784313,0.7944700460829494,0.398921832884097,0.9389978213507624,0.5147826086956522,0.5,148.0,862.0,223.0,56.0
501,catboost_n300_d6_lr0.01,ok,4.62,0.8421387910002711,0.5552575814020418,0.0992110880939671,0.8673390224980605,0.2598039215686274,0.9815668202764976,0.726027397260274,0.8758223684210527,0.3826714801444043,0.5,53.0,1065.0,20.0,151.0
502,"hybrid_dnn(64, 32, 16)_conv(8, 16, 32)_gbdt200-5-0.05_average",ok,7.31,0.8420936116382037,0.5578014266320538,0.1208434742123878,0.8549262994569433,0.5245098039215687,0.9170506912442395,0.5431472081218274,0.9111721611721612,0.5336658354114713,0.5,107.0,995.0,90.0,97.0
503,histgbdt_huge_n100_leafnodes5000,ok,2.16,0.8420845757657902,0.5777729013805641,0.1037335736313331,0.8758727695888285,0.4019607843137255,0.9649769585253456,0.6833333333333333,0.8956372968349017,0.5061728395061729,0.5,82.0,1047.0,38.0,122.0
504,histgbdt_huge_n100_leafnodes1000,ok,2.46,0.8420845757657902,0.5777729013805641,0.1037335736313331,0.8758727695888285,0.4019607843137255,0.9649769585253456,0.6833333333333333,0.8956372968349017,0.5061728395061729,0.5,82.0,1047.0,38.0,122.0
505,lightgbm_n300_leaves15_lr0.01,ok,1.2,0.8420800578295834,0.5705170035793201,0.0958194512205028,0.873545384018619,0.3627450980392157,0.9695852534562212,0.6915887850467289,0.8900169204737732,0.4758842443729904,0.5,74.0,1052.0,33.0,130.0
506,xgboost_n200_d5_lr0.1,ok,1.33,0.8420619860847566,0.5675992032093219,0.1007502870724791,0.8766485647788984,0.4068627450980392,0.9649769585253456,0.6859504132231405,0.896404109589041,0.5107692307692308,0.5,83.0,1047.0,38.0,121.0
507,"hybrid_dnn(64, 32)_conv(8, 16, 32)_gbdt200-5-0.05_nn_heavy",ok,7.01,0.8420258425951027,0.5372406630069103,0.1352941220946474,0.8285492629945694,0.5588235294117647,0.8792626728110599,0.4653061224489795,0.913793103448276,0.5077951002227171,0.5,114.0,954.0,131.0,90.0
508,"hybrid_dnn(64, 32, 16)_conv(16, 32)_gbdt200-5-0.05_average",ok,6.83,0.842016806722689,0.5595844781608241,0.1220446236539666,0.8487199379363848,0.5343137254901961,0.9078341013824884,0.5215311004784688,0.9120370370370372,0.5278450363196125,0.5,109.0,985.0,100.0,95.0
509,"hybrid_dnn(32,)_conv(16,)_gbdt100-3-0.1_average",ok,4.21,0.8420032529140687,0.5491460664022008,0.1238957813522481,0.8339798293250582,0.5441176470588235,0.8884792626728111,0.4784482758620689,0.9120151371807,0.5091743119266054,0.5,111.0,964.0,121.0,93.0
510,xgboost_n500_d11_lr0.05,ok,3.89,0.8419761452968284,0.5717122851927653,0.1020758168751783,0.878200155159038,0.4019607843137255,0.967741935483871,0.7008547008547008,0.8959044368600683,0.5109034267912772,0.5,82.0,1050.0,35.0,122.0
511,"hybrid_dnn(32,)_conv(16,)_gbdt200-5-0.05_average",ok,4.91,0.8419671094244149,0.5544342379896366,0.1210192022771005,0.8417377812257564,0.5343137254901961,0.8995391705069125,0.5,0.911297852474323,0.5165876777251185,0.5,109.0,976.0,109.0,95.0
512,"dnn_v2_(32, 16)_drop0.2_lr0.005_wd0.1",ok,3.93,0.8419535556157947,0.5248898358490142,0.1686851039896044,0.7680372381691234,0.7352941176470589,0.7741935483870968,0.379746835443038,0.9395973154362416,0.5008347245409015,0.5,150.0,840.0,245.0,54.0
513,"hybrid_dnn(64, 32)_conv(32, 64)_gbdt100-5-0.05_nn_heavy",ok,6.65,0.841949037679588,0.5314261906281426,0.1334205636179018,0.8246702870442203,0.5931372549019608,0.8682027649769585,0.4583333333333333,0.9190243902439024,0.5170940170940171,0.5,121.0,942.0,143.0,83.0
514,catboost_n100_d5_lr0.1,ok,1.15,0.8419219300623475,0.5637629064821836,0.0985298014109887,0.86966640806827,0.3529411764705882,0.966820276497696,0.6666666666666666,0.8882303132938189,0.4615384615384615,0.5,72.0,1049.0,36.0,132.0
515,xgboost_n800_d9_lr0.1,ok,3.36,0.8419174121261407,0.5674032805132762,0.1054334043872039,0.8758727695888285,0.3823529411764705,0.968663594470046,0.6964285714285714,0.892948173322005,0.4936708860759494,0.5,78.0,1051.0,34.0,126.0
516,lightgbm_dart_n200_leaves15_lr0.1,ok,1.07,0.8418993403813139,0.5809435387807066,0.0957604777463742,0.8774243599689682,0.3872549019607843,0.9695852534562212,0.7053571428571429,0.8937977909940527,0.5,0.5,79.0,1052.0,33.0,125.0
517,"dnn_v2_(64, 32)_drop0.4_lr0.005_wd0.1",ok,4.52,0.8418857865726936,0.5175268327042499,0.1711102183245443,0.7595034910783554,0.7598039215686274,0.759447004608295,0.3725961538461538,0.9438717067583048,0.5,0.5,155.0,824.0,261.0,49.0
518,catboost_n300_d7_lr0.05,ok,7.72,0.8418812686364869,0.5575670590235553,0.102330718220872,0.8657874321179209,0.2990196078431372,0.9723502304147466,0.6703296703296703,0.8806343906510852,0.4135593220338983,0.5,61.0,1055.0,30.0,143.0
519,histgbdt_n300_lr0.01,ok,4.8,0.8418767507002801,0.5797543965283234,0.0955745893680203,0.8750969743987588,0.3627450980392157,0.9714285714285714,0.7047619047619048,0.8902027027027027,0.4789644012944983,0.5,74.0,1054.0,31.0,130.0
520,xgboost_n300_d7_lr0.05,ok,2.55,0.8418541610192465,0.5792767462025579,0.0999043553750579,0.8774243599689682,0.3872549019607843,0.9695852534562212,0.7053571428571429,0.8937977909940527,0.5,0.5,79.0,1052.0,33.0,125.0
521,"hybrid_dnn(64, 32, 16)_conv(8, 16)_gbdt200-5-0.05_average",ok,7.65,0.8418451251468329,0.5670174370724045,0.1205097630377244,0.8448409619860356,0.5343137254901961,0.9032258064516128,0.5093457943925234,0.9116279069767442,0.5215311004784688,0.5,109.0,980.0,105.0,95.0
522,"hybrid_dnn(64, 32, 16)_conv(8, 16)_gbdt100-3-0.1_average",ok,7.4,0.8418044637209723,0.5614475707971486,0.1234350849678973,0.8440651667959659,0.5686274509803921,0.895852534562212,0.5065502183406113,0.9169811320754716,0.535796766743649,0.5,116.0,972.0,113.0,88.0
523,"hybrid_dnn(64, 32)_conv(8, 16, 32)_gbdt100-5-0.05_nn_heavy",ok,6.74,0.8417954278485589,0.5304049383516135,0.1369164500163272,0.8277734678044996,0.5686274509803921,0.8764976958525346,0.464,0.9153031761308952,0.5110132158590308,0.5,116.0,951.0,134.0,88.0
524,"hybrid_dnn(32,)_conv(8, 16, 32)_gbdt50-3-0.1_average",ok,5.82,0.8417773561037318,0.5303019711029273,0.1255478660200311,0.8417377812257564,0.5392156862745098,0.8986175115207373,0.5,0.912067352666043,0.5188679245283019,0.5,110.0,975.0,110.0,94.0
525,catboost_n100_d7_lr0.1,ok,2.67,0.8417728381675251,0.5483154426232386,0.1003599756186798,0.8743211792086889,0.3333333333333333,0.976036866359447,0.723404255319149,0.8861924686192468,0.4563758389261745,0.5,68.0,1059.0,26.0,136.0
526,"hybrid_dnn(64, 32)_conv(32, 64)_gbdt100-3-0.1_nn_heavy",ok,6.94,0.8417728381675251,0.5283208445416209,0.1339153656698557,0.8246702870442203,0.5980392156862745,0.8672811059907835,0.4586466165413533,0.919843597262952,0.5191489361702127,0.5,122.0,941.0,144.0,82.0
527,catboost_n800_d4_lr0.01,ok,5.91,0.8417592843589048,0.5489068290554934,0.0978871436950131,0.8673390224980605,0.3186274509803921,0.9705069124423964,0.6701030927835051,0.8833892617449665,0.4318936877076412,0.5,65.0,1053.0,32.0,139.0
528,lightgbm_dart_n100_leaves31_lr0.1,ok,0.86,0.8417321767416645,0.5780443892698061,0.0966087745401913,0.8743211792086889,0.3676470588235294,0.9695852534562212,0.6944444444444444,0.890770533446232,0.4807692307692308,0.5,75.0,1052.0,33.0,129.0
529,"hybrid_dnn(64, 32, 16)_conv(8, 16, 32)_gbdt100-3-0.1_average",ok,6.9,0.841705069124424,0.5491053325858507,0.1238116443237097,0.847944142746315,0.5392156862745098,0.9059907834101384,0.5188679245283019,0.9127205199628596,0.5288461538461539,0.5,110.0,983.0,102.0,94.0
530,catboost_n500_d4_lr0.01,ok,3.55,0.8416598897623566,0.5522963541574822,0.097960976748345,0.86966640806827,0.3088235294117647,0.9751152073732718,0.7,0.8824020016680567,0.4285714285714285,0.5,63.0,1058.0,27.0,141.0
531,xgboost_n800_d11_lr0.05,ok,4.9,0.8416485949218397,0.5717379346792888,0.1035685718409832,0.8789759503491078,0.4019607843137255,0.968663594470046,0.7068965517241379,0.8959931798806479,0.5125,0.5,82.0,1051.0,34.0,122.0
532,bagging_n50_ms0.5,ok,1.3,0.8416350411132194,0.5695301416649889,0.0966172226532195,0.8704422032583398,0.3578431372549019,0.966820276497696,0.6697247706422018,0.8889830508474577,0.4664536741214057,0.5,73.0,1049.0,36.0,131.0
533,xgboost_n500_d5_lr0.1,ok,2.27,0.8416237462727026,0.5640360075811776,0.1040877541619126,0.8743211792086889,0.392156862745098,0.9649769585253456,0.6779661016949152,0.8941076003415884,0.4968944099378882,0.5,80.0,1047.0,38.0,124.0
534,"hybrid_dnn(64, 32)_conv(8, 16)_gbdt100-5-0.05_nn_heavy",ok,7.11,0.8416101924640824,0.5432667418486934,0.1372118478183851,0.8246702870442203,0.6127450980392157,0.864516129032258,0.4595588235294117,0.9223205506391348,0.5252100840336135,0.5,125.0,938.0,147.0,79.0
535,"dnn_v2_(16,)_drop0.2_lr0.005_wd0.1",ok,2.4,0.8415785669106353,0.5246438081927177,0.175710141414526,0.7680372381691234,0.75,0.7714285714285715,0.3815461346633416,0.9425675675675677,0.5057851239669422,0.5,153.0,837.0,248.0,51.0
536,"hybrid_dnn(64, 32)_conv(8, 16)_gbdt200-5-0.05_nn_heavy",ok,7.12,0.8415785669106353,0.5484603214939989,0.1355812398895875,0.8269976726144298,0.6078431372549019,0.8682027649769585,0.4644194756554307,0.9217221135029354,0.5265392781316348,0.5,124.0,942.0,143.0,80.0
537,histgbdt_n300_lr0.1,ok,9.68,0.8415785669106352,0.58412288996064,0.1135867943416527,0.873545384018619,0.4068627450980392,0.9612903225806452,0.664,0.8960481099656358,0.5045592705167173,0.5,83.0,1043.0,42.0,121.0
538,catboost_n100_d7_lr0.01,ok,2.68,0.8415559772296014,0.5517486458219686,0.1095473811912225,0.8580294802172227,0.1568627450980392,0.9898617511520738,0.7441860465116279,0.8619582664526485,0.2591093117408907,0.5,32.0,1074.0,11.0,172.0
539,gbdt_sklearn_n200_lr0.1_sub0.8,ok,8.15,0.8415514592933948,0.5422858212963964,0.1030344810900057,0.86966640806827,0.3970588235294117,0.9585253456221198,0.6428571428571429,0.8942390369733448,0.4909090909090909,0.5,81.0,1040.0,45.0,123.0
540,lightgbm_n800_leaves15_lr0.05,ok,3.26,0.8415333875485678,0.5805104355500814,0.1120624273017667,0.8727695888285493,0.392156862745098,0.9631336405529954,0.6666666666666666,0.8939264328485885,0.4938271604938271,0.5,80.0,1045.0,40.0,124.0
541,histgbdt_n100_lr0.3,ok,1.61,0.8415333875485678,0.5706916283388289,0.1159830674025615,0.8704422032583398,0.3872549019607843,0.9612903225806452,0.6528925619834711,0.8929794520547946,0.4861538461538461,0.5,79.0,1043.0,42.0,125.0
542,"hybrid_dnn(64,)_conv(16,)_gbdt200-5-0.05_nn_heavy",ok,5.68,0.8415243516761542,0.5490720128461565,0.1342342116728956,0.8192397207137315,0.5882352941176471,0.8626728110599078,0.4460966542750929,0.9176470588235294,0.507399577167019,0.5,120.0,936.0,149.0,84.0
543,histgbdt_n200_lr0.01,ok,3.14,0.8415107978675341,0.580237310765192,0.0955610044546332,0.8727695888285493,0.3235294117647059,0.976036866359447,0.717391304347826,0.8847117794486216,0.4459459459459459,0.5,66.0,1059.0,26.0,138.0
544,xgboost_n800_d7_lr0.01,ok,8.16,0.8414791723140869,0.571739700046056,0.0982976912164014,0.8820791311093871,0.4019607843137255,0.9723502304147466,0.7321428571428571,0.8963466440101954,0.5189873417721519,0.5,82.0,1055.0,30.0,122.0
545,catboost_n200_d5_lr0.01,ok,2.21,0.8414746543778803,0.5600627525974694,0.1006501438478459,0.8626842513576416,0.2058823529411764,0.9861751152073732,0.7368421052631579,0.8685064935064936,0.3218390804597701,0.5,42.0,1070.0,15.0,162.0
546,"hybrid_dnn(64,)_conv(16,)_gbdt100-5-0.05_nn_heavy",ok,4.99,0.8414565826330532,0.5426591042038861,0.1357684571897902,0.8169123351435221,0.6029411764705882,0.8571428571428571,0.4424460431654676,0.9198813056379822,0.5103734439834025,0.5,123.0,930.0,155.0,81.0
547,gbdt_sklearn_n200_lr0.03_sub0.8,ok,8.16,0.8414565826330532,0.5566536704769632,0.0972370373787744,0.8805275407292474,0.3872549019607843,0.9732718894009216,0.7314814814814815,0.8941574936494496,0.5064102564102564,0.5,79.0,1056.0,29.0,125.0
548,"hybrid_dnn(64, 32)_conv(8, 16)_gbdt100-3-0.1_nn_heavy",ok,7.05,0.841443028824433,0.5419084952356202,0.1377065633783464,0.8262218774243599,0.6127450980392157,0.8663594470046083,0.4629629629629629,0.9224730127576056,0.5274261603375527,0.5,125.0,940.0,145.0,79.0
549,catboost_n200_d8_lr0.2,ok,9.38,0.8414068853347791,0.5512880078555875,0.107174600790392,0.8704422032583398,0.3284313725490196,0.9723502304147466,0.6907216494845361,0.8850671140939598,0.4451827242524916,0.5,67.0,1055.0,30.0,137.0
550,lightgbm_dart_n300_leaves15_lr0.1,ok,1.7,0.8414023673985723,0.5771541659836451,0.0977616436032789,0.8727695888285493,0.3774509803921568,0.9658986175115208,0.6754385964912281,0.8919148936170213,0.4842767295597484,0.5,77.0,1048.0,37.0,127.0
551,"hybrid_dnn(64, 32)_conv(8, 16, 32)_gbdt100-3-0.1_nn_heavy",ok,6.59,0.841393331526159,0.5278212490462657,0.1374502962979604,0.8293250581846393,0.5833333333333334,0.8755760368663594,0.468503937007874,0.9178743961352656,0.519650655021834,0.5,119.0,950.0,135.0,85.0
552,catboost_n800_d6_lr0.05,ok,12.61,0.8413933315261588,0.562241932078087,0.1037146649047644,0.8727695888285493,0.3725490196078431,0.966820276497696,0.6785714285714286,0.8912489379779099,0.4810126582278481,0.5,76.0,1049.0,36.0,128.0
553,catboost_n300_d8_lr0.05,ok,13.74,0.8413436342278848,0.5580332495717829,0.1036583918730395,0.8634600465477114,0.2745098039215686,0.9741935483870968,0.6666666666666666,0.8771784232365145,0.3888888888888889,0.5,56.0,1057.0,28.0,148.0
554,catboost_plain_n300_d8_lr0.05,ok,14.25,0.8413436342278848,0.5580332495717829,0.1036583918730395,0.8634600465477114,0.2745098039215686,0.9741935483870968,0.6666666666666666,0.8771784232365145,0.3888888888888889,0.5,56.0,1057.0,28.0,148.0
555,"hybrid_dnn(128, 64)_conv(16,)_gbdt50-3-0.1_nn_heavy",ok,4.71,0.8412894189934038,0.535012201552251,0.1393531683416222,0.813033359193173,0.6225490196078431,0.8488479262672811,0.436426116838488,0.9228456913827656,0.5131313131313131,0.5,127.0,921.0,164.0,77.0
556,"hybrid_dnn(64, 32)_conv(16,)_gbdt50-3-0.1_average",ok,5.61,0.8412758651847836,0.5445634638887652,0.1252374094248744,0.8339798293250582,0.5686274509803921,0.8838709677419355,0.4793388429752066,0.9159503342884432,0.5201793721973094,0.5,116.0,959.0,126.0,88.0
557,catboost_n800_d8_lr0.001,ok,38.09,0.8412171320140961,0.5537701201340929,0.1157771025109539,0.8595810705973623,0.1568627450980392,0.991705069124424,0.7804878048780488,0.8621794871794872,0.2612244897959184,0.5,32.0,1076.0,9.0,172.0
558,xgboost_n800_d5_lr0.01,ok,5.57,0.8411945423330622,0.5691061252990561,0.0972797446734274,0.8774243599689682,0.3823529411764705,0.9705069124423964,0.7090909090909091,0.8931297709923665,0.4968152866242038,0.5,78.0,1053.0,32.0,126.0
559,catboost_n100_d5_lr0.05,ok,1.14,0.8411855064606487,0.5402777818620416,0.09882875705655,0.8665632273079907,0.2941176470588235,0.9741935483870968,0.6818181818181818,0.8800999167360533,0.410958904109589,0.5,60.0,1057.0,28.0,144.0
560,gaussian_process_rbf,ok,36.58,0.8411674347158219,0.5048132996418627,0.1026825092515431,0.8557020946470132,0.196078431372549,0.9797235023041476,0.6451612903225806,0.8663406682966586,0.3007518796992481,0.5,40.0,1063.0,22.0,164.0
561,"dnn_v2_(32,)_drop0.1_lr0.005_wd0.1",ok,2.57,0.8411538809072017,0.5197751647304718,0.1683355305605889,0.7641582622187743,0.7401960784313726,0.7686635944700461,0.3756218905472637,0.9402480270574972,0.4983498349834983,0.5,151.0,834.0,251.0,53.0
562,catboost_n800_d7_lr0.05,ok,20.91,0.8411493629709949,0.5574590777990724,0.1068777335090068,0.8704422032583398,0.3382352941176471,0.9705069124423964,0.6831683168316832,0.8863636363636364,0.4524590163934426,0.5,69.0,1053.0,32.0,135.0
563,"hybrid_dnn(64, 32)_conv(16, 32)_gbdt50-3-0.1_nn_heavy",ok,6.12,0.8411132194813409,0.5262690336201625,0.1406962697342992,0.8246702870442203,0.6127450980392157,0.864516129032258,0.4595588235294117,0.9223205506391348,0.5252100840336135,0.5,125.0,938.0,147.0,79.0
564,"hybrid_dnn(64,)_conv(16,)_gbdt100-3-0.1_nn_heavy",ok,4.27,0.8410454504382398,0.5415224916033813,0.1363319847966822,0.8161365399534523,0.5980392156862745,0.8571428571428571,0.4404332129963899,0.9189723320158104,0.5072765072765073,0.5,122.0,930.0,155.0,82.0
565,rf_n100_d15_balanced,ok,1.43,0.8410386735339297,0.5583996506519484,0.1067038791725494,0.8634600465477114,0.4509803921568627,0.9410138248847926,0.5897435897435898,0.9011473962930272,0.5111111111111111,0.5,92.0,1021.0,64.0,112.0
566,xgboost_n800_d5_lr0.1,ok,3.05,0.8410273786934129,0.562566231554829,0.1050396841043342,0.8727695888285493,0.392156862745098,0.9631336405529954,0.6666666666666666,0.8939264328485885,0.4938271604938271,0.5,80.0,1045.0,40.0,124.0
567,extra_trees_n200_d15,ok,2.14,0.8410002710761724,0.5451982811556819,0.1010843326554076,0.8650116369278511,0.2107843137254902,0.9880184331797236,0.7678571428571429,0.8694241686942417,0.3307692307692307,0.5,43.0,1072.0,13.0,161.0
568,xgboost_n300_d5_lr0.1,ok,1.62,0.8410002710761724,0.5663068667872649,0.102488263509836,0.8766485647788984,0.4117647058823529,0.9640552995391704,0.6829268292682927,0.8970840480274442,0.5137614678899083,0.5,84.0,1046.0,39.0,120.0
569,xgboost_n200_d7_lr0.05,ok,2.04,0.8409957531399657,0.5803691400802244,0.0984646450998448,0.878200155159038,0.3872549019607843,0.9705069124423964,0.7117117117117117,0.8938879456706282,0.5015873015873016,0.5,79.0,1053.0,32.0,125.0
570,extra_trees_n500_d5,ok,5.63,0.8409821993313454,0.5405564216433973,0.1103834878910014,0.8456167571761055,0.0245098039215686,1.0,1.0,0.8450155763239875,0.0478468899521531,0.5,5.0,1085.0,0.0,199.0
571,"hybrid_dnn(64, 32, 16)_conv(16, 32)_gbdt100-3-0.1_average",ok,6.28,0.8409279840968645,0.5539142640376942,0.1250527457316433,0.8440651667959659,0.553921568627451,0.8986175115207373,0.5067264573991032,0.9146341463414634,0.5292740046838408,0.5,113.0,975.0,110.0,91.0
572,extra_trees_n200_d20,ok,2.24,0.8409234661606578,0.556189372934872,0.1000218747637219,0.8673390224980605,0.2254901960784313,0.9880184331797236,0.7796610169491526,0.8715447154471545,0.3498098859315589,0.5,46.0,1072.0,13.0,158.0
573,rf_n100_d5_None,ok,1.29,0.8409234661606578,0.5627240502000869,0.1008217397519574,0.8657874321179209,0.2009803921568627,0.9907834101382488,0.803921568627451,0.8683360258481422,0.3215686274509804,0.5,41.0,1075.0,10.0,163.0
574,xgboost_n800_d5_lr0.05,ok,4.0,0.8409189482244511,0.569036784172147,0.1033291283772633,0.8758727695888285,0.4019607843137255,0.9649769585253456,0.6833333333333333,0.8956372968349017,0.5061728395061729,0.5,82.0,1047.0,38.0,122.0
575,"dnn_v2_(16,)_drop0.4_lr0.005_wd0.01",ok,2.46,0.8408782867985904,0.5172717307660598,0.1514199462709009,0.7920868890612878,0.7009803921568627,0.8092165898617512,0.4085714285714286,0.9350372736954208,0.516245487364621,0.5,143.0,878.0,207.0,61.0
576,lightgbm_n800_leaves15_lr0.2,ok,1.45,0.8408150356916959,0.5693054008429579,0.1146911727403509,0.8743211792086889,0.3872549019607843,0.9658986175115208,0.6810344827586207,0.8934356351236147,0.49375,0.5,79.0,1048.0,37.0,125.0
577,"dnn_v2_(16,)_drop0.4_lr0.005_wd0.001",ok,2.18,0.8407879280744557,0.5185920540331627,0.1650048246679091,0.7726920093095423,0.7352941176470589,0.7797235023041474,0.3856041131105398,0.94,0.5059021922428331,0.5,150.0,846.0,239.0,54.0
578,"dnn_v2_(32,)_drop0.2_lr0.005_wd0.01",ok,2.45,0.8407698563296285,0.5096885470885599,0.1548572319473376,0.7905352986811481,0.7303921568627451,0.8018433179723502,0.4093406593406593,0.9405405405405406,0.5246478873239436,0.5,149.0,870.0,215.0,55.0
579,catboost_n200_d5_lr0.05,ok,2.18,0.840729194903768,0.542218696319829,0.0988912482656237,0.8704422032583398,0.3382352941176471,0.9705069124423964,0.6831683168316832,0.8863636363636364,0.4524590163934426,0.5,69.0,1053.0,32.0,135.0
580,catboost_n300_d4_lr0.01,ok,2.27,0.8406704617330802,0.5569065682118013,0.0990046439982809,0.8657874321179209,0.2401960784313725,0.983410138248848,0.7313432835820896,0.8731587561374795,0.3616236162361623,0.5,49.0,1067.0,18.0,155.0
581,lightgbm_goss_n200_leaves15_lr0.1,ok,0.61,0.8406569079244601,0.5645327501737469,0.1065183797838181,0.8712179984484096,0.4019607843137255,0.9594470046082948,0.6507936507936508,0.8950988822012038,0.4969696969696969,0.5,82.0,1041.0,44.0,122.0
582,"hybrid_dnn(32,)_conv(8, 16)_gbdt200-5-0.05_nn_heavy",ok,6.09,0.8405846209451523,0.5435672752801999,0.1360683265312441,0.8238944918541505,0.5980392156862745,0.8663594470046083,0.4569288389513108,0.9197651663405088,0.5180467091295117,0.5,122.0,940.0,145.0,82.0
583,catboost_n200_d4_lr0.05,ok,1.54,0.8404581187313634,0.5347730816812154,0.0994574093419742,0.8673390224980605,0.3333333333333333,0.967741935483871,0.6601941747572816,0.8853288364249579,0.4429967426710097,0.5,68.0,1050.0,35.0,136.0
584,catboost_plain_n200_d4_lr0.05,ok,1.61,0.8404581187313634,0.5347730816812154,0.0994574093419742,0.8673390224980605,0.3333333333333333,0.967741935483871,0.6601941747572816,0.8853288364249579,0.4429967426710097,0.5,68.0,1050.0,35.0,136.0
585,extra_trees_n300_d5,ok,3.04,0.8404310111141231,0.5424212814827851,0.1105581636767878,0.8456167571761055,0.0245098039215686,1.0,1.0,0.8450155763239875,0.0478468899521531,0.5,5.0,1085.0,0.0,199.0
586,catboost_n800_d4_lr0.05,ok,5.92,0.8404219752417096,0.5379442586868791,0.1038151274939207,0.8750969743987588,0.392156862745098,0.9658986175115208,0.6837606837606838,0.89419795221843,0.4984423676012461,0.5,80.0,1048.0,37.0,124.0
587,"dnn_v2_(16,)_drop0.2_lr0.005_wd0.01",ok,2.39,0.8404174573055028,0.5072175603011675,0.1581209142638588,0.7882079131109387,0.7254901960784313,0.8,0.4054794520547945,0.9393939393939394,0.5202108963093146,0.5,148.0,868.0,217.0,56.0
588,extra_trees_n100_d10,ok,1.02,0.8403903496882623,0.5434443689861166,0.1029054857822468,0.8619084561675717,0.1617647058823529,0.9935483870967742,0.825,0.8630904723779024,0.2704918032786885,0.5,33.0,1078.0,7.0,171.0
589,"hybrid_dnn(32,)_conv(8, 16)_gbdt100-5-0.05_nn_heavy",ok,5.66,0.8403316165175748,0.5359867761968261,0.1377496571356812,0.8223429014740109,0.6029411764705882,0.8635944700460829,0.4538745387453874,0.9204322200392928,0.5178947368421053,0.5,123.0,937.0,148.0,81.0
590,xgboost_n200_d7_lr0.1,ok,1.62,0.8403045089003344,0.5806875925167311,0.1009882092743517,0.8774243599689682,0.4068627450980392,0.9658986175115208,0.6916666666666667,0.8964927288280582,0.5123456790123457,0.5,83.0,1048.0,37.0,121.0
591,"hybrid_dnn(64, 32, 16)_conv(16,)_gbdt50-3-0.1_average",ok,6.33,0.8402819192193005,0.5475648952349759,0.1248808796578837,0.8308766485647789,0.5637254901960784,0.8811059907834101,0.4713114754098361,0.9148325358851674,0.5133928571428571,0.5,115.0,956.0,129.0,89.0
592,"dnn_(32,)_drop0.1_lr0.003_bs16",ok,5.54,0.8402141501761995,0.5065841273268895,0.1551012469049749,0.7858805275407292,0.7009803921568627,0.8018433179723502,0.3994413407821229,0.9344790547798066,0.5088967971530249,0.5,143.0,870.0,215.0,61.0
593,lightgbm_dart_n300_leaves31_lr0.05,ok,2.72,0.8401870425589592,0.57574954859196,0.0973323349470266,0.8758727695888285,0.3823529411764705,0.968663594470046,0.6964285714285714,0.892948173322005,0.4936708860759494,0.5,78.0,1051.0,34.0,126.0
594,"hybrid_dnn(64, 32, 16)_conv(32, 64)_gbdt50-3-0.1_average",ok,6.85,0.8401780066865456,0.5415147122183335,0.1226122049428576,0.8425135764158262,0.5441176470588235,0.8986175115207373,0.502262443438914,0.9129213483146068,0.5223529411764706,0.5,111.0,975.0,110.0,93.0
595,"hybrid_dnn(64, 32)_conv(8, 16)_gbdt50-3-0.1_nn_heavy",ok,6.41,0.8401328273244782,0.5359451922150712,0.1389171154341196,0.8184639255236618,0.6176470588235294,0.8562211981566821,0.4468085106382978,0.9225422045680238,0.5185185185185185,0.5,126.0,929.0,156.0,78.0
596,"hybrid_dnn(64, 32)_conv(8, 16, 32)_gbdt50-3-0.1_nn_heavy",ok,6.47,0.8400966838348242,0.5215848356679302,0.1386923394461389,0.8262218774243599,0.5735294117647058,0.8737327188940092,0.4606299212598425,0.9159420289855073,0.5109170305676856,0.5,117.0,948.0,137.0,87.0
597,"dnn_v2_(64,)_drop0.2_lr0.001_wd0.1",ok,3.06,0.8400515044727569,0.5149756101345804,0.161250879237653,0.7882079131109387,0.7205882352941176,0.8009216589861751,0.4049586776859504,0.9384449244060477,0.5185185185185185,0.5,147.0,869.0,216.0,57.0
598,"hybrid_dnn(32,)_conv(16,)_gbdt50-3-0.1_average",ok,5.05,0.8400424686003434,0.5386137239715019,0.1255915543745584,0.8370830100853375,0.5637254901960784,0.8884792626728111,0.4872881355932203,0.9154795821462488,0.5227272727272727,0.5,115.0,964.0,121.0,89.0
599,"hybrid_dnn(32,)_conv(8, 16)_gbdt100-3-0.1_nn_heavy",ok,5.79,0.8400198789193097,0.5339143668447427,0.1382102941366172,0.821567106283941,0.6078431372549019,0.8617511520737328,0.4525547445255474,0.9211822660098522,0.5188284518828452,0.5,124.0,935.0,150.0,80.0
600,"hybrid_dnn(64, 32)_conv(32, 64)_gbdt50-3-0.1_nn_heavy",ok,6.07,0.8399701816210355,0.522706641208688,0.1350614624818854,0.8231186966640807,0.5882352941176471,0.8672811059907835,0.4545454545454545,0.9180487804878048,0.5128205128205128,0.5,120.0,941.0,144.0,84.0
601,lightgbm_n500_leaves15_lr0.2,ok,1.2,0.8399521098762085,0.5682920023381576,0.1144574156074962,0.8743211792086889,0.3872549019607843,0.9658986175115208,0.6810344827586207,0.8934356351236147,0.49375,0.5,79.0,1048.0,37.0,125.0
602,catboost_n500_d8_lr0.001,ok,23.71,0.8398978946417277,0.5504235246375242,0.1361508501956423,0.8603568657874321,0.1519607843137254,0.9935483870967742,0.8157894736842105,0.8617106314948042,0.256198347107438,0.5,31.0,1078.0,7.0,173.0
603,"hybrid_dnn(64, 32, 16)_conv(8, 16)_gbdt50-3-0.1_average",ok,7.17,0.8398888587693141,0.5533281687385975,0.1252430072768786,0.839410395655547,0.5637254901960784,0.8912442396313364,0.4935622317596566,0.915719696969697,0.5263157894736842,0.5,115.0,967.0,118.0,89.0
604,xgboost_n500_d7_lr0.05,ok,3.3,0.8398843408331074,0.5732567101744044,0.1014986580765972,0.8789759503491078,0.4019607843137255,0.968663594470046,0.7068965517241379,0.8959931798806479,0.5125,0.5,82.0,1051.0,34.0,122.0
605,gbdt_sklearn_n300_lr0.1_sub0.8,ok,12.69,0.8398481973434535,0.530385938205096,0.1068898352897758,0.8626842513576416,0.3872549019607843,0.952073732718894,0.6030534351145038,0.8920552677029361,0.4716417910447761,0.5,79.0,1033.0,52.0,125.0
606,"hybrid_dnn(64, 32, 16)_conv(8, 16, 32)_gbdt50-3-0.1_average",ok,6.96,0.8398120538537996,0.5413755001210202,0.1256633042699997,0.8456167571761055,0.5392156862745098,0.9032258064516128,0.5116279069767442,0.9124767225325884,0.5250596658711217,0.5,110.0,980.0,105.0,94.0
607,catboost_n300_d7_lr0.001,ok,8.08,0.8397849462365591,0.5439734657628802,0.1650471167060093,0.8564778898370831,0.1078431372549019,0.9972350230414746,0.88,0.8560126582278481,0.1921397379912663,0.5,22.0,1082.0,3.0,182.0
608,catboost_n800_d7_lr0.001,ok,21.26,0.8397442848106985,0.5521095308674667,0.1164209143367162,0.8595810705973623,0.1568627450980392,0.991705069124424,0.7804878048780488,0.8621794871794872,0.2612244897959184,0.5,32.0,1076.0,9.0,172.0
609,catboost_n500_d7_lr0.001,ok,12.93,0.8397397668744917,0.5466217769097645,0.1368730403415105,0.8588052754072925,0.1372549019607843,0.9944700460829492,0.8235294117647058,0.8597609561752988,0.2352941176470588,0.5,28.0,1079.0,6.0,176.0
610,"dnn_v2_(16,)_drop0.4_lr0.005_wd1e-05",ok,2.31,0.839735248938285,0.5162104374634924,0.165034231402986,0.7703646237393328,0.7303921568627451,0.7778801843317973,0.382051282051282,0.9388209121245829,0.5016835016835017,0.5,149.0,844.0,241.0,55.0
611,lightgbm_dart_n300_leaves63_lr0.05,ok,3.53,0.8396719978313906,0.5739467920099002,0.0967341750752904,0.8719937936384794,0.3823529411764705,0.9640552995391704,0.6666666666666666,0.8924914675767918,0.4859813084112149,0.5,78.0,1046.0,39.0,126.0
612,logreg_C0.01_balanced_liblinear,ok,0.13,0.8396719978313906,0.5161817646493081,0.1728021055956579,0.7750193948797518,0.7598039215686274,0.7778801843317973,0.3914141414141414,0.9451287793952968,0.5166666666666667,0.5,155.0,844.0,241.0,49.0
613,catboost_plain_n300_d4_lr0.05,ok,2.31,0.8396674798951839,0.5338070500584666,0.0999936071684381,0.8704422032583398,0.3725490196078431,0.9640552995391704,0.6608695652173913,0.8909710391822828,0.4764890282131661,0.5,76.0,1046.0,39.0,128.0
614,catboost_n300_d4_lr0.05,ok,2.27,0.8396674798951839,0.5338070500584666,0.0999936071684381,0.8704422032583398,0.3725490196078431,0.9640552995391704,0.6608695652173913,0.8909710391822828,0.4764890282131661,0.5,76.0,1046.0,39.0,128.0
615,bagging_n100_ms1.0,ok,4.08,0.8396539260865638,0.5591426108955407,0.0978934833204034,0.86966640806827,0.3529411764705882,0.966820276497696,0.6666666666666666,0.8882303132938189,0.4615384615384615,0.5,72.0,1049.0,36.0,132.0
616,catboost_n100_d8_lr0.1,ok,4.71,0.8396358543417366,0.5694730148684513,0.0988436285939203,0.8727695888285493,0.3186274509803921,0.976958525345622,0.7222222222222222,0.8840700583819849,0.4421768707482993,0.5,65.0,1060.0,25.0,139.0
617,catboost_plain_n100_d8_lr0.1,ok,4.67,0.8396358543417366,0.5694730148684513,0.0988436285939203,0.8727695888285493,0.3186274509803921,0.976958525345622,0.7222222222222222,0.8840700583819849,0.4421768707482993,0.5,65.0,1060.0,25.0,139.0
618,catboost_n100_d7_lr0.001,ok,2.84,0.8396268184693232,0.5431178711881471,0.2141712476151119,0.8541505042668736,0.0833333333333333,0.9990783410138248,0.9444444444444444,0.8528717545239969,0.1531531531531531,0.5,17.0,1084.0,1.0,187.0
619,extra_trees_n200_d30,ok,2.03,0.8396042287882894,0.5557227216411631,0.100395123531134,0.8650116369278511,0.2156862745098039,0.9870967741935484,0.7586206896551724,0.8700243704305443,0.3358778625954198,0.5,44.0,1071.0,14.0,160.0
620,xgboost_n200_d11_lr0.2,ok,1.26,0.8395906749796693,0.561059700165386,0.1051357746159807,0.8750969743987588,0.3872549019607843,0.966820276497696,0.6869565217391305,0.893526405451448,0.4952978056426332,0.5,79.0,1049.0,36.0,125.0
621,"hybrid_dnn(32,)_conv(32, 64)_gbdt200-5-0.05_nn_heavy",ok,5.85,0.8395726032348423,0.5321672533909646,0.1326500335999703,0.8207913110938713,0.5833333333333334,0.8654377880184332,0.4490566037735849,0.9169921875,0.5074626865671642,0.5,119.0,939.0,146.0,85.0
622,"hybrid_dnn(32,)_conv(16, 32)_gbdt100-5-0.05_nn_heavy",ok,5.64,0.8395500135538088,0.5260893811854022,0.1399944675246668,0.8176881303335919,0.5980392156862745,0.8589861751152074,0.4436363636363636,0.9191321499013808,0.5093945720250522,0.5,122.0,932.0,153.0,82.0
623,xgboost_n500_d7_lr0.01,ok,5.51,0.8395274238727749,0.5703511797915188,0.0970426286513953,0.8813033359193173,0.3970588235294117,0.9723502304147466,0.7297297297297297,0.8955857385398981,0.5142857142857142,0.5,81.0,1055.0,30.0,123.0
624,"hybrid_dnn(32,)_conv(16, 32)_gbdt200-5-0.05_nn_heavy",ok,5.48,0.839509352127948,0.5321197670563826,0.1383102749058001,0.8192397207137315,0.5833333333333334,0.8635944700460829,0.445692883895131,0.9168297455968688,0.505307855626327,0.5,119.0,937.0,148.0,85.0
625,"hybrid_dnn(64,)_conv(16,)_gbdt50-3-0.1_nn_heavy",ok,4.85,0.839491280383121,0.535846864891499,0.1374628377716186,0.8153607447633825,0.6029411764705882,0.8552995391705069,0.4392857142857143,0.9197224975222992,0.5082644628099173,0.5,123.0,928.0,157.0,81.0
626,"dnn_v2_(32, 16)_drop0.4_lr0.005_wd0.1",ok,4.0,0.8394235113400198,0.503389401239026,0.1771806223534199,0.7664856477889838,0.7745098039215687,0.7649769585253456,0.3825665859564164,0.9474885844748858,0.5121555915721232,0.5,158.0,830.0,255.0,46.0
627,histgbdt_n300_lr0.2,ok,2.51,0.8393918857865728,0.5746224972043896,0.1126019273514323,0.878200155159038,0.4117647058823529,0.9658986175115208,0.6942148760330579,0.8972602739726028,0.5169230769230769,0.5,84.0,1048.0,37.0,120.0
628,"hybrid_dnn(64, 32, 16)_conv(16, 32)_gbdt50-3-0.1_average",ok,6.12,0.839315080871058,0.5427106463912741,0.1269128576522387,0.843289371605896,0.5588235294117647,0.896774193548387,0.504424778761062,0.9153339604891816,0.5302325581395348,0.5,114.0,973.0,112.0,90.0
629,catboost_n300_d6_lr0.2,ok,4.69,0.839301527062438,0.5593571111406566,0.1065449212261366,0.8712179984484096,0.3676470588235294,0.9658986175115208,0.6696428571428571,0.8903993203058623,0.4746835443037974,0.5,75.0,1048.0,37.0,129.0
630,"hybrid_dnn(64, 32)_conv(16,)_gbdt200-5-0.05_nn_heavy",ok,6.21,0.8392699015089908,0.5443790221228809,0.1363624952420402,0.8223429014740109,0.6127450980392157,0.8617511520737328,0.4545454545454545,0.9220907297830376,0.5219206680584552,0.5,125.0,935.0,150.0,79.0
631,catboost_n100_d5_lr0.01,ok,1.15,0.839265383572784,0.555401684806088,0.1116697156099357,0.8588052754072925,0.142156862745098,0.9935483870967742,0.8055555555555556,0.8603351955307262,0.2416666666666666,0.5,29.0,1078.0,7.0,175.0
632,"hybrid_dnn(32,)_conv(16, 32)_gbdt100-3-0.1_nn_heavy",ok,5.43,0.839247311827957,0.5262608179810351,0.1405118586503051,0.8161365399534523,0.5931372549019608,0.8580645161290322,0.44,0.9181459566074952,0.5052192066805845,0.5,121.0,931.0,154.0,83.0
633,xgboost_n500_d7_lr0.1,ok,2.43,0.839247311827957,0.5730844063854927,0.1034274022171071,0.8766485647788984,0.3970588235294117,0.966820276497696,0.6923076923076923,0.8950511945392492,0.5046728971962616,0.5,81.0,1049.0,36.0,123.0
634,"hybrid_dnn(32,)_conv(8, 16, 32)_gbdt100-5-0.05_nn_heavy",ok,5.74,0.83922924008313,0.5197521547981747,0.1380041187748041,0.821567106283941,0.5588235294117647,0.8709677419354839,0.4488188976377952,0.9130434782608696,0.4978165938864629,0.5,114.0,945.0,140.0,90.0
635,xgboost_n800_d7_lr0.05,ok,4.45,0.8392156862745098,0.5736454141185122,0.1028042165774888,0.8789759503491078,0.4019607843137255,0.968663594470046,0.7068965517241379,0.8959931798806479,0.5125,0.5,82.0,1051.0,34.0,122.0
636,lightgbm_goss_n300_leaves15_lr0.05,ok,0.87,0.8392066504020963,0.550459057502717,0.1042399139216217,0.8750969743987588,0.4215686274509804,0.96036866359447,0.6666666666666666,0.8982758620689655,0.5165165165165165,0.5,86.0,1042.0,43.0,118.0
637,"hybrid_dnn(32,)_conv(32, 64)_gbdt100-5-0.05_nn_heavy",ok,5.77,0.8392066504020963,0.5257988536312531,0.1341998798575989,0.8138091543832429,0.5784313725490197,0.8580645161290322,0.4338235294117647,0.9154375614552606,0.4957983193277311,0.5,118.0,931.0,154.0,86.0
638,catboost_n100_d8_lr0.2,ok,4.72,0.8391795427848558,0.5492458302954387,0.1041639879937951,0.8665632273079907,0.3088235294117647,0.9714285714285714,0.6702127659574468,0.8820083682008368,0.4228187919463087,0.5,63.0,1054.0,31.0,141.0
639,catboost_n300_d5_lr0.05,ok,3.11,0.839175024848649,0.5409540100126213,0.100282539644788,0.8727695888285493,0.3578431372549019,0.9695852534562212,0.6886792452830188,0.8892645815722738,0.4709677419354838,0.5,73.0,1052.0,33.0,131.0
640,xgboost_n500_d5_lr0.01,ok,3.43,0.8391569531038224,0.5668434376682917,0.0958543560248955,0.8797517455391777,0.3774509803921568,0.9741935483870968,0.7333333333333333,0.8927364864864865,0.4983818770226537,0.5,77.0,1057.0,28.0,127.0
641,histgbdt_n200_lr0.2,ok,2.24,0.8391524351676154,0.5737723367609768,0.1127034821404781,0.8774243599689682,0.4068627450980392,0.9658986175115208,0.6916666666666667,0.8964927288280582,0.5123456790123457,0.5,83.0,1048.0,37.0,121.0
642,logreg_C0.03_balanced_liblinear,ok,0.11,0.8391479172314086,0.5044515034402156,0.1608300217852206,0.7835531419705197,0.7107843137254902,0.7972350230414746,0.3972602739726027,0.9361471861471862,0.5096660808435852,0.5,145.0,865.0,220.0,59.0
643,xgboost_n800_d7_lr0.2,ok,2.45,0.8391027378693413,0.5652315595370223,0.1057146262769304,0.8766485647788984,0.4019607843137255,0.9658986175115208,0.6890756302521008,0.8957264957264958,0.5077399380804953,0.5,82.0,1048.0,37.0,122.0
644,lightgbm_dart_n200_leaves63_lr0.05,ok,2.17,0.8390846661245144,0.5764892776681535,0.0964530021937996,0.8774243599689682,0.4019607843137255,0.966820276497696,0.6949152542372882,0.8958155422715628,0.5093167701863354,0.5,82.0,1049.0,36.0,122.0
645,xgboost_n100_d7_lr0.2,ok,0.85,0.8390711123158942,0.5707170828779685,0.1023865859468504,0.878200155159038,0.3872549019607843,0.9705069124423964,0.7117117117117117,0.8938879456706282,0.5015873015873016,0.5,79.0,1053.0,32.0,125.0
646,"dnn_v2_(16,)_drop0.2_lr0.001_wd0.01",ok,4.06,0.8390665943796873,0.5061708163337343,0.1597606266264992,0.791311093871218,0.7254901960784313,0.8036866359447005,0.4099722991689751,0.9396551724137931,0.5238938053097345,0.5,148.0,872.0,213.0,56.0
647,extra_trees_n200_dNone,ok,2.02,0.8390530405710671,0.5537866908846608,0.1004857835531419,0.8650116369278511,0.2254901960784313,0.9852534562211982,0.7419354838709677,0.8712306438467807,0.3458646616541353,0.5,46.0,1069.0,16.0,158.0
648,"hybrid_dnn(32,)_conv(8, 16, 32)_gbdt200-5-0.05_nn_heavy",ok,5.93,0.8390349688262402,0.5261396231377792,0.1363310681948694,0.8254460822342902,0.5686274509803921,0.8737327188940092,0.458498023715415,0.915057915057915,0.5076586433260394,0.5,116.0,948.0,137.0,88.0
649,"hybrid_dnn(64, 32)_conv(16,)_gbdt100-5-0.05_nn_heavy",ok,5.29,0.8389671997831392,0.5383578004369501,0.1378927808176397,0.8138091543832429,0.6078431372549019,0.8525345622119815,0.4366197183098591,0.9203980099502488,0.5081967213114754,0.5,124.0,925.0,160.0,80.0
650,"dnn_v2_(16,)_drop0.4_lr0.001_wd0.01",ok,4.21,0.8389446101021054,0.5124761759618945,0.1576662815526429,0.7812257564003103,0.7156862745098039,0.7935483870967742,0.3945945945945946,0.9368879216539716,0.5087108013937283,0.5,146.0,861.0,224.0,58.0
651,"hybrid_dnn(32,)_conv(32, 64)_gbdt100-3-0.1_nn_heavy",ok,5.43,0.8389400921658987,0.5205072310067983,0.1346606033330761,0.813033359193173,0.5980392156862745,0.8534562211981567,0.4341637010676156,0.9186507936507936,0.5030927835051546,0.5,122.0,926.0,159.0,82.0
652,rf_huge_n100_leafnodes5000_balanced,ok,1.57,0.8388903948676245,0.5453258613551866,0.1079090768037238,0.8572536850271528,0.4558823529411764,0.9327188940092166,0.5602409638554217,0.9011576135351737,0.5027027027027027,0.5,93.0,1012.0,73.0,111.0
653,rf_huge_n100_leafnodes2500_balanced,ok,1.68,0.8388903948676245,0.5453258613551866,0.1079090768037238,0.8572536850271528,0.4558823529411764,0.9327188940092166,0.5602409638554217,0.9011576135351737,0.5027027027027027,0.5,93.0,1012.0,73.0,111.0
654,catboost_n800_d6_lr0.001,ok,12.68,0.8388678051865908,0.5517185415050335,0.117329952103098,0.8603568657874321,0.1519607843137254,0.9935483870967742,0.8157894736842105,0.8617106314948042,0.256198347107438,0.5,31.0,1078.0,7.0,173.0
655,xgboost_dart_n300_d7_lr0.1_drop0.1,ok,17.69,0.8388632872503841,0.5698773094212568,0.0966407720267074,0.8836307214895268,0.3725490196078431,0.9797235023041476,0.7755102040816326,0.892527287993283,0.5033112582781457,0.5,76.0,1063.0,22.0,128.0
656,xgboost_n300_d7_lr0.1,ok,1.88,0.8388497334417638,0.5730466380061405,0.1023585138506378,0.8805275407292474,0.4166666666666667,0.967741935483871,0.7083333333333334,0.8982035928143712,0.5246913580246914,0.5,85.0,1050.0,35.0,119.0
657,xgboost_n200_d7_lr0.2,ok,1.21,0.8388406975693503,0.5665848986028972,0.1043082903260068,0.8789759503491078,0.4019607843137255,0.968663594470046,0.7068965517241379,0.8959931798806479,0.5125,0.5,82.0,1051.0,34.0,122.0
658,xgboost_n100_d9_lr0.2,ok,0.93,0.8388045540796965,0.5745184617780728,0.1026364459156902,0.8758727695888285,0.392156862745098,0.966820276497696,0.6896551724137931,0.8942881500426257,0.5,0.5,80.0,1049.0,36.0,124.0
659,catboost_n500_d6_lr0.05,ok,7.99,0.8388045540796965,0.5547481755374306,0.102928105647413,0.8712179984484096,0.3578431372549019,0.967741935483871,0.6759259259259259,0.8890770533446232,0.4679487179487179,0.5,73.0,1050.0,35.0,131.0
660,catboost_n800_d7_lr0.2,ok,21.05,0.8387910002710761,0.557997036109283,0.1097797876098487,0.8719937936384794,0.3676470588235294,0.966820276497696,0.6756756756756757,0.8904923599320883,0.4761904761904761,0.5,75.0,1049.0,36.0,129.0
661,lightgbm_dart_n100_leaves15_lr0.1,ok,0.53,0.838777446462456,0.5691701374654686,0.096381685273068,0.8758727695888285,0.3823529411764705,0.968663594470046,0.6964285714285714,0.892948173322005,0.4936708860759494,0.5,78.0,1051.0,34.0,126.0
662,xgboost_n800_d11_lr0.2,ok,2.66,0.8387729285262491,0.5599570237461876,0.1060863841382031,0.8743211792086889,0.392156862745098,0.9649769585253456,0.6779661016949152,0.8941076003415884,0.4968944099378882,0.5,80.0,1047.0,38.0,124.0
663,xgboost_n800_d7_lr0.1,ok,3.34,0.8387638926538358,0.5700681969248749,0.1043565692958806,0.8766485647788984,0.4019607843137255,0.9658986175115208,0.6890756302521008,0.8957264957264958,0.5077399380804953,0.5,82.0,1048.0,37.0,122.0
664,"hybrid_dnn(64, 32)_conv(16,)_gbdt100-3-0.1_nn_heavy",ok,6.1,0.8387006415469414,0.5369435836920008,0.1384930692982754,0.8153607447633825,0.6127450980392157,0.8534562211981567,0.4401408450704225,0.9213930348258706,0.5122950819672131,0.5,125.0,926.0,159.0,79.0
665,"hybrid_dnn(32,)_conv(8, 16, 32)_gbdt100-3-0.1_nn_heavy",ok,5.7,0.8386690159934942,0.5190138463106373,0.1385038864870524,0.8223429014740109,0.5735294117647058,0.8691244239631336,0.4517374517374517,0.9155339805825242,0.5053995680345572,0.5,117.0,943.0,142.0,87.0
666,catboost_n100_d8_lr0.01,ok,4.62,0.8386599801210807,0.5478309196526745,0.1093833998369832,0.8580294802172227,0.1617647058823529,0.9889400921658986,0.7333333333333333,0.862540192926045,0.2650602409638554,0.5,33.0,1073.0,12.0,171.0
667,extra_trees_n200_d5,ok,2.11,0.8386328725038402,0.5402848286756982,0.1106791272366611,0.8463925523661753,0.0294117647058823,1.0,1.0,0.8456742010911925,0.0571428571428571,0.5,6.0,1085.0,0.0,198.0
668,"hybrid_dnn(32,)_conv(8, 16)_gbdt50-3-0.1_nn_heavy",ok,5.94,0.8386238366314269,0.5290796171918806,0.1394919691653335,0.8200155159038014,0.6029411764705882,0.8608294930875576,0.4489051094890511,0.9201970443349754,0.5146443514644351,0.5,123.0,934.0,151.0,81.0
669,catboost_plain_n100_d4_lr0.05,ok,0.87,0.8386102828228065,0.5457287105287522,0.0989979731196744,0.8665632273079907,0.2941176470588235,0.9741935483870968,0.6818181818181818,0.8800999167360533,0.410958904109589,0.5,60.0,1057.0,28.0,144.0
670,catboost_n100_d4_lr0.05,ok,0.85,0.8386102828228065,0.5457287105287522,0.0989979731196744,0.8665632273079907,0.2941176470588235,0.9741935483870968,0.6818181818181818,0.8800999167360533,0.410958904109589,0.5,60.0,1057.0,28.0,144.0
671,catboost_n300_d6_lr0.05,ok,4.65,0.8385876931417728,0.5443340561543972,0.101107220093769,0.8665632273079907,0.3137254901960784,0.9705069124423964,0.6666666666666666,0.8826487845766974,0.4266666666666667,0.5,64.0,1053.0,32.0,140.0
672,catboost_plain_n300_d6_lr0.05,ok,4.86,0.8385876931417728,0.5443340561543972,0.101107220093769,0.8665632273079907,0.3137254901960784,0.9705069124423964,0.6666666666666666,0.8826487845766974,0.4266666666666667,0.5,64.0,1053.0,32.0,140.0
673,lightgbm_goss_n300_leaves63_lr0.1,ok,0.94,0.8385831752055661,0.550252288508782,0.1115565576012774,0.8673390224980605,0.392156862745098,0.9566820276497696,0.6299212598425197,0.8932874354561101,0.4833836858006042,0.5,80.0,1038.0,47.0,124.0
674,catboost_n300_d8_lr0.001,ok,14.6,0.8385560675883257,0.5484320385423888,0.1641809566655548,0.8603568657874321,0.142156862745098,0.9953917050691244,0.8529411764705882,0.8605577689243028,0.2436974789915966,0.5,29.0,1080.0,5.0,175.0
675,bagging_n300_ms1.0,ok,11.43,0.8385425137797053,0.5632012308525732,0.0978058184639255,0.8688906128782001,0.3431372549019608,0.967741935483871,0.6666666666666666,0.8868243243243243,0.4530744336569579,0.5,70.0,1050.0,35.0,134.0
676,xgboost_n500_d7_lr0.2,ok,1.79,0.8385379958434986,0.5642749362146187,0.1056360201181104,0.8758727695888285,0.3970588235294117,0.9658986175115208,0.6864406779661016,0.8949615713065756,0.5031055900621118,0.5,81.0,1048.0,37.0,123.0
677,catboost_n200_d4_lr0.01,ok,1.57,0.8385379958434986,0.5526574257725013,0.1015188207568877,0.861132660977502,0.1911764705882352,0.9870967741935484,0.7358490566037735,0.866504854368932,0.3035019455252918,0.5,39.0,1071.0,14.0,165.0
678,rf_n800_d5_balanced,ok,10.9,0.8384792626728111,0.5644137572529895,0.1364821228233477,0.8324282389449186,0.5980392156862745,0.8764976958525346,0.4765625,0.920619554695063,0.5304347826086957,0.5,122.0,951.0,134.0,82.0
679,xgboost_n300_d11_lr0.2,ok,1.45,0.8384657088641908,0.5585278099390983,0.1056024862263978,0.8750969743987588,0.3872549019607843,0.966820276497696,0.6869565217391305,0.893526405451448,0.4952978056426332,0.5,79.0,1049.0,36.0,125.0
680,lightgbm_n300_leaves15_lr0.2,ok,1.04,0.8384566729917774,0.5673368037439289,0.1146767689688993,0.8743211792086889,0.3872549019607843,0.9658986175115208,0.6810344827586207,0.8934356351236147,0.49375,0.5,79.0,1048.0,37.0,125.0
681,logreg_C0.03_balanced_lbfgs,ok,0.1,0.838393421884883,0.5028288504695553,0.1526796885471356,0.7897595034910784,0.6666666666666666,0.8129032258064516,0.4011799410029498,0.9284210526315788,0.5009208103130756,0.5,136.0,882.0,203.0,68.0
682,logreg_C0.01_balanced_lbfgs,ok,0.14,0.8383437245866088,0.5138818956418348,0.1550329190552242,0.7975174553917765,0.6911764705882353,0.8175115207373271,0.415929203539823,0.9336842105263158,0.5193370165745856,0.5,141.0,887.0,198.0,63.0
683,"hybrid_dnn(64, 32, 16)_conv(16,)_gbdt200-5-0.05_nn_heavy",ok,6.52,0.8382895093521279,0.5496278000122032,0.1356733821608926,0.8200155159038014,0.6029411764705882,0.8608294930875576,0.4489051094890511,0.9201970443349754,0.5146443514644351,0.5,123.0,934.0,151.0,81.0
684,bagging_n200_ms1.0,ok,7.65,0.8382895093521279,0.5620654398170692,0.0979482350659426,0.8704422032583398,0.3578431372549019,0.966820276497696,0.6697247706422018,0.8889830508474577,0.4664536741214057,0.5,73.0,1049.0,36.0,131.0
685,sgd_logloss_a0.001_invscaling,ok,0.14,0.8382533658624739,0.5259942633918374,0.1185066156083807,0.8564778898370831,0.4313725490196078,0.936405529953917,0.5605095541401274,0.8975265017667845,0.4875346260387811,0.5,88.0,1016.0,69.0,116.0
686,xgboost_dart_n200_d7_lr0.1_drop0.1,ok,9.03,0.8382036685641998,0.5679869288113539,0.0966037858199209,0.8851823118696664,0.3725490196078431,0.9815668202764976,0.7916666666666666,0.892707460184409,0.5066666666666667,0.5,76.0,1065.0,20.0,128.0
687,lightgbm_goss_n200_leaves15_lr0.05,ok,0.62,0.838167525074546,0.5466245861016416,0.101177179176681,0.8704422032583398,0.4166666666666667,0.9557603686635944,0.6390977443609023,0.8970588235294118,0.5044510385756676,0.5,85.0,1037.0,48.0,119.0
688,xgboost_n200_d9_lr0.2,ok,1.26,0.8381449353935123,0.5713404998131989,0.1046362184656902,0.873545384018619,0.3872549019607843,0.9649769585253456,0.6752136752136753,0.893344709897611,0.4922118380062305,0.5,79.0,1047.0,38.0,125.0
689,catboost_n200_d5_lr0.1,ok,2.19,0.8380907201590312,0.5479494040721715,0.1024130501955456,0.8673390224980605,0.3431372549019608,0.9658986175115208,0.6542056074766355,0.8866328257191202,0.45016077170418,0.5,70.0,1048.0,37.0,134.0
690,catboost_n500_d6_lr0.2,ok,7.77,0.8380229511159302,0.5632288245634081,0.1073611826708244,0.8719937936384794,0.3774509803921568,0.9649769585253456,0.6695652173913044,0.8918228279386712,0.4827586206896552,0.5,77.0,1047.0,38.0,127.0
691,rf_n100_d10_None,ok,1.4,0.8379642179452426,0.5524201940684194,0.099500922118042,0.8650116369278511,0.2549019607843137,0.9797235023041476,0.7027027027027027,0.8748971193415638,0.3741007194244604,0.5,52.0,1063.0,22.0,152.0
692,xgboost_n300_d7_lr0.2,ok,1.4,0.837959700009036,0.564952782272859,0.1052639712790561,0.8750969743987588,0.392156862745098,0.9658986175115208,0.6837606837606838,0.89419795221843,0.4984423676012461,0.5,80.0,1048.0,37.0,124.0
693,lightgbm_goss_n300_leaves31_lr0.1,ok,0.93,0.837959700009036,0.54997507573155,0.1086084455058699,0.8774243599689682,0.4117647058823529,0.9649769585253456,0.6885245901639344,0.897172236503856,0.5153374233128835,0.5,84.0,1047.0,38.0,120.0
694,histgbdt_n100_lr0.03,ok,1.72,0.8379416282642089,0.5741689288482628,0.0965587759303781,0.8750969743987588,0.3627450980392157,0.9714285714285714,0.7047619047619048,0.8902027027027027,0.4789644012944983,0.5,74.0,1054.0,31.0,130.0
695,lightgbm_n200_leaves63_lr0.01,ok,2.0,0.8379325923917954,0.5766061915402155,0.0963499444749672,0.8719937936384794,0.3186274509803921,0.976036866359447,0.7142857142857143,0.8839732888146912,0.4406779661016949,0.5,65.0,1059.0,26.0,139.0
696,lightgbm_n200_leaves255_lr0.01,ok,1.93,0.8379325923917954,0.5766061915402155,0.0963499444749672,0.8719937936384794,0.3186274509803921,0.976036866359447,0.7142857142857143,0.8839732888146912,0.4406779661016949,0.5,65.0,1059.0,26.0,139.0
697,lightgbm_n200_leaves127_lr0.01,ok,1.93,0.8379325923917954,0.5766061915402155,0.0963499444749672,0.8719937936384794,0.3186274509803921,0.976036866359447,0.7142857142857143,0.8839732888146912,0.4406779661016949,0.5,65.0,1059.0,26.0,139.0
698,catboost_n500_d7_lr0.2,ok,12.48,0.8379145206469685,0.5566827598480543,0.109373000764857,0.8704422032583398,0.3578431372549019,0.966820276497696,0.6697247706422018,0.8889830508474577,0.4664536741214057,0.5,73.0,1049.0,36.0,131.0
699,xgboost_n500_d11_lr0.2,ok,2.05,0.8379054847745551,0.5578563224279434,0.1059141951799238,0.8743211792086889,0.3872549019607843,0.9658986175115208,0.6810344827586207,0.8934356351236147,0.49375,0.5,79.0,1048.0,37.0,125.0
700,"hybrid_dnn(32,)_conv(16, 32)_gbdt50-3-0.1_nn_heavy",ok,4.75,0.8379009668383484,0.5204278778290036,0.1418311101821515,0.8161365399534523,0.5980392156862745,0.8571428571428571,0.4404332129963899,0.9189723320158104,0.5072765072765073,0.5,122.0,930.0,155.0,82.0
701,rf_n500_d5_balanced,ok,6.86,0.8378964489021415,0.5617934302029927,0.1366991317767213,0.8324282389449186,0.5882352941176471,0.8783410138248848,0.4761904761904761,0.9189971070395372,0.5263157894736842,0.5,120.0,953.0,132.0,84.0
702,"dnn_v2_(16,)_drop0.1_lr0.001_wd0.01",ok,3.39,0.8378738592211079,0.5057833905511073,0.1565299153406622,0.7882079131109387,0.7058823529411765,0.8036866359447005,0.4033613445378151,0.9356223175965666,0.5133689839572193,0.5,144.0,872.0,213.0,60.0
703,"hybrid_dnn(64, 32, 16)_conv(16,)_gbdt100-5-0.05_nn_heavy",ok,6.47,0.8378648233486944,0.5408124072504353,0.1372684128839622,0.8184639255236618,0.6127450980392157,0.8571428571428571,0.4464285714285714,0.9217046580773044,0.5165289256198347,0.5,125.0,930.0,155.0,79.0
704,lightgbm_goss_n300_leaves15_lr0.1,ok,0.87,0.8378603054124877,0.5593265936029638,0.1101059681182826,0.86966640806827,0.4019607843137255,0.9576036866359448,0.640625,0.8949181739879414,0.4939759036144578,0.5,82.0,1039.0,46.0,122.0
705,bagging_n50_ms0.8,ok,1.85,0.8378219029547302,0.5682238961433784,0.0968266873545384,0.873545384018619,0.3627450980392157,0.9695852534562212,0.6915887850467289,0.8900169204737732,0.4758842443729904,0.5,74.0,1052.0,33.0,130.0
706,xgboost_n300_d11_lr0.01,ok,4.85,0.8377835004969729,0.5628938602316607,0.0964297340864389,0.8820791311093871,0.3529411764705882,0.9815668202764976,0.782608695652174,0.8897243107769424,0.4864864864864865,0.5,72.0,1065.0,20.0,132.0
707,catboost_n500_d6_lr0.001,ok,8.1,0.8377699466883526,0.5487086280783655,0.1381871034942455,0.8595810705973623,0.1274509803921568,0.9972350230414746,0.896551724137931,0.8587301587301587,0.223175965665236,0.5,26.0,1082.0,3.0,178.0
708,xgboost_dart_n300_d5_lr0.1_drop0.1,ok,16.01,0.837765428752146,0.5649505365287016,0.0956210486001507,0.8836307214895268,0.392156862745098,0.976036866359447,0.7547169811320755,0.8951817413355875,0.5161290322580645,0.5,80.0,1059.0,26.0,124.0
709,"dnn_v2_(256, 128, 64)_drop0.4_lr0.001_wd1e-05",ok,5.86,0.8377518749435258,0.51215962751358,0.1600027040762229,0.7851047323506595,0.6911764705882353,0.8027649769585253,0.3971830985915493,0.9325481798715204,0.5044722719141324,0.5,141.0,871.0,214.0,63.0
710,catboost_n100_d6_lr0.01,ok,1.71,0.8377383211349055,0.549458824258941,0.1107614327817936,0.8626842513576416,0.1617647058823529,0.9944700460829492,0.8461538461538461,0.8632,0.2716049382716049,0.5,33.0,1079.0,6.0,171.0
711,"dnn_v2_(16,)_drop0.2_lr0.005_wd0.0001",ok,2.41,0.8377112135176651,0.5016129887427867,0.1626409224671894,0.7742435996896819,0.7303921568627451,0.7824884792626728,0.387012987012987,0.9391592920353984,0.5059422750424448,0.5,149.0,849.0,236.0,55.0
712,lightgbm_n200_leaves15_lr0.2,ok,0.92,0.8377066955814584,0.5654611605858542,0.115092361309593,0.8727695888285493,0.3774509803921568,0.9658986175115208,0.6754385964912281,0.8919148936170213,0.4842767295597484,0.5,77.0,1048.0,37.0,127.0
713,"hybrid_dnn(64, 32, 16)_conv(16,)_gbdt100-3-0.1_nn_heavy",ok,6.15,0.8376434444745638,0.540857812094234,0.1378609457570381,0.8153607447633825,0.6176470588235294,0.8525345622119815,0.4405594405594406,0.922233300099701,0.5142857142857142,0.5,126.0,925.0,160.0,78.0
714,catboost_n200_d7_lr0.001,ok,5.56,0.8376344086021504,0.5484315914159259,0.1863300925441073,0.8564778898370831,0.1029411764705882,0.9981566820276496,0.9130434782608696,0.8554502369668247,0.185022026431718,0.5,21.0,1083.0,2.0,183.0
715,catboost_n200_d6_lr0.05,ok,3.33,0.8375937471762899,0.5465804520213117,0.0990052074046162,0.8673390224980605,0.3137254901960784,0.9714285714285714,0.6736842105263158,0.8827470686767169,0.4280936454849498,0.5,64.0,1054.0,31.0,140.0
716,catboost_plain_n200_d6_lr0.05,ok,3.33,0.8375937471762899,0.5465804520213117,0.0990052074046162,0.8673390224980605,0.3137254901960784,0.9714285714285714,0.6736842105263158,0.8827470686767169,0.4280936454849498,0.5,64.0,1054.0,31.0,140.0
717,"dnn_(128, 64)_drop0.3_lr0.001_bs16",ok,8.5,0.837571157495256,0.5030984682023282,0.1651238691991585,0.7796741660201707,0.7205882352941176,0.7907834101382488,0.393048128342246,0.9377049180327868,0.5086505190311419,0.5,147.0,858.0,227.0,57.0
718,xgboost_n300_d9_lr0.01,ok,4.55,0.8374853167073281,0.564688347605274,0.0961806307919041,0.8820791311093871,0.3529411764705882,0.9815668202764976,0.782608695652174,0.8897243107769424,0.4864864864864865,0.5,72.0,1065.0,20.0,132.0
719,"dnn_v2_(32, 16)_drop0.1_lr0.005_wd0.1",ok,4.56,0.8374627270262943,0.5218469329118074,0.1619538648577225,0.7812257564003103,0.7058823529411765,0.7953917050691244,0.3934426229508196,0.9349945828819068,0.5052631578947369,0.5,144.0,863.0,222.0,60.0
720,lightgbm_n100_leaves15_lr0.2,ok,0.54,0.8374582090900876,0.5535280160745193,0.1124161349059595,0.8704422032583398,0.3627450980392157,0.9658986175115208,0.6666666666666666,0.8896434634974533,0.4698412698412698,0.5,74.0,1048.0,37.0,130.0
721,xgboost_dart_n100_d7_lr0.1_drop0.1,ok,3.69,0.8374265835366405,0.5672718389103965,0.0967107192766605,0.8836307214895268,0.3627450980392157,0.9815668202764976,0.7872340425531915,0.891213389121339,0.4966442953020134,0.5,74.0,1065.0,20.0,130.0
722,"hybrid_dnn(32,)_conv(32, 64)_gbdt50-3-0.1_nn_heavy",ok,5.48,0.8374039938556067,0.516931703019094,0.135877823120132,0.8099301784328937,0.5735294117647058,0.8543778801843318,0.4254545454545455,0.9142011834319528,0.4885177453027139,0.5,117.0,927.0,158.0,87.0
723,"dnn_v2_(64,)_drop0.4_lr0.001_wd0.1",ok,3.55,0.8373949579831933,0.5147296705230772,0.1638627735401113,0.7843289371605896,0.7254901960784313,0.7953917050691244,0.4,0.9390642002176278,0.5156794425087108,0.5,148.0,863.0,222.0,56.0
724,"dnn_v2_(32,)_drop0.1_lr0.001_wd0.1",ok,4.01,0.8373542965573326,0.5039986969978665,0.1624707211841279,0.7874321179208689,0.7303921568627451,0.7981566820276498,0.4048913043478261,0.9402823018458196,0.5209790209790209,0.5,149.0,866.0,219.0,55.0
725,ridge_alpha1000,ok,0.09,0.8372865275142316,0.5214423524913512,0.1457949254183157,0.8572536850271528,0.1666666666666666,0.9870967741935484,0.7083333333333334,0.863013698630137,0.2698412698412698,0.5,34.0,1071.0,14.0,170.0
726,"hybrid_dnn(64, 32)_conv(16,)_gbdt50-3-0.1_nn_heavy",ok,5.53,0.8372413481521641,0.5308717451293837,0.1396209592725827,0.8122575640031032,0.6176470588235294,0.8488479262672811,0.4344827586206896,0.921921921921922,0.5101214574898786,0.5,126.0,921.0,164.0,78.0
727,xgboost_n800_d9_lr0.2,ok,2.48,0.8372277943435438,0.5616753775694115,0.1065291423661021,0.8758727695888285,0.392156862745098,0.966820276497696,0.6896551724137931,0.8942881500426257,0.5,0.5,80.0,1049.0,36.0,124.0
728,catboost_n300_d5_lr0.1,ok,3.13,0.8372187584711305,0.552427102211455,0.1034456541103179,0.86966640806827,0.3529411764705882,0.966820276497696,0.6666666666666666,0.8882303132938189,0.4615384615384615,0.5,72.0,1049.0,36.0,132.0
729,"dnn_v2_(256, 128, 64)_drop0.4_lr0.001_wd0.01",ok,6.49,0.837216499503027,0.5179213719876857,0.1661843205048048,0.7781225756400311,0.7058823529411765,0.791705069124424,0.3891891891891892,0.9347116430903156,0.5017421602787456,0.5,144.0,859.0,226.0,60.0
730,"dnn_v2_(128, 64)_drop0.1_lr0.005_wd0.0001",ok,3.64,0.8372052046625102,0.510547504162917,0.167543656392485,0.7626066718386346,0.7696078431372549,0.7612903225806451,0.3774038461538461,0.9461626575028635,0.5064516129032258,0.5,157.0,826.0,259.0,47.0
731,catboost_n800_d6_lr0.2,ok,12.71,0.8371961687900966,0.562457787139417,0.1081301359742428,0.8719937936384794,0.3774509803921568,0.9649769585253456,0.6695652173913044,0.8918228279386712,0.4827586206896552,0.5,77.0,1047.0,38.0,127.0
732,catboost_n300_d7_lr0.2,ok,7.69,0.8371826149814765,0.5533098954841131,0.1085054423018629,0.8704422032583398,0.3529411764705882,0.967741935483871,0.6728971962616822,0.8883248730964467,0.4630225080385852,0.5,72.0,1050.0,35.0,132.0
733,"hybrid_dnn(64, 32, 16)_conv(32, 64)_gbdt100-5-0.05_nn_heavy",ok,6.67,0.8371780970452699,0.5329889310885395,0.1340885468274309,0.821567106283941,0.5980392156862745,0.8635944700460829,0.4518518518518518,0.9195289499509324,0.5147679324894515,0.5,122.0,937.0,148.0,82.0
734,"hybrid_dnn(64, 32, 16)_conv(8, 16)_gbdt200-5-0.05_nn_heavy",ok,7.69,0.8371780970452697,0.5499963445981481,0.1362844101610807,0.8246702870442203,0.6029411764705882,0.8663594470046083,0.458955223880597,0.920666013712047,0.5211864406779662,0.5,123.0,940.0,145.0,81.0
735,logreg_C0.01_None_liblinear,ok,0.13,0.837137435619409,0.5201076997897506,0.1134038469557652,0.861132660977502,0.392156862745098,0.9493087557603688,0.5925925925925926,0.8925476603119584,0.471976401179941,0.5,80.0,1030.0,55.0,124.0
736,"hybrid_dnn(64, 32, 16)_conv(8, 16)_gbdt100-5-0.05_nn_heavy",ok,7.28,0.8371103280021687,0.5455109324302378,0.13797976322628,0.8223429014740109,0.6127450980392157,0.8617511520737328,0.4545454545454545,0.9220907297830376,0.5219206680584552,0.5,125.0,935.0,150.0,79.0
737,xgboost_n800_d5_lr0.2,ok,2.33,0.8370832203849282,0.5604759202070577,0.106764523281622,0.873545384018619,0.4019607843137255,0.9622119815668204,0.6666666666666666,0.8953687821612349,0.5015290519877675,0.5,82.0,1044.0,41.0,122.0
738,"hybrid_dnn(64, 32, 16)_conv(32, 64)_gbdt200-5-0.05_nn_heavy",ok,7.05,0.8370606307038945,0.536028615990661,0.1325246781193991,0.8254460822342902,0.5931372549019608,0.8691244239631336,0.4600760456273764,0.919103313840156,0.5182012847965739,0.5,121.0,943.0,142.0,83.0
739,"hybrid_dnn(32,)_conv(16,)_gbdt200-5-0.05_nn_heavy",ok,4.69,0.8370425589590674,0.537149487854062,0.1366698875630081,0.8145849495733126,0.5833333333333334,0.8580645161290322,0.4358974358974359,0.9163385826771654,0.4989517819706499,0.5,119.0,931.0,154.0,85.0
740,xgboost_dart_n200_d5_lr0.1_drop0.1,ok,8.04,0.8370109334056203,0.5639706924987786,0.0955160974173436,0.8851823118696664,0.392156862745098,0.9778801843317972,0.7692307692307693,0.8953586497890296,0.5194805194805194,0.5,80.0,1061.0,24.0,124.0
741,"hybrid_dnn(32,)_conv(8, 16, 32)_gbdt50-3-0.1_nn_heavy",ok,5.87,0.8369883437245865,0.5105430522572237,0.1398170526209989,0.8238944918541505,0.5833333333333334,0.8691244239631336,0.4559386973180077,0.9173151750972762,0.5118279569892473,0.5,119.0,943.0,142.0,85.0
742,"hybrid_dnn(32,)_conv(16,)_gbdt100-5-0.05_nn_heavy",ok,4.44,0.8369793078521731,0.5308885191045882,0.1382508958338315,0.8076027928626842,0.5784313725490197,0.8506912442396314,0.4214285714285714,0.9147670961347868,0.4876033057851239,0.5,118.0,923.0,162.0,86.0
743,xgboost_n500_d9_lr0.2,ok,1.74,0.836929610553899,0.5647382573195261,0.1064736404053759,0.873545384018619,0.3872549019607843,0.9649769585253456,0.6752136752136753,0.893344709897611,0.4922118380062305,0.5,79.0,1047.0,38.0,125.0
744,xgboost_n300_d9_lr0.2,ok,1.47,0.8369115388090719,0.5674907476625813,0.1058448139385007,0.8743211792086889,0.3872549019607843,0.9658986175115208,0.6810344827586207,0.8934356351236147,0.49375,0.5,79.0,1048.0,37.0,125.0
745,adaboost_n300_lr0.3,ok,7.6,0.8368799132556248,0.5446802595732126,0.1649155541562686,0.8681148176881304,0.3284313725490196,0.9695852534562212,0.67,0.8847771236333053,0.4407894736842105,0.5,67.0,1052.0,33.0,137.0
746,"dnn_v2_(32,)_drop0.2_lr0.001_wd0.1",ok,4.0,0.8368663594470045,0.5033937776145717,0.1640137878318302,0.7781225756400311,0.7254901960784313,0.7880184331797235,0.3915343915343915,0.938529088913282,0.5085910652920962,0.5,148.0,855.0,230.0,56.0
747,"hybrid_dnn(64, 32, 16)_conv(8, 16, 32)_gbdt200-5-0.05_nn_heavy",ok,8.08,0.8368347338935574,0.5357028238669624,0.1365241665942665,0.8254460822342902,0.5637254901960784,0.8746543778801843,0.4581673306772908,0.9142581888246628,0.5054945054945055,0.5,115.0,949.0,136.0,89.0
748,"hybrid_dnn(64, 32, 16)_conv(8, 16)_gbdt100-3-0.1_nn_heavy",ok,7.23,0.8368347338935574,0.5428198807423891,0.13846672318682,0.8246702870442203,0.6176470588235294,0.8635944700460829,0.4598540145985401,0.923152709359606,0.5271966527196653,0.5,126.0,937.0,148.0,78.0
749,lightgbm_goss_n200_leaves31_lr0.1,ok,0.63,0.836807626276317,0.5420331489862728,0.1065983909758849,0.8712179984484096,0.4019607843137255,0.9594470046082948,0.6507936507936508,0.8950988822012038,0.4969696969696969,0.5,82.0,1041.0,44.0,122.0
750,lightgbm_goss_n100_leaves15_lr0.05,ok,0.45,0.8367805186590764,0.5537362177625584,0.0983624730050256,0.8719937936384794,0.4166666666666667,0.9576036866359448,0.648854961832061,0.8972366148531952,0.5074626865671642,0.5,85.0,1039.0,46.0,119.0
751,"hybrid_dnn(64, 32, 16)_conv(32, 64)_gbdt100-3-0.1_nn_heavy",ok,6.43,0.8367805186590764,0.5296346879043536,0.1345755932651129,0.8254460822342902,0.5980392156862745,0.8682027649769585,0.460377358490566,0.919921875,0.5202558635394456,0.5,122.0,942.0,143.0,82.0
752,"dnn_v2_(64,)_drop0.1_lr0.005_wd0.1",ok,2.84,0.836771482786663,0.5120986184389644,0.1714341175736325,0.7657098525989139,0.7549019607843137,0.7677419354838709,0.3793103448275862,0.943374858437146,0.5049180327868853,0.5,154.0,833.0,252.0,50.0
753,xgboost_n300_d5_lr0.01,ok,2.24,0.8367669648504563,0.5635961970372856,0.0957770847364422,0.8844065166795966,0.3676470588235294,0.9815668202764976,0.7894736842105263,0.8919597989949749,0.5016722408026756,0.5,75.0,1065.0,20.0,129.0
754,logreg_C0.003_None_liblinear,ok,0.1,0.8367579289780427,0.5234313010123759,0.1425096961955939,0.8525989138867339,0.4705882352941176,0.9244239631336404,0.5393258426966292,0.9027902790279028,0.5026178010471204,0.5,96.0,1003.0,82.0,108.0
755,gbdt_sklearn_n300_lr0.01_sub0.8,ok,12.21,0.8367488931056295,0.5632503806555426,0.0971735207025529,0.8758727695888285,0.3333333333333333,0.9778801843317972,0.7391304347826086,0.8863826232247285,0.4594594594594595,0.5,68.0,1061.0,24.0,136.0
756,"hybrid_dnn(64, 32, 16)_conv(8, 16, 32)_gbdt100-5-0.05_nn_heavy",ok,7.25,0.836739857233216,0.530202345762381,0.1382112396415136,0.821567106283941,0.5686274509803921,0.8691244239631336,0.4496124031007752,0.9146459747817652,0.5021645021645021,0.5,116.0,943.0,142.0,88.0
757,adaboost_n200_lr0.3,ok,5.06,0.8367082316797687,0.543420196355838,0.1542227134739118,0.86966640806827,0.3235294117647059,0.9723502304147466,0.6875,0.8843252305113161,0.44,0.5,66.0,1055.0,30.0,138.0
758,"dnn_(64, 32, 16)_drop0.3_lr0.003_bs16",ok,10.81,0.8367082316797687,0.5089552314908279,0.1595377404092962,0.7657098525989139,0.7450980392156863,0.7695852534562212,0.3781094527363184,0.9413754227733936,0.5016501650165016,0.5,152.0,835.0,250.0,52.0
759,"hybrid_dnn(64, 32, 16)_conv(16, 32)_gbdt100-5-0.05_nn_heavy",ok,7.12,0.8366811240625283,0.5351595378990373,0.1400923553923209,0.8246702870442203,0.6029411764705882,0.8663594470046083,0.458955223880597,0.920666013712047,0.5211864406779662,0.5,123.0,940.0,145.0,81.0
760,catboost_n100_d6_lr0.05,ok,1.7,0.8366811240625281,0.5458737496071177,0.0984994036830682,0.8688906128782001,0.3039215686274509,0.9751152073732718,0.6966292134831461,0.8816666666666667,0.4232081911262799,0.5,62.0,1058.0,27.0,142.0
761,catboost_plain_n100_d6_lr0.05,ok,1.67,0.8366811240625281,0.5458737496071177,0.0984994036830682,0.8688906128782001,0.3039215686274509,0.9751152073732718,0.6966292134831461,0.8816666666666667,0.4232081911262799,0.5,62.0,1058.0,27.0,142.0
762,catboost_n800_d5_lr0.001,ok,8.23,0.8366449805728743,0.5519226524014187,0.1189970090887794,0.8588052754072925,0.1372549019607843,0.9944700460829492,0.8235294117647058,0.8597609561752988,0.2352941176470588,0.5,28.0,1079.0,6.0,176.0
763,"dnn_(128, 64, 32)_drop0.1_lr0.003_bs16",ok,9.58,0.8366359447004608,0.5227163999651189,0.1723815985277515,0.73933281613654,0.7941176470588235,0.7290322580645161,0.3552631578947368,0.9495798319327732,0.4909090909090909,0.5,162.0,791.0,294.0,42.0
764,rf_n300_d5_balanced,ok,4.18,0.8365952832746002,0.5502486867136049,0.1373861729742014,0.8285492629945694,0.5882352941176471,0.8737327188940092,0.4669260700389105,0.9186046511627908,0.5206073752711496,0.5,120.0,948.0,137.0,84.0
765,catboost_n100_d6_lr0.2,ok,1.71,0.8365862474021867,0.5523461292140939,0.103176432834755,0.86966640806827,0.3333333333333333,0.9705069124423964,0.68,0.8856181665264928,0.4473684210526316,0.5,68.0,1053.0,32.0,136.0
766,"dnn_v2_(128, 64)_drop0.1_lr0.005_wd0.001",ok,3.46,0.8365772115297732,0.5103848952133239,0.1665803018588488,0.7657098525989139,0.7647058823529411,0.7658986175115208,0.3804878048780488,0.9453924914675768,0.50814332247557,0.5,156.0,831.0,254.0,48.0
767,"hybrid_dnn(32,)_conv(16,)_gbdt100-3-0.1_nn_heavy",ok,4.41,0.8365681756573599,0.5293803916053285,0.1388171057491506,0.8083785880527541,0.5931372549019608,0.8488479262672811,0.4245614035087719,0.9173306772908366,0.4948875255623722,0.5,121.0,921.0,164.0,83.0
768,catboost_plain_n100_d8_lr0.05,ok,4.71,0.8365501039125327,0.5574985568044787,0.0994589145391691,0.8665632273079907,0.2745098039215686,0.9778801843317972,0.7,0.8775847808105872,0.3943661971830985,0.5,56.0,1061.0,24.0,148.0
769,catboost_n100_d8_lr0.05,ok,4.69,0.8365501039125327,0.5574985568044787,0.0994589145391691,0.8665632273079907,0.2745098039215686,0.9778801843317972,0.7,0.8775847808105872,0.3943661971830985,0.5,56.0,1061.0,24.0,148.0
770,logreg_C0.003_balanced_liblinear,ok,0.1,0.8365275142314992,0.5180578771791136,0.193142174723595,0.7439875872769589,0.803921568627451,0.7327188940092166,0.3612334801762114,0.9520958083832336,0.4984802431610942,0.5,164.0,795.0,290.0,40.0
771,"hybrid_dnn(64, 32, 16)_conv(16, 32)_gbdt200-5-0.05_nn_heavy",ok,6.61,0.8365229962952923,0.5389771738320445,0.1383941403283528,0.8277734678044996,0.5784313725490197,0.8746543778801843,0.4645669291338583,0.9169082125603863,0.5152838427947598,0.5,118.0,949.0,136.0,86.0
772,xgboost_n500_d5_lr0.2,ok,1.79,0.8364868528056384,0.559425924502183,0.1065164333948563,0.8743211792086889,0.4019607843137255,0.9631336405529954,0.6721311475409836,0.895458440445587,0.5030674846625767,0.5,82.0,1045.0,40.0,122.0
773,catboost_n800_d4_lr0.001,ok,5.81,0.8364236016987441,0.5493349022699715,0.1210326390415147,0.8595810705973623,0.1225490196078431,0.9981566820276496,0.925925925925926,0.8581616481774961,0.2164502164502164,0.5,25.0,1083.0,2.0,179.0
774,"dnn_v2_(128, 64)_drop0.1_lr0.001_wd0.01",ok,3.79,0.8363467967832293,0.4987468906375191,0.1658276385575226,0.7773467804499612,0.7058823529411765,0.7907834101382488,0.3881401617250674,0.934640522875817,0.5008695652173913,0.5,144.0,858.0,227.0,60.0
775,"dnn_v2_(64, 32)_drop0.4_lr0.001_wd1e-05",ok,5.02,0.8362790277401283,0.5054853378558554,0.1699131117973401,0.7633824670287044,0.7696078431372549,0.7622119815668202,0.3783132530120482,0.9462242562929062,0.5072697899838449,0.5,157.0,827.0,258.0,47.0
776,"dnn_v2_(16,)_drop0.2_lr0.005_wd0.001",ok,2.52,0.8362745098039215,0.5008360029791178,0.1633291471066913,0.769588828549263,0.7254901960784313,0.7778801843317973,0.3804627249357326,0.9377777777777778,0.4991568296795953,0.5,148.0,844.0,241.0,56.0
777,xgboost_n200_d9_lr0.01,ok,3.24,0.8361615613987532,0.5616019254734596,0.0974122666931504,0.8797517455391777,0.3088235294117647,0.9870967741935484,0.8181818181818182,0.8836633663366337,0.4483985765124555,0.5,63.0,1071.0,14.0,141.0
778,"hybrid_dnn(64, 32, 16)_conv(16,)_gbdt50-3-0.1_nn_heavy",ok,6.06,0.8361615613987531,0.5352323704719683,0.1390580441186414,0.8145849495733126,0.6225490196078431,0.8506912442396314,0.4394463667820069,0.923,0.5152129817444219,0.5,127.0,923.0,162.0,77.0
779,lightgbm_n200_leaves31_lr0.01,ok,1.49,0.8361525255263397,0.5738115918222235,0.0964879377387986,0.8758727695888285,0.3284313725490196,0.9788018433179724,0.7444444444444445,0.8857381150959133,0.4557823129251701,0.5,67.0,1062.0,23.0,137.0
780,"dnn_v2_(128, 64, 32)_drop0.1_lr0.005_wd0.0001",ok,4.25,0.8361389717177193,0.5142372796771841,0.176526263186045,0.7486423584173778,0.7892156862745098,0.7410138248847926,0.3642533936651583,0.949232585596222,0.4984520123839009,0.5,161.0,804.0,281.0,43.0
781,logreg_C0.1_balanced_liblinear,ok,0.12,0.8361254179090991,0.4953173920914341,0.155272965114225,0.7889837083010085,0.6911764705882353,0.8073732718894009,0.4028571428571428,0.9329073482428116,0.5090252707581228,0.5,141.0,876.0,209.0,63.0
782,"dnn_v2_(128, 64)_drop0.1_lr0.005_wd1e-05",ok,3.45,0.8361208999728924,0.5094891509449181,0.167539170610464,0.7633824670287044,0.7794117647058824,0.7603686635944701,0.3794749403341289,0.9482758620689656,0.5104333868378812,0.5,159.0,825.0,260.0,45.0
783,catboost_n800_d5_lr0.1,ok,8.41,0.836021505376344,0.5548586651979727,0.1077675266737253,0.8719937936384794,0.3774509803921568,0.9649769585253456,0.6695652173913044,0.8918228279386712,0.4827586206896552,0.5,77.0,1047.0,38.0,127.0
784,xgboost_n100_d5_lr0.2,ok,0.74,0.8360034336315172,0.5645269045538978,0.1013561104129516,0.8774243599689682,0.4019607843137255,0.966820276497696,0.6949152542372882,0.8958155422715628,0.5093167701863354,0.5,82.0,1049.0,36.0,122.0
785,"dnn_v2_(128, 64)_drop0.2_lr0.001_wd0.0001",ok,3.75,0.8359130749073822,0.5018951311191009,0.1680482550202288,0.7726920093095423,0.7401960784313726,0.7788018433179723,0.3861892583120204,0.9409799554565702,0.507563025210084,0.5,151.0,845.0,240.0,53.0
786,"hybrid_dnn(64, 32, 16)_conv(8, 16, 32)_gbdt100-3-0.1_nn_heavy",ok,7.55,0.8359040390349687,0.5272764587615503,0.1387373303301766,0.821567106283941,0.5686274509803921,0.8691244239631336,0.4496124031007752,0.9146459747817652,0.5021645021645021,0.5,116.0,943.0,142.0,88.0
787,"dnn_v2_(128, 64)_drop0.2_lr0.001_wd0.01",ok,3.72,0.8358950031625555,0.4997607389153946,0.1671357545336344,0.769588828549263,0.7156862745098039,0.7797235023041474,0.3792207792207792,0.9358407079646016,0.4957555178268251,0.5,146.0,846.0,239.0,58.0
788,logreg_C0.1_balanced_lbfgs,ok,0.11,0.8358769314177285,0.4945150217886757,0.1524135580111875,0.7905352986811481,0.6813725490196079,0.8110599078341014,0.4040697674418604,0.9312169312169312,0.5072992700729927,0.5,139.0,880.0,205.0,65.0
789,"dnn_v2_(64, 32)_drop0.4_lr0.001_wd0.0001",ok,5.3,0.8358678955453149,0.503808416766057,0.1702413881700101,0.761055081458495,0.7647058823529411,0.7603686635944701,0.375,0.9450171821305842,0.5032258064516129,0.5,156.0,825.0,260.0,48.0
790,xgboost_n200_d11_lr0.01,ok,3.52,0.8358678955453149,0.5599265890411673,0.0973974806708275,0.8813033359193173,0.3235294117647059,0.9861751152073732,0.8148148148148148,0.8857615894039735,0.4631578947368421,0.5,66.0,1070.0,15.0,138.0
791,adaboost_n500_lr0.3,ok,12.65,0.835849823800488,0.5406785081460767,0.1777138125826876,0.8681148176881304,0.3480392156862745,0.9658986175115208,0.6574074074074074,0.8873835732430144,0.4551282051282051,0.5,71.0,1048.0,37.0,133.0
792,"dnn_v2_(64, 32)_drop0.4_lr0.001_wd0.01",ok,4.78,0.8358407879280744,0.5046607524624327,0.1721128379751436,0.761055081458495,0.7598039215686274,0.7612903225806451,0.3743961352657005,0.944,0.5016181229773463,0.5,155.0,826.0,259.0,49.0
793,catboost_n300_d6_lr0.001,ok,4.86,0.8357865726935936,0.547781964960413,0.1663660191787875,0.8564778898370831,0.0980392156862745,0.9990783410138248,0.9523809523809524,0.8548895899053628,0.1777777777777777,0.5,20.0,1084.0,1.0,184.0
794,"dnn_v2_(64,)_drop0.2_lr0.005_wd0.01",ok,2.76,0.8357730188849732,0.5102133353686894,0.1628083127556629,0.773467804499612,0.7303921568627451,0.7815668202764977,0.3860103626943005,0.939091915836102,0.5050847457627119,0.5,149.0,848.0,237.0,55.0
795,"dnn_v2_(128, 64, 32)_drop0.1_lr0.005_wd0.001",ok,4.37,0.8357459112677329,0.5084528046839458,0.1757823506050089,0.7532971295577967,0.7843137254901961,0.7474654377880184,0.3686635944700461,0.9485380116959063,0.5015673981191222,0.5,160.0,811.0,274.0,44.0
796,"dnn_v2_(64,)_drop0.2_lr0.005_wd0.1",ok,3.25,0.8357368753953193,0.5088521562406131,0.164747970625876,0.773467804499612,0.7009803921568627,0.7870967741935484,0.3823529411764705,0.9333333333333332,0.4948096885813148,0.5,143.0,854.0,231.0,61.0
797,"dnn_(128, 64, 32)_drop0.1_lr0.003_bs32",ok,4.96,0.8357142857142857,0.5165373257845501,0.179281874459161,0.73933281613654,0.7794117647058824,0.7317972350230415,0.3533333333333333,0.9463647199046484,0.4862385321100917,0.5,159.0,794.0,291.0,45.0
798,catboost_n500_d5_lr0.05,ok,5.05,0.8356962139694587,0.5381933456887233,0.1032220975209745,0.8727695888285493,0.3529411764705882,0.9705069124423964,0.6923076923076923,0.8886075949367088,0.4675324675324675,0.5,72.0,1053.0,32.0,132.0
799,"hybrid_dnn(64, 32, 16)_conv(16, 32)_gbdt100-3-0.1_nn_heavy",ok,6.5,0.8356781422246318,0.5334101061837532,0.1406360694818813,0.8223429014740109,0.6029411764705882,0.8635944700460829,0.4538745387453874,0.9204322200392928,0.5178947368421053,0.5,123.0,937.0,148.0,81.0
800,xgboost_n800_d3_lr0.01,ok,3.07,0.835673624288425,0.5585292406081948,0.0967595510665186,0.8719937936384794,0.3823529411764705,0.9640552995391704,0.6666666666666666,0.8924914675767918,0.4859813084112149,0.5,78.0,1046.0,39.0,126.0
801,bagging_n50_ms1.0,ok,2.18,0.8356713653203216,0.5499154098285722,0.0986982156710628,0.8665632273079907,0.3627450980392157,0.9612903225806452,0.6379310344827587,0.8891730605285593,0.4625,0.5,74.0,1043.0,42.0,130.0
802,"dnn_v2_(128, 64)_drop0.2_lr0.001_wd0.001",ok,3.88,0.8356510346073912,0.5007521114901888,0.1684702872732645,0.769588828549263,0.7352941176470589,0.776036866359447,0.3816793893129771,0.9397321428571428,0.5025125628140703,0.5,150.0,842.0,243.0,54.0
803,lightgbm_n200_leaves15_lr0.01,ok,0.88,0.8355606758832566,0.5634436954633475,0.0972895998861944,0.8712179984484096,0.3186274509803921,0.9751152073732718,0.7065217391304348,0.883876357560568,0.4391891891891892,0.5,65.0,1058.0,27.0,139.0
804,catboost_n500_d5_lr0.1,ok,5.08,0.8355561579470498,0.552828127269211,0.1063470601824878,0.86966640806827,0.3676470588235294,0.9640552995391704,0.6578947368421053,0.8902127659574468,0.4716981132075472,0.5,75.0,1046.0,39.0,129.0
805,"dnn_v2_(128, 64)_drop0.1_lr0.001_wd0.0001",ok,3.88,0.8355516400108429,0.497062624543134,0.1644977696274322,0.7742435996896819,0.696078431372549,0.7889400921658987,0.3827493261455525,0.9324618736383442,0.4939130434782608,0.5,142.0,856.0,229.0,62.0
806,"dnn_(128, 64)_drop0.1_lr0.001_bs32",ok,4.67,0.8355516400108429,0.497062624543134,0.1644977696274322,0.7742435996896819,0.696078431372549,0.7889400921658987,0.3827493261455525,0.9324618736383442,0.4939130434782608,0.5,142.0,856.0,229.0,62.0
807,"dnn_v2_(128, 64)_drop0.2_lr0.001_wd1e-05",ok,3.68,0.8355471220746363,0.501577738034921,0.1681323656547664,0.7703646237393328,0.7352941176470589,0.7769585253456222,0.3826530612244898,0.939799331103679,0.5033557046979866,0.5,150.0,843.0,242.0,54.0
808,catboost_plain_n100_d4_lr0.1,ok,0.83,0.8355380862022229,0.5450853226112059,0.0992655025473613,0.8688906128782001,0.3529411764705882,0.9658986175115208,0.6605504587155964,0.888135593220339,0.4600638977635782,0.5,72.0,1048.0,37.0,132.0
809,catboost_n100_d4_lr0.1,ok,0.84,0.8355380862022229,0.5450853226112059,0.0992655025473613,0.8688906128782001,0.3529411764705882,0.9658986175115208,0.6605504587155964,0.888135593220339,0.4600638977635782,0.5,72.0,1048.0,37.0,132.0
810,xgboost_n100_d3_lr0.05,ok,0.48,0.835533568266016,0.5586487805603689,0.0967132220706892,0.8805275407292474,0.3970588235294117,0.9714285714285714,0.7232142857142857,0.8954970263381479,0.5126582278481012,0.5,81.0,1054.0,31.0,123.0
811,"dnn_v2_(128, 64)_drop0.1_lr0.001_wd0.001",ok,3.72,0.8355154965211891,0.4971503503787328,0.1646360514469617,0.7773467804499612,0.7107843137254902,0.7898617511520737,0.388739946380697,0.9355895196506552,0.5025996533795494,0.5,145.0,857.0,228.0,59.0
812,catboost_n200_d8_lr0.001,ok,10.0,0.8354748350953284,0.5439980656298077,0.1857165529316334,0.8564778898370831,0.1225490196078431,0.9944700460829492,0.8064516129032258,0.8577106518282989,0.2127659574468085,0.5,25.0,1079.0,6.0,179.0
813,xgboost_n300_d5_lr0.2,ok,1.29,0.8354612812867082,0.5586803972942676,0.1058750024041868,0.8750969743987588,0.3970588235294117,0.9649769585253456,0.680672268907563,0.8948717948717949,0.5015479876160991,0.5,81.0,1047.0,38.0,123.0
814,xgboost_dart_n300_d7_lr0.05_drop0.1,ok,18.44,0.8354432095418813,0.5629894832019688,0.0960100822660912,0.8851823118696664,0.3578431372549019,0.9843317972350232,0.8111111111111111,0.890742285237698,0.4965986394557823,0.5,73.0,1068.0,17.0,131.0
815,"dnn_v2_(16,)_drop0.4_lr0.001_wd0.001",ok,3.97,0.8354251377970543,0.5046309832141855,0.157568566480222,0.7835531419705197,0.7009803921568627,0.7990783410138249,0.3961218836565097,0.9342672413793104,0.5061946902654867,0.5,143.0,867.0,218.0,61.0
816,catboost_n800_d5_lr0.05,ok,8.55,0.8353844763711936,0.536328383454957,0.105682228010236,0.8719937936384794,0.3725490196078431,0.9658986175115208,0.672566371681416,0.891156462585034,0.4794952681388013,0.5,76.0,1048.0,37.0,128.0
817,xgboost_n200_d5_lr0.2,ok,1.09,0.8353573687539533,0.5593351434256585,0.1046445775050244,0.8766485647788984,0.4068627450980392,0.9649769585253456,0.6859504132231405,0.896404109589041,0.5107692307692308,0.5,83.0,1047.0,38.0,121.0
818,"dnn_v2_(16,)_drop0.4_lr0.001_wd0.0001",ok,3.92,0.8353392970091261,0.5051228873474719,0.1574137032123862,0.7851047323506595,0.7009803921568627,0.8009216589861751,0.3983286908077994,0.9344086021505376,0.5079928952042628,0.5,143.0,869.0,216.0,61.0
819,"hybrid_dnn(64, 32, 16)_conv(8, 16)_gbdt50-3-0.1_nn_heavy",ok,7.43,0.8353302611367127,0.5359677832924771,0.1397464836342953,0.8231186966640807,0.6127450980392157,0.8626728110599078,0.4562043795620438,0.9221674876847292,0.5230125523012552,0.5,125.0,936.0,149.0,79.0
820,"hybrid_dnn(64, 32, 16)_conv(32, 64)_gbdt50-3-0.1_nn_heavy",ok,6.87,0.835325743200506,0.5242133944050762,0.1357908984660323,0.8223429014740109,0.6029411764705882,0.8635944700460829,0.4538745387453874,0.9204322200392928,0.5178947368421053,0.5,123.0,937.0,148.0,81.0
821,logreg_C0.003_balanced_lbfgs,ok,0.1,0.8353212252642993,0.5164225524900647,0.1628107409696411,0.7959658650116369,0.6813725490196079,0.8175115207373271,0.4124629080118694,0.9317226890756304,0.5138632162661737,0.5,139.0,887.0,198.0,65.0
822,"dnn_v2_(64, 32)_drop0.4_lr0.001_wd0.1",ok,4.71,0.8352941176470589,0.5119812961340929,0.1768404378534171,0.7641582622187743,0.7598039215686274,0.7649769585253456,0.3780487804878049,0.944254835039818,0.504885993485342,0.5,155.0,830.0,255.0,49.0
823,gbdt_sklearn_n100_lr0.03_sub0.8,ok,4.09,0.8352805638384386,0.5600727190596039,0.0971963172723511,0.873545384018619,0.3186274509803921,0.9778801843317972,0.7303370786516854,0.8841666666666667,0.4436860068259385,0.5,65.0,1061.0,24.0,139.0
824,"dnn_v2_(128, 64)_drop0.1_lr0.001_wd1e-05",ok,3.85,0.8352715279660252,0.4962153026407324,0.1646058267563968,0.7750193948797518,0.7009803921568627,0.7889400921658987,0.3844086021505376,0.9334787350054524,0.4965277777777778,0.5,143.0,856.0,229.0,61.0
825,"dnn_v2_(128, 64)_drop0.4_lr0.001_wd0.01",ok,4.64,0.835271527966025,0.4975900983705481,0.1749444007574928,0.7540729247478666,0.7303921568627451,0.7585253456221198,0.3625304136253041,0.9373576309794988,0.4845528455284553,0.5,149.0,823.0,262.0,55.0
826,"dnn_v2_(16,)_drop0.4_lr0.005_wd0.0001",ok,2.28,0.8352670100298185,0.5142847943280667,0.1637692704627845,0.7703646237393328,0.7156862745098039,0.7806451612903226,0.3802083333333333,0.9359116022099448,0.4965986394557823,0.5,146.0,847.0,238.0,58.0
827,"dnn_v2_(16,)_drop0.4_lr0.001_wd1e-05",ok,3.97,0.8352353844763712,0.504791685108999,0.1571939720583775,0.7843289371605896,0.7009803921568627,0.8,0.3972222222222222,0.9343379978471474,0.5070921985815603,0.5,143.0,868.0,217.0,61.0
828,"hybrid_dnn(32,)_conv(16,)_gbdt50-3-0.1_nn_heavy",ok,4.52,0.8352308665401644,0.5221001177140994,0.1400161187011968,0.8052754072924748,0.6029411764705882,0.8433179723502304,0.4197952218430034,0.9186746987951808,0.4949698189134809,0.5,123.0,915.0,170.0,81.0
829,catboost_n100_d7_lr0.05,ok,2.7,0.8352263486039577,0.5475712971713474,0.1001097500238359,0.8650116369278511,0.2696078431372549,0.976958525345622,0.6875,0.8767576509511993,0.3873239436619718,0.5,55.0,1060.0,25.0,149.0
830,scratch_gbdt_n100_d3_lr0.05,ok,43.35,0.8351766513056837,0.5611767402246312,0.0976985780162307,0.8750969743987588,0.3529411764705882,0.9732718894009216,0.7128712871287128,0.8888888888888888,0.4721311475409836,0.5,72.0,1056.0,29.0,132.0
831,"dnn_(128, 64)_drop0.3_lr0.001_bs32",ok,4.84,0.835099846390169,0.4992207602644111,0.1678748083899398,0.764934057408844,0.7156862745098039,0.7741935483870968,0.3734015345268542,0.935412026726058,0.4907563025210084,0.5,146.0,840.0,245.0,58.0
832,rf_n200_d5_balanced,ok,3.06,0.8350365952832747,0.5421492862756937,0.1377865664228687,0.8285492629945694,0.5882352941176471,0.8737327188940092,0.4669260700389105,0.9186046511627908,0.5206073752711496,0.5,120.0,948.0,137.0,84.0
833,xgboost_n100_d3_lr0.1,ok,0.46,0.8349914159212073,0.5565470535537107,0.0970173239137197,0.873545384018619,0.3823529411764705,0.9658986175115208,0.6782608695652174,0.8926746166950597,0.4890282131661442,0.5,78.0,1048.0,37.0,126.0
834,"dnn_v2_(128, 64)_drop0.4_lr0.001_wd1e-05",ok,4.07,0.8349643083039668,0.4983877214416266,0.1739870029193109,0.7548487199379363,0.7352941176470589,0.7585253456221198,0.3640776699029126,0.9384264538198404,0.487012987012987,0.5,150.0,823.0,262.0,54.0
835,lightgbm_dart_n200_leaves15_lr0.05,ok,1.03,0.8349146110056926,0.5573003531325331,0.0977570664657489,0.8758727695888285,0.3823529411764705,0.968663594470046,0.6964285714285714,0.892948173322005,0.4936708860759494,0.5,78.0,1051.0,34.0,126.0
836,"dnn_v2_(128, 64)_drop0.2_lr0.005_wd0.001",ok,3.2,0.8349146110056925,0.5173914735469034,0.1634900070137568,0.7672614429790535,0.75,0.7705069124423963,0.3805970149253731,0.9425028184892896,0.504950495049505,0.5,153.0,836.0,249.0,51.0
837,xgboost_n500_d3_lr0.01,ok,1.73,0.8348603957712117,0.5604086704849052,0.0969296442781324,0.8774243599689682,0.3872549019607843,0.9695852534562212,0.7053571428571429,0.8937977909940527,0.5,0.5,79.0,1052.0,33.0,125.0
838,xgboost_dart_n100_d5_lr0.1_drop0.1,ok,2.41,0.8348603957712117,0.5635323597868486,0.0953996487648663,0.8851823118696664,0.3872549019607843,0.9788018433179724,0.7745098039215687,0.8946925021061499,0.5163398692810458,0.5,79.0,1062.0,23.0,125.0
839,adaboost_n100_lr0.3,ok,2.54,0.8348378060901781,0.5423581158332816,0.1386391254493555,0.873545384018619,0.3039215686274509,0.9806451612903224,0.7469879518072289,0.8822553897180763,0.4320557491289198,0.5,62.0,1064.0,21.0,142.0
840,extra_trees_n100_d15,ok,1.07,0.8348332881539712,0.526802055394605,0.1019673409633067,0.8572536850271528,0.196078431372549,0.9815668202764976,0.6666666666666666,0.8665581773799838,0.303030303030303,0.5,40.0,1065.0,20.0,164.0
841,catboost_n500_d5_lr0.001,ok,5.23,0.8347474473660431,0.5453857837309033,0.1403060709680786,0.8564778898370831,0.0980392156862745,0.9990783410138248,0.9523809523809524,0.8548895899053628,0.1777777777777777,0.5,20.0,1084.0,1.0,184.0
842,"dnn_v2_(16,)_drop0.1_lr0.005_wd0.001",ok,2.27,0.8347203397488027,0.5028969188002055,0.1612283824249302,0.7773467804499612,0.7205882352941176,0.7880184331797235,0.389920424403183,0.9375,0.5060240963855421,0.5,147.0,855.0,230.0,57.0
843,lightgbm_dart_n100_leaves63_lr0.05,ok,1.07,0.8347067859401824,0.5699866788804151,0.0981663891811201,0.8719937936384794,0.3529411764705882,0.9695852534562212,0.6857142857142857,0.8885135135135135,0.4660194174757281,0.5,72.0,1052.0,33.0,132.0
844,"hybrid_dnn(64, 32, 16)_conv(8, 16, 32)_gbdt50-3-0.1_nn_heavy",ok,7.4,0.8346616065781153,0.5225134353189417,0.1400485818661077,0.8161365399534523,0.5686274509803921,0.8626728110599078,0.4377358490566038,0.9140625,0.4946695095948827,0.5,116.0,936.0,149.0,88.0
845,"dnn_v2_(64, 32, 16)_drop0.4_lr0.005_wd0.01",ok,5.76,0.8346525707057016,0.5199282514226048,0.1538154405650517,0.7757951900698216,0.7598039215686274,0.7788018433179723,0.3924050632911392,0.9451901565995524,0.5175292153589316,0.5,155.0,845.0,240.0,49.0
846,"dnn_(128, 64)_drop0.3_lr0.003_bs32",ok,4.17,0.8344628173850185,0.5087282658446287,0.17331753410978,0.7587276958882855,0.7598039215686274,0.7585253456221198,0.3717026378896882,0.9438073394495412,0.499194847020934,0.5,155.0,823.0,262.0,49.0
847,catboost_n500_d4_lr0.001,ok,3.6,0.8344537815126051,0.5442538020641452,0.1424611867376723,0.8502715283165244,0.0588235294117647,0.9990783410138248,0.9230769230769232,0.8495297805642633,0.1105990783410138,0.5,12.0,1084.0,1.0,192.0
848,"dnn_v2_(128, 64)_drop0.4_lr0.005_wd1e-05",ok,3.9,0.8343950483419174,0.5186739060880594,0.1690754348842204,0.7641582622187743,0.7549019607843137,0.7658986175115208,0.3774509803921568,0.9432463110102156,0.5032679738562091,0.5,154.0,831.0,254.0,50.0
849,"hybrid_dnn(64, 32, 16)_conv(16, 32)_gbdt50-3-0.1_nn_heavy",ok,6.11,0.8343363151712296,0.5260382578827131,0.141953406437327,0.8231186966640807,0.6176470588235294,0.8617511520737328,0.4565217391304347,0.9230009871668312,0.525,0.5,126.0,935.0,150.0,78.0
850,"dnn_v2_(256, 128, 64)_drop0.4_lr0.001_wd0.0001",ok,5.77,0.8343001716815759,0.5210429606890825,0.1668439979811498,0.7796741660201707,0.7303921568627451,0.7889400921658987,0.3941798941798942,0.9396267837541163,0.5120274914089347,0.5,149.0,856.0,229.0,55.0
851,extra_trees_n100_d30,ok,1.06,0.8342075539893377,0.5489084492328176,0.1007094707980932,0.8626842513576416,0.2156862745098039,0.9843317972350232,0.7213114754098361,0.8697068403908795,0.3320754716981132,0.5,44.0,1068.0,17.0,160.0
852,"dnn_v2_(32, 16)_drop0.4_lr0.005_wd0.001",ok,3.41,0.8342007770850275,0.510763083997187,0.1624789393742604,0.752521334367727,0.7205882352941176,0.7585253456221198,0.3594132029339853,0.9352272727272728,0.4796084828711256,0.5,147.0,823.0,262.0,57.0
853,extra_trees_n100_dNone,ok,1.09,0.8341736694677871,0.5464731209058161,0.1007249030256012,0.8626842513576416,0.2156862745098039,0.9843317972350232,0.7213114754098361,0.8697068403908795,0.3320754716981132,0.5,44.0,1068.0,17.0,160.0
854,catboost_n200_d5_lr0.001,ok,2.24,0.8341510797867534,0.540865564333493,0.1888190891792465,0.8463925523661753,0.034313725490196,0.9990783410138248,0.875,0.8462138953942233,0.0660377358490566,0.5,7.0,1084.0,1.0,197.0
855,linear_svc_C0.001_hinge,ok,0.09,0.8340878286798591,0.5187543432528274,0.1486744283015107,0.851823118696664,0.446078431372549,0.928110599078341,0.5384615384615384,0.8991071428571429,0.4879356568364611,0.5,91.0,1007.0,78.0,113.0
856,ridge_alpha300,ok,0.09,0.8339884340833107,0.5174489202450341,0.1438576374582063,0.8564778898370831,0.1911764705882352,0.9815668202764976,0.6610169491525424,0.8658536585365854,0.2965779467680608,0.5,39.0,1065.0,20.0,165.0
857,lightgbm_goss_n100_leaves31_lr0.1,ok,0.42,0.833983916147104,0.5415430361904826,0.102800750328395,0.86966640806827,0.4117647058823529,0.9557603686635944,0.6363636363636364,0.8962834917891098,0.5,0.5,84.0,1037.0,48.0,120.0
858,xgboost_n300_d7_lr0.01,ok,3.59,0.833898075359176,0.5656766991450406,0.096428296297611,0.8844065166795966,0.3823529411764705,0.9788018433179724,0.7722772277227723,0.8939393939393939,0.5114754098360655,0.5,78.0,1062.0,23.0,126.0
859,catboost_n300_d5_lr0.001,ok,3.18,0.8338574139333153,0.5410974346926064,0.1681256924989852,0.8494957331264547,0.0539215686274509,0.9990783410138248,0.9166666666666666,0.8488645262333594,0.1018518518518518,0.5,11.0,1084.0,1.0,193.0
860,lightgbm_dart_n200_leaves31_lr0.05,ok,1.71,0.833843860124695,0.5705209744278535,0.0975641385122371,0.873545384018619,0.3970588235294117,0.9631336405529954,0.6694214876033058,0.8946917808219178,0.4984615384615384,0.5,81.0,1045.0,40.0,123.0
861,xgboost_n200_d3_lr0.05,ok,0.78,0.833825788379868,0.5634239525291183,0.0967751591227856,0.8758727695888285,0.4019607843137255,0.9649769585253456,0.6833333333333333,0.8956372968349017,0.5061728395061729,0.5,82.0,1047.0,38.0,122.0
862,"dnn_v2_(128, 64)_drop0.2_lr0.005_wd0.0001",ok,3.26,0.8338167525074545,0.5168232151695971,0.1640766141170953,0.7641582622187743,0.7401960784313726,0.7686635944700461,0.3756218905472637,0.9402480270574972,0.4983498349834983,0.5,151.0,834.0,251.0,53.0
863,"dnn_v2_(128, 64)_drop0.2_lr0.005_wd1e-05",ok,3.28,0.8337670552091806,0.5154467452955815,0.16331540474615,0.7680372381691234,0.75,0.7714285714285715,0.3815461346633416,0.9425675675675677,0.5057851239669422,0.5,153.0,837.0,248.0,51.0
864,catboost_n100_d4_lr0.01,ok,0.92,0.8337670552091805,0.5486488815231352,0.1135017869117312,0.8595810705973623,0.142156862745098,0.9944700460829492,0.8285714285714286,0.8604465709728868,0.2426778242677824,0.5,29.0,1079.0,6.0,175.0
865,"dnn_v2_(32,)_drop0.1_lr0.005_wd0.001",ok,2.27,0.8337535014005604,0.5022577989411998,0.1576775019776463,0.7796741660201707,0.6911764705882353,0.7963133640552995,0.3895027624309392,0.9320388349514565,0.4982332155477031,0.5,141.0,864.0,221.0,63.0
866,"dnn_(64,)_drop0.1_lr0.003_bs16",ok,5.07,0.8337489834643533,0.5116755087032542,0.1730712505785245,0.7532971295577967,0.7696078431372549,0.7502304147465437,0.366822429906542,0.9454123112659698,0.4968354430379746,0.5,157.0,814.0,271.0,47.0
867,"dnn_v2_(64,)_drop0.2_lr0.001_wd0.01",ok,3.31,0.8336631426764253,0.513145725933209,0.157977878607,0.7920868890612878,0.7009803921568627,0.8092165898617512,0.4085714285714286,0.9350372736954208,0.516245487364621,0.5,143.0,878.0,207.0,61.0
868,sgd_log_loss_a0.1_elasticnet,ok,0.12,0.8336269991867714,0.5192972041150103,0.1048929825347894,0.8549262994569433,0.1519607843137254,0.9870967741935484,0.6888888888888889,0.8609324758842444,0.2489959839357429,0.5,31.0,1071.0,14.0,173.0
869,catboost_n200_d4_lr0.2,ok,1.56,0.8336089274419445,0.547538773756089,0.1039605841813738,0.86966640806827,0.3774509803921568,0.9622119815668204,0.652542372881356,0.8915456874466268,0.4782608695652174,0.5,77.0,1044.0,41.0,127.0
870,scratch_gbdt_n50_d3_lr0.1,ok,21.28,0.8336044095057378,0.5460966867195298,0.0993936136402019,0.8727695888285493,0.3480392156862745,0.9714285714285714,0.696078431372549,0.8879528222409435,0.4640522875816993,0.5,71.0,1054.0,31.0,133.0
871,catboost_n100_d8_lr0.001,ok,5.26,0.8335547122074638,0.5369226574531039,0.2138888536119975,0.8549262994569433,0.1029411764705882,0.9963133640552996,0.84,0.8552215189873418,0.1834061135371179,0.5,21.0,1081.0,4.0,183.0
872,"dnn_v2_(16,)_drop0.2_lr0.001_wd0.001",ok,3.95,0.8335456763350502,0.5020354320754649,0.1608020887697826,0.78277734678045,0.7009803921568627,0.7981566820276498,0.3950276243093922,0.9341963322545846,0.5053003533568905,0.5,143.0,866.0,219.0,61.0
873,xgboost_dart_n200_d7_lr0.05_drop0.1,ok,9.23,0.8335230866540164,0.5596280082731614,0.0964567088958599,0.8844065166795966,0.3529411764705882,0.9843317972350232,0.8089887640449438,0.89,0.4914675767918088,0.5,72.0,1068.0,17.0,132.0
874,gbdt_sklearn_n300_lr0.03_sub1.0,ok,15.19,0.8335230866540164,0.5630424520423682,0.097729678122034,0.8774243599689682,0.3823529411764705,0.9705069124423964,0.7090909090909091,0.8931297709923665,0.4968152866242038,0.5,78.0,1053.0,32.0,126.0
875,"dnn_(128,)_drop0.3_lr0.003_bs32",ok,2.97,0.8335004969729828,0.5080004548189938,0.1588012319150312,0.7726920093095423,0.6764705882352942,0.7907834101382488,0.3780821917808219,0.9285714285714286,0.4850615114235501,0.5,138.0,858.0,227.0,66.0
876,logreg_C0.01_None_lbfgs,ok,0.13,0.8334733893557424,0.5156032820918568,0.1034367699201064,0.8549262994569433,0.2156862745098039,0.9751152073732718,0.6197183098591549,0.8686371100164204,0.32,0.5,44.0,1058.0,27.0,160.0
877,"dnn_v2_(32, 16)_drop0.4_lr0.005_wd1e-05",ok,3.5,0.8334733893557423,0.509968719538342,0.164745966820762,0.7517455391776571,0.7107843137254902,0.759447004608295,0.3571428571428571,0.9331823329558324,0.4754098360655737,0.5,145.0,824.0,261.0,59.0
878,adaboost_n200_lr0.5,ok,5.03,0.8334733893557422,0.5369804443539482,0.1712331700771668,0.8688906128782001,0.3774509803921568,0.9612903225806452,0.6470588235294118,0.8914529914529915,0.4767801857585139,0.5,77.0,1043.0,42.0,127.0
879,gbdt_sklearn_n200_lr0.03_sub1.0,ok,9.85,0.8334056203126412,0.5647362579360581,0.0970959756509606,0.8789759503491078,0.3774509803921568,0.9732718894009216,0.7264150943396226,0.8926458157227388,0.4967741935483871,0.5,77.0,1056.0,29.0,127.0
880,adaboost_n300_lr0.5,ok,7.58,0.8333604409505737,0.5304561904454531,0.1816064734627225,0.8665632273079907,0.3872549019607843,0.9566820276497696,0.626984126984127,0.8925193465176269,0.4787878787878787,0.5,79.0,1038.0,47.0,125.0
881,"dnn_v2_(16,)_drop0.1_lr0.005_wd0.01",ok,2.98,0.8332700822264391,0.5016744255310881,0.1637403846648811,0.7765709852598914,0.7549019607843137,0.7806451612903226,0.3928571428571428,0.9442586399108138,0.5167785234899329,0.5,154.0,847.0,238.0,50.0
882,catboost_n800_d5_lr0.2,ok,8.27,0.8332700822264391,0.5409351595687791,0.1106980374561495,0.873545384018619,0.392156862745098,0.9640552995391704,0.6722689075630253,0.8940170940170941,0.4953560371517028,0.5,80.0,1046.0,39.0,124.0
883,"dnn_v2_(32,)_drop0.1_lr0.005_wd0.0001",ok,2.42,0.8332633053221288,0.5016002601360174,0.1575070432359407,0.7773467804499612,0.6911764705882353,0.7935483870967742,0.3863013698630137,0.9318181818181818,0.4956063268892794,0.5,141.0,861.0,224.0,63.0
884,catboost_n200_d6_lr0.001,ok,3.39,0.8332474925454052,0.5473274036393284,0.1874952041555735,0.8525989138867339,0.0735294117647058,0.9990783410138248,0.9375,0.8515318146111548,0.1363636363636363,0.5,15.0,1084.0,1.0,189.0
885,"dnn_v2_(32, 16)_drop0.2_lr0.005_wd0.001",ok,3.4,0.8331571338212703,0.5101160491672543,0.1601889946663559,0.7626066718386346,0.7009803921568627,0.7741935483870968,0.3685567010309278,0.9322974472807992,0.4831081081081081,0.5,143.0,840.0,245.0,61.0
886,catboost_n500_d6_lr0.1,ok,7.77,0.8330938827143761,0.5443824659830444,0.1070061007451082,0.8712179984484096,0.3529411764705882,0.968663594470046,0.6792452830188679,0.8884192730346576,0.4645161290322581,0.5,72.0,1051.0,34.0,132.0
887,"dnn_v2_(32,)_drop0.1_lr0.005_wd1e-05",ok,2.45,0.8330825878738592,0.5013654972752453,0.1574454219303977,0.7773467804499612,0.6911764705882353,0.7935483870967742,0.3863013698630137,0.9318181818181818,0.4956063268892794,0.5,141.0,861.0,224.0,63.0
888,"dnn_v2_(64,)_drop0.1_lr0.001_wd0.1",ok,2.96,0.8330667750971357,0.5112383577230104,0.1646262922640725,0.7835531419705197,0.696078431372549,0.8,0.3955431754874652,0.9333333333333332,0.5044404973357016,0.5,142.0,868.0,217.0,62.0
889,"dnn_v2_(64, 32)_drop0.4_lr0.001_wd0.001",ok,5.21,0.8330577392247223,0.4982878567186966,0.1744217197019303,0.7494181536074477,0.7745098039215687,0.744700460829493,0.3632183908045977,0.9461358313817332,0.4945226917057903,0.5,158.0,808.0,277.0,46.0
890,rf_n100_d5_balanced,ok,1.5,0.8330170777988615,0.5437975225395539,0.1385421256507415,0.8339798293250582,0.6127450980392157,0.8755760368663594,0.4807692307692308,0.923226433430515,0.5387931034482759,0.5,125.0,950.0,135.0,79.0
891,"dnn_(128,)_drop0.1_lr0.003_bs16",ok,5.41,0.8330080419264481,0.5050194378941728,0.1561983968611325,0.7804499612102405,0.6911764705882353,0.7972350230414746,0.3905817174515235,0.9321120689655172,0.4991150442477876,0.5,141.0,865.0,220.0,63.0
892,"dnn_(128, 64)_drop0.1_lr0.003_bs32",ok,3.96,0.8329718984367941,0.5034599230305958,0.1699818369563428,0.7579519006982157,0.7254901960784313,0.7640552995391705,0.3663366336633663,0.936723163841808,0.4868421052631579,0.5,148.0,829.0,256.0,56.0
893,gbdt_sklearn_n100_lr0.05_sub1.0,ok,4.87,0.8328024758290413,0.5624124081559254,0.0976205200357994,0.8750969743987588,0.3578431372549019,0.9723502304147466,0.7087378640776699,0.8895446880269815,0.4755700325732899,0.5,73.0,1055.0,30.0,131.0
894,xgboost_n200_d5_lr0.01,ok,1.67,0.8327640733712841,0.5617959218509864,0.0969517034554098,0.8758727695888285,0.3039215686274509,0.983410138248848,0.775,0.8825475599669148,0.4366197183098591,0.5,62.0,1067.0,18.0,142.0
895,"dnn_v2_(128,)_drop0.1_lr0.005_wd0.0001",ok,2.59,0.832764073371284,0.4993931484138677,0.1510249566793479,0.7951900698215671,0.696078431372549,0.8138248847926267,0.4127906976744186,0.9343915343915344,0.5182481751824818,0.5,142.0,883.0,202.0,62.0
896,catboost_n200_d4_lr0.001,ok,1.58,0.83272792988163,0.5398767966542005,0.1901853164615947,0.8440651667959659,0.0196078431372549,0.9990783410138248,0.8,0.8442367601246106,0.0382775119617224,0.5,4.0,1084.0,1.0,200.0
897,"dnn_v2_(128,)_drop0.2_lr0.005_wd0.01",ok,2.69,0.8326872684557695,0.5009054086918331,0.1481500494154057,0.7944142746314973,0.6666666666666666,0.8184331797235023,0.4084084084084084,0.9288702928870292,0.5065176908752328,0.5,136.0,888.0,197.0,68.0
898,"dnn_v2_(128,)_drop0.2_lr0.005_wd0.001",ok,2.6,0.8326827505195628,0.5007430580290589,0.1515771786701062,0.7936384794414275,0.6862745098039216,0.8138248847926267,0.4093567251461988,0.9324181626187962,0.5128205128205128,0.5,140.0,883.0,202.0,64.0
899,"dnn_v2_(128,)_drop0.2_lr0.005_wd0.0001",ok,2.38,0.832660160838529,0.5010566431853208,0.1515244148593286,0.7928626842513576,0.6862745098039216,0.8129032258064516,0.4081632653061224,0.9323467230443976,0.5118829981718465,0.5,140.0,882.0,203.0,64.0
900,"dnn_v2_(64,)_drop0.4_lr0.005_wd0.1",ok,2.78,0.8326285352850816,0.5168409386949139,0.1661383948017955,0.7726920093095423,0.7009803921568627,0.7861751152073733,0.3813333333333333,0.9332603938730852,0.4939550949913644,0.5,143.0,853.0,232.0,61.0
901,"dnn_v2_(256, 128, 64)_drop0.4_lr0.001_wd0.1",ok,7.54,0.8326104635402547,0.5088552609507622,0.1561841046745514,0.8029480217222653,0.6911764705882353,0.823963133640553,0.4246987951807229,0.9341692789968652,0.5261194029850746,0.5,141.0,894.0,191.0,63.0
902,"dnn_v2_(16,)_drop0.2_lr0.001_wd1e-05",ok,3.81,0.8325923917954279,0.5011435625244564,0.1606204452145001,0.7843289371605896,0.7009803921568627,0.8,0.3972222222222222,0.9343379978471474,0.5070921985815603,0.5,143.0,868.0,217.0,61.0
903,linear_svc_C0.03_l1,ok,0.1,0.8325923917954279,0.5166522892375933,0.143042302944442,0.8580294802172227,0.2156862745098039,0.9788018433179724,0.6567164179104478,0.8690671031096563,0.3247232472324723,0.5,44.0,1062.0,23.0,160.0
904,logreg_C0.3_balanced_liblinear,ok,0.13,0.8325833559230144,0.489172392101095,0.1541797643694536,0.7920868890612878,0.6813725490196079,0.8129032258064516,0.4064327485380117,0.9313621964097148,0.5091575091575091,0.5,139.0,882.0,203.0,65.0
905,"dnn_v2_(128, 64)_drop0.4_lr0.001_wd0.0001",ok,4.32,0.8325291406885336,0.4973833757508669,0.1724500749426659,0.7579519006982157,0.7352941176470589,0.7622119815668202,0.3676470588235294,0.9387060158910328,0.4901960784313725,0.5,150.0,827.0,258.0,54.0
906,logreg_C0.3_balanced_lbfgs,ok,0.2,0.8325246227523269,0.4887219710276571,0.1531138108888662,0.791311093871218,0.6764705882352942,0.8129032258064516,0.4046920821114369,0.930379746835443,0.5064220183486239,0.5,138.0,882.0,203.0,66.0
907,catboost_n200_d4_lr0.1,ok,1.55,0.8325201048161202,0.5345691539206682,0.1015722561500598,0.86966640806827,0.3627450980392157,0.9649769585253456,0.6607142857142857,0.8895497026338148,0.4683544303797468,0.5,74.0,1047.0,38.0,130.0
908,catboost_plain_n200_d4_lr0.1,ok,1.64,0.8325201048161202,0.5345691539206682,0.1015722561500598,0.86966640806827,0.3627450980392157,0.9649769585253456,0.6607142857142857,0.8895497026338148,0.4683544303797468,0.5,74.0,1047.0,38.0,130.0
909,"dnn_v2_(16,)_drop0.2_lr0.001_wd0.0001",ok,3.95,0.8324794433902594,0.5013079023132075,0.1605511494398168,0.7843289371605896,0.7009803921568627,0.8,0.3972222222222222,0.9343379978471474,0.5070921985815603,0.5,143.0,868.0,217.0,61.0
910,"dnn_v2_(128, 64, 32)_drop0.2_lr0.005_wd0.1",ok,6.08,0.8324116743471583,0.5195722293279497,0.1724087814251844,0.7657098525989139,0.7254901960784313,0.7732718894009216,0.3756345177664975,0.9374301675977652,0.4949832775919732,0.5,148.0,839.0,246.0,56.0
911,catboost_n200_d7_lr0.2,ok,5.21,0.8324071564109515,0.5453865303731786,0.1083475089376884,0.8681148176881304,0.3382352941176471,0.967741935483871,0.6634615384615384,0.8860759493670886,0.448051948051948,0.5,69.0,1050.0,35.0,135.0
912,gbdt_sklearn_n200_lr0.01_sub0.8,ok,8.06,0.8323642360169874,0.5629895332859435,0.0985454372865395,0.8719937936384794,0.2794117647058823,0.983410138248848,0.76,0.8789126853377265,0.4086021505376344,0.5,57.0,1067.0,18.0,147.0
913,"dnn_v2_(16,)_drop0.1_lr0.005_wd0.0001",ok,2.1,0.832361977048884,0.5034076847059068,0.1632156387270321,0.7726920093095423,0.7156862745098039,0.783410138248848,0.3832020997375328,0.9361233480176212,0.4991452991452991,0.5,146.0,850.0,235.0,58.0
914,catboost_n800_d6_lr0.1,ok,12.67,0.8322896900695763,0.5464474087073815,0.1080762219266121,0.86966640806827,0.3431372549019608,0.968663594470046,0.6730769230769231,0.8869198312236287,0.4545454545454545,0.5,70.0,1051.0,34.0,134.0
915,scratch_gbdt_n100_d4_lr0.05,ok,63.22,0.8322806541971629,0.558717483045979,0.0986626759434478,0.878200155159038,0.3823529411764705,0.9714285714285714,0.7155963302752294,0.8932203389830509,0.4984025559105431,0.5,78.0,1054.0,31.0,126.0
916,"dnn_v2_(32, 16)_drop0.4_lr0.001_wd1e-05",ok,5.12,0.8322806541971627,0.5116708879196101,0.1636294621100693,0.7672614429790535,0.7205882352941176,0.776036866359447,0.3769230769230769,0.9365962180200222,0.494949494949495,0.5,147.0,842.0,243.0,57.0
917,catboost_n500_d5_lr0.2,ok,5.08,0.8321812596006144,0.5382405739359739,0.1096325228529318,0.873545384018619,0.3823529411764705,0.9658986175115208,0.6782608695652174,0.8926746166950597,0.4890282131661442,0.5,78.0,1048.0,37.0,126.0
918,catboost_n100_d4_lr0.001,ok,0.89,0.8321180084937201,0.545202934698862,0.2167603977804717,0.8409619860356866,0.0,0.9990783410138248,0.0,0.8416149068322981,0.0,0.5,0.0,1084.0,1.0,204.0
919,"dnn_v2_(32,)_drop0.1_lr0.005_wd0.01",ok,2.7,0.8321180084937201,0.5066195504884725,0.1531667293392251,0.7874321179208689,0.6911764705882353,0.8055299539170507,0.4005681818181818,0.9327641408751334,0.5071942446043165,0.5,141.0,874.0,211.0,63.0
920,catboost_n100_d4_lr0.2,ok,0.84,0.8320366856419988,0.5416078526128948,0.1001362946721766,0.8665632273079907,0.3676470588235294,0.96036866359447,0.635593220338983,0.8898377455166524,0.4658385093167702,0.5,75.0,1042.0,43.0,129.0
921,catboost_n100_d6_lr0.001,ok,1.75,0.831964398662691,0.5410045308250193,0.2148557245987519,0.851823118696664,0.0686274509803921,0.9990783410138248,0.9333333333333332,0.8508634222919937,0.1278538812785388,0.5,14.0,1084.0,1.0,190.0
922,"dnn_v2_(128, 64, 32)_drop0.1_lr0.005_wd1e-05",ok,4.08,0.8319237372368302,0.5109350076886043,0.178425145246509,0.7455391776570985,0.7794117647058824,0.7391705069124423,0.3597285067873303,0.946871310507674,0.4922600619195046,0.5,159.0,802.0,283.0,45.0
923,adaboost_n100_lr0.5,ok,2.55,0.8318650040661426,0.5331310511070524,0.1534506341607691,0.8642358417377812,0.3431372549019608,0.9622119815668204,0.6306306306306306,0.8862478777589134,0.4444444444444444,0.5,70.0,1044.0,41.0,134.0
924,logreg_C0.001_None_liblinear,ok,0.09,0.8318514502575223,0.5187126372231963,0.1828513377210695,0.8332040341349883,0.5686274509803921,0.8829493087557604,0.4773662551440329,0.9158699808795412,0.5190156599552572,0.5,116.0,958.0,127.0,88.0
925,logreg_C0.03_None_liblinear,ok,0.1,0.8318378964489022,0.5122555866439795,0.1054373920758685,0.8549262994569433,0.3235294117647059,0.9548387096774194,0.5739130434782609,0.8824531516183987,0.4137931034482758,0.5,66.0,1036.0,49.0,138.0
926,catboost_n500_d4_lr0.2,ok,3.62,0.8316571790006325,0.5532398062129287,0.1080414986047279,0.8712179984484096,0.3872549019607843,0.9622119815668204,0.6583333333333333,0.893071000855432,0.4876543209876543,0.5,79.0,1044.0,41.0,125.0
927,xgboost_dart_n300_d5_lr0.05_drop0.1,ok,15.79,0.8315487485316708,0.5664783443730752,0.0962109949907897,0.8820791311093871,0.3529411764705882,0.9815668202764976,0.782608695652174,0.8897243107769424,0.4864864864864865,0.5,72.0,1065.0,20.0,132.0
928,xgboost_n200_d7_lr0.01,ok,2.64,0.831544230595464,0.558871495425975,0.0971052236880568,0.8805275407292474,0.3333333333333333,0.983410138248848,0.7906976744186046,0.8869492934330839,0.4689655172413793,0.5,68.0,1067.0,18.0,136.0
929,xgboost_n300_d3_lr0.01,ok,1.12,0.831544230595464,0.559810902774737,0.0974605716423776,0.8797517455391777,0.3529411764705882,0.9788018433179724,0.7578947368421053,0.8894472361809045,0.4816053511705686,0.5,72.0,1062.0,23.0,132.0
930,extra_trees_n100_d5,ok,1.04,0.8315397126592573,0.5319732175358826,0.1110117668389209,0.8448409619860356,0.0245098039215686,0.9990783410138248,0.8333333333333334,0.8448947778643804,0.0476190476190476,0.5,5.0,1084.0,1.0,199.0
931,"dnn_(64,)_drop0.3_lr0.001_bs16",ok,6.22,0.83150808710581,0.5082247129200304,0.1642436254341336,0.7796741660201707,0.696078431372549,0.7953917050691244,0.3901098901098901,0.932972972972973,0.5,0.5,142.0,863.0,222.0,62.0
932,gbdt_sklearn_n200_lr0.05_sub1.0,ok,9.81,0.8315035691696033,0.5498484935386335,0.0986949735044029,0.8743211792086889,0.3725490196078431,0.968663594470046,0.6909090909090909,0.8914334181509754,0.4840764331210191,0.5,76.0,1051.0,34.0,128.0
933,"dnn_v2_(32,)_drop0.2_lr0.005_wd1e-05",ok,2.09,0.8314900153609832,0.5003106210539549,0.1547129903448842,0.791311093871218,0.7107843137254902,0.8064516129032258,0.4084507042253521,0.936830835117773,0.518783542039356,0.5,145.0,875.0,210.0,59.0
934,"convnet_(16, 32, 64)_k5_drop0.1_lr0.001",ok,12.83,0.8314900153609831,0.4676386050603766,0.174981917293436,0.7587276958882855,0.75,0.7603686635944701,0.3704600484261501,0.9417808219178082,0.4959481361426256,0.5,153.0,825.0,260.0,51.0
935,"dnn_v2_(128,)_drop0.1_lr0.005_wd1e-05",ok,2.29,0.8314448359989157,0.5007352481852319,0.1491138717428238,0.8006206361520558,0.6911764705882353,0.8211981566820277,0.4208955223880597,0.9339622641509434,0.5231910946196661,0.5,141.0,891.0,194.0,63.0
936,catboost_n300_d4_lr0.001,ok,2.2,0.8314177283816753,0.5394920376829043,0.1699534888759303,0.8471683475562451,0.0392156862745098,0.9990783410138248,0.8888888888888888,0.846875,0.0751173708920187,0.5,8.0,1084.0,1.0,196.0
937,"dnn_v2_(32,)_drop0.2_lr0.005_wd0.0001",ok,2.03,0.8313815848920213,0.5003357860452556,0.1547144927090937,0.7897595034910784,0.7058823529411765,0.8055299539170507,0.4056338028169014,0.9357601713062098,0.5152057245080501,0.5,144.0,874.0,211.0,60.0
938,"dnn_v2_(32, 16)_drop0.4_lr0.001_wd0.01",ok,5.18,0.8313770669558146,0.509952735165981,0.164819123278455,0.7688130333591932,0.7205882352941176,0.7778801843317973,0.3788659793814433,0.9367369589345172,0.4966216216216216,0.5,147.0,844.0,241.0,57.0
939,"dnn_v2_(128, 64, 32)_drop0.4_lr0.005_wd1e-05",ok,4.67,0.8313318875937472,0.5267082166328766,0.1749299043206074,0.7315748642358417,0.7892156862745098,0.7207373271889401,0.3469827586206896,0.947878787878788,0.4820359281437126,0.5,161.0,782.0,303.0,43.0
940,xgboost_n300_d3_lr0.05,ok,1.09,0.831318333785127,0.5548327768482849,0.0982575908900431,0.8750969743987588,0.4264705882352941,0.9594470046082948,0.6641221374045801,0.8989637305699482,0.5194029850746269,0.5,87.0,1041.0,44.0,117.0
941,"dnn_v2_(64,)_drop0.4_lr0.001_wd0.01",ok,3.58,0.8312821902954731,0.5074429877075827,0.1626551775213499,0.7812257564003103,0.7009803921568627,0.7963133640552995,0.3928571428571428,0.934054054054054,0.5035211267605634,0.5,143.0,864.0,221.0,61.0
942,scratch_gbdt_n100_d3_lr0.1,ok,43.23,0.8312370109334057,0.5540053811750593,0.0999210805292543,0.8719937936384794,0.3578431372549019,0.968663594470046,0.6822429906542056,0.88917089678511,0.4694533762057878,0.5,73.0,1051.0,34.0,131.0
943,"dnn_v2_(128,)_drop0.4_lr0.005_wd0.001",ok,2.68,0.8312099033161652,0.5064944964424962,0.1546708033332821,0.7788983708301008,0.6617647058823529,0.8009216589861751,0.3846153846153846,0.9264392324093816,0.4864864864864865,0.5,135.0,869.0,216.0,69.0
944,adaboost_n200_lr1.0,ok,4.99,0.8311466522092709,0.501703624976494,0.2008432304400487,0.8634600465477114,0.4166666666666667,0.9474654377880184,0.5985915492957746,0.8962510897994769,0.4913294797687861,0.5,85.0,1028.0,57.0,119.0
945,catboost_n100_d5_lr0.001,ok,1.17,0.8311014728472034,0.5360559524235095,0.2156303243192029,0.8440651667959659,0.0196078431372549,0.9990783410138248,0.8,0.8442367601246106,0.0382775119617224,0.5,4.0,1084.0,1.0,200.0
946,extra_trees_n100_d20,ok,1.08,0.8310901780066865,0.5403511833372933,0.1014473121579784,0.8634600465477114,0.2205882352941176,0.9843317972350232,0.7258064516129032,0.8704156479217604,0.3383458646616541,0.5,45.0,1068.0,17.0,159.0
947,catboost_n300_d4_lr0.2,ok,2.28,0.8310517755489293,0.5466012481418734,0.1062531068157865,0.8704422032583398,0.3872549019607843,0.9612903225806452,0.6528925619834711,0.8929794520547946,0.4861538461538461,0.5,79.0,1043.0,42.0,125.0
948,"dnn_v2_(64,)_drop0.1_lr0.001_wd0.01",ok,3.24,0.8310517755489293,0.5145263359044472,0.1575116331012028,0.7936384794414275,0.6911764705882353,0.8129032258064516,0.4098837209302325,0.9333333333333332,0.5145985401459854,0.5,141.0,882.0,203.0,63.0
949,xgboost_dart_n300_d3_lr0.1_drop0.1,ok,14.36,0.8309840065058282,0.5564968195494912,0.0966879497407182,0.8820791311093871,0.392156862745098,0.9741935483870968,0.7407407407407407,0.8950042337002541,0.5128205128205128,0.5,80.0,1057.0,28.0,124.0
950,logreg_C0.003_None_lbfgs,ok,0.09,0.830934309207554,0.5182653731400264,0.1053474286831003,0.8549262994569433,0.1568627450980392,0.9861751152073732,0.6808510638297872,0.8615136876006442,0.2549800796812749,0.5,32.0,1070.0,15.0,172.0
951,"dnn_v2_(32, 16)_drop0.4_lr0.001_wd0.0001",ok,5.21,0.8309162374627271,0.5105600280498422,0.1656772533712425,0.764934057408844,0.7205882352941176,0.7732718894009216,0.3740458015267175,0.9363839285714286,0.4924623115577889,0.5,147.0,839.0,246.0,57.0
952,catboost_plain_n300_d4_lr0.1,ok,2.35,0.8309117195265203,0.530903972241798,0.1039742140478021,0.8673390224980605,0.3676470588235294,0.9612903225806452,0.6410256410256411,0.8899317406143344,0.4672897196261682,0.5,75.0,1043.0,42.0,129.0
953,"dnn_v2_(128, 64)_drop0.4_lr0.005_wd0.0001",ok,3.51,0.8309117195265203,0.5134302895615878,0.1708992221099644,0.7602792862684251,0.7598039215686274,0.7603686635944701,0.3734939759036144,0.9439359267734554,0.5008077544426495,0.5,155.0,825.0,260.0,49.0
954,catboost_n300_d4_lr0.1,ok,2.27,0.8309117195265203,0.530903972241798,0.1039742140478021,0.8673390224980605,0.3676470588235294,0.9612903225806452,0.6410256410256411,0.8899317406143344,0.4672897196261682,0.5,75.0,1043.0,42.0,129.0
955,"dnn_v2_(32, 16)_drop0.4_lr0.005_wd0.0001",ok,3.69,0.8308891298454865,0.5049943162111118,0.166724349339865,0.7517455391776571,0.7303921568627451,0.7557603686635944,0.359903381642512,0.9371428571428572,0.4822006472491909,0.5,149.0,820.0,265.0,55.0
956,"dnn_v2_(128, 64)_drop0.4_lr0.001_wd0.001",ok,4.72,0.8308484684196259,0.493182300851502,0.1716237852830681,0.7571761055081458,0.7352941176470589,0.7612903225806451,0.3667481662591687,0.9386363636363636,0.4893964110929853,0.5,150.0,826.0,259.0,54.0
957,catboost_n300_d5_lr0.2,ok,3.15,0.8307761814403181,0.5363390866959297,0.1080057637036153,0.8750969743987588,0.392156862745098,0.9658986175115208,0.6837606837606838,0.89419795221843,0.4984423676012461,0.5,80.0,1048.0,37.0,124.0
958,"dnn_v2_(64, 32, 16)_drop0.4_lr0.001_wd0.0001",ok,7.19,0.8307716635041112,0.4947029904774034,0.1619863156363818,0.7672614429790535,0.7254901960784313,0.7751152073732719,0.3775510204081632,0.9375696767001116,0.4966442953020134,0.5,148.0,841.0,244.0,56.0
959,"dnn_v2_(128,)_drop0.1_lr0.005_wd0.01",ok,2.75,0.8307084123972168,0.5019138759377715,0.1462549020209623,0.7967416602017068,0.6666666666666666,0.8211981566820277,0.4121212121212121,0.9290928050052136,0.5093632958801498,0.5,136.0,891.0,194.0,68.0
960,scratch_gbdt_n100_d2_lr0.1,ok,27.22,0.8306948585885967,0.5302451088375245,0.100410632983455,0.8665632273079907,0.3333333333333333,0.966820276497696,0.6538461538461539,0.8852320675105485,0.4415584415584415,0.5,68.0,1049.0,36.0,136.0
961,"dnn_v2_(64,)_drop0.1_lr0.005_wd0.0001",ok,2.54,0.8306587150989428,0.5090103016510702,0.166960635728588,0.764934057408844,0.7303921568627451,0.7714285714285715,0.3753148614609571,0.938340807174888,0.4958402662229617,0.5,149.0,837.0,248.0,55.0
962,"dnn_v2_(64, 32)_drop0.1_lr0.001_wd0.01",ok,3.64,0.8306451612903226,0.5018366681432817,0.1773825913468124,0.764934057408844,0.7647058823529411,0.7649769585253456,0.3795620437956204,0.9453302961275628,0.5073170731707317,0.5,156.0,830.0,255.0,48.0
963,adaboost_n500_lr0.5,ok,12.66,0.8306361254179092,0.5273536361293658,0.193336007831375,0.8704422032583398,0.392156862745098,0.96036866359447,0.6504065040650406,0.8936535162950258,0.4892966360856269,0.5,80.0,1042.0,43.0,124.0
964,"dnn_v2_(16,)_drop0.1_lr0.001_wd0.001",ok,3.42,0.8306270895454957,0.4943744850984765,0.1592889165458891,0.7874321179208689,0.7058823529411765,0.8027649769585253,0.4022346368715084,0.9355531686358756,0.5124555160142349,0.5,144.0,871.0,214.0,60.0
965,xgboost_n200_d3_lr0.1,ok,0.78,0.8306090178006686,0.544643242170749,0.0996209352628736,0.878200155159038,0.4117647058823529,0.9658986175115208,0.6942148760330579,0.8972602739726028,0.5169230769230769,0.5,84.0,1048.0,37.0,120.0
966,"dnn_(64,)_drop0.1_lr0.001_bs16",ok,5.93,0.8305683563748081,0.5094900623367419,0.1658137031987253,0.7742435996896819,0.7205882352941176,0.784331797235023,0.3858267716535433,0.9372246696035242,0.5025641025641026,0.5,147.0,851.0,234.0,57.0
967,lightgbm_dart_n100_leaves31_lr0.05,ok,0.85,0.8305367308213608,0.5674005447145883,0.0989199378776459,0.8688906128782001,0.3382352941176471,0.968663594470046,0.6699029126213593,0.8861720067453626,0.4495114006514658,0.5,69.0,1051.0,34.0,135.0
968,"dnn_v2_(32, 16)_drop0.4_lr0.005_wd0.01",ok,3.93,0.8305276949489473,0.4871174461716752,0.1614452228218543,0.7509697439875873,0.75,0.7511520737327189,0.3617021276595745,0.941108545034642,0.4880382775119617,0.5,153.0,815.0,270.0,51.0
969,"dnn_(128,)_drop0.1_lr0.003_bs32",ok,2.97,0.8305231770127405,0.5029725292659775,0.1563010604193414,0.7820015515903801,0.6862745098039216,0.8,0.392156862745098,0.9313304721030042,0.499108734402852,0.5,140.0,868.0,217.0,64.0
970,"dnn_v2_(16,)_drop0.1_lr0.001_wd1e-05",ok,4.96,0.8304689617782598,0.4923245821512266,0.155932450957608,0.7905352986811481,0.696078431372549,0.808294930875576,0.4057142857142857,0.933972310969116,0.5126353790613718,0.5,142.0,877.0,208.0,62.0
971,"dnn_v2_(32,)_drop0.2_lr0.001_wd0.01",ok,3.47,0.8304689617782596,0.4859260869860369,0.1607337966428549,0.7843289371605896,0.6911764705882353,0.8018433179723502,0.3960674157303371,0.932475884244373,0.5035714285714286,0.5,141.0,870.0,215.0,63.0
972,"dnn_v2_(32,)_drop0.2_lr0.005_wd0.001",ok,2.01,0.8304373362248125,0.5010920191121327,0.1548333428912355,0.7889837083010085,0.7009803921568627,0.8055299539170507,0.403954802259887,0.93475935828877,0.5125448028673835,0.5,143.0,874.0,211.0,61.0
973,"dnn_v2_(32,)_drop0.4_lr0.001_wd0.01",ok,4.11,0.830428300352399,0.4904156595350403,0.1588035861192933,0.7781225756400311,0.6862745098039216,0.7953917050691244,0.3867403314917127,0.930960086299892,0.4946996466431095,0.5,140.0,863.0,222.0,64.0
974,xgboost_n800_d3_lr0.05,ok,2.9,0.8304147465437788,0.5492291262180574,0.1030629554466763,0.873545384018619,0.4362745098039216,0.9557603686635944,0.6496350364963503,0.9001736111111112,0.5219941348973607,0.5,89.0,1037.0,48.0,115.0
975,"dnn_v2_(64,)_drop0.1_lr0.005_wd1e-05",ok,2.38,0.8304102286075721,0.5087684546628533,0.1670525414430209,0.764934057408844,0.7303921568627451,0.7714285714285715,0.3753148614609571,0.938340807174888,0.4958402662229617,0.5,149.0,837.0,248.0,55.0
976,catboost_n300_d6_lr0.1,ok,4.74,0.8303695671817115,0.5431258770240037,0.1052446999998437,0.8704422032583398,0.3578431372549019,0.966820276497696,0.6697247706422018,0.8889830508474577,0.4664536741214057,0.5,73.0,1049.0,36.0,131.0
977,catboost_plain_n300_d6_lr0.1,ok,4.91,0.8303695671817115,0.5431258770240037,0.1052446999998437,0.8704422032583398,0.3578431372549019,0.966820276497696,0.6697247706422018,0.8889830508474577,0.4664536741214057,0.5,73.0,1049.0,36.0,131.0
978,logreg_C0.001_balanced_liblinear,ok,0.09,0.830360531309298,0.5176342352772922,0.2112533052756058,0.7098525989138867,0.8333333333333334,0.6866359447004609,0.3333333333333333,0.9563543003851092,0.4761904761904761,0.5,170.0,745.0,340.0,34.0
979,xgboost_dart_n200_d3_lr0.1_drop0.1,ok,8.29,0.8302927622661969,0.5571502115808787,0.0968074587607856,0.8828549262994569,0.392156862745098,0.9751152073732718,0.7476635514018691,0.8950930626057529,0.5144694533762058,0.5,80.0,1058.0,27.0,124.0
980,catboost_n100_d7_lr0.2,ok,2.66,0.8302566187765428,0.5379649352107508,0.105614725672547,0.8712179984484096,0.3431372549019608,0.9705069124423964,0.6862745098039216,0.8871103622577927,0.457516339869281,0.5,70.0,1053.0,32.0,134.0
981,"convnet_v2_(32, 64)_k5_drop0.4_lr0.01",ok,11.67,0.8302295111593024,0.477123067506171,0.1740836754398706,0.7439875872769589,0.7745098039215687,0.7382488479262673,0.3574660633484163,0.9456906729634004,0.4891640866873065,0.5,158.0,801.0,284.0,46.0
982,catboost_n100_d5_lr0.2,ok,1.16,0.8301436703713743,0.5176244980357751,0.1040285766239118,0.8642358417377812,0.3529411764705882,0.96036866359447,0.6260869565217392,0.8875638841567292,0.45141065830721,0.5,72.0,1042.0,43.0,132.0
983,"dnn_v2_(32, 16)_drop0.2_lr0.005_wd1e-05",ok,3.23,0.8300442757748259,0.4967162511235923,0.1611890231370262,0.7548487199379363,0.7156862745098039,0.7622119815668202,0.3613861386138614,0.9344632768361582,0.4802631578947368,0.5,146.0,827.0,258.0,58.0
984,lda_lsqr,ok,0.11,0.8299855426041385,0.5127990836583612,0.1103330538553782,0.8588052754072925,0.3774509803921568,0.9493087557603688,0.5833333333333334,0.8902333621434745,0.4583333333333333,0.5,77.0,1030.0,55.0,127.0
985,lda_eigen,ok,0.13,0.8299855426041385,0.5127990836583612,0.1103330538553782,0.8588052754072925,0.3774509803921568,0.9493087557603688,0.5833333333333334,0.8902333621434745,0.4583333333333333,0.5,77.0,1030.0,55.0,127.0
986,"dnn_v2_(128,)_drop0.4_lr0.001_wd0.1",ok,4.3,0.8299719887955183,0.4952599886319641,0.1676999757100995,0.7757951900698216,0.7254901960784313,0.7852534562211981,0.3884514435695538,0.9383259911894272,0.505982905982906,0.5,148.0,852.0,233.0,56.0
987,"dnn_v2_(16,)_drop0.1_lr0.001_wd0.0001",ok,3.31,0.829958434986898,0.4934219740481625,0.1593668067933225,0.7858805275407292,0.7058823529411765,0.8009216589861751,0.4,0.9354144241119484,0.5106382978723404,0.5,144.0,869.0,216.0,60.0
988,"dnn_v2_(128,)_drop0.4_lr0.005_wd0.0001",ok,2.43,0.829958434986898,0.5100379211836842,0.1540542060920322,0.7858805275407292,0.6617647058823529,0.8092165898617512,0.3947368421052631,0.9271383315733897,0.4945054945054945,0.5,135.0,878.0,207.0,69.0
989,logreg_C0.03_None_lbfgs,ok,0.09,0.8299493991144844,0.5068929887405607,0.1044180169691114,0.8564778898370831,0.2696078431372549,0.966820276497696,0.6043956043956044,0.8756260434056762,0.3728813559322034,0.5,55.0,1049.0,36.0,149.0
990,adaboost_n300_lr0.1,ok,7.6,0.8299448811782778,0.5472368538891965,0.1365913094244304,0.86966640806827,0.25,0.9861751152073732,0.7727272727272727,0.874897792313982,0.3777777777777777,0.5,51.0,1070.0,15.0,153.0
991,xgboost_n200_d3_lr0.01,ok,0.81,0.8299177735610374,0.5567017064239667,0.0987318333724596,0.873545384018619,0.2892156862745098,0.983410138248848,0.7662337662337663,0.8803630363036303,0.4199288256227758,0.5,59.0,1067.0,18.0,145.0
992,"dnn_(128, 64, 32)_drop0.3_lr0.001_bs16",ok,11.85,0.8298997018162103,0.5126902723373196,0.1629093400438811,0.7587276958882855,0.7254901960784313,0.7649769585253456,0.3672456575682382,0.9367945823927766,0.4876441515650741,0.5,148.0,830.0,255.0,56.0
993,"dnn_(64, 32)_drop0.1_lr0.001_bs16",ok,8.23,0.8298409686455227,0.5022703876249196,0.1672830339931764,0.7680372381691234,0.7401960784313726,0.7732718894009216,0.380352644836272,0.9405829596412556,0.502495840266223,0.5,151.0,839.0,246.0,53.0
994,"dnn_v2_(32, 16)_drop0.4_lr0.001_wd0.001",ok,4.93,0.8298093430920757,0.5098931683752029,0.1660799714429904,0.7672614429790535,0.7156862745098039,0.7769585253456222,0.3762886597938144,0.9356270810210876,0.4932432432432432,0.5,146.0,843.0,242.0,58.0
995,xgboost_dart_n100_d7_lr0.05_drop0.1,ok,3.24,0.829800307219662,0.5538525039615654,0.0975780849900729,0.8789759503491078,0.3039215686274509,0.9870967741935484,0.8157894736842105,0.8829348722176422,0.4428571428571428,0.5,62.0,1071.0,14.0,142.0
996,catboost_n800_d4_lr0.2,ok,5.86,0.8297777175386283,0.5511996009153697,0.1100287913778576,0.8712179984484096,0.392156862745098,0.9612903225806452,0.6557377049180327,0.8937446443873179,0.4907975460122699,0.5,80.0,1043.0,42.0,124.0
997,logreg_C0.001_balanced_lbfgs,ok,0.11,0.8297686816662149,0.5159169567070016,0.1780137752577648,0.7905352986811481,0.6568627450980392,0.815668202764977,0.4011976047904191,0.9267015706806284,0.4981412639405204,0.5,134.0,885.0,200.0,70.0
998,"dnn_v2_(64,)_drop0.4_lr0.005_wd0.01",ok,2.93,0.8297370561127676,0.508962578568595,0.1605707103975739,0.7657098525989139,0.696078431372549,0.7788018433179723,0.3717277486910995,0.9316427783902976,0.4846416382252559,0.5,142.0,845.0,240.0,62.0
999,adaboost_n50_lr0.5,ok,1.34,0.8297167253998373,0.5358932079107762,0.1369160240538735,0.8642358417377812,0.3382352941176471,0.9631336405529954,0.6330275229357798,0.885593220338983,0.4408945686900958,0.5,69.0,1045.0,40.0,135.0
1000,"dnn_v2_(128,)_drop0.4_lr0.005_wd0.01",ok,3.5,0.8296557332610464,0.502592678678722,0.1519676456866838,0.7897595034910784,0.6813725490196079,0.8101382488479263,0.4028985507246377,0.9311440677966102,0.5063752276867031,0.5,139.0,879.0,206.0,65.0
1001,"dnn_v2_(128, 64, 32)_drop0.4_lr0.005_wd0.0001",ok,4.91,0.8296331435800128,0.5162281658730792,0.1731395871938888,0.7424359968968193,0.7696078431372549,0.7373271889400922,0.3552036199095023,0.9445100354191264,0.4860681114551083,0.5,157.0,800.0,285.0,47.0
1002,catboost_n200_d5_lr0.2,ok,2.17,0.8295473027920846,0.5267008131477688,0.1070072979617299,0.8743211792086889,0.3872549019607843,0.9658986175115208,0.6810344827586207,0.8934356351236147,0.49375,0.5,79.0,1048.0,37.0,125.0
1003,"dnn_v2_(128,)_drop0.4_lr0.005_wd0.1",ok,3.12,0.8295292310472576,0.5052464315421141,0.1673293911775613,0.7765709852598914,0.7205882352941176,0.7870967741935484,0.3888888888888889,0.937431394072448,0.5051546391752577,0.5,147.0,854.0,231.0,57.0
1004,xgboost_n500_d3_lr0.05,ok,1.72,0.8294885696213969,0.5514735818277353,0.100627375672328,0.8750969743987588,0.4411764705882353,0.9566820276497696,0.656934306569343,0.9010416666666666,0.5278592375366569,0.5,90.0,1038.0,47.0,114.0
1005,ridge_alpha100,ok,0.09,0.8294569440679498,0.5092996802442108,0.143348121329081,0.8595810705973623,0.230392156862745,0.9778801843317972,0.6619718309859155,0.8711001642036125,0.3418181818181818,0.5,47.0,1061.0,24.0,157.0
1006,adaboost_n500_lr0.1,ok,12.47,0.8294320954188128,0.5431915786041122,0.1483777852402565,0.873545384018619,0.2794117647058823,0.9852534562211982,0.7808219178082192,0.8791118421052632,0.4115523465703971,0.5,57.0,1069.0,16.0,147.0
1007,scratch_gbdt_n100_d2_lr0.05,ok,27.26,0.8294253185145026,0.5317937910192968,0.0998567834233661,0.8688906128782001,0.3186274509803921,0.9723502304147466,0.6842105263157895,0.8835845896147404,0.4347826086956521,0.5,65.0,1055.0,30.0,139.0
1008,xgboost_dart_n200_d5_lr0.05_drop0.1,ok,8.58,0.8294208005782959,0.567677606976206,0.096568634827005,0.8789759503491078,0.3333333333333333,0.9815668202764976,0.7727272727272727,0.8867610324729392,0.4657534246575342,0.5,68.0,1065.0,20.0,136.0
1009,xgboost_dart_n300_d3_lr0.05_drop0.1,ok,14.92,0.8294049878015722,0.5558028548222881,0.097923808716903,0.8766485647788984,0.3284313725490196,0.9797235023041476,0.7528089887640449,0.8858333333333334,0.4573378839590443,0.5,67.0,1063.0,22.0,137.0
1010,catboost_n800_d4_lr0.1,ok,5.97,0.8293846570886421,0.528715552059581,0.1095566528807859,0.86966640806827,0.3872549019607843,0.96036866359447,0.6475409836065574,0.8928877463581834,0.4846625766871165,0.5,79.0,1042.0,43.0,125.0
1011,xgboost_n800_d3_lr0.1,ok,2.65,0.8293394777265745,0.5416599206862495,0.1078870246403389,0.86966640806827,0.4117647058823529,0.9557603686635944,0.6363636363636364,0.8962834917891098,0.5,0.5,84.0,1037.0,48.0,120.0
1012,"dnn_v2_(128,)_drop0.1_lr0.005_wd0.001",ok,2.68,0.8293394777265743,0.4961640458533001,0.1501977307744714,0.7897595034910784,0.6764705882352942,0.8110599078341014,0.4023323615160349,0.9302325581395348,0.5045703839122486,0.5,138.0,880.0,205.0,66.0
1013,"dnn_(128, 64)_drop0.3_lr0.003_bs16",ok,8.22,0.8292310472576128,0.5164966354465728,0.172156060866842,0.7447633824670287,0.7549019607843137,0.7428571428571429,0.3556581986143187,0.9415887850467288,0.4835164835164835,0.5,154.0,806.0,279.0,50.0
1014,"dnn_v2_(64,)_drop0.4_lr0.001_wd0.001",ok,3.2,0.8292310472576127,0.5091468278205978,0.1644304343354971,0.7765709852598914,0.7156862745098039,0.7880184331797235,0.3882978723404255,0.936473165388828,0.503448275862069,0.5,146.0,855.0,230.0,58.0
1015,"dnn_v2_(128, 64, 32)_drop0.1_lr0.005_wd0.01",ok,4.29,0.8292129755127857,0.5116260789249456,0.1665802752146657,0.7595034910783554,0.7450980392156863,0.7622119815668202,0.3707317073170731,0.9408418657565416,0.495114006514658,0.5,152.0,827.0,258.0,52.0
1016,adaboost_n200_lr0.1,ok,4.99,0.8291497244058914,0.5439471971830372,0.1289501930167886,0.8665632273079907,0.2009803921568627,0.991705069124424,0.82,0.8684422921711057,0.3228346456692913,0.5,41.0,1076.0,9.0,163.0
1017,"dnn_v2_(64,)_drop0.4_lr0.001_wd0.0001",ok,3.52,0.8291135809162375,0.5098089962414374,0.1640171368201613,0.7765709852598914,0.7156862745098039,0.7880184331797235,0.3882978723404255,0.936473165388828,0.503448275862069,0.5,146.0,855.0,230.0,58.0
1018,lightgbm_dart_n100_leaves15_lr0.05,ok,0.54,0.8291000271076171,0.5540706265700445,0.0992554179943315,0.8758727695888285,0.3529411764705882,0.9741935483870968,0.72,0.8889823380992431,0.4736842105263157,0.5,72.0,1057.0,28.0,132.0
1019,catboost_plain_n200_d6_lr0.1,ok,3.3,0.829018704255896,0.5405431747971172,0.1032361778220319,0.8712179984484096,0.3382352941176471,0.9714285714285714,0.69,0.8864592094196804,0.4539473684210526,0.5,69.0,1054.0,31.0,135.0
1020,catboost_n200_d6_lr0.1,ok,3.35,0.829018704255896,0.5405431747971172,0.1032361778220319,0.8712179984484096,0.3382352941176471,0.9714285714285714,0.69,0.8864592094196804,0.4539473684210526,0.5,69.0,1054.0,31.0,135.0
1021,"mlp_(16,)_logistic",ok,7.9,0.8290096683834824,0.4733564751432221,0.113381456156247,0.8487199379363848,0.4264705882352941,0.928110599078341,0.5272727272727272,0.8959074733096085,0.4715447154471545,0.5,87.0,1007.0,78.0,117.0
1022,"dnn_v2_(128, 64)_drop0.1_lr0.005_wd0.01",ok,3.27,0.8289961145748621,0.5071810384452498,0.1649966287797099,0.7688130333591932,0.7450980392156863,0.7732718894009216,0.3819095477386934,0.941638608305275,0.5049833887043189,0.5,152.0,839.0,246.0,52.0
1023,"dnn_v2_(64,)_drop0.4_lr0.001_wd1e-05",ok,3.44,0.8289690069576219,0.5092217802456933,0.1640750274257486,0.7773467804499612,0.7156862745098039,0.7889400921658987,0.3893333333333333,0.936542669584245,0.5043177892918825,0.5,146.0,856.0,229.0,58.0
1024,"dnn_v2_(64, 32)_drop0.1_lr0.001_wd1e-05",ok,3.51,0.8289599710852082,0.5015460494654634,0.1789100854150881,0.7571761055081458,0.7549019607843137,0.7576036866359447,0.369304556354916,0.9426605504587156,0.4959742351046698,0.5,154.0,822.0,263.0,50.0
1025,"dnn_v2_(64,)_drop0.2_lr0.001_wd0.001",ok,3.28,0.8289238275955544,0.5081343008614353,0.1590323723189267,0.7858805275407292,0.7058823529411765,0.8009216589861751,0.4,0.9354144241119484,0.5106382978723404,0.5,144.0,869.0,216.0,60.0
1026,"dnn_v2_(64, 32)_drop0.1_lr0.001_wd0.0001",ok,3.95,0.8289057558507273,0.5014096086556216,0.1789003246982729,0.7571761055081458,0.7549019607843137,0.7576036866359447,0.369304556354916,0.9426605504587156,0.4959742351046698,0.5,154.0,822.0,263.0,50.0
1027,"dnn_(64, 32)_drop0.1_lr0.001_bs32",ok,4.27,0.8289057558507273,0.5014096086556216,0.1789003246982729,0.7571761055081458,0.7549019607843137,0.7576036866359447,0.369304556354916,0.9426605504587156,0.4959742351046698,0.5,154.0,822.0,263.0,50.0
1028,gbdt_sklearn_n300_lr0.05_sub1.0,ok,15.22,0.8288876841059003,0.5394638643693855,0.1003951080589892,0.8750969743987588,0.3872549019607843,0.966820276497696,0.6869565217391305,0.893526405451448,0.4952978056426332,0.5,79.0,1049.0,36.0,125.0
1029,"dnn_(64,)_drop0.3_lr0.003_bs32",ok,2.8,0.8288515406162464,0.5053872778142198,0.1723731606175927,0.761055081458495,0.7450980392156863,0.7640552995391705,0.3725490196078431,0.9409761634506244,0.4967320261437908,0.5,152.0,829.0,256.0,52.0
1030,"dnn_v2_(16,)_drop0.1_lr0.005_wd1e-05",ok,2.07,0.8288018433179724,0.5031123656105311,0.1622000069082304,0.7726920093095423,0.7009803921568627,0.7861751152073733,0.3813333333333333,0.9332603938730852,0.4939550949913644,0.5,143.0,853.0,232.0,61.0
1031,catboost_plain_n100_d6_lr0.1,ok,1.68,0.8287837715731453,0.5511099331721748,0.0994350337918981,0.8743211792086889,0.3333333333333333,0.976036866359447,0.723404255319149,0.8861924686192468,0.4563758389261745,0.5,68.0,1059.0,26.0,136.0
1032,catboost_n100_d6_lr0.1,ok,1.69,0.8287837715731453,0.5511099331721748,0.0994350337918981,0.8743211792086889,0.3333333333333333,0.976036866359447,0.723404255319149,0.8861924686192468,0.4563758389261745,0.5,68.0,1059.0,26.0,136.0
1033,catboost_n500_d4_lr0.1,ok,3.59,0.8287431101472847,0.5326530745019207,0.1068863047947309,0.8704422032583398,0.3823529411764705,0.9622119815668204,0.6554621848739496,0.8923076923076924,0.4829721362229102,0.5,78.0,1044.0,41.0,126.0
1034,"dnn_(256, 128)_drop0.1_lr0.003_bs16",ok,8.6,0.828738592211078,0.515777791954381,0.1553278671682846,0.7688130333591932,0.7009803921568627,0.7815668202764977,0.3763157894736842,0.9328932893289328,0.4897260273972603,0.5,143.0,848.0,237.0,61.0
1035,xgboost_dart_n100_d3_lr0.1_drop0.1,ok,1.66,0.8287340742748712,0.5557157495241544,0.0971162800529491,0.8813033359193173,0.3823529411764705,0.9751152073732718,0.7428571428571429,0.893581081081081,0.5048543689320388,0.5,78.0,1058.0,27.0,126.0
1036,xgboost_n300_d3_lr0.1,ok,1.08,0.8287250384024578,0.5413386915568845,0.1021351986822464,0.8719937936384794,0.4019607843137255,0.96036866359447,0.656,0.8951890034364262,0.4984802431610942,0.5,82.0,1042.0,43.0,122.0
1037,"dnn_(64,)_drop0.3_lr0.003_bs16",ok,5.71,0.8287069666576308,0.5115760008005773,0.1646490524710016,0.7664856477889838,0.7156862745098039,0.776036866359447,0.3753213367609254,0.9355555555555556,0.4924114671163575,0.5,146.0,842.0,243.0,58.0
1038,gbdt_sklearn_n300_lr0.01_sub1.0,ok,15.23,0.8287047076895274,0.5649017967586337,0.0971542474410197,0.878200155159038,0.3333333333333333,0.9806451612903224,0.7640449438202247,0.8866666666666667,0.4641638225255973,0.5,68.0,1064.0,21.0,136.0
1039,"dnn_v2_(64,)_drop0.2_lr0.001_wd0.0001",ok,3.24,0.8286888949128038,0.5074818833073438,0.1587738795525579,0.7874321179208689,0.7058823529411765,0.8027649769585253,0.4022346368715084,0.9355531686358756,0.5124555160142349,0.5,144.0,871.0,214.0,60.0
1040,"dnn_(64, 32, 16)_drop0.1_lr0.003_bs32",ok,5.17,0.8286888949128037,0.4979548001905255,0.168068087291684,0.7579519006982157,0.7549019607843137,0.7585253456221198,0.3701923076923077,0.9427262313860252,0.4967741935483871,0.5,154.0,823.0,262.0,50.0
1041,linear_svc_C0.01_l1,ok,0.1,0.8286482334869432,0.516953261547834,0.1503820712688122,0.8588052754072925,0.1666666666666666,0.9889400921658986,0.7391304347826086,0.8632341110217217,0.272,0.5,34.0,1073.0,12.0,170.0
1042,"dnn_v2_(32, 16)_drop0.4_lr0.001_wd0.1",ok,5.96,0.8286391976145296,0.5132254559149108,0.1703477864407558,0.7781225756400311,0.7058823529411765,0.791705069124424,0.3891891891891892,0.9347116430903156,0.5017421602787456,0.5,144.0,859.0,226.0,60.0
1043,"dnn_v2_(64,)_drop0.2_lr0.001_wd1e-05",ok,3.23,0.8285217312731544,0.5076096520230898,0.1587674632689229,0.7858805275407292,0.7058823529411765,0.8009216589861751,0.4,0.9354144241119484,0.5106382978723404,0.5,144.0,869.0,216.0,60.0
1044,"dnn_v2_(128,)_drop0.2_lr0.005_wd1e-05",ok,2.43,0.8284720339748802,0.4972415977311863,0.1510912446187445,0.7889837083010085,0.6666666666666666,0.8119815668202764,0.4,0.928345626975764,0.5,0.5,136.0,881.0,204.0,68.0
1045,"dnn_v2_(64,)_drop0.4_lr0.005_wd0.0001",ok,2.39,0.8283319779524714,0.5085489220744592,0.1725603820382456,0.7532971295577967,0.7352941176470589,0.7566820276497696,0.3623188405797101,0.9382857142857144,0.4854368932038835,0.5,150.0,821.0,264.0,54.0
1046,xgboost_dart_n200_d3_lr0.05_drop0.1,ok,8.52,0.8283252010481612,0.5543735354567854,0.0983160494551498,0.8766485647788984,0.3235294117647059,0.9806451612903224,0.7586206896551724,0.8851913477537438,0.4536082474226804,0.5,66.0,1064.0,21.0,138.0
1047,"dnn_v2_(64,)_drop0.2_lr0.005_wd1e-05",ok,2.17,0.8283093882714376,0.5081078717778512,0.1690421156116367,0.752521334367727,0.7205882352941176,0.7585253456221198,0.3594132029339853,0.9352272727272728,0.4796084828711256,0.5,147.0,823.0,262.0,57.0
1048,"dnn_v2_(64, 32)_drop0.1_lr0.005_wd1e-05",ok,3.3,0.8283048703352309,0.4963266441956641,0.1704607435953919,0.7540729247478666,0.7696078431372549,0.7511520737327189,0.3676814988290398,0.945475638051044,0.4976228209191759,0.5,157.0,815.0,270.0,47.0
1049,gbdt_sklearn_n100_lr0.1_sub1.0,ok,4.96,0.8283048703352309,0.5498863738914507,0.0995739083631776,0.8743211792086889,0.3823529411764705,0.966820276497696,0.6842105263157895,0.8927659574468085,0.490566037735849,0.5,78.0,1049.0,36.0,126.0
1050,linear_svc_C0.1_l1,ok,0.19,0.82825065510075,0.5049856160159694,0.1390856021351015,0.8533747090768037,0.2549019607843137,0.9658986175115208,0.5842696629213483,0.8733333333333333,0.3549488054607508,0.5,52.0,1048.0,37.0,152.0
1051,"dnn_v2_(64, 32)_drop0.1_lr0.001_wd0.001",ok,3.9,0.8281557784404084,0.4962693670303868,0.1723748638795337,0.7664856477889838,0.75,0.7695852534562212,0.379652605459057,0.9424379232505644,0.5041186161449753,0.5,153.0,835.0,250.0,51.0
1052,"dnn_v2_(128, 64)_drop0.2_lr0.005_wd0.01",ok,3.76,0.8281512605042016,0.5124960228900698,0.1584903394826429,0.7726920093095423,0.7303921568627451,0.7806451612903226,0.3850129198966408,0.9390243902439024,0.5042301184433164,0.5,149.0,847.0,238.0,55.0
1053,"dnn_v2_(64,)_drop0.2_lr0.005_wd0.0001",ok,2.2,0.8281422246317882,0.5078456683167694,0.1690278191730233,0.7532971295577967,0.7205882352941176,0.759447004608295,0.3602941176470588,0.9353007945516458,0.4803921568627451,0.5,147.0,824.0,261.0,57.0
1054,"dnn_v2_(128, 64)_drop0.4_lr0.005_wd0.001",ok,3.42,0.8280744555886871,0.5170030423496245,0.1696159783227685,0.7517455391776571,0.7401960784313726,0.7539170506912443,0.361244019138756,0.939150401836969,0.4855305466237942,0.5,151.0,818.0,267.0,53.0
1055,"dnn_(64, 32)_drop0.3_lr0.001_bs32",ok,5.36,0.8280699376524804,0.49148158348567,0.1731565036396819,0.7602792862684251,0.7696078431372549,0.7585253456221198,0.3747016706443914,0.9459770114942528,0.5040128410914928,0.5,157.0,823.0,262.0,47.0
1056,"dnn_v2_(64, 32, 16)_drop0.4_lr0.005_wd0.001",ok,6.63,0.8280112044817928,0.5007584485652734,0.1548642411429357,0.7820015515903801,0.7401960784313726,0.7898617511520737,0.3984168865435356,0.9417582417582416,0.5180102915951973,0.5,151.0,857.0,228.0,53.0
1057,logreg_C1_balanced_liblinear,ok,0.15,0.828006686545586,0.4826294391957764,0.1549615337874836,0.7897595034910784,0.6715686274509803,0.8119815668202764,0.4017595307917888,0.929324894514768,0.5027522935779817,0.5,137.0,881.0,204.0,67.0
1058,"dnn_v2_(64,)_drop0.2_lr0.005_wd0.001",ok,2.22,0.8279795789283456,0.5076115536242133,0.1695206743764077,0.7532971295577967,0.7205882352941176,0.759447004608295,0.3602941176470588,0.9353007945516458,0.4803921568627451,0.5,147.0,824.0,261.0,57.0
1059,xgboost_n800_d3_lr0.2,ok,2.18,0.8279750609921389,0.5392248843303133,0.1075367734780168,0.8743211792086889,0.4215686274509804,0.9594470046082948,0.6615384615384615,0.8981880931837791,0.5149700598802395,0.5,86.0,1041.0,44.0,118.0
1060,"dnn_v2_(128,)_drop0.1_lr0.005_wd0.1",ok,3.3,0.8279434354386915,0.5067475014720125,0.1677557011774357,0.7664856477889838,0.7156862745098039,0.776036866359447,0.3753213367609254,0.9355555555555556,0.4924114671163575,0.5,146.0,842.0,243.0,58.0
1061,"dnn_v2_(64, 32, 16)_drop0.4_lr0.001_wd0.001",ok,6.46,0.8279163278214511,0.4924801331817913,0.1646561628132269,0.7680372381691234,0.7401960784313726,0.7732718894009216,0.380352644836272,0.9405829596412556,0.502495840266223,0.5,151.0,839.0,246.0,53.0
1062,svc_rbf_C1,ok,0.75,0.8279163278214511,0.5144844650878508,0.1028135784158717,0.8595810705973623,0.2794117647058823,0.968663594470046,0.6263736263736264,0.8772954924874792,0.3864406779661017,0.5,57.0,1051.0,34.0,147.0
1063,xgboost_n500_d3_lr0.1,ok,1.64,0.8279118098852445,0.5421151163426368,0.1055661313584973,0.86966640806827,0.4166666666666667,0.9548387096774194,0.6343283582089553,0.896969696969697,0.5029585798816568,0.5,85.0,1036.0,49.0,119.0
1064,logreg_C1_balanced_lbfgs,ok,0.15,0.8279072919490378,0.4822657200178884,0.1546678070952941,0.7889837083010085,0.6666666666666666,0.8119815668202764,0.4,0.928345626975764,0.5,0.5,136.0,881.0,204.0,68.0
1065,sgd_log_loss_a0.01_elasticnet,ok,0.15,0.8278124152886962,0.5064645757453624,0.1045238836496127,0.8572536850271528,0.3039215686274509,0.9612903225806452,0.5961538461538461,0.880168776371308,0.4025974025974026,0.5,62.0,1043.0,42.0,142.0
1066,sgd_log_loss_a0.1_l2,ok,0.1,0.8278124152886961,0.5122007523726274,0.1047556215656461,0.8557020946470132,0.2107843137254902,0.976958525345622,0.6323529411764706,0.8681408681408681,0.3161764705882353,0.5,43.0,1060.0,25.0,161.0
1067,xgboost_n200_d3_lr0.2,ok,0.82,0.8277672359266287,0.5416383321712991,0.1030171953666878,0.873545384018619,0.4166666666666667,0.9594470046082948,0.6589147286821705,0.8974137931034483,0.5105105105105106,0.5,85.0,1041.0,44.0,119.0
1068,"dnn_(64,)_drop0.3_lr0.001_bs32",ok,3.79,0.827744646245595,0.5069045100233116,0.1605268120529166,0.7866563227307991,0.7009803921568627,0.8027649769585253,0.4005602240896359,0.934549356223176,0.5098039215686274,0.5,143.0,871.0,214.0,61.0
1069,"dnn_v2_(64, 32, 16)_drop0.4_lr0.005_wd0.0001",ok,5.12,0.8277356103731814,0.5069520096056048,0.1558900941756238,0.7757951900698216,0.7254901960784313,0.7852534562211981,0.3884514435695538,0.9383259911894272,0.505982905982906,0.5,148.0,852.0,233.0,56.0
1070,scratch_gbdt_n50_d2_lr0.1,ok,13.79,0.8277220565645613,0.5305185049624521,0.1002668854722402,0.8673390224980605,0.3186274509803921,0.9705069124423964,0.6701030927835051,0.8833892617449665,0.4318936877076412,0.5,65.0,1053.0,32.0,139.0
1071,"dnn_v2_(128,)_drop0.1_lr0.001_wd0.1",ok,3.1,0.8276813951387006,0.5030398827606108,0.1653792766681122,0.7726920093095423,0.7205882352941176,0.7824884792626728,0.3838120104438642,0.9370860927152318,0.5008517887563884,0.5,147.0,849.0,236.0,57.0
1072,svc_linear_C0.001,ok,0.4,0.8276791361705972,0.5158507419375358,0.1049569967719977,0.8588052754072925,0.2745098039215686,0.968663594470046,0.6222222222222222,0.8765638031693077,0.3809523809523809,0.5,56.0,1051.0,34.0,148.0
1073,"dnn_v2_(128, 64)_drop0.1_lr0.001_wd0.1",ok,4.41,0.8276271799042197,0.5041982881601447,0.1672485742906305,0.7773467804499612,0.6911764705882353,0.7935483870967742,0.3863013698630137,0.9318181818181818,0.4956063268892794,0.5,141.0,861.0,224.0,63.0
1074,"dnn_v2_(128,)_drop0.2_lr0.005_wd0.1",ok,2.95,0.8275051956266377,0.5103827706711306,0.1682830284353375,0.7664856477889838,0.7450980392156863,0.7705069124423963,0.3790523690773067,0.9414414414414416,0.5024793388429752,0.5,152.0,836.0,249.0,52.0
1075,xgboost_n500_d3_lr0.2,ok,1.47,0.8274690521369839,0.5381228850010924,0.1069955812658051,0.8727695888285493,0.4264705882352941,0.9566820276497696,0.6492537313432836,0.8987012987012987,0.514792899408284,0.5,87.0,1038.0,47.0,117.0
1076,"dnn_v2_(64,)_drop0.4_lr0.005_wd0.001",ok,2.4,0.8274554983283635,0.5058846774240244,0.1736215498724346,0.752521334367727,0.7549019607843137,0.752073732718894,0.3640661938534279,0.9422632794457276,0.4912280701754385,0.5,154.0,816.0,269.0,50.0
1077,"dnn_v2_(64, 32, 16)_drop0.4_lr0.005_wd0.1",ok,5.36,0.8274329086473299,0.5013616548216474,0.1763761228801388,0.7773467804499612,0.6862745098039216,0.7944700460829494,0.3856749311294766,0.9308855291576674,0.4938271604938271,0.5,140.0,862.0,223.0,64.0
1078,"dnn_v2_(128, 64, 32)_drop0.2_lr0.005_wd1e-05",ok,4.63,0.8273696575404353,0.5085245101093342,0.1797313690125098,0.7370054305663305,0.75,0.7345622119815668,0.3469387755102041,0.9398584905660378,0.4744186046511628,0.5,153.0,797.0,288.0,51.0
1079,histgbdt_n100_lr0.01,ok,1.73,0.8273289961145749,0.5681071627026613,0.101002210425034,0.8712179984484096,0.2254901960784313,0.992626728110599,0.8518518518518519,0.8720647773279352,0.3565891472868217,0.5,46.0,1077.0,8.0,158.0
1080,"dnn_v2_(256, 128, 64)_drop0.2_lr0.001_wd0.0001",ok,5.37,0.8272792988163008,0.5133060542973907,0.1803875677622799,0.7447633824670287,0.7352941176470589,0.7465437788018433,0.3529411764705882,0.9375,0.4769475357710652,0.5,150.0,810.0,275.0,54.0
1081,"dnn_v2_(256, 128, 64)_drop0.2_lr0.001_wd1e-05",ok,5.15,0.827184422155959,0.5131921005847023,0.180228420787826,0.7416602017067494,0.7352941176470589,0.7428571428571429,0.3496503496503496,0.9372093023255814,0.4739336492890995,0.5,150.0,806.0,279.0,54.0
1082,svc_rbf_C0.1,ok,0.72,0.8269811150266557,0.5064608739653158,0.1036130645924447,0.8557020946470132,0.284313725490196,0.9631336405529954,0.5918367346938775,0.8774139378673383,0.3841059602649007,0.5,58.0,1045.0,40.0,146.0
1083,"dnn_v2_(64, 32)_drop0.1_lr0.005_wd0.001",ok,3.13,0.8269765970904491,0.5023226349933478,0.1701889147712952,0.756400310318076,0.7647058823529411,0.7548387096774194,0.3696682464454976,0.944636678200692,0.4984025559105431,0.5,156.0,819.0,266.0,48.0
1084,scratch_gbdt_n50_d4_lr0.1,ok,29.52,0.8269540074094154,0.5509621120251059,0.1003979732304333,0.8719937936384794,0.3774509803921568,0.9649769585253456,0.6695652173913044,0.8918228279386712,0.4827586206896552,0.5,77.0,1047.0,38.0,127.0
1085,gbdt_sklearn_n100_lr0.2_sub1.0,ok,4.9,0.8268003975783862,0.5291318540950105,0.1049654940573262,0.86966640806827,0.4117647058823529,0.9557603686635944,0.6363636363636364,0.8962834917891098,0.5,0.5,84.0,1037.0,48.0,120.0
1086,logreg_C0.001_None_lbfgs,ok,0.09,0.8267823258335593,0.5145150336257136,0.112046326719094,0.847944142746315,0.0441176470588235,0.9990783410138248,0.9,0.8475371383893667,0.0841121495327102,0.5,9.0,1084.0,1.0,195.0
1087,adaboost_n50_lr0.3,ok,1.35,0.8267235926628717,0.5285235418731438,0.1253579881417445,0.8665632273079907,0.2450980392156862,0.983410138248848,0.7352941176470589,0.8738738738738738,0.3676470588235294,0.5,50.0,1067.0,18.0,154.0
1088,svc_rbf_C0.01,ok,0.74,0.8267190747266648,0.5057820910375854,0.1036414206869604,0.8564778898370831,0.2794117647058823,0.9649769585253456,0.6,0.8768844221105527,0.3812709030100334,0.5,57.0,1047.0,38.0,147.0
1089,gbdt_sklearn_n100_lr0.03_sub1.0,ok,4.87,0.8266919671094244,0.5641115320589125,0.0971826657788629,0.8789759503491078,0.3431372549019608,0.9797235023041476,0.7608695652173914,0.8880534670008354,0.4729729729729729,0.5,70.0,1063.0,22.0,134.0
1090,"dnn_(64, 32, 16)_drop0.3_lr0.003_bs32",ok,5.69,0.8266829312370109,0.5107994114719672,0.1552737594093096,0.7711404189294027,0.7156862745098039,0.7815668202764977,0.381201044386423,0.93598233995585,0.4974446337308347,0.5,146.0,848.0,237.0,58.0
1091,"dnn_v2_(128,)_drop0.2_lr0.001_wd0.001",ok,2.74,0.8266422698111503,0.4973493581068552,0.1627913814076709,0.7765709852598914,0.6862745098039216,0.7935483870967742,0.3846153846153846,0.9308108108108109,0.4929577464788732,0.5,140.0,861.0,224.0,64.0
1092,scratch_gbdt_n50_d3_lr0.05,ok,21.8,0.8266241980663234,0.5562631663306867,0.0982462904594351,0.8727695888285493,0.3088235294117647,0.9788018433179724,0.7325581395348837,0.8827930174563591,0.4344827586206896,0.5,63.0,1062.0,23.0,141.0
1093,xgboost_n300_d3_lr0.2,ok,1.02,0.826610644257703,0.5401415148050163,0.1049905794780081,0.8750969743987588,0.4264705882352941,0.9594470046082948,0.6641221374045801,0.8989637305699482,0.5194029850746269,0.5,87.0,1041.0,44.0,117.0
1094,"dnn_v2_(64,)_drop0.1_lr0.005_wd0.001",ok,2.57,0.8265790187042558,0.5057730355558756,0.1677953204462749,0.7602792862684251,0.7450980392156863,0.7631336405529954,0.3716381418092909,0.9409090909090908,0.4959216965742251,0.5,152.0,828.0,257.0,52.0
1095,"dnn_v2_(64,)_drop0.1_lr0.001_wd0.001",ok,3.4,0.826524803469775,0.5105678287589769,0.1579556782144041,0.7897595034910784,0.7009803921568627,0.8064516129032258,0.405099150141643,0.9348290598290598,0.5134649910233393,0.5,143.0,875.0,210.0,61.0
1096,"dnn_v2_(64, 32)_drop0.1_lr0.005_wd0.1",ok,4.05,0.8265157675973613,0.4896676536092227,0.1665724997762481,0.7618308766485647,0.7352941176470589,0.7668202764976959,0.3722084367245657,0.9390519187358916,0.4942339373970346,0.5,150.0,832.0,253.0,54.0
1097,"dnn_v2_(64,)_drop0.1_lr0.001_wd1e-05",ok,3.36,0.8265112496611549,0.5099288890480387,0.1575707915617927,0.7905352986811481,0.7009803921568627,0.8073732718894009,0.40625,0.9348986125933832,0.5143884892086331,0.5,143.0,876.0,209.0,61.0
1098,"dnn_(32,)_drop0.1_lr0.003_bs32",ok,2.8,0.8264841420439144,0.4837767755754362,0.1656286537469811,0.7711404189294027,0.7009803921568627,0.784331797235023,0.3793103448275862,0.9331140350877192,0.4922547332185886,0.5,143.0,851.0,234.0,61.0
1099,"dnn_v2_(128, 64)_drop0.4_lr0.005_wd0.01",ok,4.41,0.8264796241077075,0.5203012674303786,0.1636869767012515,0.7672614429790535,0.7549019607843137,0.7695852534562212,0.3811881188118812,0.943502824858757,0.506578947368421,0.5,154.0,835.0,250.0,50.0
1100,"dnn_v2_(64, 32, 16)_drop0.4_lr0.001_wd1e-05",ok,7.12,0.8264299268094335,0.4975206319199291,0.1639938622662928,0.7664856477889838,0.7450980392156863,0.7705069124423963,0.3790523690773067,0.9414414414414416,0.5024793388429752,0.5,152.0,836.0,249.0,52.0
1101,"dnn_v2_(32, 16)_drop0.2_lr0.005_wd0.0001",ok,3.51,0.8264254088732268,0.4955891619020612,0.1589413227192942,0.7602792862684251,0.7107843137254902,0.7695852534562212,0.3670886075949367,0.9340044742729308,0.4841402337228714,0.5,145.0,835.0,250.0,59.0
1102,"dnn_v2_(128,)_drop0.2_lr0.001_wd1e-05",ok,3.29,0.8264118550646065,0.4976401116693357,0.1625199920638853,0.7765709852598914,0.6862745098039216,0.7935483870967742,0.3846153846153846,0.9308108108108109,0.4929577464788732,0.5,140.0,861.0,224.0,64.0
1103,"dnn_v2_(64, 32, 16)_drop0.4_lr0.005_wd1e-05",ok,4.65,0.8264073371283998,0.504278536804656,0.156328473196167,0.7788983708301008,0.7205882352941176,0.7898617511520737,0.392,0.937636761487965,0.5077720207253886,0.5,147.0,857.0,228.0,57.0
1104,"dnn_v2_(128,)_drop0.2_lr0.001_wd0.1",ok,3.27,0.826353121893919,0.49774931415513,0.1677179276752607,0.7750193948797518,0.7254901960784313,0.784331797235023,0.387434554973822,0.938257993384785,0.5051194539249146,0.5,148.0,851.0,234.0,56.0
1105,"dnn_v2_(128,)_drop0.2_lr0.001_wd0.0001",ok,2.82,0.8263531218939189,0.4974119937556757,0.1625605613995342,0.7765709852598914,0.6862745098039216,0.7935483870967742,0.3846153846153846,0.9308108108108109,0.4929577464788732,0.5,140.0,861.0,224.0,64.0
1106,"dnn_v2_(128, 64)_drop0.2_lr0.005_wd0.1",ok,3.67,0.826348603957712,0.4863864647186786,0.1644798157408636,0.7750193948797518,0.6666666666666666,0.7953917050691244,0.3798882681564245,0.9269602577873256,0.4839857651245551,0.5,136.0,863.0,222.0,68.0
1107,"dnn_v2_(256, 128, 64)_drop0.2_lr0.001_wd0.1",ok,6.11,0.8263395680852987,0.5007997669908407,0.1571893571963749,0.7920868890612878,0.6813725490196079,0.8129032258064516,0.4064327485380117,0.9313621964097148,0.5091575091575091,0.5,139.0,882.0,203.0,65.0
1108,"dnn_v2_(64,)_drop0.1_lr0.001_wd0.0001",ok,3.53,0.826316978404265,0.5103276023418735,0.1577230613849996,0.7897595034910784,0.7009803921568627,0.8064516129032258,0.405099150141643,0.9348290598290598,0.5134649910233393,0.5,143.0,875.0,210.0,61.0
1109,"dnn_(64,)_drop0.1_lr0.001_bs32",ok,3.66,0.826316978404265,0.5103276023418735,0.1577230613849996,0.7897595034910784,0.7009803921568627,0.8064516129032258,0.405099150141643,0.9348290598290598,0.5134649910233393,0.5,143.0,875.0,210.0,61.0
1110,"dnn_v2_(128, 64, 32)_drop0.4_lr0.001_wd1e-05",ok,6.92,0.8263169784042649,0.5078293740808127,0.1647144715939568,0.7626066718386346,0.7549019607843137,0.7640552995391705,0.375609756097561,0.9431171786120592,0.501628664495114,0.5,154.0,829.0,256.0,50.0
1111,"dnn_v2_(32,)_drop0.4_lr0.005_wd0.01",ok,3.34,0.8263034245956447,0.4797071262880562,0.1640175639918193,0.7688130333591932,0.7352941176470589,0.7751152073732719,0.3807106598984771,0.9396648044692736,0.5016722408026756,0.5,150.0,841.0,244.0,54.0
1112,logreg_C0.1_None_liblinear,ok,0.11,0.8262943887232312,0.5008459928530834,0.1052928773909406,0.8588052754072925,0.3333333333333333,0.9576036866359448,0.5964912280701754,0.8842553191489362,0.4276729559748428,0.5,68.0,1039.0,46.0,136.0
1113,"dnn_(128,)_drop0.1_lr0.001_bs16",ok,5.62,0.8262763169784043,0.4989333502180772,0.1668444596289586,0.7719162141194724,0.7107843137254902,0.783410138248848,0.3815789473684211,0.935093509350935,0.4965753424657534,0.5,145.0,850.0,235.0,59.0
1114,sgd_modified_huber_a0.1_elasticnet,ok,0.19,0.826244691424957,0.50820280602664,0.1032528442174566,0.8580294802172227,0.2254901960784313,0.976958525345622,0.647887323943662,0.8702791461412152,0.3345454545454545,0.5,46.0,1060.0,25.0,158.0
1115,xgboost_dart_n100_d3_lr0.05_drop0.1,ok,2.06,0.8262175838077166,0.5528591331398341,0.0993420291002452,0.8743211792086889,0.2990196078431372,0.9824884792626728,0.7625,0.8817204301075269,0.4295774647887324,0.5,61.0,1066.0,19.0,143.0
1116,adaboost_n100_lr1.0,ok,2.54,0.8262085479353032,0.5071089436253502,0.1871091850650988,0.8650116369278511,0.4117647058823529,0.9502304147465438,0.6086956521739131,0.895742832319722,0.4912280701754385,0.5,84.0,1031.0,54.0,120.0
1117,ridge_alpha30,ok,0.09,0.8262040299990965,0.5035489221224391,0.1433003833681223,0.8549262994569433,0.2401960784313725,0.9705069124423964,0.6049382716049383,0.8716887417218543,0.343859649122807,0.5,49.0,1053.0,32.0,155.0
1118,"dnn_v2_(128, 64, 32)_drop0.2_lr0.005_wd0.0001",ok,4.35,0.8261904761904761,0.5062025980818953,0.1807689281638246,0.7362296353762606,0.7450980392156863,0.7345622119815668,0.3454545454545454,0.9387514723203768,0.4720496894409938,0.5,152.0,797.0,288.0,52.0
1119,"dnn_v2_(128, 64, 32)_drop0.4_lr0.001_wd0.001",ok,6.78,0.8261904761904761,0.5040071538487674,0.1633058129269405,0.7664856477889838,0.75,0.7695852534562212,0.379652605459057,0.9424379232505644,0.5041186161449753,0.5,153.0,835.0,250.0,51.0
1120,"convnet_(16, 32, 64)_k5_drop0.3_lr0.001",ok,12.65,0.8261814403180627,0.4905164263014256,0.1547031283832105,0.7866563227307991,0.6911764705882353,0.8046082949308756,0.3994334277620396,0.9326923076923076,0.5062836624775583,0.5,141.0,873.0,212.0,63.0
1121,xgboost_n100_d3_lr0.2,ok,0.47,0.8261769223818559,0.5424411682039495,0.100944762066691,0.8727695888285493,0.4019607843137255,0.9612903225806452,0.6612903225806451,0.8952789699570816,0.5,0.5,82.0,1043.0,42.0,122.0
1122,"dnn_v2_(64, 32)_drop0.1_lr0.005_wd0.0001",ok,3.26,0.8261362609559952,0.4996424283158409,0.1710269490036444,0.7494181536074477,0.7549019607843137,0.7483870967741936,0.360655737704918,0.9419953596287703,0.4881141045958795,0.5,154.0,812.0,273.0,50.0
1123,"dnn_v2_(32,)_drop0.1_lr0.001_wd0.01",ok,3.6,0.8259239179542786,0.4813942454569581,0.1621561847036772,0.7757951900698216,0.6911764705882353,0.791705069124424,0.3841961852861035,0.9316702819956616,0.4938704028021016,0.5,141.0,859.0,226.0,63.0
1124,"dnn_v2_(64, 32)_drop0.2_lr0.005_wd0.1",ok,4.91,0.8259194000180717,0.507560752398887,0.1762329363670541,0.7385570209464701,0.7303921568627451,0.7400921658986175,0.345707656612529,0.935897435897436,0.4692913385826772,0.5,149.0,803.0,282.0,55.0
1125,xgboost_dart_n100_d5_lr0.05_drop0.1,ok,2.47,0.8257974157404899,0.5664434938209588,0.0976193117849371,0.873545384018619,0.2941176470588235,0.9824884792626728,0.759493670886076,0.8809917355371901,0.4240282685512367,0.5,60.0,1066.0,19.0,144.0
1126,adaboost_n300_lr1.0,ok,7.51,0.8257974157404897,0.5069886753622372,0.2076389083468744,0.8626842513576416,0.4019607843137255,0.9493087557603688,0.5985401459854015,0.8940972222222222,0.4809384164222874,0.5,82.0,1030.0,55.0,122.0
1127,"dnn_(256, 128)_drop0.1_lr0.001_bs16",ok,8.56,0.8257883798680763,0.5208419711862781,0.165003968143775,0.7757951900698216,0.7352941176470589,0.783410138248848,0.3896103896103896,0.9402654867256636,0.5093378607809848,0.5,150.0,850.0,235.0,54.0
1128,"dnn_v2_(256, 128, 64)_drop0.2_lr0.001_wd0.01",ok,5.2,0.8257703081232493,0.5142536459536938,0.1815920908270274,0.7463149728471683,0.7450980392156863,0.7465437788018433,0.3559718969555035,0.9396751740139212,0.4817749603803486,0.5,152.0,810.0,275.0,52.0
1129,"dnn_v2_(128,)_drop0.4_lr0.001_wd0.001",ok,3.27,0.8256889852715279,0.4990359331008105,0.1604074242387994,0.78277734678045,0.7009803921568627,0.7981566820276498,0.3950276243093922,0.9341963322545846,0.5053003533568905,0.5,143.0,866.0,219.0,61.0
1130,"dnn_v2_(64,)_drop0.4_lr0.005_wd1e-05",ok,2.45,0.8256257341646337,0.5052961004450117,0.1734872694459329,0.7540729247478666,0.75,0.7548387096774194,0.3651551312649164,0.9413793103448276,0.4911717495987159,0.5,153.0,819.0,266.0,51.0
1131,"dnn_(128, 64, 32)_drop0.3_lr0.003_bs16",ok,9.69,0.8256166982922201,0.5113190135869513,0.1748049958900374,0.743211792086889,0.7598039215686274,0.7400921658986175,0.3546910755148741,0.942488262910798,0.4836193447737909,0.5,155.0,803.0,282.0,49.0
1132,logreg_C0.1_None_lbfgs,ok,0.1,0.8252778530767145,0.4991403696477736,0.1059272018350282,0.8557020946470132,0.3039215686274509,0.9594470046082948,0.5849056603773585,0.8799661876584953,0.4,0.5,62.0,1041.0,44.0,142.0
1133,scratch_gbdt_n50_d4_lr0.05,ok,29.83,0.8252010481611999,0.5646759704284632,0.098030444611865,0.8758727695888285,0.3382352941176471,0.976958525345622,0.7340425531914894,0.8870292887029289,0.4630872483221476,0.5,69.0,1060.0,25.0,135.0
1134,"dnn_v2_(128,)_drop0.4_lr0.001_wd0.0001",ok,3.31,0.8251965302249931,0.4984828249183985,0.1602387064288755,0.7835531419705197,0.7009803921568627,0.7990783410138249,0.3961218836565097,0.9342672413793104,0.5061946902654867,0.5,143.0,867.0,218.0,61.0
1135,"dnn_v2_(32,)_drop0.4_lr0.005_wd0.001",ok,2.3,0.8251242432456853,0.4937618370825357,0.1606792248512408,0.7773467804499612,0.7009803921568627,0.791705069124424,0.3875338753387534,0.933695652173913,0.4991273996509598,0.5,143.0,859.0,226.0,61.0
1136,"dnn_v2_(64, 32)_drop0.2_lr0.005_wd0.0001",ok,2.97,0.8250519562663775,0.4967315280640287,0.1714100769738012,0.7439875872769589,0.7303921568627451,0.7465437788018433,0.3514150943396226,0.9364161849710982,0.4745222929936306,0.5,149.0,810.0,275.0,55.0
1137,"dnn_v2_(64, 32, 16)_drop0.2_lr0.005_wd0.1",ok,6.64,0.8249841872232766,0.497837123121866,0.1822302655377783,0.747866563227308,0.7696078431372549,0.743778801843318,0.360919540229885,0.9449648711943794,0.4913928012519561,0.5,157.0,807.0,278.0,47.0
1138,"dnn_v2_(128,)_drop0.4_lr0.001_wd1e-05",ok,3.46,0.8249615975422427,0.498052588073931,0.1602325214168783,0.7835531419705197,0.7009803921568627,0.7990783410138249,0.3961218836565097,0.9342672413793104,0.5061946902654867,0.5,143.0,867.0,218.0,61.0
1139,"dnn_(256, 128)_drop0.1_lr0.003_bs32",ok,4.97,0.8248531670732808,0.5168171981329189,0.1602724054604815,0.7688130333591932,0.7450980392156863,0.7732718894009216,0.3819095477386934,0.941638608305275,0.5049833887043189,0.5,152.0,839.0,246.0,52.0
1140,gbdt_sklearn_n200_lr0.1_sub1.0,ok,9.74,0.8248260594560405,0.537454394570267,0.1029183431498566,0.8704422032583398,0.392156862745098,0.96036866359447,0.6504065040650406,0.8936535162950258,0.4892966360856269,0.5,80.0,1042.0,43.0,124.0
1141,linear_svc_C0.3_l1,ok,0.38,0.8248215415198336,0.5017357120119913,0.1368645616025733,0.8572536850271528,0.2892156862745098,0.9640552995391704,0.6020408163265306,0.8782535684298909,0.390728476821192,0.5,59.0,1046.0,39.0,145.0
1142,"dnn_v2_(32,)_drop0.4_lr0.005_wd1e-05",ok,2.46,0.8248125056474201,0.4935869727983591,0.1609429033716898,0.7757951900698216,0.7009803921568627,0.7898617511520737,0.38544474393531,0.9335511982570808,0.4973913043478261,0.5,143.0,857.0,228.0,61.0
1143,"dnn_(128, 64, 32)_drop0.1_lr0.001_bs32",ok,6.05,0.8247628083491461,0.5129653484274602,0.1682898984332827,0.764934057408844,0.7303921568627451,0.7714285714285715,0.3753148614609571,0.938340807174888,0.4958402662229617,0.5,149.0,837.0,248.0,55.0
1144,"dnn_v2_(128, 64, 32)_drop0.1_lr0.001_wd0.0001",ok,5.09,0.8247628083491461,0.5129653484274602,0.1682898984332827,0.764934057408844,0.7303921568627451,0.7714285714285715,0.3753148614609571,0.938340807174888,0.4958402662229617,0.5,149.0,837.0,248.0,55.0
1145,"dnn_v2_(32,)_drop0.1_lr0.001_wd0.001",ok,2.8,0.8247582904129395,0.4789019283954323,0.1628329921384583,0.7757951900698216,0.6911764705882353,0.791705069124424,0.3841961852861035,0.9316702819956616,0.4938704028021016,0.5,141.0,859.0,226.0,63.0
1146,"dnn_v2_(32,)_drop0.4_lr0.005_wd0.0001",ok,2.3,0.8247402186681124,0.4934365219011803,0.1610170726791264,0.7750193948797518,0.696078431372549,0.7898617511520737,0.3837837837837838,0.9325353645266594,0.494773519163763,0.5,142.0,857.0,228.0,62.0
1147,"dnn_v2_(128,)_drop0.4_lr0.001_wd0.01",ok,3.77,0.8247176289870788,0.49187725952284,0.1637538373659848,0.7858805275407292,0.7205882352941176,0.7981566820276498,0.4016393442622951,0.9382448537378116,0.5157894736842106,0.5,147.0,866.0,219.0,57.0
1148,"convnet_v2_(32, 64)_k3_drop0.3_lr0.003",ok,9.1,0.8245730550284629,0.4752129330532367,0.1606785471303976,0.7820015515903801,0.7450980392156863,0.7889400921658987,0.3989501312335958,0.9427312775330396,0.5196581196581197,0.5,152.0,856.0,229.0,52.0
1149,"convnet_(32, 64)_k3_drop0.3_lr0.003",ok,10.34,0.8245730550284629,0.4752129330532367,0.1606785471303976,0.7820015515903801,0.7450980392156863,0.7889400921658987,0.3989501312335958,0.9427312775330396,0.5196581196581197,0.5,152.0,856.0,229.0,52.0
1150,"dnn_v2_(32, 16)_drop0.2_lr0.005_wd0.01",ok,3.55,0.824554983283636,0.4959239908570053,0.1599649182920981,0.764934057408844,0.7107843137254902,0.7751152073732719,0.3727506426735218,0.9344444444444444,0.4890387858347386,0.5,145.0,841.0,244.0,59.0
1151,"dnn_v2_(32,)_drop0.2_lr0.001_wd0.001",ok,3.22,0.824541429475016,0.4792001522429602,0.163548002186549,0.7750193948797518,0.696078431372549,0.7898617511520737,0.3837837837837838,0.9325353645266594,0.494773519163763,0.5,142.0,857.0,228.0,62.0
1152,"dnn_v2_(32,)_drop0.1_lr0.001_wd1e-05",ok,3.36,0.8243923375801933,0.4780719323837122,0.1625970456034966,0.7765709852598914,0.6911764705882353,0.7926267281105991,0.3852459016393442,0.9317443120260022,0.4947368421052631,0.5,141.0,860.0,225.0,63.0
1153,"dnn_(32,)_drop0.1_lr0.001_bs32",ok,3.84,0.8243336044095056,0.4781668653722918,0.1626106628407895,0.7765709852598914,0.6911764705882353,0.7926267281105991,0.3852459016393442,0.9317443120260022,0.4947368421052631,0.5,141.0,860.0,225.0,63.0
1154,"dnn_v2_(32,)_drop0.1_lr0.001_wd0.0001",ok,3.33,0.8243336044095056,0.4781668653722918,0.1626106628407895,0.7765709852598914,0.6911764705882353,0.7926267281105991,0.3852459016393442,0.9317443120260022,0.4947368421052631,0.5,141.0,860.0,225.0,63.0
1155,"dnn_v2_(64, 32)_drop0.2_lr0.001_wd0.1",ok,4.63,0.8242025842595102,0.5058780647538548,0.1706620513273748,0.7719162141194724,0.7352941176470589,0.7788018433179723,0.3846153846153846,0.9399332591768632,0.5050505050505051,0.5,150.0,845.0,240.0,54.0
1156,logreg_C3_balanced_liblinear,ok,0.17,0.8241845125146834,0.4777313835609789,0.1560340850693629,0.7882079131109387,0.6715686274509803,0.8101382488479263,0.3994169096209912,0.9291754756871036,0.5009140767824497,0.5,137.0,879.0,206.0,67.0
1157,"dnn_(128,)_drop0.3_lr0.001_bs32",ok,3.56,0.8241393331526159,0.4931925797290738,0.1635932396907574,0.7750193948797518,0.7009803921568627,0.7889400921658987,0.3844086021505376,0.9334787350054524,0.4965277777777778,0.5,143.0,856.0,229.0,61.0
1158,logreg_C3_balanced_lbfgs,ok,0.16,0.8241212614077891,0.4773146103057606,0.1559604961081679,0.7882079131109387,0.6715686274509803,0.8101382488479263,0.3994169096209912,0.9291754756871036,0.5009140767824497,0.5,137.0,879.0,206.0,67.0
1159,"dnn_(32,)_drop0.3_lr0.001_bs16",ok,7.85,0.8240399385560676,0.4830889937865341,0.1609691630680692,0.7812257564003103,0.7009803921568627,0.7963133640552995,0.3928571428571428,0.934054054054054,0.5035211267605634,0.5,143.0,864.0,221.0,61.0
1160,"dnn_v2_(128, 64, 32)_drop0.4_lr0.001_wd0.01",ok,6.88,0.8240263847474474,0.5050546069336307,0.1603802464398548,0.773467804499612,0.7205882352941176,0.783410138248848,0.3848167539267015,0.9371554575523704,0.5017064846416383,0.5,147.0,850.0,235.0,57.0
1161,"convnet_v2_(8, 16, 32)_k7_drop0.3_lr0.001",ok,9.0,0.824012830938827,0.4874587199232126,0.1700529740065438,0.7548487199379363,0.7549019607843137,0.7548387096774194,0.3666666666666666,0.9424626006904488,0.4935897435897436,0.5,154.0,819.0,266.0,50.0
1162,xgboost_dart_n300_d5_lr0.1_drop0.3,ok,13.03,0.8239586157043464,0.5435705421784602,0.0984747474611881,0.8758727695888285,0.3088235294117647,0.9824884792626728,0.7682926829268293,0.8831814415907208,0.4405594405594406,0.5,63.0,1066.0,19.0,141.0
1163,adaboost_n100_lr0.1,ok,2.55,0.8239360260233126,0.5318860114568624,0.1182041334462606,0.8572536850271528,0.142156862745098,0.991705069124424,0.7631578947368421,0.8601119104716227,0.2396694214876033,0.5,29.0,1076.0,9.0,175.0
1164,"dnn_v2_(64,)_drop0.1_lr0.005_wd0.01",ok,3.23,0.8239315080871058,0.5069080654190975,0.1586658879663196,0.7796741660201707,0.7156862745098039,0.791705069124424,0.3924731182795699,0.9367502726281351,0.5069444444444444,0.5,146.0,859.0,226.0,58.0
1165,lightgbm_n100_leaves63_lr0.01,ok,1.0,0.8238863287250384,0.5579672891323514,0.1018957074480001,0.8665632273079907,0.2009803921568627,0.991705069124424,0.82,0.8684422921711057,0.3228346456692913,0.5,41.0,1076.0,9.0,163.0
1166,lightgbm_n100_leaves255_lr0.01,ok,1.01,0.8238863287250384,0.5579672891323514,0.1018957074480001,0.8665632273079907,0.2009803921568627,0.991705069124424,0.82,0.8684422921711057,0.3228346456692913,0.5,41.0,1076.0,9.0,163.0
1167,lightgbm_n100_leaves127_lr0.01,ok,1.03,0.8238863287250384,0.5579672891323514,0.1018957074480001,0.8665632273079907,0.2009803921568627,0.991705069124424,0.82,0.8684422921711057,0.3228346456692913,0.5,41.0,1076.0,9.0,163.0
1168,"dnn_v2_(64, 32)_drop0.2_lr0.001_wd0.01",ok,4.31,0.8238501852353844,0.4947819738281604,0.1693180124452326,0.7657098525989139,0.7254901960784313,0.7732718894009216,0.3756345177664975,0.9374301675977652,0.4949832775919732,0.5,148.0,839.0,246.0,56.0
1169,"dnn_(128, 64)_drop0.1_lr0.001_bs16",ok,7.74,0.8238275955543508,0.4801194893351038,0.1793058934313569,0.7494181536074477,0.7352941176470589,0.752073732718894,0.3579952267303102,0.9379310344827586,0.4815409309791332,0.5,150.0,816.0,269.0,54.0
1170,"dnn_v2_(128,)_drop0.1_lr0.001_wd0.01",ok,3.08,0.8238230776181441,0.5008733000286412,0.1671357511690051,0.7703646237393328,0.6911764705882353,0.7852534562211981,0.3770053475935829,0.9311475409836064,0.4878892733564013,0.5,141.0,852.0,233.0,63.0
1171,"dnn_v2_(32,)_drop0.2_lr0.001_wd0.0001",ok,3.38,0.823823077618144,0.4781357756783246,0.1635245424156305,0.773467804499612,0.6862745098039216,0.7898617511520737,0.3804347826086957,0.9305103148751356,0.4895104895104895,0.5,140.0,857.0,228.0,64.0
1172,"convnet_v2_(32, 64)_k7_drop0.2_lr0.0005",ok,9.2,0.8237733803198699,0.4760111286083462,0.1649289621321884,0.7703646237393328,0.7156862745098039,0.7806451612903226,0.3802083333333333,0.9359116022099448,0.4965986394557823,0.5,146.0,847.0,238.0,58.0
1173,lightgbm_n100_leaves31_lr0.01,ok,0.78,0.8237688623836631,0.5576860814508502,0.1019516213918933,0.8673390224980605,0.2058823529411764,0.991705069124424,0.8235294117647058,0.8691437802907916,0.3294117647058823,0.5,42.0,1076.0,9.0,162.0
1174,scratch_gbdt_n100_d4_lr0.1,ok,58.58,0.8237598265112497,0.5493751175953279,0.103813209784098,0.8688906128782001,0.392156862745098,0.9585253456221198,0.64,0.8934707903780069,0.486322188449848,0.5,80.0,1040.0,45.0,124.0
1175,sgd_log_loss_a0.01_l2,ok,0.12,0.8236785036595283,0.4927550167896931,0.1064724178551859,0.8572536850271528,0.2990196078431372,0.9622119815668204,0.5980392156862745,0.8795282224094355,0.3986928104575163,0.5,61.0,1044.0,41.0,143.0
1176,"dnn_(64, 32)_drop0.3_lr0.001_bs16",ok,9.87,0.823664949850908,0.5135691853566009,0.1717863118589149,0.7556245151280062,0.7696078431372549,0.7529953917050691,0.3694117647058823,0.945601851851852,0.4992050874403815,0.5,157.0,817.0,268.0,47.0
1177,xgboost_dart_n300_d7_lr0.1_drop0.3,ok,15.11,0.8235813680310834,0.5408589646014471,0.0990315017075767,0.8719937936384794,0.2794117647058823,0.983410138248848,0.76,0.8789126853377265,0.4086021505376344,0.5,57.0,1067.0,18.0,147.0
1178,"dnn_v2_(128, 64, 32)_drop0.4_lr0.001_wd0.0001",ok,6.72,0.8235339297009125,0.5014006736270902,0.1660342329352905,0.761055081458495,0.7401960784313726,0.7649769585253456,0.3719211822660098,0.9399773499433748,0.4950819672131147,0.5,151.0,830.0,255.0,53.0
1179,linear_svc_C0.003_hinge,ok,0.09,0.8235294117647058,0.5173347573567572,0.1310523594854721,0.8557020946470132,0.1862745098039215,0.9815668202764976,0.6551724137931034,0.8651502843216897,0.2900763358778626,0.5,38.0,1065.0,20.0,166.0
1180,"dnn_v2_(128, 64)_drop0.1_lr0.005_wd0.1",ok,3.36,0.8235294117647058,0.4956375402286241,0.168486196678841,0.7626066718386346,0.7254901960784313,0.7695852534562212,0.371859296482412,0.9371492704826038,0.4916943521594684,0.5,148.0,835.0,250.0,56.0
1181,"dnn_v2_(128,)_drop0.2_lr0.001_wd0.01",ok,3.2,0.823511340019879,0.4934584591700569,0.1633831331061301,0.7788983708301008,0.7058823529411765,0.7926267281105991,0.3902439024390244,0.9347826086956522,0.5026178010471204,0.5,144.0,860.0,225.0,60.0
1182,"convnet_v2_(32, 64)_k3_drop0.3_lr0.0005",ok,9.83,0.823511340019879,0.4756870818976318,0.1694393972825071,0.7657098525989139,0.7401960784313726,0.7705069124423963,0.3775,0.9403824521934758,0.5,0.5,151.0,836.0,249.0,53.0
1183,"convnet_v2_(32, 64)_k7_drop0.3_lr0.0005",ok,9.82,0.8234887503388453,0.4753975748212551,0.1628026164866796,0.7788983708301008,0.7058823529411765,0.7926267281105991,0.3902439024390244,0.9347826086956522,0.5026178010471204,0.5,144.0,860.0,225.0,60.0
1184,ridge_alpha10,ok,0.09,0.8234797144664318,0.5003852769593508,0.143375067372481,0.8549262994569433,0.2401960784313725,0.9705069124423964,0.6049382716049383,0.8716887417218543,0.343859649122807,0.5,49.0,1053.0,32.0,155.0
1185,"dnn_v2_(256, 128, 64)_drop0.4_lr0.001_wd0.001",ok,6.47,0.8233938736785037,0.5135012893196436,0.1646370633749208,0.7765709852598914,0.7009803921568627,0.7907834101382488,0.3864864864864865,0.9336235038084876,0.4982578397212543,0.5,143.0,858.0,227.0,61.0
1186,"dnn_(32,)_drop0.3_lr0.003_bs16",ok,6.4,0.8233893557422969,0.4841010704645138,0.1576847748390011,0.7812257564003103,0.6813725490196079,0.8,0.3904494382022472,0.930332261521972,0.4964285714285714,0.5,139.0,868.0,217.0,65.0
1187,"dnn_v2_(32,)_drop0.4_lr0.001_wd0.001",ok,3.75,0.8233622481250564,0.4812850394434472,0.1616795882937762,0.7750193948797518,0.6813725490196079,0.7926267281105991,0.3818681318681318,0.9297297297297298,0.4894366197183099,0.5,139.0,860.0,225.0,65.0
1188,"dnn_v2_(256, 128, 64)_drop0.2_lr0.001_wd0.001",ok,5.42,0.8232809252733352,0.513222865314166,0.1871758028411939,0.734678044996121,0.7450980392156863,0.7327188940092166,0.3438914027149321,0.9386068476977568,0.4705882352941176,0.5,152.0,795.0,290.0,52.0
1189,"convnet_v2_(8, 16, 32)_k7_drop0.4_lr0.001",ok,9.07,0.8232605945604048,0.4922147796240755,0.1742495345950853,0.7385570209464701,0.7647058823529411,0.7336405529953917,0.350561797752809,0.943127962085308,0.4807395993836671,0.5,156.0,796.0,289.0,48.0
1190,"dnn_v2_(128,)_drop0.4_lr0.005_wd1e-05",ok,2.91,0.8232402638474745,0.5035241414184659,0.1514017901462394,0.7874321179208689,0.6519607843137255,0.8129032258064516,0.3958333333333333,0.925498426023085,0.4925925925925926,0.5,133.0,882.0,203.0,71.0
1191,"dnn_v2_(32,)_drop0.4_lr0.001_wd1e-05",ok,3.73,0.8232221921026475,0.4810958683219762,0.1615954202902035,0.7750193948797518,0.6813725490196079,0.7926267281105991,0.3818681318681318,0.9297297297297298,0.4894366197183099,0.5,139.0,860.0,225.0,65.0
1192,knn_k45_distance,ok,0.11,0.8232131562302339,0.5245923654409728,0.1103869504366036,0.8463925523661753,0.0441176470588235,0.9972350230414746,0.75,0.8472983555207517,0.0833333333333333,0.5,9.0,1082.0,3.0,195.0
1193,"dnn_v2_(128, 64, 32)_drop0.2_lr0.001_wd0.0001",ok,5.32,0.8231679768681667,0.4997301533605662,0.1722717284295981,0.7571761055081458,0.7107843137254902,0.7658986175115208,0.3634085213032581,0.9337078651685392,0.4809286898839137,0.5,145.0,831.0,254.0,59.0
1194,"dnn_v2_(32,)_drop0.4_lr0.001_wd0.0001",ok,3.67,0.8231499051233397,0.4814145065467137,0.1615550407563511,0.7757951900698216,0.6813725490196079,0.7935483870967742,0.3829201101928374,0.929805615550756,0.4902998236331569,0.5,139.0,861.0,224.0,65.0
1195,"convnet_v2_(32, 64)_k5_drop0.1_lr0.005",ok,9.49,0.8230866540164452,0.4817314784300153,0.1629966534908707,0.7626066718386346,0.7647058823529411,0.7622119815668202,0.3768115942028985,0.9451428571428572,0.5048543689320388,0.5,156.0,827.0,258.0,48.0
1196,"dnn_(32,)_drop0.1_lr0.001_bs16",ok,8.03,0.8230414746543778,0.4779741334366317,0.1629245885799077,0.7750193948797518,0.696078431372549,0.7898617511520737,0.3837837837837838,0.9325353645266594,0.494773519163763,0.5,142.0,857.0,228.0,62.0
1197,"convnet_v2_(8, 16, 32)_k7_drop0.2_lr0.001",ok,8.57,0.8228743110147285,0.4841493027354455,0.1661399723827956,0.7579519006982157,0.7549019607843137,0.7585253456221198,0.3701923076923077,0.9427262313860252,0.4967741935483871,0.5,154.0,823.0,262.0,50.0
1198,"dnn_v2_(64, 32, 16)_drop0.4_lr0.001_wd0.01",ok,6.91,0.8228697930785217,0.4915871804687524,0.1682097282243272,0.761055081458495,0.7303921568627451,0.7668202764976959,0.3706467661691542,0.9379932356257046,0.4917491749174917,0.5,149.0,832.0,253.0,55.0
1199,"dnn_v2_(64, 32)_drop0.2_lr0.001_wd0.001",ok,4.48,0.8228562392699015,0.4910135001811573,0.167718722508737,0.7680372381691234,0.7303921568627451,0.7751152073732719,0.3791348600508906,0.9386160714285714,0.4991624790619765,0.5,149.0,841.0,244.0,55.0
1200,"dnn_v2_(128, 64, 32)_drop0.1_lr0.001_wd1e-05",ok,4.8,0.8228426854612811,0.5111200228142597,0.1718357935314953,0.7641582622187743,0.7205882352941176,0.7723502304147466,0.3730964467005076,0.9363128491620112,0.4916387959866221,0.5,147.0,838.0,247.0,57.0
1201,linear_svc_C0.0003_hinge,ok,0.09,0.82276136260956,0.5095723732655927,0.192053749958423,0.7889837083010085,0.6470588235294118,0.815668202764977,0.3975903614457831,0.9247648902821316,0.4925373134328358,0.5,132.0,885.0,200.0,72.0
1202,xgboost_dart_n200_d5_lr0.1_drop0.3,ok,6.71,0.8227568446733532,0.5412246883417965,0.0990533837987416,0.8727695888285493,0.284313725490196,0.983410138248848,0.7631578947368421,0.8796372629843363,0.4142857142857143,0.5,58.0,1067.0,18.0,146.0
1203,"dnn_(256, 128)_drop0.3_lr0.001_bs16",ok,9.39,0.8227523267371465,0.5008232659028593,0.1664377318691866,0.7657098525989139,0.7352941176470589,0.7714285714285715,0.3768844221105528,0.9393939393939394,0.4983388704318937,0.5,150.0,837.0,248.0,54.0
1204,gbdt_sklearn_n300_lr0.1_sub1.0,ok,14.58,0.8226845576940454,0.5325274836540488,0.1063583857120623,0.8688906128782001,0.3823529411764705,0.96036866359447,0.6446280991735537,0.8921232876712328,0.48,0.5,78.0,1042.0,43.0,126.0
1205,"dnn_v2_(256, 128, 64)_drop0.2_lr0.005_wd0.001",ok,5.05,0.8226845576940452,0.5052057361517546,0.1678743288830522,0.7455391776570985,0.7549019607843137,0.743778801843318,0.3564814814814814,0.941656942823804,0.4842767295597484,0.5,154.0,807.0,278.0,50.0
1206,knn_k75_distance,ok,0.12,0.8226574500768049,0.5209207830996515,0.1135817272730185,0.8425135764158262,0.0098039215686274,0.9990783410138248,0.6666666666666666,0.8429237947122862,0.0193236714975845,0.5,2.0,1084.0,1.0,202.0
1207,"dnn_(64, 32)_drop0.1_lr0.003_bs32",ok,3.95,0.822639378331978,0.4939038817799571,0.1662045712606723,0.7579519006982157,0.7401960784313726,0.7612903225806451,0.3682926829268292,0.9397042093287828,0.4918566775244299,0.5,151.0,826.0,259.0,53.0
1208,adaboost_n50_lr1.0,ok,1.35,0.8226371193638745,0.5074949243835905,0.1708838179300692,0.8588052754072925,0.3627450980392157,0.952073732718894,0.5873015873015873,0.8882201203783319,0.4484848484848485,0.5,74.0,1033.0,52.0,130.0
1209,"dnn_(64,)_drop0.1_lr0.003_bs32",ok,2.91,0.8226258245233576,0.5058398774911028,0.1697522008148013,0.7556245151280062,0.7205882352941176,0.7622119815668202,0.362962962962963,0.9355203619909502,0.4827586206896552,0.5,147.0,827.0,258.0,57.0
1210,"dnn_v2_(64, 32, 16)_drop0.1_lr0.001_wd0.01",ok,4.76,0.8225806451612903,0.496906655428886,0.1646092632710535,0.7765709852598914,0.6715686274509803,0.7963133640552995,0.38268156424581,0.9280343716433942,0.4875444839857651,0.5,137.0,864.0,221.0,67.0
1211,gbdt_sklearn_n200_lr0.01_sub1.0,ok,9.72,0.8225128761181892,0.5562540916387031,0.0990263901360966,0.8750969743987588,0.2892156862745098,0.9852534562211982,0.7866666666666666,0.8805601317957167,0.4229390681003584,0.5,59.0,1069.0,16.0,145.0
1212,"dnn_(256, 128)_drop0.1_lr0.001_bs32",ok,4.87,0.8223457124785398,0.5105358756931424,0.1664862076384656,0.769588828549263,0.7254901960784313,0.7778801843317973,0.3804627249357326,0.9377777777777778,0.4991568296795953,0.5,148.0,844.0,241.0,56.0
1213,xgboost_dart_n200_d7_lr0.1_drop0.3,ok,7.89,0.8222937562121624,0.5376346800823782,0.099626094899633,0.8727695888285493,0.2745098039215686,0.9852534562211982,0.7777777777777778,0.8783894823336073,0.4057971014492754,0.5,56.0,1069.0,16.0,148.0
1214,knn_k45_uniform,ok,0.16,0.8222869793078522,0.5062659601897881,0.1107747416410462,0.8456167571761055,0.0392156862745098,0.9972350230414746,0.7272727272727273,0.8466353677621283,0.0744186046511627,0.5,8.0,1082.0,3.0,196.0
1215,"dnn_(128, 64)_drop0.1_lr0.003_bs16",ok,7.54,0.8219165085388994,0.4942137412286796,0.173041689910577,0.7494181536074477,0.7401960784313726,0.7511520737327189,0.3586698337292161,0.9389400921658986,0.4832,0.5,151.0,815.0,270.0,53.0
1216,xgboost_n100_d5_lr0.01,ok,0.92,0.8218374446552815,0.5419728042348367,0.1030392527533377,0.8580294802172227,0.1470588235294117,0.991705069124424,0.7692307692307693,0.8608,0.2469135802469135,0.5,30.0,1076.0,9.0,174.0
1217,"dnn_(128, 64, 32)_drop0.3_lr0.001_bs32",ok,6.51,0.8218261498147645,0.5067692393016101,0.1664293286769201,0.764934057408844,0.7058823529411765,0.776036866359447,0.3720930232558139,0.933481152993348,0.4873096446700508,0.5,144.0,842.0,243.0,60.0
1218,"convnet_v2_(16, 32)_k5_drop0.1_lr0.0005",ok,8.12,0.8217132014095963,0.4898410603122513,0.162221498865291,0.7905352986811481,0.6764705882352942,0.8119815668202764,0.4035087719298245,0.9303062302006336,0.5054945054945055,0.5,138.0,881.0,204.0,66.0
1219,"dnn_v2_(128, 64, 32)_drop0.4_lr0.001_wd0.1",ok,7.92,0.8216860937923558,0.5127865212992261,0.1644048812382064,0.7688130333591932,0.7058823529411765,0.7806451612903226,0.3769633507853403,0.9338478500551268,0.4914675767918088,0.5,144.0,847.0,238.0,60.0
1220,"dnn_v2_(128, 64, 32)_drop0.4_lr0.005_wd0.1",ok,4.53,0.8216860937923557,0.4752980929001298,0.172934195888375,0.769588828549263,0.6764705882352942,0.7870967741935484,0.3739837398373983,0.9282608695652174,0.4816753926701571,0.5,138.0,854.0,231.0,66.0
1221,"dnn_v2_(32,)_drop0.2_lr0.001_wd1e-05",ok,3.34,0.8216725399837355,0.4760885828865092,0.1625305667101324,0.7765709852598914,0.6862745098039216,0.7935483870967742,0.3846153846153846,0.9308108108108109,0.4929577464788732,0.5,140.0,861.0,224.0,64.0
1222,logreg_C10_balanced_lbfgs,ok,0.18,0.8216544682389084,0.4751561822521031,0.1569359954972382,0.7882079131109387,0.6764705882352942,0.8092165898617512,0.4,0.9300847457627118,0.5027322404371585,0.5,138.0,878.0,207.0,66.0
1223,"convnet_(32, 64)_k5_drop0.3_lr0.003",ok,10.45,0.8216273606216681,0.4760486926264359,0.1669624331365105,0.752521334367727,0.7303921568627451,0.7566820276497696,0.360774818401937,0.9372146118721462,0.4829821717990275,0.5,149.0,821.0,264.0,55.0
1224,"convnet_v2_(32, 64)_k5_drop0.3_lr0.003",ok,9.68,0.8216273606216681,0.4760486926264359,0.1669624331365105,0.752521334367727,0.7303921568627451,0.7566820276497696,0.360774818401937,0.9372146118721462,0.4829821717990275,0.5,149.0,821.0,264.0,55.0
1225,knn_k60_distance,ok,0.11,0.821609288876841,0.5209445659285206,0.1123586153222826,0.8440651667959659,0.0196078431372549,0.9990783410138248,0.8,0.8442367601246106,0.0382775119617224,0.5,4.0,1084.0,1.0,200.0
1226,logreg_C10_balanced_liblinear,ok,0.2,0.8215550736423602,0.4749189189789441,0.1569526180682807,0.7874321179208689,0.6764705882352942,0.808294930875576,0.3988439306358382,0.9300106044538706,0.5018181818181818,0.5,138.0,877.0,208.0,66.0
1227,logreg_C0.3_None_liblinear,ok,0.12,0.8215324839613265,0.4949451863276804,0.1065510536182917,0.8603568657874321,0.3382352941176471,0.9585253456221198,0.6052631578947368,0.8851063829787233,0.4339622641509434,0.5,69.0,1040.0,45.0,135.0
1228,"dnn_v2_(256, 128, 64)_drop0.2_lr0.005_wd0.1",ok,6.12,0.8214782687268457,0.4999531558198627,0.1703360690798645,0.752521334367727,0.75,0.7529953917050691,0.3634204275534441,0.9412442396313364,0.4896,0.5,153.0,817.0,268.0,51.0
1229,lightgbm_n100_leaves15_lr0.01,ok,0.51,0.8214127586518479,0.55292512389902,0.1025023537961846,0.8665632273079907,0.2009803921568627,0.991705069124424,0.82,0.8684422921711057,0.3228346456692913,0.5,41.0,1076.0,9.0,163.0
1230,gbdt_sklearn_n200_lr0.2_sub1.0,ok,9.74,0.8213562844492635,0.5201101402827037,0.1090068732255734,0.8688906128782001,0.4166666666666667,0.9539170506912442,0.6296296296296297,0.8968804159445407,0.5014749262536873,0.5,85.0,1035.0,50.0,119.0
1231,gbdt_sklearn_n100_lr0.01_sub0.8,ok,4.07,0.8213336947682298,0.5545696956719461,0.1045267176450491,0.8657874321179209,0.1764705882352941,0.9953917050691244,0.8780487804878049,0.8653846153846154,0.2938775510204082,0.5,36.0,1080.0,5.0,168.0
1232,"dnn_v2_(128, 64, 32)_drop0.4_lr0.005_wd0.01",ok,5.32,0.8212523719165086,0.511624028474257,0.1669870577993337,0.7532971295577967,0.7549019607843137,0.7529953917050691,0.3649289099526066,0.9423298731257208,0.4920127795527156,0.5,154.0,817.0,268.0,50.0
1233,"mlp_(64,)_logistic",ok,12.96,0.8212388181078883,0.4551920710001456,0.1201578055342267,0.8425135764158262,0.4019607843137255,0.9253456221198156,0.5030674846625767,0.8916518650088809,0.4468664850136239,0.5,82.0,1004.0,81.0,122.0
1234,knn_k35_uniform,ok,0.1,0.8211958977139242,0.5111398403378178,0.1089634426307373,0.8494957331264547,0.0588235294117647,0.9981566820276496,0.8571428571428571,0.8494117647058823,0.110091743119266,0.5,12.0,1083.0,2.0,192.0
1235,svc_linear_C0.01,ok,0.44,0.8211846028734074,0.5075247531732807,0.1049995934666388,0.8588052754072925,0.2401960784313725,0.9751152073732718,0.6447368421052632,0.8722176422093982,0.35,0.5,49.0,1058.0,27.0,155.0
1236,knn_k35_distance,ok,0.1,0.8211371645432366,0.5337040186851258,0.1086884342403321,0.8510473235065943,0.0686274509803921,0.9981566820276496,0.875,0.8507462686567164,0.1272727272727272,0.5,14.0,1083.0,2.0,190.0
1237,"dnn_v2_(128,)_drop0.1_lr0.001_wd0.001",ok,3.1,0.8210942441492726,0.4965466002169727,0.1659195854593494,0.7680372381691234,0.6813725490196079,0.784331797235023,0.3726541554959786,0.9290393013100436,0.4818024263431542,0.5,139.0,851.0,234.0,65.0
1238,"dnn_v2_(64, 32)_drop0.4_lr0.005_wd0.0001",ok,3.37,0.8210084033613445,0.4907758840838035,0.1743611533201261,0.734678044996121,0.7401960784313726,0.7336405529953917,0.3431818181818182,0.9375736160188456,0.468944099378882,0.5,151.0,796.0,289.0,53.0
1239,"dnn_v2_(64, 32)_drop0.2_lr0.001_wd0.0001",ok,4.62,0.820999367488931,0.4866954910037405,0.169084710140993,0.7641582622187743,0.7254901960784313,0.7714285714285715,0.3737373737373737,0.9372900335946248,0.4933333333333333,0.5,148.0,837.0,248.0,56.0
1240,logreg_C0.3_None_lbfgs,ok,0.11,0.8209496701906568,0.4935090702593589,0.1069905149381577,0.8595810705973623,0.3284313725490196,0.9594470046082948,0.6036036036036037,0.8837011884550084,0.4253968253968254,0.5,67.0,1041.0,44.0,137.0
1241,"dnn_v2_(128, 64, 32)_drop0.1_lr0.001_wd0.01",ok,5.13,0.8209406343182435,0.5127717855967359,0.1595272104823576,0.7796741660201707,0.696078431372549,0.7953917050691244,0.3901098901098901,0.932972972972973,0.5,0.5,142.0,863.0,222.0,62.0
1242,"convnet_v2_(8, 16)_k7_drop0.3_lr0.003",ok,6.4,0.8209361163820366,0.4927035069795422,0.1678998849596995,0.7688130333591932,0.75,0.7723502304147466,0.3825,0.9426321709786276,0.5066225165562914,0.5,153.0,838.0,247.0,51.0
1243,ridge_alpha3,ok,0.09,0.8209315984458301,0.4965375420500177,0.1434568221059259,0.8564778898370831,0.2549019607843137,0.9695852534562212,0.611764705882353,0.8737541528239202,0.3598615916955017,0.5,52.0,1052.0,33.0,152.0
1244,knn_k75_uniform,ok,0.12,0.820913526701003,0.5062654205680177,0.114090440479269,0.843289371605896,0.0098039215686274,1.0,1.0,0.8430458430458431,0.0194174757281553,0.5,2.0,1085.0,0.0,202.0
1245,adaboost_n500_lr1.0,ok,12.43,0.8208864190837626,0.507879850071293,0.2151661282977282,0.8595810705973623,0.4215686274509804,0.9419354838709676,0.5771812080536913,0.8964912280701754,0.4872521246458923,0.5,86.0,1022.0,63.0,118.0
1246,"dnn_v2_(32, 16)_drop0.1_lr0.001_wd0.01",ok,4.5,0.8207282913165266,0.5003145575260741,0.1687810116895977,0.7703646237393328,0.7107843137254902,0.7815668202764977,0.3795811518324607,0.9349503858875412,0.4948805460750853,0.5,145.0,848.0,237.0,59.0
1247,"dnn_v2_(64, 32, 16)_drop0.1_lr0.005_wd0.1",ok,5.62,0.8206605222734255,0.4852264212736608,0.1752770005918613,0.7750193948797518,0.696078431372549,0.7898617511520737,0.3837837837837838,0.9325353645266594,0.494773519163763,0.5,142.0,857.0,228.0,62.0
1248,"dnn_v2_(64, 32)_drop0.2_lr0.005_wd0.001",ok,3.17,0.820651486401012,0.4935870493938211,0.1721412448205051,0.7439875872769589,0.7254901960784313,0.7474654377880184,0.3507109004739336,0.9354094579008074,0.4728434504792332,0.5,148.0,811.0,274.0,56.0
1249,xgboost_dart_n100_d7_lr0.1_drop0.3,ok,2.73,0.8206221198156681,0.5349169161284522,0.1007120059405824,0.8681148176881304,0.25,0.9843317972350232,0.75,0.8746928746928747,0.375,0.5,51.0,1068.0,17.0,153.0
1250,"dnn_v2_(128,)_drop0.1_lr0.001_wd0.0001",ok,3.1,0.8206017891027378,0.4961385798147941,0.1657692102462533,0.7688130333591932,0.6813725490196079,0.7852534562211981,0.3736559139784946,0.9291166848418756,0.4826388888888889,0.5,139.0,852.0,233.0,65.0
1251,"dnn_(128,)_drop0.1_lr0.001_bs32",ok,3.4,0.8206017891027378,0.4961385798147941,0.1657692102462533,0.7688130333591932,0.6813725490196079,0.7852534562211981,0.3736559139784946,0.9291166848418756,0.4826388888888889,0.5,139.0,852.0,233.0,65.0
1252,"dnn_v2_(128,)_drop0.1_lr0.001_wd1e-05",ok,3.37,0.8205791994217042,0.4960626880943387,0.1657725631174169,0.769588828549263,0.6862745098039216,0.7852534562211981,0.3753351206434316,0.9301310043668122,0.4852686308492201,0.5,140.0,852.0,233.0,64.0
1253,"dnn_v2_(32, 16)_drop0.2_lr0.001_wd0.0001",ok,4.21,0.8205249841872233,0.5071786637351371,0.1720622637781175,0.7602792862684251,0.7254901960784313,0.7668202764976959,0.3690773067331671,0.9369369369369368,0.4892561983471074,0.5,148.0,832.0,253.0,56.0
1254,"dnn_v2_(64, 32, 16)_drop0.2_lr0.001_wd0.1",ok,7.44,0.8204707689527424,0.5024222580178914,0.1676194344272654,0.7812257564003103,0.6911764705882353,0.7981566820276498,0.3916666666666666,0.9321851453175456,0.5,0.5,141.0,866.0,219.0,63.0
1255,"dnn_v2_(64, 32, 16)_drop0.1_lr0.001_wd0.1",ok,5.46,0.8204029999096413,0.5119737196669979,0.1654386930414079,0.7726920093095423,0.6715686274509803,0.791705069124424,0.3774104683195592,0.927645788336933,0.4832451499118165,0.5,137.0,859.0,226.0,67.0
1256,logreg_C30_balanced_liblinear,ok,0.23,0.8203126411855065,0.4736413158732003,0.1574385622114912,0.7874321179208689,0.6764705882352942,0.808294930875576,0.3988439306358382,0.9300106044538706,0.5018181818181818,0.5,138.0,877.0,208.0,66.0
1257,"convnet_v2_(32, 64)_k5_drop0.2_lr0.01",ok,9.84,0.8202855335682661,0.4576829446166425,0.1721542027932607,0.752521334367727,0.7598039215686274,0.7511520737327189,0.3647058823529411,0.9432870370370372,0.492845786963434,0.5,155.0,815.0,270.0,49.0
1258,"convnet_v2_(32, 64)_k7_drop0.4_lr0.0005",ok,9.32,0.820285533568266,0.471356636579369,0.1609264209974784,0.7781225756400311,0.7009803921568627,0.7926267281105991,0.3885869565217391,0.9337676438653636,0.5,0.5,143.0,860.0,225.0,61.0
1259,xgboost_dart_n100_d5_lr0.1_drop0.3,ok,2.1,0.8202629438872324,0.5350938319653115,0.1003390232195924,0.8719937936384794,0.2696078431372549,0.9852534562211982,0.7746478873239436,0.8776683087027914,0.4,0.5,55.0,1069.0,16.0,149.0
1260,linear_svc_C0.01_hinge,ok,0.11,0.8202177645251649,0.505436892034353,0.1249179991257881,0.8572536850271528,0.1666666666666666,0.9870967741935484,0.7083333333333334,0.863013698630137,0.2698412698412698,0.5,34.0,1071.0,14.0,170.0
1261,"dnn_v2_(64, 32)_drop0.4_lr0.005_wd0.001",ok,3.38,0.820199692780338,0.4888050522591357,0.1738876661461028,0.73933281613654,0.7450980392156863,0.7382488479262673,0.3486238532110092,0.9390386869871044,0.475,0.5,152.0,801.0,284.0,52.0
1262,logreg_C30_balanced_lbfgs,ok,0.19,0.8201861389717178,0.4730966559837477,0.1574714891298494,0.7874321179208689,0.6764705882352942,0.808294930875576,0.3988439306358382,0.9300106044538706,0.5018181818181818,0.5,138.0,877.0,208.0,66.0
1263,xgboost_n100_d3_lr0.01,ok,0.54,0.8201432185777537,0.5439576257427658,0.1051653700743296,0.8549262994569433,0.1078431372549019,0.9953917050691244,0.8148148148148148,0.8557844690966719,0.1904761904761904,0.5,22.0,1080.0,5.0,182.0
1264,"dnn_v2_(256, 128, 64)_drop0.2_lr0.005_wd0.0001",ok,4.99,0.8201409596096503,0.4955982227879619,0.1730744621320387,0.7385570209464701,0.75,0.7364055299539171,0.3485193621867881,0.94,0.4758942457231726,0.5,153.0,799.0,286.0,51.0
1265,"convnet_v2_(16, 32)_k5_drop0.3_lr0.001",ok,7.81,0.8201319237372369,0.4713621376696904,0.1645547945128162,0.78277734678045,0.6666666666666666,0.8046082949308756,0.3908045977011494,0.9277364505844846,0.4927536231884058,0.5,136.0,873.0,212.0,68.0
1266,"convnet_(16, 32)_k5_drop0.3_lr0.001",ok,9.17,0.8201319237372369,0.4713621376696904,0.1645547945128162,0.78277734678045,0.6666666666666666,0.8046082949308756,0.3908045977011494,0.9277364505844846,0.4927536231884058,0.5,136.0,873.0,212.0,68.0
1267,lightgbm_n800_leaves31_lr0.001,ok,5.33,0.8200957802475829,0.5499082845889299,0.105061437053582,0.8595810705973623,0.1274509803921568,0.9972350230414746,0.896551724137931,0.8587301587301587,0.223175965665236,0.5,26.0,1082.0,3.0,178.0
1268,"convnet_v2_(8,)_k5_drop0.4_lr0.003",ok,5.14,0.8200867443751695,0.4736261922702005,0.1696879410465454,0.7602792862684251,0.7352941176470589,0.7649769585253456,0.3703703703703703,0.9389140271493212,0.4926108374384236,0.5,150.0,830.0,255.0,54.0
1269,"dnn_(32,)_drop0.3_lr0.001_bs32",ok,4.24,0.8200189753320684,0.4750106973990116,0.1639597973617475,0.7703646237393328,0.6764705882352942,0.7880184331797235,0.375,0.9283387622149836,0.4825174825174825,0.5,138.0,855.0,230.0,66.0
1270,sgd_logloss_a0.001_adaptive,ok,0.13,0.8200144573958615,0.4899587845234585,0.1077925640009949,0.8595810705973623,0.3333333333333333,0.9585253456221198,0.6017699115044248,0.8843537414965986,0.4290220820189274,0.5,68.0,1040.0,45.0,136.0
1271,"dnn_v2_(64, 32)_drop0.2_lr0.001_wd1e-05",ok,4.28,0.8199873497786211,0.4860983737803577,0.1694681867486142,0.7633824670287044,0.7254901960784313,0.7705069124423963,0.3727959697732997,0.937219730941704,0.4925124792013311,0.5,148.0,836.0,249.0,56.0
1272,"dnn_v2_(128, 64, 32)_drop0.1_lr0.005_wd0.1",ok,5.33,0.8199737959700009,0.4963707536889949,0.1695672281014296,0.7664856477889838,0.7058823529411765,0.7778801843317973,0.374025974025974,0.9336283185840708,0.4889643463497453,0.5,144.0,844.0,241.0,60.0
1273,"convnet_v2_(8,)_k5_drop0.1_lr0.001",ok,5.96,0.8199240986717269,0.485785897486824,0.1800816877697554,0.7455391776570985,0.7352941176470589,0.7474654377880184,0.3537735849056603,0.93757225433526,0.4777070063694267,0.5,150.0,811.0,274.0,54.0
1274,"dnn_v2_(256, 128, 64)_drop0.2_lr0.005_wd1e-05",ok,4.94,0.8198427758200054,0.4931748740390683,0.1735467726996886,0.7424359968968193,0.75,0.7410138248847926,0.3525345622119815,0.9403508771929824,0.4796238244514106,0.5,153.0,804.0,281.0,51.0
1275,"dnn_v2_(256, 128, 64)_drop0.4_lr0.005_wd0.1",ok,6.65,0.8197885605855245,0.4656102911148372,0.1588850394571737,0.7804499612102405,0.7107843137254902,0.7935483870967742,0.3929539295392953,0.9358695652173912,0.506108202443281,0.5,145.0,861.0,224.0,59.0
1276,"convnet_v2_(8,)_k5_drop0.1_lr0.0005",ok,6.15,0.8197885605855245,0.4758226345739054,0.1753301331249345,0.764934057408844,0.7058823529411765,0.776036866359447,0.3720930232558139,0.933481152993348,0.4873096446700508,0.5,144.0,842.0,243.0,60.0
1277,sgd_hinge_a0.1_elasticnet,ok,0.12,0.8197524170958705,0.5107087898849731,0.1197624892907257,0.8533747090768037,0.1078431372549019,0.9935483870967742,0.7586206896551724,0.8555555555555555,0.1888412017167382,0.5,22.0,1078.0,7.0,182.0
1278,knn_k60_uniform,ok,0.11,0.8196914249570796,0.5024119926531924,0.112838117403672,0.8440651667959659,0.0196078431372549,0.9990783410138248,0.8,0.8442367601246106,0.0382775119617224,0.5,4.0,1084.0,1.0,200.0
1279,svc_rbf_C0.001,ok,0.56,0.8196485045631157,0.500037271681423,0.1039561966308355,0.8549262994569433,0.2549019607843137,0.967741935483871,0.5977011494252874,0.8735440931780366,0.3573883161512027,0.5,52.0,1050.0,35.0,152.0
1280,"dnn_(256, 128)_drop0.3_lr0.003_bs32",ok,5.22,0.8195942893286348,0.5009801286428736,0.1615565210346179,0.7765709852598914,0.7254901960784313,0.7861751152073733,0.3894736842105263,0.9383938393839384,0.5068493150684932,0.5,148.0,853.0,232.0,56.0
1281,"dnn_(256, 128)_drop0.3_lr0.003_bs16",ok,8.81,0.8195039306044999,0.4997322102080359,0.1642698884534215,0.7579519006982157,0.7205882352941176,0.7649769585253456,0.3656716417910448,0.935738444193912,0.4851485148514851,0.5,147.0,830.0,255.0,57.0
1282,"convnet_v2_(8,)_k5_drop0.3_lr0.005",ok,4.51,0.8192870696665764,0.4731368515567064,0.1728434874705034,0.7517455391776571,0.7254901960784313,0.7566820276497696,0.3592233009708738,0.936145952109464,0.4805194805194805,0.5,148.0,821.0,264.0,56.0
1283,ridge_alpha1,ok,0.09,0.8192644799855425,0.4949076466271389,0.1435115824844972,0.8549262994569433,0.25,0.968663594470046,0.6,0.8729235880398671,0.3529411764705882,0.5,51.0,1051.0,34.0,153.0
1284,"convnet_v2_(8,)_k5_drop0.4_lr0.001",ok,6.97,0.8192509261769224,0.4953073404734211,0.1661351726087112,0.769588828549263,0.7058823529411765,0.7815668202764977,0.3779527559055118,0.933920704845815,0.4923076923076923,0.5,144.0,848.0,237.0,60.0
1285,sgd_hinge_a0.01_l1,ok,0.17,0.8192464082407157,0.5059932269258016,0.1162672568281054,0.8549262994569433,0.1568627450980392,0.9861751152073732,0.6808510638297872,0.8615136876006442,0.2549800796812749,0.5,32.0,1070.0,15.0,172.0
1286,"dnn_v2_(128, 64, 32)_drop0.1_lr0.001_wd0.001",ok,4.53,0.8191967109424416,0.5034726693163556,0.1703804861260238,0.7602792862684251,0.696078431372549,0.7723502304147466,0.365038560411311,0.9311111111111112,0.4789207419898819,0.5,142.0,838.0,247.0,62.0
1287,"convnet_v2_(32, 64)_k5_drop0.3_lr0.0005",ok,9.16,0.8191515315803741,0.4817664010851671,0.1794319473123138,0.7532971295577967,0.7401960784313726,0.7557603686635944,0.3629807692307692,0.9392898052691868,0.4870967741935484,0.5,151.0,820.0,265.0,53.0
1288,lightgbm_n800_leaves127_lr0.001,ok,7.31,0.8191289418993405,0.5484598787780924,0.1051483148859621,0.8595810705973623,0.1274509803921568,0.9972350230414746,0.896551724137931,0.8587301587301587,0.223175965665236,0.5,26.0,1082.0,3.0,178.0
1289,lightgbm_n800_leaves63_lr0.001,ok,7.71,0.8191289418993405,0.5484598787780924,0.1051483148859621,0.8595810705973623,0.1274509803921568,0.9972350230414746,0.896551724137931,0.8587301587301587,0.223175965665236,0.5,26.0,1082.0,3.0,178.0
1290,lightgbm_n800_leaves255_lr0.001,ok,7.3,0.8191289418993405,0.5484598787780924,0.1051483148859621,0.8595810705973623,0.1274509803921568,0.9972350230414746,0.896551724137931,0.8587301587301587,0.223175965665236,0.5,26.0,1082.0,3.0,178.0
1291,"convnet_v2_(8,)_k5_drop0.3_lr0.003",ok,5.06,0.8190837625372729,0.4653542785107845,0.1659262095850094,0.7626066718386346,0.7009803921568627,0.7741935483870968,0.3685567010309278,0.9322974472807992,0.4831081081081081,0.5,143.0,840.0,245.0,61.0
1292,"dnn_v2_(64, 32, 16)_drop0.1_lr0.001_wd0.0001",ok,5.21,0.8190024396855516,0.4915874592841938,0.162498499961265,0.7820015515903801,0.6813725490196079,0.8009216589861751,0.3915492957746478,0.930406852248394,0.4973166368515205,0.5,139.0,869.0,216.0,65.0
1293,"dnn_(64, 32, 16)_drop0.1_lr0.001_bs32",ok,6.06,0.8190024396855516,0.4915874592841938,0.162498499961265,0.7820015515903801,0.6813725490196079,0.8009216589861751,0.3915492957746478,0.930406852248394,0.4973166368515205,0.5,139.0,869.0,216.0,65.0
1294,"convnet_v2_(16, 32)_k5_drop0.2_lr0.0005",ok,7.68,0.8188307581096954,0.4894359220032629,0.1627517748867901,0.7951900698215671,0.6862745098039216,0.815668202764977,0.4117647058823529,0.9325605900948368,0.5147058823529411,0.5,140.0,885.0,200.0,64.0
1295,"convnet_v2_(8,)_k5_drop0.2_lr0.001",ok,5.46,0.8188262401734887,0.4869459659012419,0.1748870568930829,0.756400310318076,0.7156862745098039,0.7640552995391705,0.36318407960199,0.9346110484780158,0.4818481848184818,0.5,146.0,829.0,256.0,58.0
1296,"dnn_v2_(32, 16)_drop0.1_lr0.001_wd0.001",ok,4.46,0.8186861841510797,0.4967635506645058,0.1670510921809226,0.769588828549263,0.7107843137254902,0.7806451612903226,0.3785900783289817,0.934878587196468,0.4940374787052811,0.5,145.0,847.0,238.0,59.0
1297,"convnet_(16, 32, 64)_k3_drop0.3_lr0.003",ok,11.58,0.8186726303424595,0.48306289762868,0.1681675509590581,0.7626066718386346,0.7205882352941176,0.7705069124423963,0.3712121212121212,0.9361702127659576,0.49,0.5,147.0,836.0,249.0,57.0
1298,"convnet_v2_(8, 16, 32)_k7_drop0.1_lr0.0005",ok,8.22,0.8186635944700462,0.4808582176431299,0.1657703441520814,0.769588828549263,0.696078431372549,0.783410138248848,0.376657824933687,0.9320175438596492,0.4888123924268502,0.5,142.0,850.0,235.0,62.0
1299,"dnn_v2_(32, 16)_drop0.1_lr0.005_wd0.001",ok,3.27,0.818663594470046,0.4970300166516952,0.1701024957228773,0.7641582622187743,0.7156862745098039,0.7732718894009216,0.3724489795918367,0.935340022296544,0.4899328859060403,0.5,146.0,839.0,246.0,58.0
1300,"dnn_(64, 32)_drop0.1_lr0.003_bs16",ok,7.03,0.818638745820909,0.5009929350946511,0.1745924296075448,0.7401086113266098,0.7696078431372549,0.7345622119815668,0.3528089887640449,0.9443127962085308,0.4838212634822804,0.5,157.0,797.0,288.0,47.0
1301,"dnn_v2_(256, 128, 64)_drop0.4_lr0.005_wd0.0001",ok,5.17,0.8186274509803921,0.4988367897496965,0.1762940065610647,0.7300232738557021,0.7303921568627451,0.7299539170506912,0.33710407239819,0.935064935064935,0.4613003095975232,0.5,149.0,792.0,293.0,55.0
1302,"dnn_v2_(64, 32)_drop0.4_lr0.005_wd1e-05",ok,3.2,0.8186048612993584,0.4963094841610715,0.1755901702639345,0.7315748642358417,0.7450980392156863,0.7290322580645161,0.3408071748878923,0.9383155397390271,0.4676923076923077,0.5,152.0,791.0,294.0,52.0
1303,xgboost_n100_d7_lr0.01,ok,1.4,0.8185890485226349,0.5329458685509076,0.1033523599864485,0.8619084561675717,0.1666666666666666,0.992626728110599,0.8095238095238095,0.863672814755413,0.2764227642276423,0.5,34.0,1077.0,8.0,170.0
1304,"dnn_(64, 32)_drop0.3_lr0.003_bs32",ok,4.75,0.8185822716183248,0.4969551356186639,0.1684796857341529,0.7501939487975174,0.7401960784313726,0.752073732718894,0.3595238095238095,0.9390103567318756,0.483974358974359,0.5,151.0,816.0,269.0,53.0
1305,"dnn_(256, 128)_drop0.3_lr0.001_bs32",ok,5.36,0.8185551640010844,0.508181086365244,0.1694560883494197,0.7618308766485647,0.7254901960784313,0.7686635944700461,0.3709273182957393,0.9370786516853932,0.4908789386401326,0.5,148.0,834.0,251.0,56.0
1306,"dnn_v2_(128, 64, 32)_drop0.2_lr0.001_wd0.001",ok,5.31,0.818528056383844,0.495920354620103,0.1715475686510685,0.756400310318076,0.7058823529411765,0.7658986175115208,0.3618090452261306,0.9326599326599326,0.4784053156146179,0.5,144.0,831.0,254.0,60.0
1307,"convnet_v2_(32, 64)_k7_drop0.1_lr0.0005",ok,9.53,0.8184828770217765,0.4719711829275907,0.1682320793255107,0.7595034910783554,0.7058823529411765,0.7695852534562212,0.365482233502538,0.9329608938547486,0.4816053511705686,0.5,144.0,835.0,250.0,60.0
1308,"convnet_v2_(8,)_k3_drop0.4_lr0.0005",ok,7.19,0.8184422155959158,0.4758661300933402,0.1748760967388371,0.769588828549263,0.7598039215686274,0.7714285714285715,0.3846153846153846,0.9446952595936796,0.5107084019769358,0.5,155.0,837.0,248.0,49.0
1309,"dnn_v2_(128, 64, 32)_drop0.2_lr0.005_wd0.01",ok,5.2,0.8184331797235022,0.5025697851434979,0.1809271051552695,0.7300232738557021,0.7401960784313726,0.728110599078341,0.3385650224215246,0.937129300118624,0.4646153846153846,0.5,151.0,790.0,295.0,53.0
1310,"convnet_(16, 32, 64)_k3_drop0.1_lr0.001",ok,11.73,0.8184286617872956,0.467739097766231,0.1621200887498254,0.7726920093095423,0.6862745098039216,0.7889400921658987,0.3794037940379404,0.9304347826086956,0.4886561954624782,0.5,140.0,856.0,229.0,64.0
1311,"dnn_v2_(64, 32, 16)_drop0.1_lr0.001_wd0.001",ok,4.82,0.818419625914882,0.4902651730977029,0.1661259415186934,0.7672614429790535,0.6715686274509803,0.7852534562211981,0.3702702702702702,0.9270946681175192,0.4773519163763066,0.5,137.0,852.0,233.0,67.0
1312,"dnn_v2_(32, 16)_drop0.1_lr0.001_wd1e-05",ok,4.11,0.8182660160838529,0.4957397438588575,0.1669563972155007,0.7711404189294027,0.7058823529411765,0.783410138248848,0.3799472295514511,0.934065934065934,0.4939965694682676,0.5,144.0,850.0,235.0,60.0
1313,"dnn_v2_(128, 64, 32)_drop0.4_lr0.005_wd0.001",ok,5.24,0.8182479443390258,0.5085690457387866,0.1723857729142717,0.7439875872769589,0.7549019607843137,0.7419354838709677,0.3548387096774194,0.9415204678362572,0.4827586206896552,0.5,154.0,805.0,280.0,50.0
1314,gbdt_sklearn_n200_lr0.2_sub0.8,ok,8.11,0.8182434264028192,0.5207925736646495,0.1134540363617409,0.8626842513576416,0.392156862745098,0.9511520737327188,0.6015037593984962,0.8927335640138409,0.4747774480712166,0.5,80.0,1032.0,53.0,124.0
1315,"convnet_v2_(16, 32)_k5_drop0.1_lr0.001",ok,7.25,0.8182389084666124,0.4859130930234379,0.1642905047981449,0.7858805275407292,0.7058823529411765,0.8009216589861751,0.4,0.9354144241119484,0.5106382978723404,0.5,144.0,869.0,216.0,60.0
1316,"convnet_(16, 32)_k5_drop0.1_lr0.001",ok,8.25,0.8182389084666124,0.4859130930234379,0.1642905047981449,0.7858805275407292,0.7058823529411765,0.8009216589861751,0.4,0.9354144241119484,0.5106382978723404,0.5,144.0,869.0,216.0,60.0
1317,"convnet_v2_(32, 64)_k3_drop0.4_lr0.01",ok,10.19,0.8181959880726486,0.4678698933026153,0.1825570676298761,0.7253685027152832,0.803921568627451,0.7105990783410139,0.3430962343096234,0.9506781750924784,0.4809384164222874,0.5,164.0,771.0,314.0,40.0
1318,"dnn_v2_(256, 128, 64)_drop0.4_lr0.005_wd1e-05",ok,5.47,0.8181621035510979,0.4980914449902825,0.1770746629915679,0.7245927075252133,0.7303921568627451,0.7235023041474654,0.33184855233853,0.9345238095238096,0.4563552833078101,0.5,149.0,785.0,300.0,55.0
1319,gbdt_sklearn_n300_lr0.2_sub1.0,ok,14.71,0.8181621035510979,0.5225678255340012,0.1121297470615515,0.8688906128782001,0.4166666666666667,0.9539170506912442,0.6296296296296297,0.8968804159445407,0.5014749262536873,0.5,85.0,1035.0,50.0,119.0
1320,"dnn_v2_(256, 128, 64)_drop0.4_lr0.005_wd0.001",ok,5.47,0.8180491551459294,0.4953932225930569,0.1675803355199739,0.7424359968968193,0.7156862745098039,0.7474654377880184,0.3476190476190476,0.9332566168009206,0.4679487179487179,0.5,146.0,811.0,274.0,58.0
1321,linear_svc_C0.03_hinge,ok,0.12,0.8180175295924822,0.5005672113569103,0.1186355609029867,0.8580294802172227,0.2058823529411764,0.9806451612903224,0.6666666666666666,0.867862969004894,0.3146067415730337,0.5,42.0,1064.0,21.0,162.0
1322,"dnn_(128,)_drop0.3_lr0.003_bs16",ok,6.0,0.8180175295924822,0.4953463602697782,0.1513911081680887,0.7897595034910784,0.6470588235294118,0.8165898617511521,0.3987915407854985,0.9248434237995824,0.4934579439252336,0.5,132.0,886.0,199.0,72.0
1323,"dnn_v2_(128, 64, 32)_drop0.2_lr0.005_wd0.001",ok,4.79,0.8179768681666215,0.498942831472513,0.1768364004417944,0.7377812257564003,0.7401960784313726,0.7373271889400922,0.3463302752293578,0.9378663540445488,0.471875,0.5,151.0,800.0,285.0,53.0
1324,"dnn_v2_(256, 128, 64)_drop0.4_lr0.005_wd0.01",ok,6.28,0.8179723502304148,0.4983554162399107,0.1623745723852337,0.7517455391776571,0.696078431372549,0.7622119815668202,0.355,0.9302587176602924,0.4701986754966887,0.5,142.0,827.0,258.0,62.0
1325,"dnn_(64, 32, 16)_drop0.3_lr0.001_bs32",ok,7.8,0.8179678322942081,0.490432773625249,0.161078168465654,0.773467804499612,0.6862745098039216,0.7898617511520737,0.3804347826086957,0.9305103148751356,0.4895104895104895,0.5,140.0,857.0,228.0,64.0
1326,scratch_gbdt_n50_d2_lr0.05,ok,13.79,0.8179407246769675,0.53442104738251,0.1013384616259589,0.8650116369278511,0.2549019607843137,0.9797235023041476,0.7027027027027027,0.8748971193415638,0.3741007194244604,0.5,52.0,1063.0,22.0,152.0
1327,ridge_alpha0.3,ok,0.09,0.8179090991235204,0.493492343665884,0.1435555832499426,0.8549262994569433,0.25,0.968663594470046,0.6,0.8729235880398671,0.3529411764705882,0.5,51.0,1051.0,34.0,153.0
1328,"convnet_v2_(8,)_k5_drop0.3_lr0.01",ok,4.82,0.8179000632511069,0.4647954543799774,0.1730876666598381,0.7618308766485647,0.7401960784313726,0.7658986175115208,0.3728395061728395,0.9400452488687784,0.4958949096880131,0.5,151.0,831.0,254.0,53.0
1329,"convnet_v2_(32, 64)_k3_drop0.4_lr0.0005",ok,10.25,0.8178729556338664,0.4685959739075716,0.17262092067775,0.7556245151280062,0.7401960784313726,0.7585253456221198,0.3656174334140435,0.9394977168949772,0.4894651539708265,0.5,151.0,823.0,262.0,53.0
1330,adaboost_n50_lr0.1,ok,1.34,0.8178594018252463,0.5148822725691073,0.1127195669275642,0.8549262994569433,0.1176470588235294,0.9935483870967742,0.7741935483870968,0.8569157392686805,0.2042553191489361,0.5,24.0,1078.0,7.0,180.0
1331,"dnn_(64, 32, 16)_drop0.3_lr0.001_bs16",ok,14.78,0.8178277762717989,0.4818850411756809,0.1659590658541195,0.7540729247478666,0.7205882352941176,0.7603686635944701,0.3611793611793611,0.935374149659864,0.481178396072013,0.5,147.0,825.0,260.0,57.0
1332,"dnn_v2_(64, 32, 16)_drop0.1_lr0.001_wd1e-05",ok,4.87,0.8177916327821451,0.4926179441427802,0.1626568554008632,0.7835531419705197,0.6911764705882353,0.8009216589861751,0.3949579831932773,0.9324034334763948,0.5026737967914439,0.5,141.0,869.0,216.0,63.0
1333,"convnet_v2_(8,)_k5_drop0.1_lr0.003",ok,4.96,0.8177825969097317,0.4848256907203245,0.1706318081747407,0.7556245151280062,0.7107843137254902,0.7640552995391705,0.3615960099750623,0.9335585585585584,0.4793388429752066,0.5,145.0,829.0,256.0,59.0
1334,"convnet_v2_(16, 32)_k7_drop0.4_lr0.01",ok,7.48,0.8177374175476643,0.4853102379440206,0.171628832429347,0.7401086113266098,0.7450980392156863,0.7391705069124423,0.3494252873563218,0.9391100702576112,0.4757433489827856,0.5,152.0,802.0,283.0,52.0
1335,linear_svc_C1_l1,ok,0.84,0.8177103099304237,0.4945544609985833,0.1359641647262908,0.8588052754072925,0.3088235294117647,0.9622119815668204,0.6057692307692307,0.8810126582278481,0.4090909090909091,0.5,63.0,1044.0,41.0,141.0
1336,"dnn_v2_(64, 32)_drop0.2_lr0.005_wd0.01",ok,3.6,0.8176967561218036,0.4914967080425502,0.1731261415768348,0.7447633824670287,0.7598039215686274,0.7419354838709677,0.3563218390804598,0.9426229508196722,0.4851330203442879,0.5,155.0,805.0,280.0,49.0
1337,"convnet_v2_(8, 16)_k3_drop0.4_lr0.01",ok,6.56,0.8176696485045631,0.4872555464197435,0.1801818493259316,0.7455391776570985,0.7450980392156863,0.7456221198156682,0.3551401869158878,0.9396051103368176,0.4810126582278481,0.5,152.0,809.0,276.0,52.0
1338,"convnet_v2_(8,)_k3_drop0.2_lr0.003",ok,4.94,0.8176606126321496,0.4704651360881704,0.2033790705193896,0.7098525989138867,0.8186274509803921,0.6894009216589861,0.3313492063492063,0.9528662420382166,0.4717514124293785,0.5,167.0,748.0,337.0,37.0
1339,"convnet_v2_(32, 64)_k3_drop0.4_lr0.003",ok,8.55,0.8176244691424958,0.4757009022783068,0.1636991571018177,0.761055081458495,0.7058823529411765,0.7714285714285715,0.3673469387755102,0.9331103678929766,0.4832214765100671,0.5,144.0,837.0,248.0,60.0
1340,"convnet_v2_(8,)_k5_drop0.3_lr0.0005",ok,6.69,0.817601879461462,0.4737107973182425,0.1714096664565662,0.7672614429790535,0.6666666666666666,0.7861751152073733,0.3695652173913043,0.9261672095548316,0.4755244755244755,0.5,136.0,853.0,232.0,68.0
1341,"convnet_v2_(32, 64)_k5_drop0.1_lr0.001",ok,9.1,0.8175612180356013,0.4869805288654737,0.1648033820842268,0.7657098525989139,0.7058823529411765,0.7769585253456222,0.3730569948186528,0.9335548172757476,0.488135593220339,0.5,144.0,843.0,242.0,60.0
1342,xgboost_n100_d11_lr0.01,ok,1.88,0.8175612180356013,0.5245796108289869,0.1042421477314967,0.8619084561675717,0.1617647058823529,0.9935483870967742,0.825,0.8630904723779024,0.2704918032786885,0.5,33.0,1078.0,7.0,171.0
1343,"convnet_(32, 64)_k5_drop0.1_lr0.001",ok,9.84,0.8175612180356013,0.4869805288654737,0.1648033820842268,0.7657098525989139,0.7058823529411765,0.7769585253456222,0.3730569948186528,0.9335548172757476,0.488135593220339,0.5,144.0,843.0,242.0,60.0
1344,ridge_alpha0.1,ok,0.09,0.817534110418361,0.4931444413558323,0.1435809630828527,0.8541505042668736,0.2450980392156862,0.968663594470046,0.5952380952380952,0.8721991701244813,0.3472222222222222,0.5,50.0,1051.0,34.0,154.0
1345,sgd_logloss_a0.001_constant,ok,0.1,0.8175341104183609,0.4851148837273419,0.1083249632196044,0.8557020946470132,0.3088235294117647,0.9585253456221198,0.5833333333333334,0.8806096528365792,0.4038461538461538,0.5,63.0,1040.0,45.0,141.0
1346,"convnet_v2_(8,)_k3_drop0.1_lr0.003",ok,4.88,0.8175160386735341,0.4765854855255867,0.2038273518461279,0.7121799844840963,0.8284313725490197,0.6903225806451613,0.3346534653465347,0.9553571428571428,0.4767277856135402,0.5,169.0,749.0,336.0,35.0
1347,"dnn_v2_(128, 64, 32)_drop0.2_lr0.001_wd1e-05",ok,5.54,0.8175115207373272,0.4978347446489477,0.1721166947325138,0.7618308766485647,0.696078431372549,0.7741935483870968,0.3669250645994832,0.9312638580931264,0.4805414551607445,0.5,142.0,840.0,245.0,62.0
1348,"convnet_v2_(8,)_k5_drop0.3_lr0.001",ok,5.31,0.8175070028011204,0.4828102526681732,0.1751489966529065,0.7626066718386346,0.7205882352941176,0.7705069124423963,0.3712121212121212,0.9361702127659576,0.49,0.5,147.0,836.0,249.0,57.0
1349,"convnet_v2_(16, 32)_k5_drop0.4_lr0.0005",ok,8.56,0.8175024848649137,0.4903257605207965,0.1599759013580678,0.7959658650116369,0.6470588235294118,0.823963133640553,0.4086687306501548,0.9254658385093169,0.5009487666034156,0.5,132.0,894.0,191.0,72.0
1350,"convnet_v2_(8, 16, 32)_k5_drop0.2_lr0.003",ok,8.36,0.8175024848649137,0.4776835720003637,0.1613995334182181,0.7703646237393328,0.7058823529411765,0.7824884792626728,0.3789473684210526,0.933993399339934,0.4931506849315068,0.5,144.0,849.0,236.0,60.0
1351,"convnet_v2_(8,)_k3_drop0.3_lr0.005",ok,5.0,0.8174392337580193,0.4721117395897047,0.1984665018411436,0.7222653219550039,0.8235294117647058,0.7032258064516129,0.3428571428571428,0.9549436795994992,0.484149855907781,0.5,168.0,763.0,322.0,36.0
1352,"dnn_v2_(256, 128, 64)_drop0.1_lr0.001_wd1e-05",ok,5.04,0.817412126140779,0.5092788603662645,0.1809978950246057,0.7494181536074477,0.7205882352941176,0.7548387096774194,0.3559322033898305,0.934931506849315,0.4764991896272285,0.5,147.0,819.0,266.0,57.0
1353,"dnn_v2_(64, 32)_drop0.4_lr0.005_wd0.01",ok,4.35,0.8173669467787115,0.4925764088309834,0.1598592918222936,0.7657098525989139,0.7205882352941176,0.7741935483870968,0.375,0.9364548494983278,0.4932885906040268,0.5,147.0,840.0,245.0,57.0
1354,"convnet_v2_(8,)_k3_drop0.3_lr0.01",ok,4.77,0.8173579109062981,0.4661792686117061,0.1837737768568257,0.7339022498060512,0.7696078431372549,0.727188940092166,0.3465783664459161,0.94377990430622,0.4779299847792998,0.5,157.0,789.0,296.0,47.0
1355,"dnn_v2_(64, 32, 16)_drop0.2_lr0.005_wd1e-05",ok,4.05,0.8173443570976778,0.4959985822725206,0.1767798362784958,0.7439875872769589,0.7401960784313726,0.744700460829493,0.352803738317757,0.9384436701509872,0.4778481012658228,0.5,151.0,808.0,277.0,53.0
1356,"dnn_v2_(256, 128, 64)_drop0.1_lr0.005_wd0.0001",ok,5.28,0.8172630342459564,0.4974894308566637,0.1726443280808417,0.7284716834755625,0.7303921568627451,0.728110599078341,0.3355855855855856,0.9349112426035504,0.4598765432098765,0.5,149.0,790.0,295.0,55.0
1357,ridge_alpha0.03,ok,0.1,0.8172314086925093,0.491439643520246,0.1436099673045275,0.8541505042668736,0.2450980392156862,0.968663594470046,0.5952380952380952,0.8721991701244813,0.3472222222222222,0.5,50.0,1051.0,34.0,154.0
1358,"dnn_v2_(32, 16)_drop0.2_lr0.001_wd0.001",ok,4.26,0.8172133369476824,0.4995124015452196,0.1713460772099045,0.764934057408844,0.7254901960784313,0.7723502304147466,0.3746835443037974,0.9373601789709172,0.4941569282136895,0.5,148.0,838.0,247.0,56.0
1359,ridge_alpha0.01,ok,0.09,0.8171907472666485,0.4904377553896525,0.1436956379528189,0.8541505042668736,0.2450980392156862,0.968663594470046,0.5952380952380952,0.8721991701244813,0.3472222222222222,0.5,50.0,1051.0,34.0,154.0
1360,"convnet_v2_(8, 16)_k7_drop0.4_lr0.003",ok,6.54,0.8170823167976867,0.4932947909174957,0.1718497686005501,0.752521334367727,0.7450980392156863,0.7539170506912443,0.3627684964200477,0.9402298850574712,0.4879614767255216,0.5,152.0,818.0,267.0,52.0
1361,"dnn_v2_(256, 128, 64)_drop0.1_lr0.005_wd0.1",ok,6.41,0.8170687629890666,0.4455448958752531,0.1621079371513934,0.7843289371605896,0.6666666666666666,0.8064516129032258,0.3930635838150289,0.9278897136797456,0.4945454545454545,0.5,136.0,875.0,210.0,68.0
1362,"dnn_v2_(128, 64)_drop0.4_lr0.005_wd0.1",ok,3.68,0.8170235836269991,0.5021965722163529,0.1739265824238146,0.7633824670287044,0.7107843137254902,0.7732718894009216,0.3708439897698209,0.9342984409799554,0.4873949579831932,0.5,145.0,839.0,246.0,59.0
1363,"dnn_(128,)_drop0.3_lr0.001_bs16",ok,6.09,0.816973886328725,0.4968237238726016,0.1675845387898449,0.7742435996896819,0.7156862745098039,0.7852534562211981,0.3852242744063324,0.9362637362637364,0.5008576329331046,0.5,146.0,852.0,233.0,58.0
1364,"dnn_v2_(32, 16)_drop0.2_lr0.001_wd1e-05",ok,4.23,0.8169467787114846,0.5030645049358479,0.1711513714941484,0.7641582622187743,0.7205882352941176,0.7723502304147466,0.3730964467005076,0.9363128491620112,0.4916387959866221,0.5,147.0,838.0,247.0,57.0
1365,"dnn_v2_(256, 128, 64)_drop0.1_lr0.005_wd1e-05",ok,5.13,0.8168880455407971,0.4924157999060373,0.1781603834257766,0.7191621411947245,0.7450980392156863,0.7142857142857143,0.329004329004329,0.9371221281741232,0.4564564564564564,0.5,152.0,775.0,310.0,52.0
1366,"dnn_v2_(128, 64, 32)_drop0.2_lr0.001_wd0.1",ok,5.55,0.8168067226890757,0.4914491123523117,0.175778433214414,0.761055081458495,0.6813725490196079,0.776036866359447,0.3638743455497382,0.928335170893054,0.4744027303754266,0.5,139.0,842.0,243.0,65.0
1367,"dnn_v2_(256, 128, 64)_drop0.2_lr0.005_wd0.01",ok,5.36,0.8166711846028734,0.4887299040200549,0.1603640023134749,0.7618308766485647,0.7009803921568627,0.7732718894009216,0.3676092544987147,0.9322222222222222,0.4822934232715008,0.5,143.0,839.0,246.0,61.0
1368,"dnn_(64, 32, 16)_drop0.1_lr0.003_bs16",ok,9.81,0.8165988976235656,0.4853302262011467,0.177460653482754,0.7470907680372382,0.7794117647058824,0.7410138248847926,0.3613636363636364,0.9469964664310954,0.4937888198757764,0.5,159.0,804.0,281.0,45.0
1369,"convnet_v2_(8,)_k5_drop0.1_lr0.005",ok,4.71,0.8165988976235656,0.466145071023663,0.1726612732343879,0.7470907680372382,0.7156862745098039,0.7529953917050691,0.3526570048309179,0.9337142857142856,0.4724919093851132,0.5,146.0,817.0,268.0,58.0
1370,"convnet_v2_(8,)_k3_drop0.3_lr0.0005",ok,7.16,0.8165943796873587,0.4760482190838839,0.1766015252981991,0.7703646237393328,0.7549019607843137,0.7732718894009216,0.385,0.9437570303712036,0.5099337748344371,0.5,154.0,839.0,246.0,50.0
1371,gbdt_sklearn_n300_lr0.3_sub0.8,ok,12.03,0.8165650131020151,0.5022495512699165,0.1242898551098016,0.8541505042668736,0.4166666666666667,0.936405529953917,0.551948051948052,0.8951541850220265,0.4748603351955307,0.5,85.0,1016.0,69.0,119.0
1372,"convnet_v2_(8, 16, 32)_k7_drop0.4_lr0.0005",ok,10.32,0.8165446823890846,0.4718781856745809,0.1666938401472667,0.7750193948797518,0.7107843137254902,0.7870967741935484,0.3856382978723404,0.9353778751369112,0.5,0.5,145.0,854.0,231.0,59.0
1373,"convnet_v2_(8,)_k7_drop0.1_lr0.01",ok,4.86,0.8165040209632242,0.4726229923214118,0.1951312548777773,0.7168347556245152,0.8235294117647058,0.6967741935483871,0.3380281690140845,0.9545454545454546,0.4793152639087018,0.5,168.0,756.0,329.0,36.0
1374,"convnet_v2_(32, 64)_k5_drop0.2_lr0.003",ok,9.46,0.816345893195988,0.4718915045499284,0.17227886371173,0.7595034910783554,0.7401960784313726,0.7631336405529954,0.3700980392156863,0.9398410896708286,0.4934640522875817,0.5,151.0,828.0,257.0,53.0
1375,logreg_C1_None_liblinear,ok,0.15,0.8163458931959879,0.4897400185843811,0.1077358888824503,0.8572536850271528,0.3333333333333333,0.9557603686635944,0.5862068965517241,0.8840579710144928,0.425,0.5,68.0,1037.0,48.0,136.0
1376,"convnet_v2_(16, 32)_k5_drop0.3_lr0.0005",ok,8.51,0.816314267642541,0.4848455573154164,0.169059116366113,0.7788983708301008,0.6764705882352942,0.7981566820276498,0.3865546218487395,0.9291845493562232,0.4919786096256685,0.5,138.0,866.0,219.0,66.0
1377,xgboost_dart_n300_d3_lr0.1_drop0.3,ok,11.1,0.8162871600253003,0.5369488479431834,0.1006171902517654,0.873545384018619,0.3039215686274509,0.9806451612903224,0.7469879518072289,0.8822553897180763,0.4320557491289198,0.5,62.0,1064.0,21.0,142.0
1378,"convnet_v2_(8,)_k7_drop0.2_lr0.01",ok,5.13,0.8162555344718531,0.4683079209611872,0.2031272823210886,0.6904577191621412,0.8186274509803921,0.6663594470046083,0.3156899810964083,0.9513157894736842,0.4556616643929058,0.5,167.0,723.0,362.0,37.0
1379,"dnn_v2_(128, 64, 32)_drop0.2_lr0.001_wd0.01",ok,5.59,0.816241980663233,0.4947670214689369,0.1719160067757969,0.7664856477889838,0.7058823529411765,0.7778801843317973,0.374025974025974,0.9336283185840708,0.4889643463497453,0.5,144.0,844.0,241.0,60.0
1380,"convnet_v2_(16, 32)_k5_drop0.2_lr0.001",ok,7.12,0.8161471040028915,0.4686138668695462,0.1548241266494587,0.8099301784328937,0.6666666666666666,0.8368663594470046,0.4345047923322683,0.930327868852459,0.5261121856866537,0.5,136.0,908.0,177.0,68.0
1381,xgboost_n100_d9_lr0.01,ok,1.71,0.8161267732899611,0.5238256808732453,0.1044360370619068,0.8603568657874321,0.1519607843137254,0.9935483870967742,0.8157894736842105,0.8617106314948042,0.256198347107438,0.5,31.0,1078.0,7.0,173.0
1382,lightgbm_n800_leaves15_lr0.001,ok,3.17,0.816040932502033,0.5427370846750796,0.1058216959935295,0.8533747090768037,0.0931372549019607,0.9963133640552996,0.8260869565217391,0.8538704581358609,0.1674008810572687,0.5,19.0,1081.0,4.0,185.0
1383,"convnet_v2_(32, 64)_k5_drop0.1_lr0.01",ok,8.93,0.8159392789373814,0.4574854255989628,0.1753210530383561,0.7385570209464701,0.7450980392156863,0.7373271889400922,0.3478260869565217,0.9389671361502347,0.4742589703588143,0.5,152.0,800.0,285.0,52.0
1384,"dnn_v2_(256, 128, 64)_drop0.1_lr0.001_wd0.0001",ok,5.25,0.8159212071925543,0.5109090420809266,0.1806737575339479,0.7509697439875873,0.7303921568627451,0.7548387096774194,0.3590361445783132,0.937070938215103,0.481421647819063,0.5,149.0,819.0,266.0,55.0
1385,"convnet_v2_(8,)_k5_drop0.4_lr0.0005",ok,6.99,0.8158669919580736,0.4734986084136148,0.1736433718376595,0.7657098525989139,0.6813725490196079,0.7815668202764977,0.3696808510638298,0.9288061336254108,0.4793103448275862,0.5,139.0,848.0,237.0,65.0
1386,logreg_C1_None_lbfgs,ok,0.13,0.8158398843408332,0.4886802203706547,0.1079466624617766,0.8572536850271528,0.3333333333333333,0.9557603686635944,0.5862068965517241,0.8840579710144928,0.425,0.5,68.0,1037.0,48.0,136.0
1387,sgd_hinge_a0.01_elasticnet,ok,0.14,0.8158263305322129,0.4981234612018185,0.1103225895768858,0.8549262994569433,0.2549019607843137,0.967741935483871,0.5977011494252874,0.8735440931780366,0.3573883161512027,0.5,52.0,1050.0,35.0,152.0
1388,"dnn_v2_(64, 32, 16)_drop0.2_lr0.001_wd0.01",ok,5.52,0.8157856691063522,0.4907548141820397,0.1682484245522113,0.7688130333591932,0.7009803921568627,0.7815668202764977,0.3763157894736842,0.9328932893289328,0.4897260273972603,0.5,143.0,848.0,237.0,61.0
1389,"convnet_v2_(8, 16, 32)_k7_drop0.2_lr0.0005",ok,8.93,0.8157359718080781,0.4772110757535579,0.1640471798949138,0.7765709852598914,0.6862745098039216,0.7935483870967742,0.3846153846153846,0.9308108108108109,0.4929577464788732,0.5,140.0,861.0,224.0,64.0
1390,"dnn_(32,)_drop0.3_lr0.003_bs32",ok,2.96,0.8156998283184241,0.4695390261133708,0.1644199918199946,0.7711404189294027,0.6862745098039216,0.7870967741935484,0.3773584905660377,0.9302832244008714,0.4869565217391304,0.5,140.0,854.0,231.0,64.0
1391,"dnn_v2_(64, 32, 16)_drop0.2_lr0.001_wd0.0001",ok,5.96,0.8156862745098039,0.4930831992771625,0.1695462705512606,0.7664856477889838,0.7303921568627451,0.7732718894009216,0.3772151898734177,0.9384787472035794,0.4974958263772955,0.5,149.0,839.0,246.0,55.0
1392,"convnet_v2_(16, 32)_k7_drop0.4_lr0.003",ok,7.75,0.8154287521460197,0.4700612197458192,0.1841224058416955,0.7222653219550039,0.75,0.7170506912442396,0.3326086956521739,0.9384800965018094,0.4608433734939759,0.5,153.0,778.0,307.0,51.0
1393,"dnn_v2_(64, 32)_drop0.2_lr0.005_wd1e-05",ok,2.94,0.8153926086563659,0.4926152103429937,0.1820160676529927,0.7269200930954228,0.7794117647058824,0.7170506912442396,0.3412017167381974,0.945321992709599,0.4746268656716418,0.5,159.0,778.0,307.0,45.0
1394,"dnn_v2_(64, 32, 16)_drop0.1_lr0.005_wd1e-05",ok,4.14,0.8153926086563658,0.4888712943447503,0.1712100608672494,0.7463149728471683,0.7205882352941176,0.7511520737327189,0.3525179856115107,0.9346330275229358,0.4734299516908212,0.5,147.0,815.0,270.0,57.0
1395,xgboost_n800_d5_lr0.001,ok,6.16,0.815388090720159,0.5327790543227015,0.1064222801415262,0.8510473235065943,0.0833333333333333,0.9953917050691244,0.7727272727272727,0.8524072612470402,0.1504424778761062,0.5,17.0,1080.0,5.0,187.0
1396,adaboost_n50_lr1.5,ok,1.33,0.8152186681124063,0.5014524044520539,0.2004178764774133,0.851823118696664,0.4558823529411764,0.9262672811059908,0.5375722543352601,0.9005376344086021,0.493368700265252,0.5,93.0,1005.0,80.0,111.0
1397,"convnet_v2_(8, 16)_k7_drop0.1_lr0.001",ok,6.15,0.8150176199512064,0.4824449930453892,0.1771984181517419,0.7494181536074477,0.7352941176470589,0.752073732718894,0.3579952267303102,0.9379310344827586,0.4815409309791332,0.5,150.0,816.0,269.0,54.0
1398,gbdt_sklearn_n100_lr0.2_sub0.8,ok,4.13,0.8150085840787928,0.511519481786479,0.1110824630463299,0.8626842513576416,0.392156862745098,0.9511520737327188,0.6015037593984962,0.8927335640138409,0.4747774480712166,0.5,80.0,1032.0,53.0,124.0
1399,"dnn_v2_(256, 128, 64)_drop0.1_lr0.005_wd0.001",ok,5.26,0.815004066142586,0.4861614189732858,0.1738748076711884,0.730799069045772,0.7549019607843137,0.7262672811059908,0.3414634146341463,0.9403341288782816,0.4702290076335877,0.5,154.0,788.0,297.0,50.0
1400,"dnn_v2_(256, 128, 64)_drop0.1_lr0.005_wd0.01",ok,5.56,0.8149317791632782,0.4848297868833475,0.1552497050412496,0.7664856477889838,0.6862745098039216,0.7815668202764977,0.3713527851458886,0.9298245614035088,0.4819277108433735,0.5,140.0,848.0,237.0,64.0
1401,"convnet_v2_(16, 32)_k3_drop0.1_lr0.0005",ok,8.56,0.8148956356736243,0.4644367385551913,0.1697864114384674,0.7788983708301008,0.6764705882352942,0.7981566820276498,0.3865546218487395,0.9291845493562232,0.4919786096256685,0.5,138.0,866.0,219.0,66.0
1402,"convnet_v2_(32, 64)_k5_drop0.1_lr0.0005",ok,9.07,0.8148594921839704,0.4730852256974135,0.1701300731970251,0.7750193948797518,0.7009803921568627,0.7889400921658987,0.3844086021505376,0.9334787350054524,0.4965277777777778,0.5,143.0,856.0,229.0,61.0
1403,"dnn_v2_(256, 128, 64)_drop0.1_lr0.001_wd0.01",ok,4.81,0.814809794885696,0.5028620594634657,0.1824019551676039,0.7517455391776571,0.7450980392156863,0.7529953917050691,0.3619047619047619,0.9401611047180668,0.4871794871794871,0.5,152.0,817.0,268.0,52.0
1404,linear_svc_C0.1_hinge,ok,0.24,0.8147013644167345,0.499870114396774,0.1140049283450704,0.8580294802172227,0.2549019607843137,0.9714285714285714,0.6265060240963856,0.8739635157545605,0.3623693379790941,0.5,52.0,1054.0,31.0,152.0
1405,"convnet_(16, 32, 64)_k3_drop0.3_lr0.001",ok,11.82,0.8146923285443209,0.4720847361369351,0.1689719804705315,0.7672614429790535,0.7058823529411765,0.7788018433179723,0.375,0.9337016574585636,0.4897959183673469,0.5,144.0,845.0,240.0,60.0
1406,"convnet_v2_(32, 64)_k5_drop0.4_lr0.003",ok,9.02,0.8146878106081142,0.4869144796274977,0.1672510067152134,0.7579519006982157,0.7009803921568627,0.7686635944700461,0.3629441624365482,0.9318435754189944,0.4782608695652174,0.5,143.0,834.0,251.0,61.0
1407,"convnet_(16, 32)_k5_drop0.3_lr0.003",ok,9.09,0.8146832926719074,0.4638025123202825,0.1602854108158345,0.7796741660201707,0.7156862745098039,0.791705069124424,0.3924731182795699,0.9367502726281351,0.5069444444444444,0.5,146.0,859.0,226.0,58.0
1408,"convnet_v2_(16, 32)_k5_drop0.3_lr0.003",ok,7.96,0.8146832926719074,0.4638025123202825,0.1602854108158345,0.7796741660201707,0.7156862745098039,0.791705069124424,0.3924731182795699,0.9367502726281351,0.5069444444444444,0.5,146.0,859.0,226.0,58.0
1409,"dnn_v2_(64, 32, 16)_drop0.4_lr0.001_wd0.1",ok,8.22,0.814656185054667,0.4989881055376862,0.173120900583872,0.7788983708301008,0.7107843137254902,0.791705069124424,0.3908355795148248,0.9357298474945532,0.5043478260869565,0.5,145.0,859.0,226.0,59.0
1410,"convnet_v2_(8, 16)_k7_drop0.2_lr0.01",ok,6.69,0.8145296828408783,0.4912178890493959,0.1988695573999656,0.6951124903025602,0.7941176470588235,0.6764976958525346,0.3157894736842105,0.9458762886597938,0.4518828451882845,0.5,162.0,734.0,351.0,42.0
1411,"convnet_v2_(32, 64)_k3_drop0.2_lr0.0005",ok,9.86,0.8144754676063973,0.4499231572926148,0.1801717887524826,0.7595034910783554,0.7205882352941176,0.7668202764976959,0.3675,0.935883014623172,0.4867549668874172,0.5,147.0,832.0,253.0,57.0
1412,"convnet_v2_(8,)_k5_drop0.2_lr0.0005",ok,7.2,0.8143489653926086,0.4723926124128661,0.173541106015239,0.7664856477889838,0.6911764705882353,0.7806451612903226,0.3720316622691293,0.9307692307692308,0.483704974271012,0.5,141.0,847.0,238.0,63.0
1413,"mlp_(32,)_logistic",ok,9.94,0.8143218577753683,0.4425488565392871,0.1210192027458348,0.8487199379363848,0.3970588235294117,0.9336405529953916,0.5294117647058824,0.891725352112676,0.453781512605042,0.5,81.0,1013.0,72.0,123.0
1414,"convnet_v2_(32, 64)_k5_drop0.2_lr0.001",ok,8.74,0.8143173398391615,0.4725421574960067,0.1666685177190552,0.7688130333591932,0.7156862745098039,0.7788018433179723,0.3782383419689119,0.9357696566998892,0.4949152542372881,0.5,146.0,845.0,240.0,58.0
1415,"convnet_v2_(8, 16, 32)_k5_drop0.3_lr0.003",ok,7.67,0.814290232221921,0.471484259625626,0.1714596361957578,0.7688130333591932,0.7696078431372549,0.7686635944700461,0.3848039215686274,0.9466515323496028,0.5130718954248366,0.5,157.0,834.0,251.0,47.0
1416,"convnet_v2_(16, 32)_k3_drop0.2_lr0.0005",ok,8.64,0.8141998734977862,0.4605751567147291,0.1754906872423623,0.7664856477889838,0.6911764705882353,0.7806451612903226,0.3720316622691293,0.9307692307692308,0.483704974271012,0.5,141.0,847.0,238.0,63.0
1417,"convnet_v2_(8,)_k7_drop0.2_lr0.005",ok,5.18,0.8141863196891661,0.4769391441080936,0.2082249330510858,0.6958882854926299,0.803921568627451,0.6755760368663595,0.3178294573643411,0.9482535575679172,0.4555555555555555,0.5,164.0,733.0,352.0,40.0
1418,"convnet_v2_(16, 32)_k5_drop0.2_lr0.003",ok,7.46,0.814150176199512,0.4553756415807783,0.159999561435692,0.7633824670287044,0.6715686274509803,0.7806451612903226,0.3653333333333333,0.926695842450766,0.4732297063903281,0.5,137.0,847.0,238.0,67.0
1419,gbdt_sklearn_n200_lr0.3_sub0.8,ok,8.15,0.8140033432727929,0.493561114383856,0.1198883494364789,0.8626842513576416,0.4362745098039216,0.9428571428571428,0.5894039735099338,0.8989455184534271,0.5014084507042254,0.5,89.0,1023.0,62.0,115.0
1420,xgboost_dart_n200_d3_lr0.1_drop0.3,ok,6.84,0.8138791000271076,0.534396242612777,0.1011519615766436,0.8727695888285493,0.2892156862745098,0.9824884792626728,0.7564102564102564,0.8802642444260942,0.4184397163120567,0.5,59.0,1066.0,19.0,145.0
1421,"dnn_v2_(32, 16)_drop0.1_lr0.005_wd1e-05",ok,3.05,0.8137480798771121,0.4989605110935655,0.1747342187676823,0.769588828549263,0.7303921568627451,0.7769585253456222,0.3810741687979539,0.9387527839643652,0.5008403361344538,0.5,149.0,843.0,242.0,55.0
1422,linear_svc_C3_l1,ok,1.32,0.8136486852805639,0.4899213463360759,0.1356835405798521,0.8572536850271528,0.3137254901960784,0.9594470046082948,0.5925925925925926,0.8814563928873835,0.4102564102564102,0.5,64.0,1041.0,44.0,140.0
1423,"convnet_v2_(8, 16)_k7_drop0.2_lr0.001",ok,6.36,0.8135989879822899,0.4806920249790238,0.1752559003028152,0.7501939487975174,0.7352941176470589,0.7529953917050691,0.3588516746411483,0.9380022962112514,0.4823151125401929,0.5,150.0,817.0,268.0,54.0
1424,"convnet_v2_(32, 64)_k5_drop0.3_lr0.005",ok,10.18,0.813558326556429,0.451512042716906,0.1685155749566577,0.7447633824670287,0.7058823529411765,0.752073732718894,0.3486682808716707,0.9315068493150684,0.46677471636953,0.5,144.0,816.0,269.0,60.0
1425,"convnet_v2_(8,)_k3_drop0.2_lr0.0005",ok,6.35,0.8134498960874673,0.4638453125809698,0.1849262544650762,0.756400310318076,0.7549019607843137,0.7566820276497696,0.3684210526315789,0.9425947187141216,0.495176848874598,0.5,154.0,821.0,264.0,50.0
1426,"dnn_(64, 32)_drop0.3_lr0.003_bs16",ok,7.88,0.8134273064064336,0.5041722910278033,0.1755728865907167,0.7401086113266098,0.7549019607843137,0.7373271889400922,0.3507972665148063,0.9411764705882352,0.47900466562986,0.5,154.0,800.0,285.0,50.0
1427,lightgbm_n500_leaves255_lr0.001,ok,4.53,0.8133753501400561,0.5354894846105961,0.1111906259432291,0.8417377812257564,0.0,1.0,,0.8417377812257564,0.0,0.5,0.0,1085.0,0.0,204.0
1428,lightgbm_n500_leaves63_lr0.001,ok,4.49,0.8133753501400561,0.5354894846105961,0.1111906259432291,0.8417377812257564,0.0,1.0,,0.8417377812257564,0.0,0.5,0.0,1085.0,0.0,204.0
1429,lightgbm_n500_leaves127_lr0.001,ok,4.56,0.8133753501400561,0.5354894846105961,0.1111906259432291,0.8417377812257564,0.0,1.0,,0.8417377812257564,0.0,0.5,0.0,1085.0,0.0,204.0
1430,"dnn_v2_(32, 16)_drop0.1_lr0.001_wd0.1",ok,4.43,0.8133595373633324,0.5099943601664821,0.1709943394998762,0.7804499612102405,0.6862745098039216,0.7981566820276498,0.3899721448467966,0.9311827956989248,0.497335701598579,0.5,140.0,866.0,219.0,64.0
1431,lightgbm_n500_leaves31_lr0.001,ok,3.4,0.8133120990331617,0.5353638551030896,0.1111936924942478,0.8417377812257564,0.0,1.0,,0.8417377812257564,0.0,0.5,0.0,1085.0,0.0,204.0
1432,"convnet_v2_(32, 64)_k3_drop0.4_lr0.001",ok,8.95,0.8133098400650581,0.458664276384221,0.1667623141641804,0.7672614429790535,0.7254901960784313,0.7751152073732719,0.3775510204081632,0.9375696767001116,0.4966442953020134,0.5,148.0,841.0,244.0,56.0
1433,"dnn_v2_(128, 64)_drop0.4_lr0.001_wd0.1",ok,5.96,0.8132330351495438,0.4815090714309957,0.1693875145448296,0.7719162141194724,0.6911764705882353,0.7870967741935484,0.3790322580645161,0.931297709923664,0.4895833333333333,0.5,141.0,854.0,231.0,63.0
1434,"convnet_v2_(8,)_k7_drop0.1_lr0.005",ok,4.32,0.8131968916598897,0.4706297237352391,0.2018325197075664,0.7106283941039565,0.8235294117647058,0.6894009216589861,0.3326732673267327,0.9540816326530612,0.4739069111424541,0.5,168.0,748.0,337.0,36.0
1435,"convnet_v2_(32, 64)_k7_drop0.3_lr0.005",ok,11.39,0.8131878557874763,0.4742257088786278,0.1688226772076001,0.747866563227308,0.7303921568627451,0.7511520737327189,0.3556085918854415,0.9367816091954024,0.478330658105939,0.5,149.0,815.0,270.0,55.0
1436,svc_rbf_C10,ok,0.91,0.8131652661064425,0.4748397461477959,0.1060834487887737,0.8580294802172227,0.2205882352941176,0.9778801843317972,0.6521739130434783,0.8696721311475409,0.3296703296703296,0.5,45.0,1061.0,24.0,159.0
1437,"dnn_v2_(32, 16)_drop0.2_lr0.001_wd0.01",ok,4.65,0.8131562302340292,0.5016584460583111,0.1734223530994205,0.7602792862684251,0.7205882352941176,0.7677419354838709,0.3684210526315789,0.9359550561797751,0.4875621890547263,0.5,147.0,833.0,252.0,57.0
1438,lda_svd,ok,0.13,0.8131200867443753,0.4845164083761654,0.1128166806568198,0.861132660977502,0.3872549019607843,0.9502304147465438,0.5939849624060151,0.8918685121107266,0.4688427299703264,0.5,79.0,1031.0,54.0,125.0
1439,"convnet_v2_(8,)_k3_drop0.4_lr0.001",ok,5.92,0.813106532935755,0.4583302064525534,0.1935717702709665,0.7300232738557021,0.7843137254901961,0.719815668202765,0.3448275862068966,0.9466666666666668,0.4790419161676646,0.5,160.0,781.0,304.0,44.0
1440,"convnet_v2_(32, 64)_k5_drop0.4_lr0.005",ok,9.18,0.8130974970633416,0.4786453223374263,0.1680785826171706,0.7602792862684251,0.7058823529411765,0.7705069124423963,0.366412213740458,0.9330357142857144,0.4824120603015075,0.5,144.0,836.0,249.0,60.0
1441,gbdt_sklearn_n300_lr0.2_sub0.8,ok,12.2,0.8129619589771391,0.5198443153838165,0.1169433402076154,0.8595810705973623,0.392156862745098,0.9474654377880184,0.583941605839416,0.8923611111111112,0.469208211143695,0.5,80.0,1028.0,57.0,124.0
1442,"convnet_v2_(32, 64)_k3_drop0.1_lr0.003",ok,8.52,0.8129258154874853,0.4717407979886862,0.1553947539765864,0.7905352986811481,0.6617647058823529,0.8147465437788018,0.4017857142857143,0.9275970619097588,0.5,0.5,135.0,884.0,201.0,69.0
1443,"convnet_(32, 64)_k3_drop0.1_lr0.003",ok,9.31,0.8129258154874853,0.4717407979886862,0.1553947539765864,0.7905352986811481,0.6617647058823529,0.8147465437788018,0.4017857142857143,0.9275970619097588,0.5,0.5,135.0,884.0,201.0,69.0
1444,"convnet_v2_(8,)_k7_drop0.4_lr0.005",ok,5.22,0.812898707870245,0.4770673050400567,0.2031067644104321,0.6927851047323507,0.8235294117647058,0.6682027649769585,0.3181818181818182,0.9526938239159002,0.4590163934426229,0.5,168.0,725.0,360.0,36.0
1445,"convnet_(16, 32)_k5_drop0.1_lr0.003",ok,8.63,0.8128987078702449,0.4743653876296502,0.1636744986782137,0.7742435996896819,0.7205882352941176,0.784331797235023,0.3858267716535433,0.9372246696035242,0.5025641025641026,0.5,147.0,851.0,234.0,57.0
1446,"convnet_v2_(16, 32)_k5_drop0.1_lr0.003",ok,7.97,0.8128987078702449,0.4743653876296502,0.1636744986782137,0.7742435996896819,0.7205882352941176,0.784331797235023,0.3858267716535433,0.9372246696035242,0.5025641025641026,0.5,147.0,851.0,234.0,57.0
1447,sgd_log_loss_a0.01_l1,ok,0.33,0.8128851540616248,0.5095993259225449,0.1049249735926744,0.8564778898370831,0.2647058823529412,0.967741935483871,0.6067415730337079,0.875,0.3686006825938566,0.5,54.0,1050.0,35.0,150.0
1448,"convnet_v2_(8,)_k3_drop0.4_lr0.005",ok,4.62,0.8128173850185236,0.4684787734299339,0.187096198584851,0.7245927075252133,0.7696078431372549,0.7161290322580646,0.3376344086021505,0.9429611650485435,0.4693572496263079,0.5,157.0,777.0,308.0,47.0
1449,"convnet_v2_(8, 16)_k7_drop0.3_lr0.001",ok,6.79,0.8127179904219752,0.4812545581236131,0.1773237946510814,0.7486423584173778,0.7549019607843137,0.7474654377880184,0.3598130841121495,0.9419279907084784,0.4873417721518987,0.5,154.0,811.0,274.0,50.0
1450,"convnet_v2_(32, 64)_k5_drop0.3_lr0.01",ok,11.25,0.8126954007409416,0.4568876991136223,0.1756035890206368,0.7385570209464701,0.7254901960784313,0.7410138248847926,0.3449883449883449,0.9348837209302324,0.4676145339652449,0.5,148.0,804.0,281.0,56.0
1451,"dnn_v2_(128, 64)_drop0.2_lr0.001_wd0.1",ok,4.54,0.8126773289961147,0.4997376262620663,0.1645294956673766,0.7820015515903801,0.6715686274509803,0.8027649769585253,0.3903133903133903,0.9285714285714286,0.4936936936936937,0.5,137.0,871.0,214.0,67.0
1452,"convnet_v2_(32, 64)_k3_drop0.1_lr0.0005",ok,9.37,0.8126773289961144,0.4547109283969885,0.1696796345292205,0.7703646237393328,0.6911764705882353,0.7852534562211981,0.3770053475935829,0.9311475409836064,0.4878892733564013,0.5,141.0,852.0,233.0,63.0
1453,"convnet_v2_(16, 32)_k7_drop0.2_lr0.001",ok,7.93,0.8126185958254268,0.4709671863695642,0.1697774877273472,0.7657098525989139,0.6911764705882353,0.7797235023041474,0.3710526315789473,0.9306930693069309,0.4828767123287671,0.5,141.0,846.0,239.0,63.0
1454,ridge_alpha0.0001,ok,0.09,0.8124604680581909,0.4873421355733193,0.1442607698696137,0.8557020946470132,0.2549019607843137,0.968663594470046,0.6046511627906976,0.8736492103075644,0.3586206896551724,0.5,52.0,1051.0,34.0,152.0
1455,"mlp_(64,)_tanh",ok,5.43,0.8124559501219843,0.4554732443373499,0.1246388921543849,0.843289371605896,0.4068627450980392,0.9253456221198156,0.5060975609756098,0.8924444444444445,0.4510869565217391,0.5,83.0,1004.0,81.0,121.0
1456,"dnn_v2_(64, 32, 16)_drop0.1_lr0.005_wd0.0001",ok,3.75,0.8124107707599167,0.4828551063149496,0.1711652624793682,0.7470907680372382,0.7058823529411765,0.7548387096774194,0.3512195121951219,0.931740614334471,0.4690553745928338,0.5,144.0,819.0,266.0,60.0
1457,adaboost_n300_lr1.5,ok,7.54,0.8123972169512966,0.4690520363781214,0.2236708800384904,0.8510473235065943,0.4362745098039216,0.9290322580645162,0.536144578313253,0.8975957257346393,0.4810810810810811,0.5,89.0,1008.0,77.0,115.0
1458,ridge_alpha0.0003,ok,0.09,0.8123881810788831,0.4867518233203188,0.1442765993095566,0.8541505042668736,0.2450980392156862,0.968663594470046,0.5952380952380952,0.8721991701244813,0.3472222222222222,0.5,50.0,1051.0,34.0,154.0
1459,adaboost_n200_lr1.5,ok,4.98,0.8123610734616429,0.4736786264907702,0.2197000201610359,0.8494957331264547,0.4215686274509804,0.9299539170506912,0.5308641975308642,0.8952972493345164,0.4699453551912568,0.5,86.0,1009.0,76.0,118.0
1460,ridge_alpha0.001,ok,0.09,0.812338483780609,0.4864246800450134,0.1442924617696777,0.8541505042668736,0.2450980392156862,0.968663594470046,0.5952380952380952,0.8721991701244813,0.3472222222222222,0.5,50.0,1051.0,34.0,154.0
1461,ridge_alpha0.003,ok,0.09,0.812338483780609,0.4861604913799973,0.1440951883128768,0.8533747090768037,0.2401960784313725,0.968663594470046,0.5903614457831325,0.8714759535655058,0.3414634146341463,0.5,49.0,1051.0,34.0,155.0
1462,xgboost_n800_d11_lr0.001,ok,14.03,0.8123339658444022,0.5190186112786788,0.1070895462862567,0.851823118696664,0.0980392156862745,0.9935483870967742,0.7407407407407407,0.8541996830427893,0.1731601731601731,0.5,20.0,1078.0,7.0,184.0
1463,bagging_n10_ms0.8,ok,0.56,0.8123249299719888,0.4660776561200532,0.1049418153607447,0.8557020946470132,0.3970588235294117,0.9419354838709676,0.5625,0.8925764192139738,0.4655172413793103,0.5,81.0,1022.0,63.0,123.0
1464,"dnn_v2_(64, 32, 16)_drop0.2_lr0.005_wd0.001",ok,4.17,0.8122661968013012,0.4831394288429509,0.1812446967290129,0.7354538401861909,0.75,0.7327188940092166,0.345372460496614,0.9397163120567376,0.472952086553323,0.5,153.0,795.0,290.0,51.0
1465,xgboost_n800_d3_lr0.001,ok,2.84,0.8122526429926811,0.5314555134476137,0.1083436748978561,0.8417377812257564,0.0049019607843137,0.9990783410138248,0.5,0.8422688422688422,0.0097087378640776,0.5,1.0,1084.0,1.0,203.0
1466,svc_linear_C0.1,ok,0.51,0.8122142405349237,0.493404656461176,0.1063692175331,0.8595810705973623,0.2107843137254902,0.9815668202764976,0.6825396825396826,0.8686786296900489,0.3220973782771535,0.5,43.0,1065.0,20.0,161.0
1467,"dnn_v2_(64, 32, 16)_drop0.2_lr0.005_wd0.0001",ok,3.92,0.8122119815668203,0.489395937208754,0.1771847972777689,0.7408844065166796,0.7598039215686274,0.7373271889400922,0.3522727272727273,0.9422850412249706,0.4813664596273292,0.5,155.0,800.0,285.0,49.0
1468,"convnet_v2_(16, 32)_k5_drop0.1_lr0.01",ok,7.54,0.8121148459383754,0.4643948543763294,0.1715311989165932,0.7416602017067494,0.7254901960784313,0.744700460829493,0.348235294117647,0.9351851851851852,0.4705882352941176,0.5,148.0,808.0,277.0,56.0
1469,"dnn_v2_(32, 16)_drop0.1_lr0.005_wd0.01",ok,3.5,0.8120809614168248,0.4865186755125679,0.1717223998694364,0.7540729247478666,0.6911764705882353,0.7658986175115208,0.3569620253164557,0.929530201342282,0.4707846410684474,0.5,141.0,831.0,254.0,63.0
1470,linear_svc_C10_l1,ok,1.67,0.812044817927171,0.4888261948949656,0.1355886667151134,0.8572536850271528,0.3137254901960784,0.9594470046082948,0.5925925925925926,0.8814563928873835,0.4102564102564102,0.5,64.0,1041.0,44.0,140.0
1471,bernoulli_nb_t1.0,ok,0.09,0.8120290051504473,0.486408103384362,0.136237873549874,0.8316524437548487,0.5245098039215687,0.8894009216589862,0.4713656387665198,0.908662900188324,0.4965197215777262,0.5,107.0,965.0,120.0,97.0
1472,"convnet_v2_(16, 32)_k7_drop0.2_lr0.005",ok,7.8,0.8119454233306226,0.4654244249932531,0.1972292254723121,0.7075252133436772,0.7745098039215687,0.6949308755760368,0.3231083844580777,0.9425,0.455988455988456,0.5,158.0,754.0,331.0,46.0
1473,"convnet_v2_(8,)_k3_drop0.3_lr0.003",ok,4.81,0.8119454233306225,0.4663172601148578,0.1972815746779912,0.7145073700543056,0.7843137254901961,0.7013824884792627,0.3305785123966942,0.9453416149068324,0.4651162790697674,0.5,160.0,761.0,324.0,44.0
1474,"convnet_v2_(8,)_k3_drop0.1_lr0.0005",ok,6.69,0.811886690159935,0.4583549076648015,0.1867331558130966,0.7501939487975174,0.75,0.7502304147465437,0.3608490566037736,0.9410404624277456,0.4872611464968153,0.5,153.0,814.0,271.0,51.0
1475,"convnet_v2_(16, 32)_k7_drop0.3_lr0.001",ok,7.62,0.8118505466702809,0.4688354525871014,0.1736086797222449,0.7626066718386346,0.7107843137254902,0.7723502304147466,0.3698979591836734,0.9342251950947604,0.4865771812080537,0.5,145.0,838.0,247.0,59.0
1476,"convnet_v2_(16, 32)_k7_drop0.4_lr0.001",ok,7.56,0.8118234390530404,0.4705577876939865,0.1769148083538525,0.7587276958882855,0.7156862745098039,0.7668202764976959,0.3659147869674185,0.9348314606741572,0.4842454394693201,0.5,146.0,832.0,253.0,58.0
1477,"dnn_v2_(256, 128, 64)_drop0.1_lr0.001_wd0.001",ok,5.1,0.8117963314358001,0.5058747883828069,0.1809023310231088,0.7517455391776571,0.7156862745098039,0.7585253456221198,0.3578431372549019,0.93416572077185,0.477124183006536,0.5,146.0,823.0,262.0,58.0
1478,"convnet_v2_(8, 16)_k7_drop0.2_lr0.003",ok,6.25,0.8117737417547664,0.4806005917019689,0.1669413529139191,0.7680372381691234,0.7058823529411765,0.7797235023041474,0.3759791122715404,0.933774834437086,0.4906303236797274,0.5,144.0,846.0,239.0,60.0
1479,sgd_modified_huber_a0.1_l2,ok,0.14,0.8117579289780428,0.4850612693167716,0.1060854705659219,0.8588052754072925,0.2892156862745098,0.9658986175115208,0.6145833333333334,0.8784576697401508,0.3933333333333333,0.5,59.0,1048.0,37.0,145.0
1480,"dnn_v2_(32, 16)_drop0.2_lr0.001_wd0.1",ok,5.38,0.8117421162013191,0.4951300826980962,0.1766597968134613,0.7688130333591932,0.7205882352941176,0.7778801843317973,0.3788659793814433,0.9367369589345172,0.4966216216216216,0.5,147.0,844.0,241.0,57.0
1481,"convnet_v2_(16, 32)_k5_drop0.2_lr0.005",ok,7.97,0.8117285623926992,0.4765633395035953,0.1579457264225872,0.7641582622187743,0.696078431372549,0.7769585253456222,0.3697916666666667,0.9314917127071825,0.4829931972789115,0.5,142.0,843.0,242.0,62.0
1482,"dnn_(64, 32, 16)_drop0.1_lr0.001_bs16",ok,10.22,0.8117127496159754,0.4793820808094722,0.1760988969012543,0.761055081458495,0.7352941176470589,0.7658986175115208,0.3712871287128713,0.9389830508474576,0.4934210526315789,0.5,150.0,831.0,254.0,54.0
1483,"convnet_v2_(32, 64)_k7_drop0.1_lr0.001",ok,11.03,0.8116336857323576,0.4528341584756382,0.1571043537256582,0.7587276958882855,0.7009803921568627,0.7695852534562212,0.3638676844783715,0.9319196428571428,0.4790619765494137,0.5,143.0,835.0,250.0,61.0
1484,"convnet_v2_(32, 64)_k3_drop0.2_lr0.005",ok,8.68,0.811606578115117,0.4588344892969236,0.1741003975722616,0.7571761055081458,0.7647058823529411,0.7557603686635944,0.3705463182897862,0.9447004608294932,0.4992,0.5,156.0,820.0,265.0,48.0
1485,linear_svc_C30_l1,ok,1.65,0.8115704346254631,0.488208887607131,0.1355646070500545,0.8572536850271528,0.3137254901960784,0.9594470046082948,0.5925925925925926,0.8814563928873835,0.4102564102564102,0.5,64.0,1041.0,44.0,140.0
1486,"convnet_v2_(8,)_k5_drop0.2_lr0.005",ok,4.69,0.8115613987530496,0.4629209715319544,0.1674225312153766,0.7633824670287044,0.6911764705882353,0.7769585253456222,0.3681462140992167,0.9304635761589404,0.4804088586030664,0.5,141.0,843.0,242.0,63.0
1487,"convnet_v2_(16, 32)_k7_drop0.4_lr0.005",ok,8.27,0.8115523628806361,0.4679068382974362,0.1796075328887655,0.7323506594259116,0.7401960784313726,0.7308755760368664,0.3408577878103837,0.937352245862884,0.4667697063369397,0.5,151.0,793.0,292.0,53.0
1488,"convnet_v2_(8,)_k3_drop0.2_lr0.005",ok,4.56,0.8114439324116743,0.4641516532985237,0.2019656509174675,0.7230411171450737,0.8186274509803921,0.7050691244239631,0.3429158110882956,0.9538653366583542,0.4833574529667149,0.5,167.0,765.0,320.0,37.0
1489,linear_svc_C300_l1,ok,2.24,0.8113806813047799,0.4878005455580732,0.1355552747967265,0.8572536850271528,0.3137254901960784,0.9594470046082948,0.5925925925925926,0.8814563928873835,0.4102564102564102,0.5,64.0,1041.0,44.0,140.0
1490,"dnn_(128, 64, 32)_drop0.1_lr0.001_bs16",ok,10.77,0.8113626095599529,0.4929281587780315,0.1692762841499593,0.7556245151280062,0.6715686274509803,0.7714285714285715,0.3558441558441558,0.9258849557522124,0.465195246179966,0.5,137.0,837.0,248.0,67.0
1491,"convnet_v2_(8,)_k7_drop0.4_lr0.0005",ok,7.44,0.8112993584530587,0.4796784941949252,0.1798428711430818,0.743211792086889,0.7401960784313726,0.743778801843318,0.351981351981352,0.938372093023256,0.4770932069510268,0.5,151.0,807.0,278.0,53.0
1492,qda_reg0.5,ok,0.18,0.8112225535375439,0.4436696368701483,0.1379406247857896,0.8456167571761055,0.3774509803921568,0.9336405529953916,0.5167785234899329,0.8885964912280702,0.4362606232294617,0.5,77.0,1013.0,72.0,127.0
1493,"convnet_v2_(16, 32)_k7_drop0.1_lr0.001",ok,7.33,0.8112180356013374,0.4748088492428292,0.1689659324691457,0.7626066718386346,0.696078431372549,0.7751152073732719,0.3678756476683937,0.9313399778516056,0.4813559322033898,0.5,142.0,841.0,244.0,62.0
1494,"convnet_v2_(32, 64)_k5_drop0.4_lr0.0005",ok,10.33,0.8110689437065148,0.4737272642079016,0.1814178383176171,0.756400310318076,0.75,0.7576036866359447,0.3677884615384615,0.9415807560137456,0.4935483870967742,0.5,153.0,822.0,263.0,51.0
1495,"convnet_v2_(8,)_k5_drop0.4_lr0.005",ok,5.12,0.8110102105358273,0.4677582209304851,0.1661704793179664,0.7618308766485647,0.6862745098039216,0.776036866359447,0.3655352480417754,0.9293598233995584,0.4770017035775127,0.5,140.0,842.0,243.0,64.0
1496,"convnet_v2_(32, 64)_k7_drop0.3_lr0.001",ok,10.11,0.8110102105358273,0.4536657709711114,0.1599146799467214,0.764934057408844,0.7058823529411765,0.776036866359447,0.3720930232558139,0.933481152993348,0.4873096446700508,0.5,144.0,842.0,243.0,60.0
1497,"convnet_v2_(8, 16, 32)_k5_drop0.1_lr0.01",ok,7.66,0.8110102105358272,0.4678185605956305,0.1969930147272838,0.7090768037238169,0.803921568627451,0.6912442396313364,0.3286573146292585,0.9493670886075948,0.4665718349928876,0.5,164.0,750.0,335.0,40.0
1498,"dnn_v2_(256, 128, 64)_drop0.1_lr0.001_wd0.1",ok,5.48,0.8109650311737597,0.4716006505515685,0.1803667755375742,0.7595034910783554,0.7254901960784313,0.7658986175115208,0.3681592039800995,0.9368658399098084,0.4884488448844885,0.5,148.0,831.0,254.0,56.0
1499,"convnet_v2_(8, 16)_k5_drop0.4_lr0.003",ok,6.99,0.8108746724496251,0.4688213199789831,0.1673209420838357,0.7688130333591932,0.7058823529411765,0.7806451612903226,0.3769633507853403,0.9338478500551268,0.4914675767918088,0.5,144.0,847.0,238.0,60.0
1500,"convnet_v2_(8,)_k3_drop0.2_lr0.001",ok,5.41,0.8108611186410047,0.4611457711019572,0.1940049756006632,0.7300232738557021,0.7892156862745098,0.7188940092165899,0.3454935622317596,0.9477521263669502,0.4805970149253731,0.5,161.0,780.0,305.0,43.0
1501,"dnn_(128, 64, 32)_drop0.3_lr0.003_bs32",ok,5.7,0.8107572061082498,0.4915107050011645,0.1842522582097783,0.721489526764934,0.7549019607843137,0.7152073732718894,0.3326133909287257,0.9394673123486684,0.4617691154422789,0.5,154.0,776.0,309.0,50.0
1502,logreg_C3_None_liblinear,ok,0.23,0.8106532935754946,0.4839386782305054,0.1085702731552575,0.8572536850271528,0.3382352941176471,0.9548387096774194,0.5847457627118644,0.8847139197267293,0.4285714285714285,0.5,69.0,1036.0,49.0,135.0
1503,xgboost_dart_n100_d3_lr0.1_drop0.3,ok,1.55,0.810594560404807,0.530766697985679,0.102281235689658,0.8719937936384794,0.2794117647058823,0.983410138248848,0.76,0.8789126853377265,0.4086021505376344,0.5,57.0,1067.0,18.0,147.0
1504,"dnn_v2_(64, 32, 16)_drop0.2_lr0.001_wd0.001",ok,5.47,0.81057648865998,0.486053053180307,0.1655402210954018,0.7664856477889838,0.7009803921568627,0.7788018433179723,0.3733681462140992,0.9326710816777042,0.4872231686541737,0.5,143.0,845.0,240.0,61.0
1505,"convnet_v2_(8, 16)_k7_drop0.4_lr0.001",ok,6.92,0.8105177554892926,0.4750628480437817,0.1804628607843909,0.7401086113266098,0.7401960784313726,0.7400921658986175,0.348729792147806,0.9380841121495328,0.4740973312401884,0.5,151.0,803.0,282.0,53.0
1506,"convnet_v2_(8, 16, 32)_k7_drop0.1_lr0.01",ok,8.35,0.8104951658082589,0.4375141897752013,0.1770114820617927,0.7401086113266098,0.803921568627451,0.728110599078341,0.3572984749455338,0.9518072289156626,0.4947209653092006,0.5,164.0,790.0,295.0,40.0
1507,"convnet_v2_(8, 16)_k7_drop0.3_lr0.005",ok,6.99,0.8104409505737779,0.4944051034517724,0.1611840007768477,0.7703646237393328,0.7009803921568627,0.783410138248848,0.3783068783068783,0.9330406147091108,0.4914089347079037,0.5,143.0,850.0,235.0,61.0
1508,"convnet_v2_(8,)_k3_drop0.1_lr0.001",ok,5.47,0.8104093250203308,0.4630593946432855,0.1877675269801754,0.73933281613654,0.7549019607843137,0.7364055299539171,0.35,0.9411071849234394,0.4782608695652174,0.5,154.0,799.0,286.0,50.0
1509,xgboost_dart_n300_d5_lr0.05_drop0.3,ok,13.22,0.8104093250203307,0.5177280514194678,0.1049573401162518,0.8603568657874321,0.1715686274509804,0.9898617511520738,0.7608695652173914,0.8640386162510056,0.28,0.5,35.0,1074.0,11.0,169.0
1510,gbdt_sklearn_n100_lr0.01_sub1.0,ok,4.87,0.8104025481160205,0.5483669800062038,0.1047224070103592,0.8673390224980605,0.196078431372549,0.9935483870967742,0.851063829787234,0.8679549114331723,0.3187250996015936,0.5,40.0,1078.0,7.0,164.0
1511,"convnet_v2_(8,)_k7_drop0.4_lr0.001",ok,6.08,0.8103505918496431,0.4797086355476048,0.1807909036773002,0.7470907680372382,0.7401960784313726,0.7483870967741936,0.3561320754716981,0.938728323699422,0.4808917197452229,0.5,151.0,812.0,273.0,53.0
1512,logreg_C3_None_lbfgs,ok,0.15,0.8103054124875757,0.4835030861150833,0.1086938981734181,0.8572536850271528,0.3382352941176471,0.9548387096774194,0.5847457627118644,0.8847139197267293,0.4285714285714285,0.5,69.0,1036.0,49.0,135.0
1513,"convnet_v2_(32, 64)_k3_drop0.2_lr0.003",ok,8.99,0.8102602331255083,0.4497397638955875,0.1581969480407595,0.7804499612102405,0.6715686274509803,0.8009216589861751,0.3881019830028329,0.9284188034188036,0.4919210053859964,0.5,137.0,869.0,216.0,67.0
1514,"dnn_v2_(64, 32, 16)_drop0.2_lr0.001_wd1e-05",ok,5.84,0.8102060178910274,0.4911262089235432,0.1657626668092212,0.7703646237393328,0.7107843137254902,0.7815668202764977,0.3795811518324607,0.9349503858875412,0.4948805460750853,0.5,145.0,848.0,237.0,59.0
1515,xgboost_n800_d9_lr0.001,ok,12.75,0.8101811692418903,0.518807929910103,0.107112974324653,0.8525989138867339,0.0980392156862745,0.9944700460829492,0.7692307692307693,0.8543151227236738,0.1739130434782608,0.5,20.0,1079.0,6.0,184.0
1516,"dnn_v2_(32, 16)_drop0.1_lr0.005_wd0.0001",ok,3.15,0.8100885515496521,0.4809007093734979,0.1767009770315488,0.7602792862684251,0.7156862745098039,0.7686635944700461,0.3677581863979849,0.9349775784753364,0.4858569051580699,0.5,146.0,834.0,251.0,58.0
1517,"convnet_v2_(8, 16)_k7_drop0.4_lr0.0005",ok,8.35,0.8100433721875847,0.4738795950932456,0.1696239400094541,0.7587276958882855,0.7156862745098039,0.7668202764976959,0.3659147869674185,0.9348314606741572,0.4842454394693201,0.5,146.0,832.0,253.0,58.0
1518,xgboost_n800_d7_lr0.001,ok,10.23,0.8099643083039667,0.5233147161160128,0.1067835336035939,0.8502715283165244,0.088235294117647,0.9935483870967742,0.72,0.8528481012658228,0.1572052401746725,0.5,18.0,1078.0,7.0,186.0
1519,"convnet_v2_(8,)_k5_drop0.1_lr0.01",ok,4.43,0.809916869973796,0.4274916996548739,0.1813291290757094,0.743211792086889,0.7058823529411765,0.7502304147465437,0.3469879518072289,0.931350114416476,0.4652665589660743,0.5,144.0,814.0,271.0,60.0
1520,"convnet_(32, 64)_k3_drop0.1_lr0.001",ok,9.76,0.8098716906117286,0.4554890014311951,0.1602946495407458,0.7851047323506595,0.6715686274509803,0.8064516129032258,0.3948126801152737,0.9288747346072188,0.4972776769509981,0.5,137.0,875.0,210.0,67.0
1521,"convnet_v2_(32, 64)_k3_drop0.1_lr0.001",ok,8.04,0.8098716906117286,0.4554890014311951,0.1602946495407458,0.7851047323506595,0.6715686274509803,0.8064516129032258,0.3948126801152737,0.9288747346072188,0.4972776769509981,0.5,137.0,875.0,210.0,67.0
1522,"convnet_v2_(8, 16, 32)_k5_drop0.2_lr0.005",ok,7.45,0.8098671726755219,0.4712416126639628,0.174027687736064,0.7494181536074477,0.7450980392156863,0.7502304147465437,0.359338061465721,0.9399538106235564,0.4848484848484848,0.5,152.0,814.0,271.0,52.0
1523,"convnet_v2_(32, 64)_k5_drop0.2_lr0.0005",ok,9.33,0.8098039215686276,0.462814003042614,0.1764091949066688,0.7680372381691234,0.7107843137254902,0.7788018433179723,0.3766233766233766,0.9347345132743364,0.4923599320882852,0.5,145.0,845.0,240.0,59.0
1524,"dnn_v2_(32, 16)_drop0.1_lr0.001_wd0.0001",ok,4.9,0.8097722960151802,0.496873524326994,0.1638288600066413,0.7788983708301008,0.6813725490196079,0.7972350230414746,0.3871866295264624,0.9301075268817204,0.4937833037300178,0.5,139.0,865.0,220.0,65.0
1525,"convnet_(32, 64)_k5_drop0.3_lr0.001",ok,10.21,0.80975874220656,0.4667457666442718,0.155016341030728,0.7967416602017068,0.6421568627450981,0.8258064516129032,0.409375,0.9246646026831784,0.5,0.5,131.0,896.0,189.0,73.0
1526,"convnet_v2_(32, 64)_k5_drop0.3_lr0.001",ok,8.66,0.80975874220656,0.4667457666442718,0.155016341030728,0.7967416602017068,0.6421568627450981,0.8258064516129032,0.409375,0.9246646026831784,0.5,0.5,131.0,896.0,189.0,73.0
1527,sgd_hinge_a0.01_l2,ok,0.11,0.8097361525255262,0.4872858135008149,0.1098937717297321,0.8572536850271528,0.2794117647058823,0.9658986175115208,0.6063829787234043,0.8769874476987448,0.3825503355704698,0.5,57.0,1048.0,37.0,147.0
1528,"convnet_v2_(32, 64)_k7_drop0.2_lr0.01",ok,13.04,0.8095825426944971,0.4611271864146996,0.1646946135016326,0.7889837083010085,0.6862745098039216,0.808294930875576,0.4022988505747126,0.9319872476089268,0.5072463768115942,0.5,140.0,877.0,208.0,64.0
1529,gbdt_sklearn_n100_lr0.3_sub0.8,ok,4.1,0.8095215505557062,0.4883596522929849,0.1184027817291496,0.8580294802172227,0.4313725490196078,0.9382488479262672,0.567741935483871,0.8977072310405644,0.49025069637883,0.5,88.0,1018.0,67.0,116.0
1530,"convnet_v2_(8, 16)_k7_drop0.3_lr0.0005",ok,8.06,0.8092572512876117,0.4670143836644598,0.1718303509245881,0.7571761055081458,0.7205882352941176,0.7640552995391705,0.3647642679900744,0.9356659142212188,0.4843492586490939,0.5,147.0,829.0,256.0,57.0
1531,"convnet_v2_(32, 64)_k7_drop0.2_lr0.001",ok,9.53,0.8091488208186501,0.4620110987703152,0.1559847298304833,0.7757951900698216,0.6666666666666666,0.7963133640552995,0.3809523809523809,0.927038626609442,0.4848484848484848,0.5,136.0,864.0,221.0,68.0
1532,linear_svc_C0.3_hinge,ok,0.3,0.8091262311376163,0.482874665253427,0.1126950862728652,0.8564778898370831,0.2647058823529412,0.967741935483871,0.6067415730337079,0.875,0.3686006825938566,0.5,54.0,1050.0,35.0,150.0
1533,"mlp_(32,)_tanh",ok,5.69,0.8091171952652029,0.4677604408252776,0.1246381282877588,0.8463925523661753,0.3774509803921568,0.9345622119815667,0.5202702702702703,0.8886941279579317,0.4375,0.5,77.0,1014.0,71.0,127.0
1534,lightgbm_n300_leaves127_lr0.001,ok,2.75,0.8090674979669287,0.5206600823902022,0.1174033419922319,0.8417377812257564,0.0,1.0,,0.8417377812257564,0.0,0.5,0.0,1085.0,0.0,204.0
1535,lightgbm_n300_leaves63_lr0.001,ok,2.61,0.8090674979669287,0.5206600823902022,0.1174033419922319,0.8417377812257564,0.0,1.0,,0.8417377812257564,0.0,0.5,0.0,1085.0,0.0,204.0
1536,lightgbm_n300_leaves255_lr0.001,ok,2.73,0.8090674979669287,0.5206600823902022,0.1174033419922319,0.8417377812257564,0.0,1.0,,0.8417377812257564,0.0,0.5,0.0,1085.0,0.0,204.0
1537,lightgbm_n300_leaves31_lr0.001,ok,1.99,0.8089726213065872,0.5206460380054281,0.1174030327702979,0.8417377812257564,0.0,1.0,,0.8417377812257564,0.0,0.5,0.0,1085.0,0.0,204.0
1538,"dnn_v2_(64, 32)_drop0.1_lr0.001_wd0.1",ok,4.53,0.8089138881358996,0.492524957606679,0.1742760223797394,0.7579519006982157,0.7156862745098039,0.7658986175115208,0.365,0.934758155230596,0.4834437086092715,0.5,146.0,831.0,254.0,58.0
1539,"convnet_v2_(32, 64)_k7_drop0.1_lr0.01",ok,10.57,0.8087738321134905,0.4473368685502464,0.1725739687126177,0.73933281613654,0.75,0.7373271889400922,0.3493150684931507,0.9400705052878966,0.4766355140186916,0.5,153.0,800.0,285.0,51.0
1540,"convnet_v2_(32, 64)_k3_drop0.1_lr0.005",ok,8.48,0.8087557603686636,0.4442451127870354,0.1881635857319204,0.7323506594259116,0.7696078431372549,0.7253456221198157,0.345054945054945,0.9436450839328536,0.4764795144157815,0.5,157.0,787.0,298.0,47.0
1541,"mlp_(256,)_tanh",ok,10.36,0.8086970271979759,0.4464441884912601,0.125598577779669,0.8541505042668736,0.4215686274509804,0.935483870967742,0.5512820512820513,0.8958517210944396,0.4777777777777778,0.5,86.0,1015.0,70.0,118.0
1542,"convnet_v2_(8, 16, 32)_k7_drop0.3_lr0.005",ok,8.93,0.8086699195807355,0.4599519232915542,0.164752657177597,0.7501939487975174,0.6862745098039216,0.7622119815668202,0.3517587939698492,0.9281705948372616,0.4651162790697674,0.5,140.0,827.0,258.0,64.0
1543,"convnet_v2_(8, 16)_k5_drop0.3_lr0.01",ok,6.87,0.8086518478359085,0.4739525756642418,0.1826053857317524,0.7323506594259116,0.75,0.7290322580645161,0.3422818791946309,0.9394299287410928,0.4700460829493088,0.5,153.0,791.0,294.0,51.0
1544,"convnet_v2_(32, 64)_k5_drop0.2_lr0.005",ok,9.5,0.8085569711755669,0.4651542203849308,0.1819359470366945,0.7339022498060512,0.7745098039215687,0.7262672811059908,0.3472527472527472,0.9448441247002398,0.4795144157814871,0.5,158.0,788.0,297.0,46.0
1545,xgboost_dart_n200_d5_lr0.05_drop0.3,ok,7.04,0.8085253456221198,0.5149759704446071,0.105847443141246,0.861132660977502,0.1666666666666666,0.991705069124424,0.7906976744186046,0.8635634028892456,0.2753036437246963,0.5,34.0,1076.0,9.0,170.0
1546,"convnet_v2_(32, 64)_k7_drop0.4_lr0.01",ok,12.07,0.8084756483238456,0.4626025954811902,0.184561554588342,0.7276958882854926,0.75,0.7235023041474654,0.3377483443708609,0.9389952153110048,0.4657534246575342,0.5,153.0,785.0,300.0,51.0
1547,"convnet_v2_(16, 32)_k3_drop0.4_lr0.0005",ok,9.2,0.8082045721514413,0.453880410315087,0.168084357716166,0.7866563227307991,0.6666666666666666,0.8092165898617512,0.3965014577259475,0.9281183932346724,0.4972577696526508,0.5,136.0,878.0,207.0,68.0
1548,"convnet_v2_(8, 16, 32)_k5_drop0.1_lr0.003",ok,7.73,0.8081910183428209,0.4640154152408894,0.1783207404622521,0.756400310318076,0.7549019607843137,0.7566820276497696,0.3684210526315789,0.9425947187141216,0.495176848874598,0.5,154.0,821.0,264.0,50.0
1549,"convnet_v2_(8,)_k3_drop0.4_lr0.003",ok,5.38,0.8080735520014458,0.4597520938180828,0.1875700430419661,0.7370054305663305,0.7549019607843137,0.7336405529953917,0.3476297968397291,0.9408983451536644,0.4760432766615147,0.5,154.0,796.0,289.0,50.0
1550,"convnet_v2_(8,)_k7_drop0.3_lr0.003",ok,5.38,0.8080735520014458,0.4768319916373455,0.2086743627935916,0.6842513576415826,0.7843137254901961,0.6654377880184332,0.3059273422562141,0.9425587467362924,0.4401650618982118,0.5,160.0,722.0,363.0,44.0
1551,"convnet_v2_(8,)_k5_drop0.2_lr0.003",ok,4.96,0.8080509623204121,0.4744155781366882,0.1609719795818494,0.7742435996896819,0.6519607843137255,0.7972350230414746,0.376770538243626,0.9241452991452992,0.4775583482944344,0.5,133.0,865.0,220.0,71.0
1552,"convnet_v2_(16, 32)_k7_drop0.3_lr0.0005",ok,8.86,0.8080328905755851,0.4609550701014064,0.1765007760353346,0.769588828549263,0.7107843137254902,0.7806451612903226,0.3785900783289817,0.934878587196468,0.4940374787052811,0.5,145.0,847.0,238.0,59.0
1553,"convnet_v2_(8,)_k7_drop0.4_lr0.003",ok,4.64,0.807965121532484,0.4738091124068245,0.1992112753841941,0.7090768037238169,0.7941176470588235,0.6930875576036867,0.3272727272727272,0.947103274559194,0.463519313304721,0.5,162.0,752.0,333.0,42.0
1554,bagging_n10_ms0.5,ok,1.6,0.8079515677238637,0.4761040912132575,0.1044453064391,0.8572536850271528,0.392156862745098,0.9447004608294932,0.5714285714285714,0.8920800696257616,0.4651162790697674,0.5,80.0,1025.0,60.0,124.0
1555,"mlp_(128,)_tanh",ok,8.08,0.8079244601066232,0.4427111914375057,0.1265586870108442,0.8487199379363848,0.3970588235294117,0.9336405529953916,0.5294117647058824,0.891725352112676,0.453781512605042,0.5,81.0,1013.0,72.0,123.0
1556,"convnet_v2_(16, 32)_k3_drop0.3_lr0.0005",ok,9.38,0.8078521731273155,0.450477847191342,0.1761463858794142,0.7633824670287044,0.696078431372549,0.776036866359447,0.3688311688311688,0.9314159292035398,0.4821731748726655,0.5,142.0,842.0,243.0,62.0
1557,"convnet_v2_(8, 16)_k7_drop0.1_lr0.0005",ok,7.28,0.8077437426583536,0.4622629807170564,0.1755361748994591,0.7517455391776571,0.7009803921568627,0.7612903225806451,0.3557213930348258,0.9312288613303268,0.4719471947194719,0.5,143.0,826.0,259.0,61.0
1558,sgd_hinge_a0.1_l2,ok,0.11,0.8077166350411131,0.4983541369646538,0.1082919000566431,0.8595810705973623,0.2254901960784313,0.9788018433179724,0.6666666666666666,0.8704918032786885,0.336996336996337,0.5,46.0,1062.0,23.0,158.0
1559,"dnn_v2_(64, 32, 16)_drop0.1_lr0.005_wd0.01",ok,4.76,0.8076714556790459,0.4768986329126377,0.1734764766710173,0.7540729247478666,0.7205882352941176,0.7603686635944701,0.3611793611793611,0.935374149659864,0.481178396072013,0.5,147.0,825.0,260.0,57.0
1560,"convnet_v2_(16, 32)_k7_drop0.2_lr0.01",ok,7.44,0.8076533839342189,0.4725392430541145,0.1858134660896956,0.7183863460046548,0.7549019607843137,0.7115207373271889,0.3297644539614561,0.9391727493917276,0.4590163934426229,0.5,154.0,772.0,313.0,50.0
1561,adaboost_n100_lr1.5,ok,2.55,0.8073326104635402,0.4831465156418963,0.2113646239122797,0.8595810705973623,0.4313725490196078,0.9400921658986175,0.5751633986928104,0.897887323943662,0.4929971988795518,0.5,88.0,1020.0,65.0,116.0
1562,"convnet_v2_(8,)_k7_drop0.3_lr0.01",ok,5.11,0.807142857142857,0.4723877370676437,0.2075428376251082,0.6889061287820015,0.8186274509803921,0.6645161290322581,0.3145009416195857,0.9511873350923484,0.454421768707483,0.5,167.0,721.0,364.0,37.0
1563,"convnet_v2_(8,)_k7_drop0.3_lr0.0005",ok,6.91,0.8070344266738952,0.4730976041318451,0.1849030954528571,0.7331264546159814,0.7058823529411765,0.7382488479262673,0.3364485981308411,0.9303135888501742,0.4556962025316455,0.5,144.0,801.0,284.0,60.0
1564,"convnet_v2_(16, 32)_k5_drop0.1_lr0.005",ok,7.76,0.8070118369928617,0.4748139197058943,0.1792159781646383,0.7323506594259116,0.7745098039215687,0.7244239631336405,0.3457330415754923,0.9447115384615384,0.4780635400907715,0.5,158.0,786.0,299.0,46.0
1565,"convnet_v2_(16, 32)_k7_drop0.4_lr0.0005",ok,8.87,0.8070028011204481,0.4657677726574881,0.1801985127023214,0.764934057408844,0.7156862745098039,0.7741935483870968,0.3734015345268542,0.935412026726058,0.4907563025210084,0.5,146.0,840.0,245.0,58.0
1566,"convnet_v2_(32, 64)_k3_drop0.1_lr0.01",ok,9.03,0.8069802114394145,0.4313176234339815,0.1798952444227008,0.7354538401861909,0.75,0.7327188940092166,0.345372460496614,0.9397163120567376,0.472952086553323,0.5,153.0,795.0,290.0,51.0
1567,xgboost_dart_n300_d7_lr0.05_drop0.3,ok,14.85,0.8069734345351044,0.5178792524038314,0.1055250813103003,0.861132660977502,0.1617647058823529,0.992626728110599,0.8048780487804879,0.8629807692307693,0.2693877551020408,0.5,33.0,1077.0,8.0,171.0
1568,"convnet_v2_(32, 64)_k3_drop0.4_lr0.005",ok,8.52,0.8069305141411405,0.465247152295645,0.1637111782635265,0.7703646237393328,0.696078431372549,0.784331797235023,0.3776595744680851,0.932092004381161,0.4896551724137931,0.5,142.0,851.0,234.0,62.0
1569,logreg_C10_None_lbfgs,ok,0.15,0.806885334779073,0.4825427909410685,0.1091828286869548,0.8595810705973623,0.3529411764705882,0.9548387096774194,0.5950413223140496,0.886986301369863,0.4430769230769231,0.5,72.0,1036.0,49.0,132.0
1570,"convnet_v2_(8,)_k7_drop0.1_lr0.001",ok,4.7,0.8068808168428662,0.4749955578508933,0.1885725227587031,0.7245927075252133,0.7254901960784313,0.7244239631336405,0.3310961968680089,0.9334916864608076,0.4546850998463901,0.5,148.0,786.0,299.0,56.0
1571,"convnet_(32, 64)_k5_drop0.1_lr0.003",ok,9.63,0.806867263034246,0.4626151653690237,0.1803136259353979,0.7269200930954228,0.7156862745098039,0.7290322580645161,0.3318181818181818,0.9316843345111896,0.453416149068323,0.5,146.0,791.0,294.0,58.0
1572,"convnet_v2_(32, 64)_k5_drop0.1_lr0.003",ok,8.39,0.806867263034246,0.4626151653690237,0.1803136259353979,0.7269200930954228,0.7156862745098039,0.7290322580645161,0.3318181818181818,0.9316843345111896,0.453416149068323,0.5,146.0,791.0,294.0,58.0
1573,"convnet_v2_(32, 64)_k3_drop0.2_lr0.001",ok,8.53,0.806849191289419,0.4617137072845055,0.1604129911940841,0.78277734678045,0.6764705882352942,0.8027649769585253,0.3920454545454545,0.9295624332977588,0.4964028776978417,0.5,138.0,871.0,214.0,66.0
1574,"convnet_v2_(8,)_k3_drop0.1_lr0.005",ok,4.64,0.8068446733532123,0.4580242826251455,0.2036074671833063,0.7191621411947245,0.7843137254901961,0.7069124423963133,0.3347280334728033,0.9457459926017264,0.469208211143695,0.5,160.0,767.0,318.0,44.0
1575,logreg_C10_None_liblinear,ok,0.19,0.8068040119273515,0.4808476103369272,0.1091740207757183,0.8588052754072925,0.3480392156862745,0.9548387096774194,0.5916666666666667,0.8862275449101796,0.4382716049382716,0.5,71.0,1036.0,49.0,133.0
1576,"convnet_v2_(32, 64)_k3_drop0.3_lr0.005",ok,8.89,0.8067678684376977,0.4594809290256332,0.1643966314526634,0.7804499612102405,0.6666666666666666,0.8018433179723502,0.3874643874643874,0.9275053304904052,0.4900900900900901,0.5,136.0,870.0,215.0,68.0
1577,"convnet_v2_(16, 32)_k7_drop0.3_lr0.005",ok,7.93,0.8067181711394236,0.4627222019953673,0.1818858724863086,0.734678044996121,0.7401960784313726,0.7336405529953917,0.3431818181818182,0.9375736160188456,0.468944099378882,0.5,151.0,796.0,289.0,53.0
1578,"convnet_v2_(8,)_k3_drop0.3_lr0.001",ok,5.98,0.8066594379687358,0.4562014947070368,0.1867380724852126,0.7408844065166796,0.7598039215686274,0.7373271889400922,0.3522727272727273,0.9422850412249706,0.4813664596273292,0.5,155.0,800.0,285.0,49.0
1579,"convnet_v2_(8, 16)_k7_drop0.3_lr0.01",ok,7.17,0.8066504020963223,0.4865533260837169,0.1934437614926555,0.7152831652443755,0.7696078431372549,0.7050691244239631,0.3291404612159329,0.9421182266009852,0.461086637298091,0.5,157.0,765.0,320.0,47.0
1580,adaboost_n500_lr1.5,ok,12.47,0.8066187765428752,0.4706354580451694,0.2274283468802713,0.8541505042668736,0.4215686274509804,0.935483870967742,0.5512820512820513,0.8958517210944396,0.4777777777777778,0.5,86.0,1015.0,70.0,118.0
1581,"convnet_v2_(8,)_k7_drop0.2_lr0.003",ok,5.59,0.8062663775187493,0.4688131915893159,0.2064617124126176,0.6982156710628394,0.803921568627451,0.6783410138248848,0.3196881091617933,0.9484536082474226,0.4574616457461645,0.5,164.0,736.0,349.0,40.0
1582,"convnet_v2_(8, 16)_k7_drop0.1_lr0.003",ok,6.01,0.8062618595825426,0.4654354496884506,0.1816922992749847,0.734678044996121,0.7303921568627451,0.7354838709677419,0.341743119266055,0.9355216881594371,0.465625,0.5,149.0,798.0,287.0,55.0
1583,"convnet_v2_(8,)_k7_drop0.1_lr0.0005",ok,6.09,0.8061263214963404,0.4721206439839159,0.1835695865830241,0.7439875872769589,0.696078431372549,0.7529953917050691,0.3463414634146341,0.9294653014789532,0.4625407166123778,0.5,142.0,817.0,268.0,62.0
1584,"convnet_v2_(32, 64)_k7_drop0.4_lr0.003",ok,11.88,0.8060766241980661,0.4653399189451906,0.1790466694750556,0.7595034910783554,0.7058823529411765,0.7695852534562212,0.365482233502538,0.9329608938547486,0.4816053511705686,0.5,144.0,835.0,250.0,60.0
1585,"convnet_v2_(8, 16)_k5_drop0.3_lr0.005",ok,7.17,0.8060585524532393,0.448604125119649,0.1906365226057722,0.7370054305663305,0.75,0.7345622119815668,0.3469387755102041,0.9398584905660378,0.4744186046511628,0.5,153.0,797.0,288.0,51.0
1586,"convnet_v2_(8, 16, 32)_k7_drop0.3_lr0.0005",ok,8.92,0.8060359627722057,0.4529695918657389,0.1717672200295791,0.7618308766485647,0.7058823529411765,0.7723502304147466,0.3682864450127877,0.933184855233853,0.4840336134453781,0.5,144.0,838.0,247.0,60.0
1587,"dnn_v2_(64, 32)_drop0.1_lr0.005_wd0.01",ok,3.43,0.8059275323032438,0.4914250899626907,0.1678900022563427,0.7579519006982157,0.7058823529411765,0.7677419354838709,0.3636363636363636,0.9328107502799552,0.48,0.5,144.0,833.0,252.0,60.0
1588,"convnet_v2_(16, 32)_k7_drop0.2_lr0.0005",ok,8.07,0.8058416915153157,0.4698942288378541,0.1802123682809689,0.7641582622187743,0.7254901960784313,0.7714285714285715,0.3737373737373737,0.9372900335946248,0.4933333333333333,0.5,148.0,837.0,248.0,56.0
1589,"convnet_v2_(8, 16)_k3_drop0.1_lr0.001",ok,7.61,0.8057784404084214,0.462383558197752,0.1799025658911827,0.7664856477889838,0.7254901960784313,0.7741935483870968,0.376590330788804,0.9375,0.4958123953098827,0.5,148.0,840.0,245.0,56.0
1590,"convnet_(8, 16)_k3_drop0.1_lr0.001",ok,8.44,0.8057784404084214,0.462383558197752,0.1799025658911827,0.7664856477889838,0.7254901960784313,0.7741935483870968,0.376590330788804,0.9375,0.4958123953098827,0.5,148.0,840.0,245.0,56.0
1591,"convnet_v2_(8, 16)_k7_drop0.2_lr0.0005",ok,7.23,0.8057784404084214,0.4608974406868177,0.1756212388563991,0.7548487199379363,0.7107843137254902,0.7631336405529954,0.3606965174129353,0.9334836527621196,0.4785478547854785,0.5,145.0,828.0,257.0,59.0
1592,"dnn_v2_(64, 32, 16)_drop0.1_lr0.005_wd0.001",ok,3.97,0.8057739224722147,0.4626949965968419,0.1756101191422543,0.7455391776570985,0.7254901960784313,0.7493087557603687,0.3523809523809524,0.9355581127733028,0.4743589743589743,0.5,148.0,813.0,272.0,56.0
1593,xgboost_n500_d11_lr0.001,ok,8.81,0.8057648865998013,0.5032778872188398,0.1129315537706792,0.8417377812257564,0.0,1.0,,0.8417377812257564,0.0,0.5,0.0,1085.0,0.0,204.0
1594,"convnet_v2_(16, 32)_k7_drop0.2_lr0.003",ok,7.64,0.8057242251739406,0.4654072526941106,0.1863153888633174,0.7245927075252133,0.7450980392156863,0.7207373271889401,0.334065934065934,0.9376498800959232,0.4613050075872534,0.5,152.0,782.0,303.0,52.0
1595,"convnet_v2_(16, 32)_k5_drop0.4_lr0.003",ok,7.83,0.8056745278756663,0.4485349500164166,0.1624772223620163,0.7781225756400311,0.696078431372549,0.7935483870967742,0.3879781420765027,0.9328277356446372,0.4982456140350877,0.5,142.0,861.0,224.0,62.0
1596,"convnet_v2_(8, 16)_k3_drop0.2_lr0.0005",ok,8.23,0.8056338664498057,0.4584148430182189,0.1716527788344284,0.7688130333591932,0.6617647058823529,0.7889400921658987,0.3708791208791209,0.9254054054054054,0.4753521126760563,0.5,135.0,856.0,229.0,69.0
1597,"convnet_v2_(8, 16)_k3_drop0.2_lr0.001",ok,7.98,0.8056248305773923,0.4613370926298813,0.1748308051196285,0.7688130333591932,0.7058823529411765,0.7806451612903226,0.3769633507853403,0.9338478500551268,0.4914675767918088,0.5,144.0,847.0,238.0,60.0
1598,"convnet_v2_(8, 16)_k7_drop0.1_lr0.01",ok,6.51,0.8055977229601518,0.4562315163787931,0.1645436482196513,0.7494181536074477,0.6862745098039216,0.7612903225806451,0.3508771929824561,0.9280898876404494,0.4643449419568822,0.5,140.0,826.0,259.0,64.0
1599,"convnet_v2_(8, 16)_k7_drop0.1_lr0.005",ok,6.64,0.8055299539170508,0.4688009953062387,0.1844714052138633,0.730799069045772,0.7549019607843137,0.7262672811059908,0.3414634146341463,0.9403341288782816,0.4702290076335877,0.5,154.0,788.0,297.0,50.0
1600,"convnet_v2_(8, 16, 32)_k5_drop0.4_lr0.001",ok,9.33,0.8054305593205023,0.4531374877055429,0.1622624775985055,0.7804499612102405,0.6764705882352942,0.8,0.3887323943661971,0.9293361884368307,0.4937388193202147,0.5,138.0,868.0,217.0,66.0
1601,xgboost_dart_n300_d3_lr0.05_drop0.3,ok,12.18,0.8053176109153339,0.5173542698477127,0.1067169473092112,0.8564778898370831,0.1323529411764706,0.992626728110599,0.7714285714285715,0.8588516746411483,0.2259414225941422,0.5,27.0,1077.0,8.0,177.0
1602,xgboost_n300_d11_lr0.001,ok,5.26,0.8053176109153338,0.4999808750487701,0.1186754139893576,0.8417377812257564,0.0,1.0,,0.8417377812257564,0.0,0.5,0.0,1085.0,0.0,204.0
1603,"convnet_v2_(8, 16, 32)_k7_drop0.2_lr0.003",ok,8.06,0.8053130929791272,0.4695689920587235,0.1716391780485983,0.747866563227308,0.7254901960784313,0.752073732718894,0.354916067146283,0.9357798165137616,0.4766505636070853,0.5,148.0,816.0,269.0,56.0
1604,xgboost_dart_n200_d7_lr0.05_drop0.3,ok,7.96,0.8052724315532666,0.5151332561642044,0.1063434796471568,0.8580294802172227,0.1372549019607843,0.9935483870967742,0.8,0.8596491228070176,0.2343096234309623,0.5,28.0,1078.0,7.0,176.0
1605,"convnet_v2_(8,)_k7_drop0.1_lr0.003",ok,4.63,0.8052317701274059,0.4734434418829452,0.2026574262925726,0.7090768037238169,0.7990196078431373,0.6921658986175115,0.3279678068410462,0.9482323232323232,0.4650499286733238,0.5,163.0,751.0,334.0,41.0
1606,"dnn_v2_(128, 64, 32)_drop0.1_lr0.001_wd0.1",ok,4.95,0.8052182163187857,0.4732589316401139,0.1772602311149176,0.7672614429790535,0.7205882352941176,0.776036866359447,0.3769230769230769,0.9365962180200222,0.494949494949495,0.5,147.0,842.0,243.0,57.0
1607,logreg_C30_None_liblinear,ok,0.23,0.8050917141049967,0.4800824060993687,0.1094848944021207,0.8595810705973623,0.3480392156862745,0.9557603686635944,0.5966386554621849,0.8863247863247863,0.4396284829721362,0.5,71.0,1037.0,48.0,133.0
1608,knn_k25_manhattan,ok,0.13,0.8050646064877564,0.5013437990664373,0.1102373933281613,0.8533747090768037,0.0784313725490196,0.9990783410138248,0.9411764705882352,0.8522012578616353,0.1447963800904977,0.5,16.0,1084.0,1.0,188.0
1609,"convnet_v2_(8, 16, 32)_k3_drop0.3_lr0.001",ok,8.82,0.8049471401463811,0.4527074780844508,0.1772312975630074,0.7719162141194724,0.6470588235294118,0.7953917050691244,0.3728813559322034,0.9229946524064172,0.4731182795698925,0.5,132.0,863.0,222.0,72.0
1610,logreg_C30_None_lbfgs,ok,0.17,0.8049290684015542,0.4810583189957926,0.1094673123762561,0.8595810705973623,0.3480392156862745,0.9557603686635944,0.5966386554621849,0.8863247863247863,0.4396284829721362,0.5,71.0,1037.0,48.0,133.0
1611,"dnn_v2_(64, 32, 16)_drop0.2_lr0.005_wd0.01",ok,4.33,0.8049064787205205,0.4822533813396179,0.1778294316604094,0.7517455391776571,0.7205882352941176,0.7576036866359447,0.3585365853658536,0.9351535836177476,0.4788273615635179,0.5,147.0,822.0,263.0,57.0
1612,"convnet_v2_(8,)_k7_drop0.3_lr0.005",ok,4.81,0.8048432276136261,0.4703709638241228,0.207826569361536,0.6927851047323507,0.8186274509803921,0.6691244239631337,0.3174904942965779,0.9515072083879424,0.4575342465753425,0.5,167.0,726.0,359.0,37.0
1613,"convnet_v2_(8, 16, 32)_k7_drop0.1_lr0.001",ok,8.42,0.8047980482515587,0.4486528525724899,0.1651710657160322,0.7765709852598914,0.6666666666666666,0.7972350230414746,0.3820224719101123,0.9271168274383708,0.4857142857142857,0.5,136.0,865.0,220.0,68.0
1614,"convnet_v2_(16, 32)_k5_drop0.3_lr0.005",ok,8.16,0.804793530315352,0.4303020556936204,0.1667114932782021,0.7401086113266098,0.7647058823529411,0.7354838709677419,0.3521444695259593,0.9432624113475178,0.482225656877898,0.5,156.0,798.0,287.0,48.0
1615,"convnet_v2_(8, 16, 32)_k5_drop0.3_lr0.0005",ok,9.83,0.8047664226981116,0.4508240451235571,0.1743724144289278,0.7773467804499612,0.7254901960784313,0.7870967741935484,0.3905013192612137,0.9384615384615383,0.5077186963979416,0.5,148.0,854.0,231.0,56.0
1616,"mlp_(256, 128)_tanh",ok,11.68,0.8046850998463901,0.4359797501177664,0.1331735969616626,0.8448409619860356,0.4166666666666667,0.9253456221198156,0.5120481927710844,0.8940338379341051,0.4594594594594595,0.5,85.0,1004.0,81.0,119.0
1617,"convnet_v2_(8,)_k7_drop0.4_lr0.01",ok,5.54,0.8044908285895004,0.4692356548206326,0.1993334783458579,0.7075252133436772,0.7941176470588235,0.6912442396313364,0.3259557344064386,0.946969696969697,0.4621968616262482,0.5,162.0,750.0,335.0,42.0
1618,xgboost_dart_n200_d3_lr0.05_drop0.3,ok,6.74,0.8044840516851901,0.5151126324042605,0.107534860012375,0.8557020946470132,0.1078431372549019,0.9963133640552996,0.8461538461538461,0.8558986539984165,0.1913043478260869,0.5,22.0,1081.0,4.0,182.0
1619,"convnet_v2_(8, 16)_k5_drop0.4_lr0.01",ok,6.88,0.8043598084395048,0.453096931944182,0.1732407023444709,0.7455391776570985,0.7254901960784313,0.7493087557603687,0.3523809523809524,0.9355581127733028,0.4743589743589743,0.5,148.0,813.0,272.0,56.0
1620,"convnet_v2_(8, 16, 32)_k7_drop0.3_lr0.003",ok,8.4,0.8041971627360621,0.4661894445684273,0.1817690258160769,0.7385570209464701,0.7696078431372549,0.7327188940092166,0.3512304250559284,0.9441805225653208,0.4823348694316436,0.5,157.0,795.0,290.0,47.0
1621,"convnet_(16, 32)_k3_drop0.1_lr0.001",ok,8.81,0.8041790909912353,0.4484437202160928,0.1797355829619066,0.7657098525989139,0.6715686274509803,0.783410138248848,0.3682795698924731,0.9269356597600872,0.4756944444444444,0.5,137.0,850.0,235.0,67.0
1622,"convnet_v2_(16, 32)_k3_drop0.1_lr0.001",ok,7.84,0.8041790909912353,0.4484437202160928,0.1797355829619066,0.7657098525989139,0.6715686274509803,0.783410138248848,0.3682795698924731,0.9269356597600872,0.4756944444444444,0.5,137.0,850.0,235.0,67.0
1623,"convnet_v2_(8, 16)_k3_drop0.4_lr0.0005",ok,9.65,0.8041565013102014,0.4562424734063528,0.1759259536482771,0.7672614429790535,0.6911764705882353,0.7815668202764977,0.373015873015873,0.9308452250274424,0.4845360824742268,0.5,141.0,848.0,237.0,63.0
1624,"convnet_v2_(32, 64)_k5_drop0.4_lr0.001",ok,9.4,0.8041429475015813,0.476000113350607,0.1674049439455287,0.78277734678045,0.6666666666666666,0.8046082949308756,0.3908045977011494,0.9277364505844846,0.4927536231884058,0.5,136.0,873.0,212.0,68.0
1625,"convnet_v2_(8, 16)_k5_drop0.2_lr0.01",ok,6.0,0.8040796963946869,0.4521586662706235,0.1902644119506465,0.7152831652443755,0.7598039215686274,0.7069124423963133,0.3276955602536998,0.9399509803921569,0.4579025110782865,0.5,155.0,767.0,318.0,49.0
1626,"convnet_v2_(16, 32)_k3_drop0.3_lr0.01",ok,7.56,0.8040480708412397,0.4573923726820176,0.175145409873912,0.756400310318076,0.7205882352941176,0.7631336405529954,0.3638613861386138,0.9355932203389832,0.4835526315789473,0.5,147.0,828.0,257.0,57.0
1627,"convnet_v2_(16, 32)_k3_drop0.2_lr0.001",ok,7.27,0.8039486762446916,0.4519734280691943,0.1889621762974869,0.747866563227308,0.7058823529411765,0.7557603686635944,0.3520782396088019,0.9318181818181818,0.4698205546492659,0.5,144.0,820.0,265.0,60.0
1628,"convnet_v2_(16, 32)_k7_drop0.1_lr0.0005",ok,9.05,0.8039351224360711,0.470384257662128,0.1761770104941281,0.7680372381691234,0.7107843137254902,0.7788018433179723,0.3766233766233766,0.9347345132743364,0.4923599320882852,0.5,145.0,845.0,240.0,59.0
1629,"convnet_v2_(8, 16, 32)_k5_drop0.4_lr0.0005",ok,10.79,0.8037905484774555,0.4446688267865347,0.1781672803023051,0.7711404189294027,0.7303921568627451,0.7788018433179723,0.3830334190231362,0.9388888888888888,0.5025295109612141,0.5,149.0,845.0,240.0,55.0
1630,"convnet_v2_(16, 32)_k7_drop0.3_lr0.01",ok,8.05,0.8037634408602151,0.4676780851991345,0.1670830751504792,0.7455391776570985,0.6911764705882353,0.7557603686635944,0.3472906403940887,0.928652321630804,0.4622950819672131,0.5,141.0,820.0,265.0,63.0
1631,"convnet_v2_(8,)_k7_drop0.2_lr0.001",ok,5.84,0.8037318153067678,0.4825930983493079,0.1825081208966649,0.7362296353762606,0.7205882352941176,0.7391705069124423,0.341860465116279,0.9336437718277066,0.4637223974763407,0.5,147.0,802.0,283.0,57.0
1632,"convnet_v2_(32, 64)_k7_drop0.4_lr0.001",ok,10.42,0.8037272973705613,0.4449659614797063,0.1716477890406014,0.7377812257564003,0.7205882352941176,0.7410138248847926,0.3434579439252336,0.9337979094076656,0.4651898734177215,0.5,147.0,804.0,281.0,57.0
1633,"convnet_v2_(32, 64)_k7_drop0.3_lr0.003",ok,12.69,0.8036730821360802,0.4868086187444144,0.1667906241633515,0.7626066718386346,0.6617647058823529,0.7815668202764977,0.3629032258064516,0.9247546346782988,0.46875,0.5,135.0,848.0,237.0,69.0
1634,"mlp_(64, 32, 16)_tanh",ok,3.43,0.8035691696033253,0.4266583374123388,0.1438453281920643,0.8339798293250582,0.392156862745098,0.9170506912442395,0.4705882352941176,0.8891867739052726,0.427807486631016,0.5,80.0,995.0,90.0,124.0
1635,"convnet_(16, 32, 64)_k3_drop0.1_lr0.003",ok,10.45,0.8035646516671184,0.4418259703073533,0.162311931270474,0.7633824670287044,0.6813725490196079,0.7788018433179723,0.366754617414248,0.9285714285714286,0.4768439108061749,0.5,139.0,845.0,240.0,65.0
1636,"convnet_v2_(8, 16)_k3_drop0.3_lr0.0005",ok,8.7,0.8035420619860848,0.4574502491090765,0.1717669278447048,0.769588828549263,0.6470588235294118,0.7926267281105991,0.3697478991596639,0.9227467811158798,0.4705882352941176,0.5,132.0,860.0,225.0,72.0
1637,"convnet_v2_(8, 16)_k3_drop0.4_lr0.005",ok,6.62,0.8034426673895365,0.473159131959432,0.1748442261689492,0.7556245151280062,0.7156862745098039,0.7631336405529954,0.3622828784119106,0.9345372460496614,0.4810543657331136,0.5,146.0,828.0,257.0,58.0
1638,"convnet_v2_(32, 64)_k3_drop0.3_lr0.01",ok,8.94,0.803415559772296,0.4449698190232976,0.1740515872478713,0.7548487199379363,0.7205882352941176,0.7612903225806451,0.3620689655172414,0.9354473386183464,0.4819672131147541,0.5,147.0,826.0,259.0,57.0
1639,"convnet_v2_(16, 32)_k3_drop0.4_lr0.001",ok,7.5,0.8033568266016083,0.4385290708102517,0.1819056851701507,0.7579519006982157,0.6715686274509803,0.7741935483870968,0.3586387434554974,0.9261300992282248,0.4675767918088737,0.5,137.0,840.0,245.0,67.0
1640,xgboost_n500_d9_lr0.001,ok,7.9,0.8031783681214422,0.5033944627583631,0.1130512151754291,0.8417377812257564,0.0,1.0,,0.8417377812257564,0.0,0.5,0.0,1085.0,0.0,204.0
1641,"convnet_v2_(8, 16)_k5_drop0.1_lr0.003",ok,6.01,0.8031173759826511,0.4466172992867516,0.183227100715644,0.7385570209464701,0.7205882352941176,0.7419354838709677,0.3442622950819672,0.933874709976798,0.4659270998415214,0.5,147.0,805.0,280.0,57.0
1642,"convnet_(8, 16)_k5_drop0.1_lr0.003",ok,7.16,0.8031173759826511,0.4466172992867516,0.183227100715644,0.7385570209464701,0.7205882352941176,0.7419354838709677,0.3442622950819672,0.933874709976798,0.4659270998415214,0.5,147.0,805.0,280.0,57.0
1643,"convnet_v2_(8, 16, 32)_k5_drop0.2_lr0.001",ok,8.83,0.8030134634498962,0.4489183251526291,0.170563659025094,0.7781225756400311,0.696078431372549,0.7935483870967742,0.3879781420765027,0.9328277356446372,0.4982456140350877,0.5,142.0,861.0,224.0,62.0
1644,"convnet_v2_(16, 32)_k5_drop0.4_lr0.001",ok,8.0,0.802909550917141,0.4749449954615582,0.1681501998182241,0.7820015515903801,0.6666666666666666,0.8036866359447005,0.3896848137535816,0.9276595744680852,0.4918625678119349,0.5,136.0,872.0,213.0,68.0
1645,"convnet_v2_(8, 16, 32)_k3_drop0.1_lr0.0005",ok,9.97,0.8026113671274961,0.4548699940143705,0.1716574109333238,0.7664856477889838,0.6372549019607843,0.7907834101382488,0.3641456582633053,0.9206008583690988,0.463458110516934,0.5,130.0,858.0,227.0,74.0
1646,"convnet_v2_(8, 16, 32)_k5_drop0.1_lr0.005",ok,8.1,0.8025932953826691,0.4604390556899939,0.1841274826200188,0.7354538401861909,0.7549019607843137,0.7317972350230415,0.346067415730337,0.9407582938388626,0.4745762711864407,0.5,154.0,794.0,291.0,50.0
1647,xgboost_dart_n100_d3_lr0.05_drop0.3,ok,1.35,0.8025842595102557,0.5088231305486973,0.1092261567285785,0.8401861908456167,0.0,0.9981566820276496,0.0,0.8414918414918415,0.0,0.5,0.0,1083.0,2.0,204.0
1648,"convnet_v2_(8, 16)_k3_drop0.1_lr0.0005",ok,8.66,0.8025661877654289,0.4523725413245458,0.1778640132660053,0.7626066718386346,0.696078431372549,0.7751152073732719,0.3678756476683937,0.9313399778516056,0.4813559322033898,0.5,142.0,841.0,244.0,62.0
1649,"convnet_(16, 32)_k3_drop0.1_lr0.003",ok,8.29,0.8025661877654287,0.4467029311633918,0.1704245053065754,0.7742435996896819,0.6764705882352942,0.7926267281105991,0.3801652892561983,0.9287257019438444,0.4867724867724867,0.5,138.0,860.0,225.0,66.0
1650,"convnet_v2_(16, 32)_k3_drop0.1_lr0.003",ok,7.14,0.8025661877654287,0.4467029311633918,0.1704245053065754,0.7742435996896819,0.6764705882352942,0.7926267281105991,0.3801652892561983,0.9287257019438444,0.4867724867724867,0.5,138.0,860.0,225.0,66.0
1651,"convnet_v2_(8,)_k7_drop0.2_lr0.0005",ok,6.46,0.8025345622119816,0.4681719853010513,0.1836386567177103,0.7401086113266098,0.696078431372549,0.7483870967741936,0.3421686746987952,0.9290617848970252,0.4588045234248788,0.5,142.0,812.0,273.0,62.0
1652,"convnet_v2_(16, 32)_k5_drop0.4_lr0.01",ok,9.41,0.8025051956266377,0.4548173808001748,0.1773322353512253,0.7315748642358417,0.7450980392156863,0.7290322580645161,0.3408071748878923,0.9383155397390271,0.4676923076923077,0.5,152.0,791.0,294.0,52.0
1653,knn_k25_distance,ok,0.1,0.8024939007861209,0.5146179970086179,0.1088907731810725,0.8533747090768037,0.0980392156862745,0.9953917050691244,0.8,0.8544303797468354,0.1746724890829694,0.5,20.0,1080.0,5.0,184.0
1654,gaussian_nb,ok,0.09,0.8024419445197433,0.4190163951814991,0.1643963146009149,0.8246702870442203,0.4362745098039216,0.8976958525345622,0.445,0.8943985307621671,0.4405940594059406,0.5,89.0,974.0,111.0,115.0
1655,"convnet_v2_(8,)_k7_drop0.3_lr0.001",ok,5.3,0.8024306496792266,0.4768997700391974,0.1818950559499663,0.7385570209464701,0.7303921568627451,0.7400921658986175,0.345707656612529,0.935897435897436,0.4692913385826772,0.5,149.0,803.0,282.0,55.0
1656,knn_k25_uniform,ok,0.1,0.8023922472214692,0.4875032500866935,0.1091847944142746,0.8525989138867339,0.0931372549019607,0.9953917050691244,0.7916666666666666,0.8537549407114624,0.1666666666666666,0.5,19.0,1080.0,5.0,185.0
1657,"convnet_v2_(8, 16)_k7_drop0.4_lr0.01",ok,7.38,0.8023764344447456,0.4582823745154513,0.1853266050349121,0.7145073700543056,0.7647058823529411,0.7050691244239631,0.3277310924369748,0.940959409594096,0.4588235294117647,0.5,156.0,765.0,320.0,48.0
1658,"convnet_v2_(8,)_k3_drop0.1_lr0.01",ok,4.42,0.8022725219119905,0.4493557084278094,0.1961052144404763,0.7137315748642359,0.7401960784313726,0.7087557603686636,0.3233404710920771,0.9355231143552312,0.4500745156482861,0.5,151.0,769.0,316.0,53.0
1659,"convnet_v2_(8, 16)_k3_drop0.2_lr0.01",ok,8.15,0.8022680039757839,0.4577032682155043,0.1908940027803734,0.7276958882854926,0.7549019607843137,0.7225806451612903,0.3384615384615385,0.9400479616306956,0.4673748103186646,0.5,154.0,784.0,301.0,50.0
1660,xgboost_dart_n100_d7_lr0.05_drop0.3,ok,2.78,0.8022115297731995,0.511576603084477,0.108007638867305,0.851823118696664,0.0931372549019607,0.9944700460829492,0.76,0.8536392405063291,0.1659388646288209,0.5,19.0,1079.0,6.0,185.0
1661,"convnet_v2_(8, 16)_k5_drop0.4_lr0.005",ok,6.41,0.8021821631878558,0.4518032440408704,0.1791239790717765,0.7424359968968193,0.7205882352941176,0.7465437788018433,0.3483412322274881,0.9342560553633218,0.4696485623003195,0.5,147.0,810.0,275.0,57.0
1662,xgboost_dart_n100_d5_lr0.05_drop0.3,ok,2.03,0.801915604951658,0.5080909661835376,0.1076349293381666,0.8541505042668736,0.1078431372549019,0.9944700460829492,0.7857142857142857,0.8556701030927835,0.1896551724137931,0.5,22.0,1079.0,6.0,182.0
1663,"convnet_v2_(16, 32)_k3_drop0.2_lr0.003",ok,6.67,0.8017303695671817,0.4561405713435005,0.1792488740369158,0.7595034910783554,0.696078431372549,0.7714285714285715,0.3641025641025641,0.9310344827586208,0.4781144781144781,0.5,142.0,837.0,248.0,62.0
1664,xgboost_n300_d9_lr0.001,ok,5.14,0.8016129032258065,0.4983454274479846,0.1188097980992235,0.8417377812257564,0.0,1.0,,0.8417377812257564,0.0,0.5,0.0,1085.0,0.0,204.0
1665,"convnet_v2_(8, 16, 32)_k5_drop0.3_lr0.001",ok,8.91,0.8015360983102917,0.4468567003403337,0.1738490770548186,0.7726920093095423,0.6911764705882353,0.7880184331797235,0.3800539083557951,0.931372549019608,0.4904347826086956,0.5,141.0,855.0,230.0,63.0
1666,"convnet_v2_(16, 32)_k3_drop0.4_lr0.01",ok,8.68,0.8014479985542605,0.4661197448118688,0.1659143382170788,0.7540729247478666,0.6813725490196079,0.7677419354838709,0.3554987212276215,0.9276169265033408,0.4672268907563025,0.5,139.0,833.0,252.0,65.0
1667,"mlp_(256,)_logistic",ok,32.11,0.801445739586157,0.4319358220216349,0.1282523912786559,0.8409619860356866,0.3970588235294117,0.9244239631336404,0.4969325153374233,0.8907637655417406,0.44141689373297,0.5,81.0,1003.0,82.0,123.0
1668,"convnet_v2_(32, 64)_k7_drop0.3_lr0.01",ok,12.0,0.8014141140327099,0.4617096572071864,0.1673824081424393,0.7874321179208689,0.6470588235294118,0.8138248847926267,0.3952095808383233,0.924607329842932,0.4907063197026022,0.5,132.0,883.0,202.0,72.0
1669,"convnet_v2_(16, 32)_k7_drop0.3_lr0.003",ok,8.5,0.8013463449896087,0.4472475399470647,0.1777907892659316,0.7385570209464701,0.7058823529411765,0.744700460829493,0.342042755344418,0.9308755760368664,0.4608,0.5,144.0,808.0,277.0,60.0
1670,lightgbm_n200_leaves31_lr0.001,ok,1.37,0.8013282732447817,0.5147539376316228,0.1217177645224787,0.8417377812257564,0.0,1.0,,0.8417377812257564,0.0,0.5,0.0,1085.0,0.0,204.0
1671,xgboost_n200_d11_lr0.001,ok,3.37,0.8012650221378874,0.4892308736321712,0.1226609644488517,0.8417377812257564,0.0,1.0,,0.8417377812257564,0.0,0.5,0.0,1085.0,0.0,204.0
1672,"convnet_v2_(8, 16)_k3_drop0.4_lr0.001",ok,7.91,0.801201771030993,0.4564783857219595,0.1762902767590087,0.7688130333591932,0.6813725490196079,0.7852534562211981,0.3736559139784946,0.9291166848418756,0.4826388888888889,0.5,139.0,852.0,233.0,65.0
1673,gbdt_sklearn_n200_lr0.3_sub1.0,ok,9.81,0.8011746634137527,0.4629071642667475,0.1241186106523034,0.8549262994569433,0.3774509803921568,0.9447004608294932,0.5620437956204379,0.8897569444444444,0.4516129032258064,0.5,77.0,1025.0,60.0,127.0
1674,xgboost_n500_d3_lr0.001,ok,1.77,0.8011452968284087,0.5150960370805295,0.1143089583264536,0.8417377812257564,0.0,1.0,,0.8417377812257564,0.0,0.5,0.0,1085.0,0.0,204.0
1675,"convnet_v2_(16, 32)_k3_drop0.1_lr0.005",ok,8.22,0.8010481611999638,0.4427693992403394,0.1889511509273427,0.7300232738557021,0.7156862745098039,0.7327188940092166,0.3348623853211009,0.9320046893317704,0.45625,0.5,146.0,795.0,290.0,58.0
1676,lightgbm_n200_leaves255_lr0.001,ok,1.81,0.8009894280292762,0.514722940028033,0.12171797273701,0.8417377812257564,0.0,1.0,,0.8417377812257564,0.0,0.5,0.0,1085.0,0.0,204.0
1677,lightgbm_n200_leaves63_lr0.001,ok,1.79,0.8009894280292762,0.514722940028033,0.12171797273701,0.8417377812257564,0.0,1.0,,0.8417377812257564,0.0,0.5,0.0,1085.0,0.0,204.0
1678,lightgbm_n200_leaves127_lr0.001,ok,1.76,0.8009894280292762,0.514722940028033,0.12171797273701,0.8417377812257564,0.0,1.0,,0.8417377812257564,0.0,0.5,0.0,1085.0,0.0,204.0
1679,"convnet_v2_(32, 64)_k3_drop0.3_lr0.001",ok,9.27,0.8009758742206559,0.4528065246606988,0.1699722617061266,0.7750193948797518,0.7058823529411765,0.7880184331797235,0.3850267379679144,0.9344262295081968,0.4982698961937716,0.5,144.0,855.0,230.0,60.0
1680,"convnet_(32, 64)_k3_drop0.3_lr0.001",ok,10.09,0.8009758742206559,0.4528065246606988,0.1699722617061266,0.7750193948797518,0.7058823529411765,0.7880184331797235,0.3850267379679144,0.9344262295081968,0.4982698961937716,0.5,144.0,855.0,230.0,60.0
1681,"mlp_(128,)_logistic",ok,21.77,0.8008900334327279,0.4378460746582094,0.1293483516597042,0.8386346004654771,0.3676470588235294,0.927188940092166,0.487012987012987,0.8863436123348017,0.4189944134078212,0.5,75.0,1006.0,79.0,129.0
1682,"convnet_v2_(8, 16)_k7_drop0.4_lr0.005",ok,7.06,0.800871961687901,0.4613030985115143,0.1648656113907609,0.7742435996896819,0.7156862745098039,0.7852534562211981,0.3852242744063324,0.9362637362637364,0.5008576329331046,0.5,146.0,852.0,233.0,58.0
1683,"convnet_v2_(8, 16, 32)_k5_drop0.2_lr0.0005",ok,10.41,0.8008674437516942,0.444021130261525,0.1723712766171252,0.7788983708301008,0.7107843137254902,0.791705069124424,0.3908355795148248,0.9357298474945532,0.5043478260869565,0.5,145.0,859.0,226.0,59.0
1684,bernoulli_nb_t0.5,ok,0.09,0.8008132285172134,0.4921614225202823,0.156041364716004,0.8161365399534523,0.5637254901960784,0.8635944700460829,0.4372623574144487,0.9132553606237817,0.4925053533190578,0.5,115.0,937.0,148.0,89.0
1685,"convnet_(16, 32)_k3_drop0.3_lr0.003",ok,8.0,0.8008132285172134,0.4524791474420235,0.1712763975145803,0.756400310318076,0.6911764705882353,0.7686635944700461,0.3596938775510204,0.9297658862876256,0.4731543624161073,0.5,141.0,834.0,251.0,63.0
1686,"convnet_v2_(16, 32)_k3_drop0.3_lr0.003",ok,7.06,0.8008132285172134,0.4524791474420235,0.1712763975145803,0.756400310318076,0.6911764705882353,0.7686635944700461,0.3596938775510204,0.9297658862876256,0.4731543624161073,0.5,141.0,834.0,251.0,63.0
1687,linear_svc_C1_hinge,ok,0.37,0.8006912442396314,0.4730120915840606,0.1125801385293033,0.8557020946470132,0.2745098039215686,0.9649769585253456,0.5957446808510638,0.8761506276150628,0.3758389261744966,0.5,56.0,1047.0,38.0,148.0
1688,svc_sigmoid_C0.1,ok,0.77,0.8006460648775638,0.4725281549874948,0.1082251762309994,0.8541505042668736,0.2941176470588235,0.9594470046082948,0.5769230769230769,0.8784810126582279,0.3896103896103896,0.5,60.0,1041.0,44.0,144.0
1689,"convnet_v2_(8, 16)_k5_drop0.1_lr0.001",ok,6.88,0.8006325110689437,0.4585363466776558,0.1746723198440341,0.7595034910783554,0.7107843137254902,0.7686635944700461,0.3661616161616162,0.9339305711086228,0.4833333333333333,0.5,145.0,834.0,251.0,59.0
1690,"convnet_(8, 16)_k5_drop0.1_lr0.001",ok,7.92,0.8006325110689437,0.4585363466776558,0.1746723198440341,0.7595034910783554,0.7107843137254902,0.7686635944700461,0.3661616161616162,0.9339305711086228,0.4833333333333333,0.5,145.0,834.0,251.0,59.0
1691,svc_sigmoid_C0.001,ok,0.73,0.800591849643083,0.4680122305997055,0.1086027498226617,0.8525989138867339,0.284313725490196,0.9594470046082948,0.5686274509803921,0.8770008424599831,0.3790849673202614,0.5,58.0,1041.0,44.0,146.0
1692,lightgbm_n500_leaves15_lr0.001,ok,1.86,0.8003411041836089,0.5204860369593349,0.1122791304681459,0.8417377812257564,0.0,1.0,,0.8417377812257564,0.0,0.5,0.0,1085.0,0.0,204.0
1693,"convnet_v2_(8, 16, 32)_k5_drop0.4_lr0.005",ok,8.36,0.8003388452155056,0.4374136230364988,0.1855802948770925,0.7370054305663305,0.7254901960784313,0.7391705069124423,0.3433874709976798,0.9347319347319348,0.4661417322834645,0.5,148.0,802.0,283.0,56.0
1694,"convnet_v2_(8, 16, 32)_k3_drop0.4_lr0.0005",ok,10.88,0.8001490918948224,0.443701379048347,0.1747442547092571,0.7773467804499612,0.6715686274509803,0.7972350230414746,0.3837535014005602,0.9281115879828328,0.4884135472370766,0.5,137.0,865.0,220.0,67.0
1695,"convnet_v2_(8, 16, 32)_k5_drop0.3_lr0.01",ok,9.48,0.8000135538086202,0.4595483274363,0.2042989230472801,0.6803723816912335,0.7892156862745098,0.6599078341013825,0.3037735849056603,0.9433465085639,0.438692098092643,0.5,161.0,716.0,369.0,43.0
1696,"convnet_v2_(8, 16)_k5_drop0.4_lr0.0005",ok,9.68,0.7999593385741394,0.4519871089447927,0.1692028806459951,0.7626066718386346,0.7058823529411765,0.7732718894009216,0.3692307692307692,0.9332591768631812,0.4848484848484848,0.5,144.0,839.0,246.0,60.0
1697,"convnet_v2_(8, 16)_k5_drop0.1_lr0.005",ok,6.03,0.7999412668293124,0.4469718033034441,0.1956293069980752,0.7183863460046548,0.7549019607843137,0.7115207373271889,0.3297644539614561,0.9391727493917276,0.4590163934426229,0.5,154.0,772.0,313.0,50.0
1698,"convnet_v2_(16, 32)_k7_drop0.1_lr0.003",ok,7.63,0.7998147646155236,0.4612071408468035,0.1795628644200207,0.7401086113266098,0.7303921568627451,0.7419354838709677,0.3473193473193473,0.936046511627907,0.4707740916271722,0.5,149.0,805.0,280.0,55.0
1699,xgboost_n500_d5_lr0.001,ok,3.86,0.7997357007319057,0.5026778292537333,0.1130132628325984,0.8417377812257564,0.0,1.0,,0.8417377812257564,0.0,0.5,0.0,1085.0,0.0,204.0
1700,"convnet_v2_(8, 16, 32)_k5_drop0.4_lr0.01",ok,8.5,0.7996430830396674,0.4331670844023406,0.1876860177268525,0.7315748642358417,0.7647058823529411,0.7253456221198157,0.3436123348017621,0.9425149700598804,0.4741641337386018,0.5,156.0,787.0,298.0,48.0
1701,"convnet_v2_(8, 16, 32)_k7_drop0.4_lr0.003",ok,8.88,0.7993945965482967,0.4644307876962699,0.1617149426246575,0.7626066718386346,0.6715686274509803,0.7797235023041474,0.3643617021276595,0.9266155531215772,0.4724137931034483,0.5,137.0,846.0,239.0,67.0
1702,"convnet_v2_(8, 16, 32)_k5_drop0.1_lr0.001",ok,8.7,0.7990918948224451,0.449716233574122,0.170462782555693,0.773467804499612,0.6862745098039216,0.7898617511520737,0.3804347826086957,0.9305103148751356,0.4895104895104895,0.5,140.0,857.0,228.0,64.0
1703,gbdt_sklearn_n300_lr0.3_sub1.0,ok,14.53,0.799042197524171,0.4824582565611863,0.1269394061409782,0.8564778898370831,0.3823529411764705,0.9456221198156682,0.5693430656934306,0.890625,0.4574780058651026,0.5,78.0,1026.0,59.0,126.0
1704,"convnet_v2_(8, 16)_k5_drop0.2_lr0.001",ok,6.78,0.7990421975241709,0.4484253786637994,0.1820772992343467,0.747866563227308,0.7303921568627451,0.7511520737327189,0.3556085918854415,0.9367816091954024,0.478330658105939,0.5,149.0,815.0,270.0,55.0
1705,svc_sigmoid_C0.01,ok,0.76,0.798256076624198,0.4734529329886171,0.1081891095273874,0.8564778898370831,0.2941176470588235,0.9622119815668204,0.594059405940594,0.8787878787878788,0.3934426229508196,0.5,60.0,1044.0,41.0,144.0
1706,"convnet_v2_(8, 16)_k5_drop0.2_lr0.003",ok,6.87,0.798201861389717,0.4418871996229118,0.1677767781898535,0.769588828549263,0.7009803921568627,0.7824884792626728,0.3773087071240105,0.932967032967033,0.490566037735849,0.5,143.0,849.0,236.0,61.0
1707,"convnet_v2_(32, 64)_k7_drop0.2_lr0.005",ok,11.83,0.7980640643354115,0.4484399168958219,0.1845444789461089,0.7098525989138867,0.7598039215686274,0.7004608294930875,0.3229166666666667,0.9394313967861556,0.4532163742690058,0.5,155.0,760.0,325.0,49.0
1708,sgd_hinge_a0.001_l1,ok,0.19,0.7978584982380049,0.4895465892323855,0.1082160592814877,0.8595810705973623,0.3431372549019608,0.9566820276497696,0.5982905982905983,0.8856655290102389,0.4361370716510903,0.5,70.0,1038.0,47.0,134.0
1709,"mlp_(64, 32)_logistic",ok,13.45,0.7978359085569712,0.4452702230879121,0.1360666348303441,0.8471683475562451,0.3872549019607843,0.9336405529953916,0.5231788079470199,0.8901581722319859,0.4450704225352113,0.5,79.0,1013.0,72.0,125.0
1710,"convnet_v2_(16, 32)_k5_drop0.2_lr0.01",ok,7.44,0.7977771753862836,0.4401390372176075,0.1691597342310503,0.7750193948797518,0.6911764705882353,0.7907834101382488,0.3831521739130434,0.9315960912052116,0.493006993006993,0.5,141.0,858.0,227.0,63.0
1711,"convnet_v2_(8, 16, 32)_k3_drop0.3_lr0.0005",ok,11.98,0.7977500677690432,0.438564078550161,0.1693878989343537,0.7773467804499612,0.6421568627450981,0.8027649769585253,0.3797101449275362,0.9226694915254238,0.4772313296903461,0.5,131.0,871.0,214.0,73.0
1712,xgboost_n200_d9_lr0.001,ok,2.83,0.7976213065871509,0.4887235303998937,0.1226922920294645,0.8417377812257564,0.0,1.0,,0.8417377812257564,0.0,0.5,0.0,1085.0,0.0,204.0
1713,"mlp_(64, 32)_tanh",ok,4.12,0.7975964579380139,0.4553036999289625,0.1354392252161803,0.8401861908456167,0.4166666666666667,0.919815668202765,0.4941860465116279,0.8934646374216652,0.4521276595744681,0.5,85.0,998.0,87.0,119.0
1714,svc_poly_C0.001,ok,0.52,0.7973931508087104,0.4665162756586171,0.1244261992997692,0.8471683475562451,0.0784313725490196,0.991705069124424,0.64,0.8512658227848101,0.1397379912663755,0.5,16.0,1076.0,9.0,188.0
1715,"convnet_v2_(8, 16, 32)_k5_drop0.1_lr0.0005",ok,10.43,0.7973615252552634,0.4468898287676132,0.1709775736880539,0.78277734678045,0.6813725490196079,0.8018433179723502,0.3926553672316384,0.93048128342246,0.4982078853046595,0.5,139.0,870.0,215.0,65.0
1716,"convnet_v2_(8, 16)_k3_drop0.3_lr0.005",ok,6.62,0.7973118279569891,0.4550286950246317,0.1758172845310349,0.7486423584173778,0.7009803921568627,0.7576036866359447,0.3522167487684729,0.9309173272933182,0.4688524590163934,0.5,143.0,822.0,263.0,61.0
1717,"convnet_v2_(8, 16)_k5_drop0.2_lr0.0005",ok,8.15,0.7973027920845758,0.4438491802247271,0.1724807799267037,0.7571761055081458,0.6862745098039216,0.7705069124423963,0.3598971722365038,0.9288888888888888,0.4721753794266441,0.5,140.0,836.0,249.0,64.0
1718,"convnet_v2_(8, 16)_k5_drop0.1_lr0.0005",ok,8.39,0.7973027920845758,0.4507368881528594,0.1732203120774609,0.7602792862684251,0.7009803921568627,0.7714285714285715,0.3657289002557545,0.9320712694877504,0.480672268907563,0.5,143.0,837.0,248.0,61.0
1719,"convnet_v2_(16, 32)_k3_drop0.2_lr0.01",ok,7.76,0.7972621306587151,0.4558988703825974,0.184875294617638,0.7315748642358417,0.7058823529411765,0.7364055299539171,0.3348837209302325,0.930151338766007,0.4542586750788643,0.5,144.0,799.0,286.0,60.0
1720,"convnet_v2_(8,)_k5_drop0.4_lr0.01",ok,5.0,0.7972440589138882,0.4399444725748784,0.1802043605695439,0.7509697439875873,0.7156862745098039,0.7576036866359447,0.3569682151589242,0.9340909090909092,0.4763458401305057,0.5,146.0,822.0,263.0,58.0
1721,"convnet_v2_(8,)_k3_drop0.2_lr0.01",ok,4.9,0.7971672539983737,0.4442076782748075,0.2012353970646864,0.7183863460046548,0.7794117647058824,0.7069124423963133,0.3333333333333333,0.9445812807881774,0.4669603524229075,0.5,159.0,767.0,318.0,45.0
1722,bernoulli_nb_t0.0,ok,0.1,0.7970136441673443,0.4585692286528964,0.1829582071487154,0.7773467804499612,0.6274509803921569,0.8055299539170507,0.3775811209439528,0.92,0.4714548802946593,0.5,128.0,874.0,211.0,76.0
1723,"convnet_v2_(8, 16, 32)_k7_drop0.4_lr0.005",ok,8.94,0.796968464805277,0.465905069884282,0.1711734171413226,0.7401086113266098,0.7205882352941176,0.743778801843318,0.3458823529411765,0.9340277777777778,0.4674085850556438,0.5,147.0,807.0,278.0,57.0
1724,"convnet_(8, 16)_k3_drop0.3_lr0.003",ok,7.64,0.7969278033794163,0.4507257997219069,0.1725531088456242,0.756400310318076,0.6519607843137255,0.776036866359447,0.3537234042553192,0.9222343921139102,0.4586206896551724,0.5,133.0,842.0,243.0,71.0
1725,"convnet_v2_(8, 16)_k3_drop0.3_lr0.003",ok,6.36,0.7969278033794163,0.4507257997219069,0.1725531088456242,0.756400310318076,0.6519607843137255,0.776036866359447,0.3537234042553192,0.9222343921139102,0.4586206896551724,0.5,133.0,842.0,243.0,71.0
1726,"convnet_v2_(8, 16)_k3_drop0.1_lr0.01",ok,6.54,0.7967787114845938,0.4557991303818817,0.1726655659838074,0.7602792862684251,0.6911764705882353,0.7732718894009216,0.3643410852713178,0.9301552106430157,0.4771573604060913,0.5,141.0,839.0,246.0,63.0
1727,"convnet_v2_(8, 16)_k5_drop0.3_lr0.0005",ok,8.36,0.7967651576759734,0.4427124305117141,0.1744825289321964,0.7540729247478666,0.7107843137254902,0.7622119815668202,0.3598014888337469,0.9334085778781038,0.4777594728171334,0.5,145.0,827.0,258.0,59.0
1728,"convnet_v2_(8, 16, 32)_k7_drop0.1_lr0.005",ok,8.22,0.7967470859311467,0.444900273689051,0.1959689352146837,0.7168347556245152,0.7794117647058824,0.7050691244239631,0.3319415448851774,0.9444444444444444,0.465592972181552,0.5,159.0,765.0,320.0,45.0
1729,sgd_modified_huber_a0.01_elasticnet,ok,0.17,0.7966589861751152,0.4622222123786597,0.1097090013158432,0.8595810705973623,0.3088235294117647,0.9631336405529954,0.6116504854368932,0.8811129848229342,0.4104234527687296,0.5,63.0,1045.0,40.0,141.0
1730,"convnet_(16, 32, 64)_k5_drop0.1_lr0.003",ok,11.84,0.7965166711846028,0.4474313660104476,0.1738798012557052,0.7587276958882855,0.7205882352941176,0.7658986175115208,0.3665835411471321,0.9358108108108107,0.4859504132231405,0.5,147.0,831.0,254.0,57.0
1731,"convnet_v2_(8, 16)_k3_drop0.3_lr0.001",ok,7.01,0.7965121532483962,0.4596763522888121,0.1767792085814378,0.7657098525989139,0.6715686274509803,0.783410138248848,0.3682795698924731,0.9269356597600872,0.4756944444444444,0.5,137.0,850.0,235.0,67.0
1732,"convnet_(8, 16)_k3_drop0.3_lr0.001",ok,8.27,0.7965121532483962,0.4596763522888121,0.1767792085814378,0.7657098525989139,0.6715686274509803,0.783410138248848,0.3682795698924731,0.9269356597600872,0.4756944444444444,0.5,137.0,850.0,235.0,67.0
1733,"convnet_v2_(16, 32)_k5_drop0.4_lr0.005",ok,8.07,0.7963540254811603,0.4502852775354505,0.1679121673147257,0.7424359968968193,0.7107843137254902,0.7483870967741936,0.34688995215311,0.9322617680826636,0.4662379421221865,0.5,145.0,812.0,273.0,59.0
1734,"convnet_v2_(32, 64)_k3_drop0.2_lr0.01",ok,8.97,0.7963449896087467,0.4432232914718302,0.1731849042001448,0.747866563227308,0.7401960784313726,0.7493087557603687,0.3569739952718676,0.9387990762124712,0.4816586921850079,0.5,151.0,813.0,272.0,53.0
1735,bagging_n10_ms1.0,ok,0.72,0.7961868618415108,0.4535976297607987,0.1086811481768813,0.8549262994569433,0.4362745098039216,0.9336405529953916,0.5527950310559007,0.8980496453900709,0.4876712328767123,0.5,89.0,1013.0,72.0,115.0
1736,"convnet_v2_(8, 16)_k5_drop0.4_lr0.001",ok,7.44,0.7960468058191018,0.4533537370424272,0.1820186591586186,0.7377812257564003,0.7205882352941176,0.7410138248847926,0.3434579439252336,0.9337979094076656,0.4651898734177215,0.5,147.0,804.0,281.0,57.0
1737,"convnet_v2_(8, 16, 32)_k5_drop0.2_lr0.01",ok,8.53,0.7960287340742749,0.4423909366667811,0.1968700263066687,0.6974398758727696,0.7941176470588235,0.6792626728110599,0.3176470588235294,0.9460847240051348,0.453781512605042,0.5,162.0,737.0,348.0,42.0
1738,xgboost_n500_d7_lr0.001,ok,6.28,0.7960084033613446,0.5002567807125184,0.1131026183273281,0.8417377812257564,0.0,1.0,,0.8417377812257564,0.0,0.5,0.0,1085.0,0.0,204.0
1739,"convnet_v2_(8, 16, 32)_k7_drop0.1_lr0.003",ok,7.98,0.7959880726484142,0.4407493023699684,0.1754324660602767,0.743211792086889,0.7009803921568627,0.7511520737327189,0.3462469733656174,0.930365296803653,0.4635332252836304,0.5,143.0,815.0,270.0,61.0
1740,linear_svc_C3_hinge,ok,0.53,0.7958977139242794,0.4687156632046105,0.1127545011201307,0.8572536850271528,0.2892156862745098,0.9640552995391704,0.6020408163265306,0.8782535684298909,0.390728476821192,0.5,59.0,1046.0,39.0,145.0
1741,"convnet_v2_(16, 32)_k3_drop0.2_lr0.005",ok,8.17,0.7955588687087739,0.4423159500337883,0.1914322144129361,0.7245927075252133,0.7156862745098039,0.7262672811059908,0.3295711060948081,0.9314420803782506,0.4513137557959814,0.5,146.0,788.0,297.0,58.0
1742,"convnet_v2_(32, 64)_k7_drop0.4_lr0.005",ok,12.37,0.7955340200596367,0.4264577856880985,0.1695063147498521,0.7470907680372382,0.696078431372549,0.7566820276497696,0.3497536945812808,0.9297848244620612,0.4655737704918032,0.5,142.0,821.0,264.0,62.0
1743,knn_k21_distance,ok,0.1,0.7952042107165447,0.5091127660337065,0.1091634078033227,0.8549262994569433,0.1176470588235294,0.9935483870967742,0.7741935483870968,0.8569157392686805,0.2042553191489361,0.5,24.0,1078.0,7.0,180.0
1744,"convnet_v2_(8, 16, 32)_k7_drop0.2_lr0.005",ok,8.78,0.7951612903225804,0.4451239506226671,0.1794770224983809,0.7377812257564003,0.7450980392156863,0.7364055299539171,0.3470319634703196,0.9388954171562868,0.4735202492211838,0.5,152.0,799.0,286.0,52.0
1745,"convnet_v2_(8, 16, 32)_k5_drop0.4_lr0.003",ok,8.21,0.795138700641547,0.4383503471995111,0.1763359519461799,0.7626066718386346,0.7156862745098039,0.7714285714285715,0.3705583756345177,0.9351955307262568,0.4882943143812709,0.5,146.0,837.0,248.0,58.0
1746,"convnet_v2_(8, 16, 32)_k3_drop0.2_lr0.005",ok,9.34,0.795102557151893,0.4408746457808349,0.1840467741215442,0.7362296353762606,0.7156862745098039,0.7400921658986175,0.3411214953271028,0.9326364692218352,0.4620253164556962,0.5,146.0,803.0,282.0,58.0
1747,svc_rbf_C100,ok,0.94,0.7950754495346525,0.4309119562758722,0.1109324511490205,0.8525989138867339,0.196078431372549,0.976036866359447,0.6060606060606061,0.8659035159443991,0.2962962962962963,0.5,40.0,1059.0,26.0,164.0
1748,svc_rbf_C1000,ok,0.94,0.7950754495346525,0.4309119562758722,0.1109324511490205,0.8525989138867339,0.196078431372549,0.976036866359447,0.6060606060606061,0.8659035159443991,0.2962962962962963,0.5,40.0,1059.0,26.0,164.0
1749,knn_k21_uniform,ok,0.1,0.7949263576398301,0.4761038233194121,0.1094662845743417,0.8549262994569433,0.1176470588235294,0.9935483870967742,0.7741935483870968,0.8569157392686805,0.2042553191489361,0.5,24.0,1078.0,7.0,180.0
1750,"convnet_v2_(16, 32)_k7_drop0.1_lr0.005",ok,7.6,0.7949082858950032,0.4432415211716663,0.1951783344370044,0.7137315748642359,0.7598039215686274,0.7050691244239631,0.3263157894736842,0.9398034398034398,0.4565537555228277,0.5,155.0,765.0,320.0,49.0
1751,"mlp_(128, 64)_logistic",ok,20.18,0.794858588596729,0.4381887113241254,0.1354986718723719,0.8494957331264547,0.4166666666666667,0.9308755760368664,0.53125,0.8945969884853853,0.467032967032967,0.5,85.0,1010.0,75.0,119.0
1752,linear_svc_C10_hinge,ok,0.92,0.794682389084666,0.4680071267815146,0.1131295233784017,0.8564778898370831,0.2745098039215686,0.9658986175115208,0.6021505376344086,0.8762541806020067,0.3771043771043771,0.5,56.0,1048.0,37.0,148.0
1753,"convnet_v2_(8,)_k3_drop0.4_lr0.01",ok,5.04,0.7946281738501852,0.4578186592261989,0.1809370765849865,0.7401086113266098,0.7352941176470589,0.7410138248847926,0.3480278422273782,0.9370629370629372,0.4724409448818897,0.5,150.0,804.0,281.0,54.0
1754,"convnet_v2_(8, 16, 32)_k3_drop0.1_lr0.001",ok,8.9,0.7944203487846753,0.4414483897407953,0.1701837590885214,0.7788983708301008,0.6127450980392157,0.8101382488479263,0.3776435045317221,0.917536534446764,0.4672897196261682,0.5,125.0,879.0,206.0,79.0
1755,xgboost_n100_d9_lr0.001,ok,1.33,0.7944113129122617,0.4806427117362802,0.1273411732122459,0.8417377812257564,0.0,1.0,,0.8417377812257564,0.0,0.5,0.0,1085.0,0.0,204.0
1756,gbdt_sklearn_n100_lr0.3_sub1.0,ok,4.86,0.7942938465708864,0.4420667661930907,0.1209768633543403,0.8588052754072925,0.4068627450980392,0.943778801843318,0.5763888888888888,0.8943231441048035,0.4770114942528735,0.5,83.0,1024.0,61.0,121.0
1757,"convnet_v2_(8, 16)_k3_drop0.2_lr0.003",ok,6.95,0.7942893286346797,0.4576624473822237,0.1736836271340855,0.7633824670287044,0.6862745098039216,0.7778801843317973,0.3674540682414698,0.9295154185022028,0.4786324786324786,0.5,140.0,844.0,241.0,64.0
1758,"convnet_v2_(8, 16, 32)_k3_drop0.2_lr0.003",ok,8.76,0.7940769856329628,0.4172349195932742,0.1710020816481326,0.7688130333591932,0.6323529411764706,0.7944700460829494,0.3664772727272727,0.919957310565635,0.4640287769784172,0.5,129.0,862.0,223.0,75.0
1759,"convnet_v2_(8, 16, 32)_k3_drop0.2_lr0.0005",ok,10.14,0.7940137345260686,0.4398100799742415,0.1690931877189133,0.7750193948797518,0.6225490196078431,0.8036866359447005,0.3735294117647059,0.9188619599578504,0.4669117647058823,0.5,127.0,872.0,213.0,77.0
1760,"convnet_(8, 16)_k5_drop0.3_lr0.003",ok,7.61,0.7938556067588325,0.4423630074851018,0.1816821170716392,0.7385570209464701,0.7254901960784313,0.7410138248847926,0.3449883449883449,0.9348837209302324,0.4676145339652449,0.5,148.0,804.0,281.0,56.0
1761,"convnet_v2_(8, 16)_k5_drop0.3_lr0.003",ok,6.37,0.7938556067588325,0.4423630074851018,0.1816821170716392,0.7385570209464701,0.7254901960784313,0.7410138248847926,0.3449883449883449,0.9348837209302324,0.4676145339652449,0.5,148.0,804.0,281.0,56.0
1762,"convnet_v2_(8, 16)_k7_drop0.2_lr0.005",ok,7.1,0.7938556067588325,0.4563561015805363,0.1627293396480914,0.7556245151280062,0.6568627450980392,0.7741935483870968,0.3535620052770448,0.9230769230769232,0.4596912521440823,0.5,134.0,840.0,245.0,70.0
1763,"convnet_v2_(8, 16)_k3_drop0.2_lr0.005",ok,7.39,0.7935303153519472,0.4280936818639897,0.1777993636897895,0.7548487199379363,0.7156862745098039,0.7622119815668202,0.3613861386138614,0.9344632768361582,0.4802631578947368,0.5,146.0,827.0,258.0,58.0
1764,linear_svc_C30_hinge,ok,1.6,0.7934806180536731,0.4657289832574897,0.1137112265795013,0.851823118696664,0.2941176470588235,0.9566820276497696,0.5607476635514018,0.8781725888324873,0.3858520900321543,0.5,60.0,1038.0,47.0,144.0
1765,sgd_log_loss_a0.001_l2,ok,0.14,0.7934489925002259,0.4745224159482839,0.1124243284152988,0.8525989138867339,0.3382352941176471,0.9493087557603688,0.5564516129032258,0.8841201716738197,0.4207317073170731,0.5,69.0,1030.0,55.0,135.0
1766,sgd_logloss_a0.001_optimal,ok,0.13,0.7934489925002259,0.4745224159482839,0.1124243284152988,0.8525989138867339,0.3382352941176471,0.9493087557603688,0.5564516129032258,0.8841201716738197,0.4207317073170731,0.5,69.0,1030.0,55.0,135.0
1767,"convnet_v2_(8,)_k5_drop0.2_lr0.01",ok,4.93,0.7931914701364418,0.4327623855251483,0.1746969149320493,0.7556245151280062,0.6666666666666666,0.7723502304147466,0.3550913838120104,0.9249448123620309,0.4633730834752981,0.5,136.0,838.0,247.0,68.0
1768,"convnet_v2_(8, 16, 32)_k3_drop0.4_lr0.001",ok,9.46,0.7928842504743834,0.4420708623083917,0.1746897977780088,0.761055081458495,0.6372549019607843,0.784331797235023,0.3571428571428571,0.92,0.4577464788732394,0.5,130.0,851.0,234.0,74.0
1769,"convnet_v2_(8, 16)_k3_drop0.1_lr0.005",ok,6.93,0.7927984096864552,0.448791637295342,0.1763852611165068,0.7463149728471683,0.6764705882352942,0.759447004608295,0.3458646616541353,0.9258426966292136,0.4577114427860697,0.5,138.0,824.0,261.0,66.0
1770,"convnet_v2_(16, 32)_k3_drop0.4_lr0.005",ok,7.29,0.7927893738140418,0.4450987744735579,0.1878846420303918,0.7354538401861909,0.7058823529411765,0.7410138248847926,0.3388235294117647,0.9305555555555556,0.4578696343402226,0.5,144.0,804.0,281.0,60.0
1771,"convnet_v2_(8, 16)_k5_drop0.2_lr0.005",ok,6.36,0.7927487123881811,0.4521852325856962,0.1792756295101107,0.7416602017067494,0.7156862745098039,0.7465437788018433,0.346793349168646,0.9331797235023042,0.4672,0.5,146.0,810.0,275.0,58.0
1772,xgboost_n300_d7_lr0.001,ok,4.27,0.7926267281105992,0.4948161304684816,0.1189519927968191,0.8417377812257564,0.0,1.0,,0.8417377812257564,0.0,0.5,0.0,1085.0,0.0,204.0
1773,"convnet_v2_(8, 16)_k5_drop0.1_lr0.01",ok,5.81,0.792577030812325,0.4477683359392183,0.1790330785471409,0.7408844065166796,0.7009803921568627,0.7483870967741936,0.34375,0.9301260022909508,0.4612903225806452,0.5,143.0,812.0,273.0,61.0
1774,"convnet_v2_(8, 16, 32)_k3_drop0.4_lr0.01",ok,9.43,0.7925544411312913,0.4422313980984725,0.1783643506878557,0.73933281613654,0.7156862745098039,0.743778801843318,0.3443396226415094,0.9329479768786128,0.464968152866242,0.5,146.0,807.0,278.0,58.0
1775,"mlp_(128, 64)_tanh",ok,6.25,0.7923330622571609,0.4232548063253937,0.1398199658797113,0.8378588052754073,0.3627450980392157,0.927188940092166,0.4836601307189542,0.8855633802816901,0.4145658263305322,0.5,74.0,1006.0,79.0,130.0
1776,sgd_log_loss_a0.001_l1,ok,0.27,0.7922833649588868,0.4615274863722776,0.1134948235874155,0.851823118696664,0.3333333333333333,0.9493087557603688,0.5528455284552846,0.8833619210977701,0.4159021406727828,0.5,68.0,1030.0,55.0,136.0
1777,"convnet_v2_(16, 32)_k3_drop0.3_lr0.005",ok,7.54,0.792260775277853,0.4411760767312224,0.1891224123884508,0.726144297905353,0.7156862745098039,0.728110599078341,0.3310657596371882,0.9316037735849056,0.4527131782945736,0.5,146.0,790.0,295.0,58.0
1778,"convnet_(16, 32)_k3_drop0.3_lr0.001",ok,9.31,0.7920303605313093,0.4389807844196098,0.1778520615366217,0.7579519006982157,0.6519607843137255,0.7778801843317973,0.355614973262032,0.9224043715846996,0.4602076124567474,0.5,133.0,844.0,241.0,71.0
1779,"convnet_v2_(16, 32)_k3_drop0.3_lr0.001",ok,8.53,0.7920303605313093,0.4389807844196098,0.1778520615366217,0.7579519006982157,0.6519607843137255,0.7778801843317973,0.355614973262032,0.9224043715846996,0.4602076124567474,0.5,133.0,844.0,241.0,71.0
1780,lightgbm_n300_leaves15_lr0.001,ok,1.11,0.7920009939459655,0.5064447150433612,0.1180525181119426,0.8417377812257564,0.0,1.0,,0.8417377812257564,0.0,0.5,0.0,1085.0,0.0,204.0
1781,"convnet_v2_(8, 16, 32)_k5_drop0.3_lr0.005",ok,7.84,0.7919896991054486,0.4530477031608815,0.1662183922612075,0.7602792862684251,0.6813725490196079,0.7751152073732719,0.3629242819843342,0.9282560706401766,0.4735945485519591,0.5,139.0,841.0,244.0,65.0
1782,"convnet_v2_(8, 16)_k5_drop0.3_lr0.001",ok,7.22,0.7918903045089002,0.4426797981185234,0.1828571841519831,0.7439875872769589,0.7254901960784313,0.7474654377880184,0.3507109004739336,0.9354094579008074,0.4728434504792332,0.5,148.0,811.0,274.0,56.0
1783,"convnet_(8, 16)_k5_drop0.3_lr0.001",ok,8.4,0.7918903045089002,0.4426797981185234,0.1828571841519831,0.7439875872769589,0.7254901960784313,0.7474654377880184,0.3507109004739336,0.9354094579008074,0.4728434504792332,0.5,148.0,811.0,274.0,56.0
1784,xgboost_n100_d11_lr0.001,ok,1.59,0.7917931688804554,0.4786629869308605,0.1273587283222536,0.8417377812257564,0.0,1.0,,0.8417377812257564,0.0,0.5,0.0,1085.0,0.0,204.0
1785,xgboost_n300_d3_lr0.001,ok,1.22,0.791443028824433,0.4871402261349469,0.1201851175037914,0.8417377812257564,0.0,1.0,,0.8417377812257564,0.0,0.5,0.0,1085.0,0.0,204.0
1786,"mlp_(16,)_tanh",ok,6.99,0.7914204391433993,0.4381350329844842,0.1272638901192391,0.8417377812257564,0.3970588235294117,0.9253456221198156,0.5,0.8908606921029282,0.4426229508196721,0.5,81.0,1004.0,81.0,123.0
1787,"convnet_v2_(8, 16, 32)_k7_drop0.3_lr0.01",ok,9.53,0.7914159212071926,0.4680573550812644,0.20716447449286,0.6749418153607447,0.7794117647058824,0.6552995391705069,0.298311444652908,0.9404761904761904,0.4314789687924016,0.5,159.0,711.0,374.0,45.0
1788,"convnet_v2_(8, 16, 32)_k3_drop0.2_lr0.001",ok,7.79,0.7911945423330623,0.4420387920741823,0.1753914140929638,0.7796741660201707,0.5833333333333334,0.8165898617511521,0.3742138364779874,0.9124613800205972,0.4559386973180077,0.5,119.0,886.0,199.0,85.0
1789,"convnet_v2_(16, 32)_k7_drop0.1_lr0.01",ok,8.14,0.7911041836089274,0.4521078858308795,0.187285193464548,0.7152831652443755,0.7303921568627451,0.712442396313364,0.3232104121475054,0.9335748792270532,0.4481203007518797,0.5,149.0,773.0,312.0,55.0
1790,"convnet_v2_(8, 16, 32)_k3_drop0.4_lr0.005",ok,8.82,0.7907653383934219,0.4219600907210263,0.1590301772863702,0.7672614429790535,0.6127450980392157,0.7963133640552995,0.361271676300578,0.9162248144220572,0.4545454545454545,0.5,125.0,864.0,221.0,79.0
1791,svc_poly_C0.01,ok,0.55,0.7900989428029277,0.4556379019524667,0.1222991448624236,0.8456167571761055,0.0833333333333333,0.9889400921658986,0.5862068965517241,0.8515873015873016,0.1459227467811159,0.5,17.0,1073.0,12.0,187.0
1792,xgboost_n300_d5_lr0.001,ok,2.4,0.789265383572784,0.4920186534915237,0.1191252485677763,0.8417377812257564,0.0,1.0,,0.8417377812257564,0.0,0.5,0.0,1085.0,0.0,204.0
1793,"convnet_v2_(8, 16, 32)_k3_drop0.3_lr0.005",ok,8.1,0.7890801481883077,0.4346880913165443,0.1591464972064586,0.7633824670287044,0.5980392156862745,0.7944700460829494,0.3536231884057971,0.913135593220339,0.4444444444444444,0.5,122.0,862.0,223.0,82.0
1794,xgboost_n100_d7_lr0.001,ok,1.15,0.788917502484865,0.4827151385556975,0.1273761143074653,0.8417377812257564,0.0,1.0,,0.8417377812257564,0.0,0.5,0.0,1085.0,0.0,204.0
1795,xgboost_n200_d7_lr0.001,ok,2.33,0.7887977771753861,0.4904091742694269,0.1227217174370406,0.8417377812257564,0.0,1.0,,0.8417377812257564,0.0,0.5,0.0,1085.0,0.0,204.0
1796,"convnet_v2_(16, 32)_k3_drop0.4_lr0.003",ok,7.36,0.7881449353935124,0.4450500194451844,0.1761605862431683,0.7602792862684251,0.6666666666666666,0.7778801843317973,0.3607427055702917,0.925438596491228,0.4681583476764199,0.5,136.0,844.0,241.0,68.0
1797,"convnet_v2_(8, 16)_k3_drop0.1_lr0.003",ok,6.3,0.7880816842866177,0.4490411117831021,0.1735298629083902,0.773467804499612,0.6813725490196079,0.7907834101382488,0.3797814207650273,0.9295774647887324,0.487719298245614,0.5,139.0,858.0,227.0,65.0
1798,"convnet_(8, 16)_k3_drop0.1_lr0.003",ok,7.7,0.7880816842866177,0.4490411117831021,0.1735298629083902,0.773467804499612,0.6813725490196079,0.7907834101382488,0.3797814207650273,0.9295774647887324,0.487719298245614,0.5,139.0,858.0,227.0,65.0
1799,"mlp_(256,)_relu",ok,10.16,0.7879190385831752,0.4405527034723154,0.1329200879387467,0.8456167571761055,0.3676470588235294,0.935483870967742,0.5172413793103449,0.8872377622377622,0.4297994269340974,0.5,75.0,1015.0,70.0,129.0
1800,"mlp_(128,)_relu",ok,7.75,0.7875666395590494,0.4405293908600985,0.1348057838697403,0.8386346004654771,0.3627450980392157,0.928110599078341,0.4868421052631579,0.8856640281442393,0.4157303370786517,0.5,74.0,1007.0,78.0,130.0
1801,lightgbm_n200_leaves15_lr0.001,ok,0.77,0.7874740218668113,0.5003221528361507,0.1221254651825487,0.8417377812257564,0.0,1.0,,0.8417377812257564,0.0,0.5,0.0,1085.0,0.0,204.0
1802,"mlp_(128, 64, 32)_tanh",ok,4.65,0.7868121442125239,0.4226885340758102,0.1475225954473579,0.8254460822342902,0.3480392156862745,0.9152073732718894,0.4355828220858895,0.8818827708703375,0.3869209809264305,0.5,71.0,993.0,92.0,133.0
1803,"convnet_v2_(16, 32)_k3_drop0.1_lr0.01",ok,6.3,0.7866630523177014,0.4462233352475778,0.2007792325206567,0.7331264546159814,0.7352941176470589,0.7327188940092166,0.3409090909090909,0.9363957597173144,0.4658385093167702,0.5,150.0,795.0,290.0,54.0
1804,xgboost_n200_d5_lr0.001,ok,1.48,0.7856148911177373,0.4896564609731406,0.1229480045569368,0.8417377812257564,0.0,1.0,,0.8417377812257564,0.0,0.5,0.0,1085.0,0.0,204.0
1805,linear_svc_C0.003_l1,ok,0.09,0.7852489382849914,0.461462468356527,0.1715172662749752,0.843289371605896,0.0147058823529411,0.9990783410138248,0.75,0.843579766536965,0.0288461538461538,0.5,3.0,1084.0,1.0,201.0
1806,"convnet_v2_(8, 16, 32)_k3_drop0.3_lr0.003",ok,7.83,0.7852082768591307,0.420983975524113,0.1720499119786488,0.7664856477889838,0.5980392156862745,0.7981566820276498,0.3577712609970674,0.9135021097046412,0.4477064220183486,0.5,122.0,866.0,219.0,82.0
1807,sgd_modified_huber_a0.01_l2,ok,0.12,0.7847813318875937,0.4576522787555679,0.113570400013106,0.8541505042668736,0.3480392156862745,0.9493087557603688,0.5634920634920635,0.8856405846947549,0.4303030303030303,0.5,71.0,1030.0,55.0,133.0
1808,lightgbm_n100_leaves31_lr0.001,ok,0.77,0.7847655191108701,0.5016570645881544,0.1269762456189621,0.8417377812257564,0.0,1.0,,0.8417377812257564,0.0,0.5,0.0,1085.0,0.0,204.0
1809,xgboost_n200_d3_lr0.001,ok,0.69,0.7846864552272522,0.4825605632415758,0.1239407554742759,0.8417377812257564,0.0,1.0,,0.8417377812257564,0.0,0.5,0.0,1085.0,0.0,204.0
1810,"convnet_v2_(8, 16)_k3_drop0.3_lr0.01",ok,7.46,0.784562211981567,0.4240562903860909,0.1836998980190654,0.7463149728471683,0.7107843137254902,0.7529953917050691,0.3510895883777239,0.932648401826484,0.4700162074554295,0.5,145.0,817.0,268.0,59.0
1811,lightgbm_n100_leaves127_lr0.001,ok,0.97,0.7844334507996747,0.5016757834301011,0.1269762143989794,0.8417377812257564,0.0,1.0,,0.8417377812257564,0.0,0.5,0.0,1085.0,0.0,204.0
1812,lightgbm_n100_leaves63_lr0.001,ok,0.94,0.7844334507996747,0.5016757834301011,0.1269762143989794,0.8417377812257564,0.0,1.0,,0.8417377812257564,0.0,0.5,0.0,1085.0,0.0,204.0
1813,lightgbm_n100_leaves255_lr0.001,ok,1.03,0.7844334507996747,0.5016757834301011,0.1269762143989794,0.8417377812257564,0.0,1.0,,0.8417377812257564,0.0,0.5,0.0,1085.0,0.0,204.0
1814,sgd_log_loss_a0.001_elasticnet,ok,0.19,0.7840200596367578,0.4281569182495154,0.1208250785520114,0.8401861908456167,0.2892156862745098,0.943778801843318,0.4916666666666666,0.8759623609923011,0.3641975308641975,0.5,59.0,1024.0,61.0,145.0
1815,"mlp_(128, 64, 32)_relu",ok,4.29,0.7835004969729827,0.4522621257307118,0.1396220876093949,0.8409619860356866,0.3725490196078431,0.9290322580645162,0.4967320261437908,0.8873239436619719,0.4257703081232493,0.5,76.0,1008.0,77.0,128.0
1816,"mlp_(256, 128)_logistic",ok,36.95,0.7833920665040209,0.4162704181584365,0.1427898434337258,0.8363072148952676,0.4117647058823529,0.9161290322580644,0.48,0.8922800718132855,0.4432717678100263,0.5,84.0,994.0,91.0,120.0
1817,"convnet_v2_(8, 16, 32)_k3_drop0.1_lr0.003",ok,8.37,0.7833468871419536,0.4368593343185917,0.166283296528656,0.7641582622187743,0.6225490196078431,0.7907834101382488,0.3587570621468927,0.9176470588235294,0.4551971326164875,0.5,127.0,858.0,227.0,77.0
1818,"convnet_v2_(8, 16, 32)_k3_drop0.1_lr0.005",ok,8.59,0.7833152615885064,0.4144315047448586,0.1762193869073816,0.7540729247478666,0.6519607843137255,0.7732718894009216,0.3509234828496042,0.921978021978022,0.4562607204116638,0.5,133.0,839.0,246.0,71.0
1819,"convnet_v2_(8, 16, 32)_k7_drop0.2_lr0.01",ok,8.51,0.783075810969549,0.4439772291184031,0.2113759945419016,0.6532195500387897,0.7794117647058824,0.6294930875576037,0.2834224598930481,0.9381868131868132,0.4156862745098039,0.5,159.0,683.0,402.0,45.0
1820,"convnet_v2_(8, 16, 32)_k3_drop0.1_lr0.01",ok,8.3,0.7823890846661246,0.4182438332157749,0.2123447247286344,0.6772692009309542,0.7450980392156863,0.6645161290322581,0.2945736434108527,0.9327296248382924,0.4222222222222222,0.5,152.0,721.0,364.0,52.0
1821,"convnet_v2_(8, 16)_k3_drop0.4_lr0.003",ok,6.96,0.7822535465799222,0.4395840234169553,0.1745354904293869,0.769588828549263,0.6568627450980392,0.7907834101382488,0.371191135734072,0.9245689655172412,0.4743362831858407,0.5,134.0,858.0,227.0,70.0
1822,"mlp_(32, 16)_logistic",ok,12.96,0.7809794885696214,0.4267209418738314,0.1382182681840459,0.8386346004654771,0.3970588235294117,0.9216589861751152,0.4879518072289157,0.8904719501335708,0.4378378378378378,0.5,81.0,1000.0,85.0,123.0
1823,"convnet_v2_(8, 16, 32)_k3_drop0.3_lr0.01",ok,8.04,0.7807355200144575,0.4285852022391462,0.1684369204476331,0.7556245151280062,0.6617647058823529,0.7732718894009216,0.3543307086614173,0.9240088105726872,0.4615384615384615,0.5,135.0,839.0,246.0,69.0
1824,"convnet_v2_(8, 16, 32)_k3_drop0.4_lr0.003",ok,9.33,0.7803334236920575,0.4097763707542861,0.1796144921295355,0.7672614429790535,0.6127450980392157,0.7963133640552995,0.361271676300578,0.9162248144220572,0.4545454545454545,0.5,125.0,864.0,221.0,79.0
1825,knn_k15_uniform,ok,0.13,0.7799381042739677,0.4647336510172103,0.1094733212654081,0.8549262994569433,0.142156862745098,0.9889400921658986,0.7073170731707317,0.8597756410256411,0.236734693877551,0.5,29.0,1073.0,12.0,175.0
1826,"mlp_(64, 32, 16)_relu",ok,3.4,0.7794388723231227,0.4413035735885812,0.14272400292784,0.8417377812257564,0.4068627450980392,0.9235023041474656,0.5,0.8922528940338379,0.4486486486486487,0.5,83.0,1002.0,83.0,121.0
1827,"mlp_(32, 16)_relu",ok,5.18,0.7794072467696758,0.4888572963371054,0.1318782999691339,0.8502715283165244,0.4313725490196078,0.9290322580645162,0.5333333333333333,0.896797153024911,0.4769647696476964,0.5,88.0,1008.0,77.0,116.0
1828,svc_poly_C0.1,ok,0.57,0.7790638836179633,0.4631396715908916,0.1183938261192193,0.8502715283165244,0.1274509803921568,0.9861751152073732,0.6341463414634146,0.8573717948717948,0.2122448979591836,0.5,26.0,1070.0,15.0,178.0
1829,svc_poly_deg3_C0.1,ok,0.57,0.7790638836179633,0.4631396715908916,0.1183938261192193,0.8502715283165244,0.1274509803921568,0.9861751152073732,0.6341463414634146,0.8573717948717948,0.2122448979591836,0.5,26.0,1070.0,15.0,178.0
1830,knn_k15_distance,ok,0.1,0.7790096683834825,0.5007272818418946,0.109226549291181,0.8549262994569433,0.142156862745098,0.9889400921658986,0.7073170731707317,0.8597756410256411,0.236734693877551,0.5,29.0,1073.0,12.0,175.0
1831,xgboost_n100_d5_lr0.001,ok,1.11,0.7789012379145206,0.485080079103221,0.1276116973971429,0.8417377812257564,0.0,1.0,,0.8417377812257564,0.0,0.5,0.0,1085.0,0.0,204.0
1832,"mlp_(128, 64)_relu",ok,5.64,0.7774329086473297,0.4356219152290444,0.1428515154588953,0.8386346004654771,0.3823529411764705,0.9244239631336404,0.4875,0.8883968113374667,0.4285714285714285,0.5,78.0,1003.0,82.0,126.0
1833,svc_poly_deg3_C1,ok,0.64,0.7771979759645794,0.4674199276632886,0.1150862822886462,0.8541505042668736,0.1519607843137254,0.9861751152073732,0.6739130434782609,0.8608205953338697,0.248,0.5,31.0,1070.0,15.0,173.0
1834,svc_poly_C1,ok,0.63,0.7771979759645794,0.4674199276632886,0.1150862822886462,0.8541505042668736,0.1519607843137254,0.9861751152073732,0.6739130434782609,0.8608205953338697,0.248,0.5,31.0,1070.0,15.0,173.0
1835,"mlp_(256, 128)_relu",ok,7.33,0.7771256889852715,0.4419645239666868,0.1365846586801149,0.8401861908456167,0.3872549019607843,0.9253456221198156,0.49375,0.8892825509300266,0.4340659340659341,0.5,79.0,1004.0,81.0,125.0
1836,xgboost_n100_d3_lr0.001,ok,0.42,0.7762695400740942,0.4665646492394165,0.1282502511874217,0.8417377812257564,0.0,1.0,,0.8417377812257564,0.0,0.5,0.0,1085.0,0.0,204.0
1837,knn_k15_manhattan,ok,0.13,0.7761724044456493,0.4689267661149638,0.1104835790018102,0.8572536850271528,0.1078431372549019,0.9981566820276496,0.9166666666666666,0.8561264822134388,0.1929824561403508,0.5,22.0,1083.0,2.0,182.0
1838,qda_reg0.1,ok,0.15,0.7746159754224271,0.4115114496008385,0.1464795174918649,0.8401861908456167,0.3480392156862745,0.9327188940092166,0.4930555555555556,0.8838427947598253,0.4080459770114942,0.5,71.0,1012.0,73.0,133.0
1839,"convnet_v2_(32, 64)_k7_drop0.2_lr0.003",ok,8.54,0.7741619228336496,0.428188997696184,0.1874321745514081,0.6268425135764158,0.7598039215686274,0.6018433179723502,0.2640545144804088,0.9301994301994302,0.3919089759797724,0.5,155.0,653.0,432.0,49.0
1840,"convnet_v2_(8, 16, 32)_k7_drop0.4_lr0.01",ok,9.2,0.7734706785940182,0.4289261554381919,0.1956859647195034,0.7051978277734678,0.7303921568627451,0.7004608294930875,0.3143459915611814,0.9325153374233128,0.43952802359882,0.5,149.0,760.0,325.0,55.0
1841,"convnet_v2_(32, 64)_k7_drop0.1_lr0.003",ok,8.85,0.773109243697479,0.3967352884585126,0.1748693314065173,0.6423584173778123,0.7598039215686274,0.6202764976958526,0.27336860670194,0.9321329639889196,0.4020752269779507,0.5,155.0,673.0,412.0,49.0
1842,"mlp_(64, 32)_relu_a0.001",ok,4.59,0.772255353754405,0.4198206231883457,0.1395584110179162,0.839410395655547,0.3676470588235294,0.928110599078341,0.4901960784313725,0.886443661971831,0.4201680672268907,0.5,75.0,1007.0,78.0,129.0
1843,"mlp_(64,)_relu",ok,6.57,0.7719074726664858,0.4278574139182462,0.135551422272328,0.8401861908456167,0.3578431372549019,0.9308755760368664,0.4932432432432432,0.8851884312007011,0.4147727272727273,0.5,73.0,1010.0,75.0,131.0
1844,"mlp_(64, 32)_relu_a0.01",ok,4.7,0.7718306677509713,0.4215101316595518,0.1386472746729238,0.8417377812257564,0.392156862745098,0.9262672811059908,0.5,0.8901682905225864,0.4395604395604395,0.5,80.0,1005.0,80.0,124.0
1845,"mlp_(64, 32)_relu_a0.0001",ok,4.61,0.7711936387458208,0.4173417828796409,0.1398215565710009,0.839410395655547,0.3774509803921568,0.9262672811059908,0.4904458598726114,0.8878091872791519,0.4265927977839335,0.5,77.0,1005.0,80.0,127.0
1846,"mlp_(64, 32)_relu",ok,4.68,0.7711936387458208,0.4173417828796409,0.1398215565710009,0.839410395655547,0.3774509803921568,0.9262672811059908,0.4904458598726114,0.8878091872791519,0.4265927977839335,0.5,77.0,1005.0,80.0,127.0
1847,"convnet_v2_(8, 16, 32)_k3_drop0.2_lr0.01",ok,9.03,0.7711846028734075,0.4165500422946365,0.1717950921003923,0.7664856477889838,0.6176470588235294,0.7944700460829494,0.3610315186246418,0.9170212765957448,0.4556962025316455,0.5,126.0,862.0,223.0,78.0
1848,"convnet_(16, 32, 64)_k5_drop0.3_lr0.003",ok,12.52,0.7708819011475558,0.3999683925921083,0.2072905677152154,0.7059736229635376,0.7254901960784313,0.7023041474654378,0.3142250530785562,0.9315403422982884,0.4385185185185185,0.5,148.0,762.0,323.0,56.0
1849,"mlp_(32, 16)_tanh",ok,3.69,0.7688172043010754,0.4169323990597953,0.1500147108816147,0.8269976726144298,0.392156862745098,0.9087557603686636,0.4469273743016759,0.8882882882882883,0.4177545691906005,0.5,80.0,986.0,99.0,124.0
1850,sgd_hinge_a0.001_l2,ok,0.11,0.7686455227252191,0.4411994081430435,0.1170648564212602,0.8494957331264547,0.3676470588235294,0.9400921658986175,0.5357142857142857,0.8877284595300261,0.436046511627907,0.5,75.0,1020.0,65.0,129.0
1851,"convnet_v2_(16, 32)_k5_drop0.3_lr0.01",ok,7.77,0.7675002258968104,0.3922249807376895,0.1866665075531171,0.6392552366175329,0.7745098039215687,0.6138248847926268,0.2738301559792028,0.9353932584269664,0.4046094750320102,0.5,158.0,666.0,419.0,46.0
1852,"convnet_v2_(32, 64)_k7_drop0.1_lr0.005",ok,9.05,0.7670777988614801,0.3735588370013448,0.1825541004351581,0.6330488750969744,0.75,0.6110599078341014,0.2660869565217391,0.9285714285714286,0.392811296534018,0.5,153.0,663.0,422.0,51.0
1853,lightgbm_n100_leaves15_lr0.001,ok,0.5,0.7666327821451162,0.4801511712505042,0.1272124839412333,0.8417377812257564,0.0,1.0,,0.8417377812257564,0.0,0.5,0.0,1085.0,0.0,204.0
1854,knn_k11_distance,ok,0.1,0.7625282371012921,0.4764425649341177,0.1107801358458142,0.8588052754072925,0.1666666666666666,0.9889400921658986,0.7391304347826086,0.8632341110217217,0.272,0.5,34.0,1073.0,12.0,170.0
1855,"mlp_(32,)_relu",ok,6.51,0.7614710400289147,0.4344318979545582,0.1395797191229439,0.8363072148952676,0.3872549019607843,0.92073732718894,0.4787878787878787,0.8887900355871886,0.4281842818428184,0.5,79.0,999.0,86.0,125.0
1856,knn_k11_uniform,ok,0.1,0.7611028282280654,0.4349889178183029,0.1111118235033885,0.8588052754072925,0.1666666666666666,0.9889400921658986,0.7391304347826086,0.8632341110217217,0.272,0.5,34.0,1073.0,12.0,170.0
1857,svc_poly_deg3_C10,ok,0.75,0.7584146561850545,0.4409981821986549,0.1175302820233307,0.8494957331264547,0.0931372549019607,0.991705069124424,0.6785714285714286,0.8532910388580491,0.1637931034482758,0.5,19.0,1076.0,9.0,185.0
1858,svc_poly_C10,ok,0.75,0.7584146561850545,0.4409981821986549,0.1175302820233307,0.8494957331264547,0.0931372549019607,0.991705069124424,0.6785714285714286,0.8532910388580491,0.1637931034482758,0.5,19.0,1076.0,9.0,185.0
1859,"mlp_(16,)_relu",ok,7.78,0.7558236197704888,0.390578359497123,0.1471134695365747,0.8316524437548487,0.3627450980392157,0.919815668202765,0.4596273291925465,0.8847517730496454,0.4054794520547945,0.5,74.0,998.0,87.0,130.0
1860,"mlp_(128, 64, 32)_logistic",ok,18.64,0.755385379958435,0.4249719366971836,0.1439915198448188,0.8401861908456167,0.4264705882352941,0.9179723502304148,0.4943181818181818,0.894878706199461,0.4578947368421052,0.5,87.0,996.0,89.0,117.0
1861,knn_k9_distance,ok,0.1,0.7533997469955723,0.4682941894809768,0.1116371176711556,0.8588052754072925,0.1764705882352941,0.9870967741935484,0.72,0.864406779661017,0.2834645669291338,0.5,36.0,1071.0,14.0,168.0
1862,knn_k9_uniform,ok,0.1,0.7531377066955813,0.4261995215169158,0.1119347948931605,0.8588052754072925,0.1764705882352941,0.9870967741935484,0.72,0.864406779661017,0.2834645669291338,0.5,36.0,1071.0,14.0,168.0
1863,extra_tree_leaf10,ok,0.08,0.7527853076714557,0.3751110698343749,0.1180224868979978,0.8463925523661753,0.1617647058823529,0.9751152073732718,0.55,0.8608624898291294,0.25,0.5,33.0,1058.0,27.0,171.0
1864,svc_sigmoid_C1,ok,0.7,0.752317701274058,0.4146042741998937,0.1143675763697255,0.8525989138867339,0.2107843137254902,0.9732718894009216,0.5972222222222222,0.8677074774034511,0.3115942028985507,0.5,43.0,1056.0,29.0,161.0
1865,knn_k25_chebyshev,ok,0.14,0.7514344447456403,0.3864423155135844,0.1173498836307214,0.8440651667959659,0.0588235294117647,0.991705069124424,0.5714285714285714,0.8485804416403786,0.1066666666666666,0.5,12.0,1076.0,9.0,192.0
1866,"mlp_(64, 32, 16)_logistic",ok,12.57,0.7482108972621306,0.4074797686782776,0.14714647001382,0.834755624515128,0.4313725490196078,0.9105990783410138,0.4756756756756757,0.894927536231884,0.4524421593830334,0.5,88.0,988.0,97.0,116.0
1867,dtree_entropy_d3,ok,0.14,0.7464850456311557,0.4428956357190844,0.1132462318189778,0.8580294802172227,0.3284313725490196,0.9576036866359448,0.5929203539823009,0.8835034013605442,0.4227129337539432,0.5,67.0,1039.0,46.0,137.0
1868,dtree_gini_d3,ok,0.13,0.7457915424234209,0.4385444171122336,0.1117947345932929,0.8564778898370831,0.3186274509803921,0.9576036866359448,0.5855855855855856,0.8820033955857386,0.4126984126984127,0.5,65.0,1039.0,46.0,139.0
1869,sgd_log_loss_a0.0001_l2,ok,0.15,0.744144754676064,0.4249797125630751,0.1538081536063024,0.8277734678044996,0.4313725490196078,0.9023041474654376,0.4536082474226804,0.8940639269406393,0.4422110552763819,0.5,88.0,979.0,106.0,116.0
1870,perceptron_l1_a1e-05,ok,0.1,0.7426583536640463,0.3968751261320333,0.1893697378286609,0.8076027928626842,0.4558823529411764,0.8737327188940092,0.4043478260869565,0.8951841359773371,0.4285714285714285,0.5,93.0,948.0,137.0,111.0
1871,perceptron_l2_a0.01,ok,0.09,0.738766151621939,0.3724759234756291,0.1753817905853475,0.8184639255236618,0.4166666666666667,0.8940092165898618,0.425,0.8907254361799817,0.4207920792079208,0.5,85.0,970.0,115.0,119.0
1872,dtree_gini_leaf20,ok,0.18,0.7375192012288786,0.4238401478041655,0.1237000592970007,0.8293250581846393,0.3578431372549019,0.9179723502304148,0.4506172839506173,0.8837622005323869,0.3989071038251366,0.5,73.0,996.0,89.0,131.0
1873,knn_k7_distance,ok,0.1,0.7375124243245685,0.4534302076637689,0.1137727418460456,0.8572536850271528,0.1813725490196078,0.9843317972350232,0.6851851851851852,0.8647773279352227,0.2868217054263566,0.5,37.0,1068.0,17.0,167.0
1874,sgd_log_loss_a1e-05_elasticnet,ok,0.18,0.736466522092708,0.3656587144906762,0.1755390632300601,0.8231186966640807,0.4019607843137255,0.9023041474654376,0.4361702127659574,0.8891916439600364,0.4183673469387755,0.5,82.0,979.0,106.0,122.0
1875,svc_poly_deg2_C1,ok,0.58,0.7363648685280564,0.4299103349272281,0.1152890497953456,0.8502715283165244,0.1372549019607843,0.9843317972350232,0.6222222222222222,0.8585209003215434,0.2248995983935743,0.5,28.0,1068.0,17.0,176.0
1876,perceptron_l2_a0.0001,ok,0.09,0.7358611186410048,0.4049354756597054,0.1710714629278449,0.8238944918541505,0.4019607843137255,0.9032258064516128,0.4385026737967914,0.8892921960072595,0.4194373401534527,0.5,82.0,980.0,105.0,122.0
1877,perceptron_elasticnet_a0.01,ok,0.11,0.7357052498418722,0.4075822402600318,0.1956708445416189,0.7804499612102405,0.5392156862745098,0.8258064516129032,0.3678929765886287,0.9050505050505052,0.4373757455268389,0.5,110.0,896.0,189.0,94.0
1878,sgd_log_loss_a0.0001_l1,ok,0.21,0.7346344989608746,0.400172128889163,0.1490868462884046,0.8254460822342902,0.3774509803921568,0.9096774193548388,0.44,0.8859964093357271,0.4063324538258575,0.5,77.0,987.0,98.0,127.0
1879,knn_k7_uniform,ok,0.11,0.7336224812505647,0.4075023148091841,0.1141052231598613,0.8572536850271528,0.1813725490196078,0.9843317972350232,0.6851851851851852,0.8647773279352227,0.2868217054263566,0.5,37.0,1068.0,17.0,167.0
1880,dtree_entropy_d5,ok,0.18,0.7268839793982109,0.3928136687144798,0.128565860392897,0.8463925523661753,0.392156862745098,0.9317972350230416,0.5194805194805194,0.8907488986784141,0.4469273743016759,0.5,80.0,1011.0,74.0,124.0
1881,svc_poly_C100,ok,0.83,0.7256618776542876,0.4142214326789009,0.12154042704032,0.8440651667959659,0.0637254901960784,0.9907834101382488,0.5652173913043478,0.84913112164297,0.1145374449339207,0.5,13.0,1075.0,10.0,191.0
1882,knn_k15_chebyshev,ok,0.13,0.7235655552543598,0.3740034637860941,0.1179450047409706,0.8533747090768037,0.1127450980392156,0.992626728110599,0.7419354838709677,0.856120826709062,0.1957446808510638,0.5,23.0,1077.0,8.0,181.0
1883,perceptron_l2_a1e-05,ok,0.09,0.7226167886509441,0.3530201819709022,0.1919898298551296,0.8029480217222653,0.3970588235294117,0.8792626728110599,0.3820754716981132,0.8857938718662952,0.3894230769230769,0.5,81.0,954.0,131.0,123.0
1884,sgd_log_loss_a0.1_l1,ok,0.13,0.7221062618595826,0.3947542289580703,0.1263924114717551,0.8425135764158262,0.0049019607843137,1.0,1.0,0.842391304347826,0.0097560975609756,0.5,1.0,1085.0,0.0,203.0
1885,perceptron_elasticnet_a0.001,ok,0.13,0.7217380500587331,0.3835441826133141,0.1842430007769784,0.8076027928626842,0.4411764705882353,0.8764976958525346,0.4017857142857143,0.8929577464788733,0.4205607476635514,0.5,90.0,951.0,134.0,114.0
1886,knn_k5_distance,ok,0.1,0.7214850456311556,0.431653980599271,0.1162523113124933,0.8572536850271528,0.2156862745098039,0.9778801843317972,0.6470588235294118,0.868959868959869,0.3235294117647059,0.5,44.0,1061.0,24.0,160.0
1887,sgd_modified_huber_a0.01_l1,ok,1.53,0.7207666937742838,0.3647158230201227,0.1385485133293222,0.8324282389449186,0.3529411764705882,0.9225806451612903,0.4615384615384615,0.883495145631068,0.4,0.5,72.0,1001.0,84.0,132.0
1888,sgd_log_loss_a0.0001_elasticnet,ok,0.23,0.7205791994217043,0.3807418940260057,0.1611708760952469,0.8114817688130334,0.3529411764705882,0.8976958525345622,0.3934426229508196,0.8806509945750453,0.3720930232558139,0.5,72.0,974.0,111.0,132.0
1889,sgd_hinge_a0.0001_l1,ok,0.17,0.7177825969097317,0.376173088323435,0.1622338009189089,0.8161365399534523,0.3823529411764705,0.8976958525345622,0.4126984126984127,0.8854545454545455,0.3969465648854962,0.5,78.0,974.0,111.0,126.0
1890,svc_poly_deg4_C1,ok,0.82,0.7171546037769947,0.4242986379600348,0.1218682684411061,0.847944142746315,0.0735294117647058,0.9935483870967742,0.6818181818181818,0.850828729281768,0.1327433628318584,0.5,15.0,1078.0,7.0,189.0
1891,knn_k5_uniform,ok,0.11,0.7169693683925182,0.3822147316486218,0.1165865011636928,0.8572536850271528,0.2156862745098039,0.9778801843317972,0.6470588235294118,0.868959868959869,0.3235294117647059,0.5,44.0,1061.0,24.0,160.0
1892,sgd_hinge_a0.001_elasticnet,ok,0.15,0.7166757025390802,0.394177362764595,0.1244294856215519,0.839410395655547,0.2745098039215686,0.9456221198156682,0.4869565217391304,0.8739352640545145,0.3510971786833856,0.5,56.0,1026.0,59.0,148.0
1893,svc_poly_C1000,ok,0.84,0.7161719526520285,0.4117382076839271,0.1218767388763766,0.843289371605896,0.0588235294117647,0.9907834101382488,0.5454545454545454,0.8484609313338595,0.1061946902654867,0.5,12.0,1075.0,10.0,192.0
1894,dtree_gini_d5,ok,0.16,0.715370018975332,0.3369660411073765,0.1347641502098377,0.8502715283165244,0.3578431372549019,0.9428571428571428,0.5407407407407407,0.8864818024263431,0.4306784660766962,0.5,73.0,1023.0,62.0,131.0
1895,svc_poly_deg4_C10,ok,1.06,0.7148007590132828,0.403088228364186,0.123540291139131,0.8448409619860356,0.0637254901960784,0.991705069124424,0.5909090909090909,0.8492501973164956,0.1150442477876106,0.5,13.0,1076.0,9.0,191.0
1896,knn_k5_manhattan,ok,0.12,0.7147149182253547,0.3939068278929434,0.1155934833204034,0.8580294802172227,0.196078431372549,0.9824884792626728,0.6779661016949152,0.8666666666666667,0.3041825095057034,0.5,40.0,1066.0,19.0,164.0
1897,perceptron_l1_a0.0001,ok,0.11,0.7128851540616246,0.3717965778496536,0.1903334078788934,0.8029480217222653,0.3970588235294117,0.8792626728110599,0.3820754716981132,0.8857938718662952,0.3894230769230769,0.5,81.0,954.0,131.0,123.0
1898,sgd_hinge_a1e-05_elasticnet,ok,0.15,0.7127857594650764,0.3614663249200247,0.1770219052427453,0.8192397207137315,0.4019607843137255,0.8976958525345622,0.4248704663212435,0.8886861313868614,0.4130982367758186,0.5,82.0,974.0,111.0,122.0
1899,perceptron_elasticnet_a1e-05,ok,0.1,0.7123520375892294,0.3590043789833896,0.1615833779171617,0.834755624515128,0.3676470588235294,0.9225806451612903,0.4716981132075472,0.8858407079646018,0.4132231404958678,0.5,75.0,1001.0,84.0,129.0
1900,sgd_hinge_a1e-05_l1,ok,0.19,0.7114123068582271,0.3432017258725888,0.1832955559051778,0.8122575640031032,0.3431372549019608,0.9004608294930876,0.3932584269662921,0.8793879387938794,0.3664921465968586,0.5,70.0,977.0,108.0,134.0
1901,extra_tree_leaf5,ok,0.08,0.7109514773651396,0.3306267116320812,0.1297797365996743,0.8269976726144298,0.2696078431372549,0.9317972350230416,0.4263565891472868,0.871551724137931,0.3303303303303303,0.5,55.0,1011.0,74.0,149.0
1902,sgd_hinge_a0.0001_elasticnet,ok,0.19,0.7096661245143219,0.389819737897406,0.1546330030446009,0.821567106283941,0.3284313725490196,0.9142857142857144,0.41875,0.8786536758193091,0.3681318681318681,0.5,67.0,992.0,93.0,137.0
1903,svc_poly_deg4_C0.1,ok,0.67,0.7089952109876207,0.4016896604811782,0.1254677958017706,0.8471683475562451,0.0637254901960784,0.9944700460829492,0.6842105263157895,0.8496062992125984,0.116591928251121,0.5,13.0,1079.0,6.0,191.0
1904,sgd_hinge_a0.0001_l2,ok,0.17,0.7074003795066415,0.3586515909047744,0.1787195468439211,0.799844840961986,0.3774509803921568,0.8792626728110599,0.3701923076923077,0.8825161887141536,0.3737864077669903,0.5,77.0,954.0,131.0,127.0
1905,svc_poly_deg2_C0.1,ok,0.52,0.707197072377338,0.4225189671510257,0.1174320609866847,0.8564778898370831,0.1666666666666666,0.9861751152073732,0.6938775510204082,0.8629032258064516,0.2687747035573122,0.5,34.0,1070.0,15.0,170.0
1906,dtree_entropy_split20,ok,0.22,0.7071857775368211,0.33207783427695,0.1495851889802806,0.8207913110938713,0.4558823529411764,0.8894009216589862,0.4366197183098591,0.8968401486988847,0.4460431654676259,0.5,93.0,965.0,120.0,111.0
1907,svc_sigmoid_C10,ok,0.57,0.7059930423782416,0.3476315637912889,0.1221870648047294,0.8425135764158262,0.034313725490196,0.9944700460829492,0.5384615384615384,0.8456112852664577,0.064516129032258,0.5,7.0,1079.0,6.0,197.0
1908,knn_k3_distance,ok,0.09,0.7054057106713654,0.3860966384143895,0.1218795883701669,0.8572536850271528,0.2647058823529412,0.968663594470046,0.6136363636363636,0.8751040799333888,0.3698630136986301,0.5,54.0,1051.0,34.0,150.0
1909,knn_k3_uniform,ok,0.09,0.7053130929791271,0.3464342446779939,0.1220584432376519,0.8572536850271528,0.2647058823529412,0.968663594470046,0.6136363636363636,0.8751040799333888,0.3698630136986301,0.5,54.0,1051.0,34.0,150.0
1910,dtree_gini_leaf10,ok,0.22,0.7052972802024036,0.360754022658387,0.1380265029846498,0.8308766485647789,0.3627450980392157,0.9188940092165898,0.4567901234567901,0.8846495119787046,0.4043715846994535,0.5,74.0,997.0,88.0,130.0
1911,perceptron_elasticnet_a0.0001,ok,0.11,0.7050917141049968,0.3681570174874041,0.1853371145917526,0.8099301784328937,0.3774509803921568,0.8912442396313364,0.3948717948717948,0.8839122486288848,0.3859649122807017,0.5,77.0,967.0,118.0,127.0
1912,sgd_modified_huber_a0.1_l1,ok,1.17,0.7023154423059547,0.3993418447897753,0.1213127131147106,0.8533747090768037,0.1862745098039215,0.9788018433179724,0.6229508196721312,0.8648208469055375,0.2867924528301886,0.5,38.0,1062.0,23.0,166.0
1913,dtree_gini_sqrt_d5,ok,0.09,0.6994849552724316,0.3347942314863467,0.1324017407077934,0.8308766485647789,0.284313725490196,0.9336405529953916,0.4461538461538462,0.8740293356341674,0.3473053892215569,0.5,58.0,1013.0,72.0,146.0
1914,sgd_modified_huber_a0.001_l1,ok,0.35,0.6988321134905575,0.3284460241560087,0.1423650066970598,0.8277734678044996,0.3333333333333333,0.92073732718894,0.4415584415584415,0.8801762114537445,0.3798882681564245,0.5,68.0,999.0,86.0,136.0
1915,perceptron_None_a1e-05,ok,0.09,0.698285443209542,0.3260000011536927,0.2049306554284801,0.7905352986811481,0.3725490196078431,0.8691244239631336,0.3486238532110092,0.880485527544351,0.3601895734597156,0.5,76.0,943.0,142.0,128.0
1916,perceptron_None_a0.01,ok,0.09,0.698285443209542,0.3260000011536927,0.2049306554284801,0.7905352986811481,0.3725490196078431,0.8691244239631336,0.3486238532110092,0.880485527544351,0.3601895734597156,0.5,76.0,943.0,142.0,128.0
1917,perceptron_None_a0.0001,ok,0.09,0.698285443209542,0.3260000011536927,0.2049306554284801,0.7905352986811481,0.3725490196078431,0.8691244239631336,0.3486238532110092,0.880485527544351,0.3601895734597156,0.5,76.0,943.0,142.0,128.0
1918,perceptron_None_a0.001,ok,0.09,0.698285443209542,0.3260000011536927,0.2049306554284801,0.7905352986811481,0.3725490196078431,0.8691244239631336,0.3486238532110092,0.880485527544351,0.3601895734597156,0.5,76.0,943.0,142.0,128.0
1919,svc_sigmoid_C1000,ok,0.55,0.6980075901328273,0.338276230013343,0.1237064754555355,0.8425135764158262,0.0196078431372549,0.9972350230414746,0.5714285714285714,0.84399375975039,0.0379146919431279,0.5,4.0,1082.0,3.0,200.0
1920,sgd_log_loss_a1e-05_l2,ok,0.14,0.6977726574500769,0.3022634038780932,0.1961763133028619,0.8013964313421257,0.3725490196078431,0.8820276497695853,0.3725490196078431,0.8820276497695853,0.3725490196078431,0.5,76.0,957.0,128.0,128.0
1921,linear_svc_C300_hinge,ok,2.84,0.6972847203397488,0.3607645289167003,0.1507417221176414,0.8231186966640807,0.3529411764705882,0.911520737327189,0.4285714285714285,0.8822479928635147,0.3870967741935484,0.5,72.0,989.0,96.0,132.0
1922,svc_sigmoid_C100,ok,0.55,0.695224541429475,0.3394097336894697,0.123306373339338,0.843289371605896,0.0196078431372549,0.9981566820276496,0.6666666666666666,0.8441153546375681,0.0380952380952381,0.5,4.0,1083.0,2.0,200.0
1923,perceptron_l1_a0.001,ok,0.11,0.6945649227432908,0.3482553162886191,0.1875102261263149,0.799844840961986,0.392156862745098,0.8764976958525346,0.3738317757009345,0.8846511627906977,0.3827751196172249,0.5,80.0,951.0,134.0,124.0
1924,sgd_modified_huber_a0.001_elasticnet,ok,0.18,0.6945332971898437,0.335211105565404,0.1554504123592725,0.8223429014740109,0.3970588235294117,0.9023041474654376,0.4331550802139037,0.8883847549909256,0.4143222506393862,0.5,81.0,979.0,106.0,123.0
1925,perceptron_l1_a0.01,ok,0.11,0.6941718622933044,0.3468285833131461,0.1914918536226843,0.7602792862684251,0.4558823529411764,0.8175115207373271,0.3195876288659793,0.8887775551102205,0.3757575757575757,0.5,93.0,887.0,198.0,111.0
1926,sgd_hinge_a1e-05_l2,ok,0.12,0.6940385831752056,0.3389221169410777,0.1906686844061111,0.8060512024825446,0.3774509803921568,0.8866359447004608,0.385,0.8833792470156107,0.3811881188118812,0.5,77.0,962.0,123.0,127.0
1927,dtree_entropy_d7,ok,0.2,0.6872820095780248,0.3406934486967103,0.1510416143693066,0.8355314197051978,0.3970588235294117,0.9179723502304148,0.4764705882352941,0.8900804289544236,0.4331550802139037,0.5,81.0,996.0,89.0,123.0
1928,extra_tree_d7,ok,0.09,0.6862361073461644,0.3157002490117508,0.1312110617868224,0.839410395655547,0.196078431372549,0.96036866359447,0.4819277108433735,0.8640132669983416,0.2787456445993031,0.5,40.0,1042.0,43.0,164.0
1929,svc_poly_deg2_C10,ok,0.68,0.6857323574591127,0.3691501907559115,0.1229726253758824,0.8463925523661753,0.0539215686274509,0.9953917050691244,0.6875,0.8483896307934015,0.1,0.5,11.0,1080.0,5.0,193.0
1930,dtree_gini_leaf5,ok,0.23,0.685020782506551,0.3207548491197021,0.1565481436231648,0.8138091543832429,0.4117647058823529,0.8894009216589862,0.4117647058823529,0.8894009216589862,0.4117647058823529,0.5,84.0,965.0,120.0,120.0
1931,knn_k5_chebyshev,ok,0.13,0.6829651215324839,0.3154347411962364,0.1257408844065166,0.8487199379363848,0.1715686274509804,0.976036866359447,0.5737704918032787,0.8623778501628665,0.2641509433962264,0.5,35.0,1059.0,26.0,169.0
1932,perceptron_l2_a0.001,ok,0.09,0.6825155868799133,0.2955804988360986,0.2164287728788983,0.7788983708301008,0.3725490196078431,0.8552995391705069,0.3261802575107296,0.8787878787878788,0.3478260869565217,0.5,76.0,928.0,157.0,128.0
1933,dtree_entropy_split10,ok,0.22,0.6699715370018975,0.2896883623162794,0.1786900963801893,0.8021722265321956,0.4068627450980392,0.8764976958525346,0.3824884792626728,0.8871268656716418,0.3942992874109263,0.5,83.0,951.0,134.0,121.0
1934,sgd_modified_huber_a0.0001_l2,ok,0.11,0.660185687178097,0.2617117022146085,0.1955228064260081,0.8021722265321956,0.4558823529411764,0.8672811059907835,0.3924050632911392,0.8944866920152091,0.4217687074829932,0.5,93.0,941.0,144.0,111.0
1935,sgd_modified_huber_a0.001_l2,ok,0.12,0.6600230414746544,0.2861864748534463,0.1729125186446353,0.8060512024825446,0.3529411764705882,0.8912442396313364,0.3789473684210526,0.8798908098271155,0.365482233502538,0.5,72.0,967.0,118.0,132.0
1936,dtree_gini_dNone,ok,0.3,0.6588370832203849,0.2656990550293042,0.1923972071373157,0.8076027928626842,0.4411764705882353,0.8764976958525346,0.4017857142857143,0.8929577464788733,0.4205607476635514,0.5,90.0,951.0,134.0,114.0
1937,dtree_gini_leaf1,ok,0.3,0.6588370832203849,0.2656990550293042,0.1923972071373157,0.8076027928626842,0.4411764705882353,0.8764976958525346,0.4017857142857143,0.8929577464788733,0.4205607476635514,0.5,90.0,951.0,134.0,114.0
1938,sgd_log_loss_a1e-05_l1,ok,0.22,0.6544614620041566,0.277021603654031,0.205287573733492,0.791311093871218,0.3578431372549019,0.8728110599078341,0.3459715639810427,0.87847866419295,0.3518072289156626,0.5,73.0,947.0,138.0,131.0
1939,sgd_modified_huber_a1e-05_l1,ok,0.18,0.653440408421433,0.2562514657553694,0.2014184896099282,0.7982932505818464,0.4362745098039216,0.8663594470046083,0.3803418803418803,0.8909952606635071,0.4063926940639269,0.5,89.0,940.0,145.0,115.0
1940,dtree_entropy_split5,ok,0.22,0.6531964398662692,0.2636121431712786,0.18808723385915,0.8060512024825446,0.4166666666666667,0.8792626728110599,0.3935185185185185,0.8890959925442684,0.4047619047619047,0.5,85.0,954.0,131.0,119.0
1941,dtree_gini_log2_d5,ok,0.09,0.650524080599982,0.2707921549541562,0.1417126307965144,0.8176881303335919,0.1519607843137254,0.9428571428571428,0.3333333333333333,0.8553511705685619,0.2087542087542087,0.5,31.0,1023.0,62.0,173.0
1942,extra_tree_d10,ok,0.08,0.6491958073552002,0.288996467053964,0.1569133388874102,0.8153607447633825,0.284313725490196,0.9152073732718894,0.3866666666666666,0.8718173836698858,0.327683615819209,0.5,58.0,993.0,92.0,146.0
1943,sgd_modified_huber_a0.0001_l1,ok,0.18,0.6488117827776272,0.2804715547572733,0.1701752668643862,0.8246702870442203,0.3774509803921568,0.9087557603686636,0.4375,0.8858939802336029,0.4052631578947368,0.5,77.0,986.0,99.0,127.0
1944,dtree_gini_leafnodes1000,ok,0.37,0.6447388632872505,0.2511387606526884,0.1993793638479441,0.8006206361520558,0.4166666666666667,0.8728110599078341,0.3811659192825112,0.8883677298311444,0.3981264637002342,0.5,85.0,947.0,138.0,119.0
1945,dtree_gini_leafnodes5000,ok,0.31,0.6447388632872505,0.2511387606526884,0.1993793638479441,0.8006206361520558,0.4166666666666667,0.8728110599078341,0.3811659192825112,0.8883677298311444,0.3981264637002342,0.5,85.0,947.0,138.0,119.0
1946,dtree_gini_leafnodes2500,ok,0.37,0.6447388632872505,0.2511387606526884,0.1993793638479441,0.8006206361520558,0.4166666666666667,0.8728110599078341,0.3811659192825112,0.8883677298311444,0.3981264637002342,0.5,85.0,947.0,138.0,119.0
1947,sgd_modified_huber_a0.0001_elasticnet,ok,0.19,0.6443006234751965,0.2616633752772934,0.1847715023106255,0.8138091543832429,0.392156862745098,0.8930875576036866,0.4081632653061224,0.8865507776761208,0.4,0.5,80.0,969.0,116.0,124.0
1948,extra_tree_d5,ok,0.08,0.6405123339658443,0.2563777564528252,0.1329693970074515,0.8293250581846393,0.0637254901960784,0.9732718894009216,0.3095238095238095,0.846832397754611,0.1056910569105691,0.5,13.0,1056.0,29.0,191.0
1949,sgd_modified_huber_a1e-05_l2,ok,0.12,0.6395229059365681,0.2531912401034195,0.1846642621106375,0.8153607447633825,0.3774509803921568,0.8976958525345622,0.4095744680851064,0.8846503178928247,0.3928571428571428,0.5,77.0,974.0,111.0,127.0
1950,dtree_gini_d15,ok,0.28,0.6394461010210535,0.2956423437474706,0.1818626478800974,0.8169123351435221,0.4362745098039216,0.8884792626728111,0.4238095238095238,0.8934198331788693,0.429951690821256,0.5,89.0,964.0,121.0,115.0
1951,dtree_entropy_d10,ok,0.22,0.6370899972892383,0.2639880404763852,0.1846393194780066,0.813033359193173,0.3725490196078431,0.895852534562212,0.4021164021164021,0.8836363636363637,0.3867684478371501,0.5,76.0,972.0,113.0,128.0
1952,extra_tree_dNone,ok,0.08,0.6367985904039034,0.2499110582945358,0.1892940263770364,0.8107059736229635,0.3823529411764705,0.8912442396313364,0.3979591836734694,0.8847209515096066,0.39,0.5,78.0,967.0,118.0,126.0
1953,dtree_entropy_leafnodes1000,ok,0.29,0.6349552724315533,0.246867841007621,0.1923972071373157,0.8076027928626842,0.3823529411764705,0.8875576036866359,0.39,0.8842975206611571,0.3861386138613861,0.5,78.0,963.0,122.0,126.0
1954,dtree_entropy_leafnodes5000,ok,0.23,0.6349552724315533,0.246867841007621,0.1923972071373157,0.8076027928626842,0.3823529411764705,0.8875576036866359,0.39,0.8842975206611571,0.3861386138613861,0.5,78.0,963.0,122.0,126.0
1955,dtree_entropy_leafnodes2500,ok,0.23,0.6349552724315533,0.246867841007621,0.1923972071373157,0.8076027928626842,0.3823529411764705,0.8875576036866359,0.39,0.8842975206611571,0.3861386138613861,0.5,78.0,963.0,122.0,126.0
1956,sgd_modified_huber_a1e-05_elasticnet,ok,0.17,0.6343272792988163,0.2427992999219655,0.2001551590380139,0.799844840961986,0.392156862745098,0.8764976958525346,0.3738317757009345,0.8846511627906977,0.3827751196172249,0.5,80.0,951.0,134.0,124.0
1957,dtree_entropy_d20,ok,0.22,0.6332791180988524,0.2475411848011679,0.1885182311869666,0.8114817688130334,0.3725490196078431,0.8940092165898618,0.3979057591623036,0.8834244080145719,0.3848101265822785,0.5,76.0,970.0,115.0,128.0
1958,dtree_entropy_d15,ok,0.22,0.6332791180988524,0.2475411848011679,0.1885182311869666,0.8114817688130334,0.3725490196078431,0.8940092165898618,0.3979057591623036,0.8834244080145719,0.3848101265822785,0.5,76.0,970.0,115.0,128.0
1959,dtree_entropy_split2,ok,0.22,0.6332791180988524,0.2475411848011679,0.1885182311869666,0.8114817688130334,0.3725490196078431,0.8940092165898618,0.3979057591623036,0.8834244080145719,0.3848101265822785,0.5,76.0,970.0,115.0,128.0
1960,dtree_entropy_dNone,ok,0.23,0.6332791180988524,0.2475411848011679,0.1885182311869666,0.8114817688130334,0.3725490196078431,0.8940092165898618,0.3979057591623036,0.8834244080145719,0.3848101265822785,0.5,76.0,970.0,115.0,128.0
1961,dtree_gini_d20,ok,0.3,0.6283523086654015,0.2574749768561961,0.1977615754694551,0.8021722265321956,0.4166666666666667,0.8746543778801843,0.3846153846153846,0.8885767790262172,0.4,0.5,85.0,949.0,136.0,119.0
1962,dtree_gini_log2_d10,ok,0.09,0.6269833739947592,0.2857361155236553,0.1759451913113606,0.813033359193173,0.3627450980392157,0.8976958525345622,0.4,0.8822463768115942,0.3804627249357326,0.5,74.0,974.0,111.0,130.0
1963,dtree_gini_d7,ok,0.19,0.6260775277853077,0.3014826615734033,0.1594418099755303,0.8301008533747091,0.3431372549019608,0.9216589861751152,0.4516129032258064,0.8818342151675485,0.3899721448467966,0.5,70.0,1000.0,85.0,134.0
1964,extra_tree_d3,ok,0.08,0.625,0.254401727897605,0.1295019412426703,0.8386346004654771,0.0490196078431372,0.9870967741935484,0.4166666666666667,0.8466403162055336,0.087719298245614,0.5,10.0,1071.0,14.0,194.0
1965,extra_tree_leaf20,ok,0.08,0.6237937110328002,0.250538477412589,0.1308189083471359,0.8425135764158262,0.0441176470588235,0.992626728110599,0.5294117647058824,0.8466981132075472,0.0814479638009049,0.5,9.0,1077.0,8.0,195.0
1966,extra_tree_d20,ok,0.08,0.6208819011475558,0.232086221472649,0.2091992782700529,0.7889837083010085,0.3725490196078431,0.8672811059907835,0.3454545454545454,0.8802619270346118,0.3584905660377358,0.5,76.0,941.0,144.0,128.0
1967,knn_k1_uniform,ok,0.11,0.6121826149814764,0.2393907972393603,0.17377812257564,0.8262218774243599,0.2990196078431372,0.9253456221198156,0.4295774647887324,0.8753269398430689,0.3526011560693641,0.5,61.0,1004.0,81.0,143.0
1968,knn_k1_distance,ok,0.09,0.6121826149814764,0.2393907972393603,0.17377812257564,0.8262218774243599,0.2990196078431372,0.9253456221198156,0.4295774647887324,0.8753269398430689,0.3526011560693641,0.5,61.0,1004.0,81.0,143.0
1969,svc_linear_C1,ok,0.74,0.6075765790187043,0.260856608717174,0.1368274897596462,0.8355314197051978,0.0686274509803921,0.9797235023041476,0.3888888888888889,0.8483639265762171,0.1166666666666666,0.5,14.0,1063.0,22.0,190.0
1970,sgd_hinge_a0.1_l1,ok,0.11,0.5934241438510888,0.2393803777649332,0.1454327276729743,0.8417377812257564,0.0,1.0,,0.8417377812257564,0.0,0.5,0.0,1085.0,0.0,204.0
1971,dtree_gini_d10,ok,0.23,0.586954459203036,0.2929037751056442,0.16628146996707,0.8285492629945694,0.3725490196078431,0.9142857142857144,0.4497041420118343,0.8857142857142857,0.4075067024128686,0.5,76.0,992.0,93.0,128.0
1972,extra_tree_d15,ok,0.09,0.5840065058281377,0.2422993412981395,0.1899413976595896,0.8021722265321956,0.3039215686274509,0.895852534562212,0.3542857142857142,0.8725314183123878,0.3271767810026385,0.5,62.0,972.0,113.0,142.0
1973,extra_tree_leafnodes2500,ok,0.09,0.5725716092888767,0.1921665574556072,0.230411171450737,0.769588828549263,0.284313725490196,0.8608294930875576,0.277511961722488,0.8648148148148148,0.2808716707021791,0.5,58.0,934.0,151.0,146.0
1974,extra_tree_leafnodes1000,ok,0.09,0.5725716092888767,0.1921665574556072,0.230411171450737,0.769588828549263,0.284313725490196,0.8608294930875576,0.277511961722488,0.8648148148148148,0.2808716707021791,0.5,58.0,934.0,151.0,146.0
1975,extra_tree_leafnodes5000,ok,0.09,0.5725716092888767,0.1921665574556072,0.230411171450737,0.769588828549263,0.284313725490196,0.8608294930875576,0.277511961722488,0.8648148148148148,0.2808716707021791,0.5,58.0,934.0,151.0,146.0
1976,dtree_gini_sqrt_d10,ok,0.1,0.5471401463811331,0.2523129505580454,0.1820995469551544,0.8099301784328937,0.2990196078431372,0.9059907834101384,0.3742331288343558,0.8730017761989343,0.332425068119891,0.5,61.0,983.0,102.0,143.0
1977,svc_linear_C100,ok,0.76,0.5188669015993495,0.1965769466673524,0.1352783453787672,0.8425135764158262,0.0049019607843137,1.0,1.0,0.842391304347826,0.0097560975609756,0.5,1.0,1085.0,0.0,203.0
1978,svc_linear_C1000,ok,0.76,0.5188669015993495,0.1965769466673524,0.1352783453787672,0.8425135764158262,0.0049019607843137,1.0,1.0,0.842391304347826,0.0097560975609756,0.5,1.0,1085.0,0.0,203.0
1979,svc_linear_C10,ok,0.76,0.5184828770217764,0.1975477004231022,0.1354422744986594,0.8425135764158262,0.0049019607843137,1.0,1.0,0.842391304347826,0.0097560975609756,0.5,1.0,1085.0,0.0,203.0
1980,linear_svc_C0.0003_l1,ok,0.09,0.5,0.1582622187742436,0.25,0.1582622187742436,1.0,0.0,0.1582622187742436,,0.2732752846617549,0.5,204.0,0.0,1085.0,0.0
1981,linear_svc_C0.001_l1,ok,0.09,0.4980392156862745,0.1577484549648435,0.2186252134437246,0.8417377812257564,0.0,1.0,,0.8417377812257564,0.0,0.5,0.0,1085.0,0.0,204.0
1982,qda_reg0.0,failed: The covariance matrix of class 0 is not full rank. Increase the value of `reg_param` to reduce the collinearity.,,,,,,,,,,,,,,,
