strategy,threshold,tp,tn,fp,fn,misclass_rate,accuracy,sensitivity,specificity,ppv,npv,lr_plus,lr_minus
"single best (hybrid_dnn(64,)_conv(8, 16)_gbdt100-5-0.05_gbdt_heavy)",0.0,204,0,1085,0,0.8417377812257564,0.15826221877424362,1.0,0.0,0.1582622187742436,,1.0,inf
"single best (hybrid_dnn(64,)_conv(8, 16)_gbdt100-5-0.05_gbdt_heavy)",0.004689752362583408,204,0,1085,0,0.8417377812257564,0.15826221877424362,1.0,0.0,0.1582622187742436,,1.0,inf
"single best (hybrid_dnn(64,)_conv(8, 16)_gbdt100-5-0.05_gbdt_heavy)",0.008721555348201786,204,1,1084,0,0.8409619860356866,0.15903801396431338,1.0,0.0009216589861751152,0.15838509316770186,1.0,1.0009225092250922,0.0
"single best (hybrid_dnn(64,)_conv(8, 16)_gbdt100-5-0.05_gbdt_heavy)",0.011247496966454901,204,2,1083,0,0.8401861908456167,0.15981380915438326,1.0,0.0018433179723502304,0.1585081585081585,1.0,1.0018467220683287,0.0
"single best (hybrid_dnn(64,)_conv(8, 16)_gbdt100-5-0.05_gbdt_heavy)",0.011556937562290157,204,3,1082,0,0.839410395655547,0.16058960434445302,1.0,0.0027649769585253456,0.15863141524105753,1.0,1.002772643253235,0.0
"single best (hybrid_dnn(64,)_conv(8, 16)_gbdt100-5-0.05_gbdt_heavy)",0.011638760512293,204,4,1081,0,0.8386346004654771,0.1613653995345229,1.0,0.003686635944700461,0.15875486381322956,1.0,1.003700277520814,0.0
"single best (hybrid_dnn(64,)_conv(8, 16)_gbdt100-5-0.05_gbdt_heavy)",0.011743198992674382,204,5,1080,0,0.8378588052754073,0.16214119472459265,1.0,0.004608294930875576,0.1588785046728972,1.0,1.0046296296296295,0.0
"single best (hybrid_dnn(64,)_conv(8, 16)_gbdt100-5-0.05_gbdt_heavy)",0.013618249880487647,204,6,1079,0,0.8370830100853375,0.16291698991466252,1.0,0.005529953917050691,0.15900233826968044,1.0,1.0055607043558852,0.0
"single best (hybrid_dnn(64,)_conv(8, 16)_gbdt100-5-0.05_gbdt_heavy)",0.01575110222509943,204,7,1078,0,0.8363072148952676,0.1636927851047324,1.0,0.0064516129032258064,0.15912636505460218,1.0,1.0064935064935066,0.0
"single best (hybrid_dnn(64,)_conv(8, 16)_gbdt100-5-0.05_gbdt_heavy)",0.01586798400478119,204,8,1077,0,0.8355314197051978,0.16446858029480216,1.0,0.007373271889400922,0.1592505854800937,1.0,1.0074280408542247,0.0
"single best (hybrid_dnn(64,)_conv(8, 16)_gbdt100-5-0.05_gbdt_heavy)",0.016782634949102742,204,9,1076,0,0.834755624515128,0.16524437548487203,1.0,0.008294930875576038,0.159375,1.0,1.008364312267658,0.0
"single best (hybrid_dnn(64,)_conv(8, 16)_gbdt100-5-0.05_gbdt_heavy)",0.017674021691875322,204,10,1075,0,0.8339798293250582,0.1660201706749418,1.0,0.009216589861751152,0.1594996090695856,1.0,1.0093023255813953,0.0
"single best (hybrid_dnn(64,)_conv(8, 16)_gbdt100-5-0.05_gbdt_heavy)",0.01779308285439791,204,11,1074,0,0.8332040341349883,0.16679596586501166,1.0,0.010138248847926268,0.1596244131455399,1.0,1.01024208566108,0.0
"single best (hybrid_dnn(64,)_conv(8, 16)_gbdt100-5-0.05_gbdt_heavy)",0.018155312271027894,204,12,1073,0,0.8324282389449186,0.16757176105508143,1.0,0.011059907834101382,0.15974941268598278,1.0,1.011183597390494,0.0
"single best (hybrid_dnn(64,)_conv(8, 16)_gbdt100-5-0.05_gbdt_heavy)",0.01851279223102776,204,13,1072,0,0.8316524437548487,0.1683475562451513,1.0,0.011981566820276499,0.15987460815047022,1.0,1.0121268656716418,0.0
"single best (hybrid_dnn(64,)_conv(8, 16)_gbdt100-5-0.05_gbdt_heavy)",0.01881468236232629,204,14,1071,0,0.8308766485647789,0.16912335143522106,1.0,0.012903225806451613,0.16,1.0,1.0130718954248366,0.0
"single best (hybrid_dnn(64,)_conv(8, 16)_gbdt100-5-0.05_gbdt_heavy)",0.019206464919383978,204,15,1070,0,0.8301008533747091,0.16989914662529093,1.0,0.013824884792626729,0.16012558869701726,1.0,1.014018691588785,0.0
"single best (hybrid_dnn(64,)_conv(8, 16)_gbdt100-5-0.05_gbdt_heavy)",0.019402849964572304,204,16,1069,0,0.8293250581846393,0.1706749418153607,1.0,0.014746543778801843,0.16025137470542028,1.0,1.0149672591206735,0.0
"single best (hybrid_dnn(64,)_conv(8, 16)_gbdt100-5-0.05_gbdt_heavy)",0.02056155099391077,204,17,1068,0,0.8285492629945694,0.17145073700543056,1.0,0.01566820276497696,0.16037735849056603,1.0,1.0159176029962547,0.0
"single best (hybrid_dnn(64,)_conv(8, 16)_gbdt100-5-0.05_gbdt_heavy)",0.021774463214357453,204,18,1067,0,0.8277734678044996,0.17222653219550044,1.0,0.016589861751152075,0.16050354051927615,1.0,1.0168697282099344,0.0
"single best (hybrid_dnn(64,)_conv(8, 16)_gbdt100-5-0.05_gbdt_heavy)",0.022335096796179413,204,19,1066,0,0.8269976726144298,0.1730023273855702,1.0,0.017511520737327188,0.16062992125984252,1.0,1.0178236397748592,0.0
"single best (hybrid_dnn(64,)_conv(8, 16)_gbdt100-5-0.05_gbdt_heavy)",0.02301425190121128,204,20,1065,0,0.8262218774243599,0.17377812257564007,1.0,0.018433179723502304,0.1607565011820331,1.0,1.0187793427230047,0.0
"single best (hybrid_dnn(64,)_conv(8, 16)_gbdt100-5-0.05_gbdt_heavy)",0.0232502721952704,204,21,1064,0,0.8254460822342902,0.17455391776570983,1.0,0.01935483870967742,0.1608832807570978,1.0,1.0197368421052633,0.0
"single best (hybrid_dnn(64,)_conv(8, 16)_gbdt100-5-0.05_gbdt_heavy)",0.024199940402747547,204,22,1063,0,0.8246702870442203,0.1753297129557797,1.0,0.020276497695852536,0.16101026045777428,1.0,1.0206961429915333,0.0
"single best (hybrid_dnn(64,)_conv(8, 16)_gbdt100-5-0.05_gbdt_heavy)",0.024416217276611207,204,23,1062,0,0.8238944918541505,0.17610550814584947,1.0,0.02119815668202765,0.16113744075829384,1.0,1.0216572504708097,0.0
"single best (hybrid_dnn(64,)_conv(8, 16)_gbdt100-5-0.05_gbdt_heavy)",0.026482802035009308,204,24,1061,0,0.8231186966640807,0.17688130333591934,1.0,0.022119815668202765,0.16126482213438736,1.0,1.0226201696512724,0.0
"single best (hybrid_dnn(64,)_conv(8, 16)_gbdt100-5-0.05_gbdt_heavy)",0.02671281002655327,204,25,1060,0,0.8223429014740109,0.1776570985259891,1.0,0.02304147465437788,0.16139240506329114,1.0,1.0235849056603774,0.0
"single best (hybrid_dnn(64,)_conv(8, 16)_gbdt100-5-0.05_gbdt_heavy)",0.028192004827175772,204,26,1059,0,0.821567106283941,0.17843289371605897,1.0,0.023963133640552997,0.16152019002375298,1.0,1.0245514636449482,0.0
"single best (hybrid_dnn(64,)_conv(8, 16)_gbdt100-5-0.05_gbdt_heavy)",0.02851125766317274,204,27,1058,0,0.8207913110938713,0.17920868890612873,1.0,0.02488479262672811,0.16164817749603805,1.0,1.0255198487712667,0.0
"single best (hybrid_dnn(64,)_conv(8, 16)_gbdt100-5-0.05_gbdt_heavy)",0.03073750537551381,204,28,1057,0,0.8200155159038014,0.1799844840961986,1.0,0.025806451612903226,0.16177636796193498,1.0,1.0264900662251655,0.0
"single best (hybrid_dnn(64,)_conv(8, 16)_gbdt100-5-0.05_gbdt_heavy)",0.030805729506460953,204,29,1056,0,0.8192397207137315,0.18076027928626848,1.0,0.026728110599078342,0.1619047619047619,1.0,1.027462121212121,0.0
"single best (hybrid_dnn(64,)_conv(8, 16)_gbdt100-5-0.05_gbdt_heavy)",0.03178426648120375,204,30,1055,0,0.8184639255236618,0.18153607447633824,1.0,0.027649769585253458,0.16203335980937253,1.0,1.028436018957346,0.0
"single best (hybrid_dnn(64,)_conv(8, 16)_gbdt100-5-0.05_gbdt_heavy)",0.032289411538786776,204,31,1054,0,0.8176881303335919,0.1823118696664081,1.0,0.02857142857142857,0.16216216216216217,1.0,1.0294117647058825,0.0
"single best (hybrid_dnn(64,)_conv(8, 16)_gbdt100-5-0.05_gbdt_heavy)",0.03301910796385854,204,32,1053,0,0.8169123351435221,0.18308766485647787,1.0,0.029493087557603687,0.162291169451074,1.0,1.030389363722697,0.0
"single best (hybrid_dnn(64,)_conv(8, 16)_gbdt100-5-0.05_gbdt_heavy)",0.03352561368618281,204,33,1052,0,0.8161365399534523,0.18386346004654774,1.0,0.030414746543778803,0.1624203821656051,1.0,1.0313688212927756,0.0
"single best (hybrid_dnn(64,)_conv(8, 16)_gbdt100-5-0.05_gbdt_heavy)",0.034013102844763034,204,34,1051,0,0.8153607447633825,0.1846392552366175,1.0,0.03133640552995392,0.16254980079681275,1.0,1.0323501427212178,0.0
"single best (hybrid_dnn(64,)_conv(8, 16)_gbdt100-5-0.05_gbdt_heavy)",0.03419407815634925,204,35,1050,0,0.8145849495733126,0.18541505042668738,1.0,0.03225806451612903,0.16267942583732056,1.0,1.0333333333333332,0.0
"single best (hybrid_dnn(64,)_conv(8, 16)_gbdt100-5-0.05_gbdt_heavy)",0.034548282157092845,204,36,1049,0,0.8138091543832429,0.18619084561675714,1.0,0.03317972350230415,0.16280925778132482,1.0,1.034318398474738,0.0
"single best (hybrid_dnn(64,)_conv(8, 16)_gbdt100-5-0.05_gbdt_heavy)",0.03523545472231485,204,37,1048,0,0.813033359193173,0.186966640806827,1.0,0.034101382488479264,0.16293929712460065,1.0,1.0353053435114503,0.0
"single best (hybrid_dnn(64,)_conv(8, 16)_gbdt100-5-0.05_gbdt_heavy)",0.03634632196219534,204,38,1047,0,0.8122575640031032,0.18774243599689677,1.0,0.035023041474654376,0.1630695443645084,1.0,1.0362941738299905,0.0
"single best (hybrid_dnn(64,)_conv(8, 16)_gbdt100-5-0.05_gbdt_heavy)",0.037513296316019046,204,39,1046,0,0.8114817688130334,0.18851823118696664,1.0,0.035944700460829496,0.1632,1.0,1.0372848948374762,0.0
"single best (hybrid_dnn(64,)_conv(8, 16)_gbdt100-5-0.05_gbdt_heavy)",0.037932251389553424,204,40,1045,0,0.8107059736229635,0.18929402637703652,1.0,0.03686635944700461,0.1633306645316253,1.0,1.0382775119617225,0.0
"single best (hybrid_dnn(64,)_conv(8, 16)_gbdt100-5-0.05_gbdt_heavy)",0.038005658299480403,204,41,1044,0,0.8099301784328937,0.19006982156710628,1.0,0.03778801843317972,0.16346153846153846,1.0,1.039272030651341,0.0
"single best (hybrid_dnn(64,)_conv(8, 16)_gbdt100-5-0.05_gbdt_heavy)",0.03863324726386076,204,42,1043,0,0.8091543832428238,0.19084561675717615,1.0,0.03870967741935484,0.1635926222935044,1.0,1.0402684563758389,0.0
"single best (hybrid_dnn(64,)_conv(8, 16)_gbdt100-5-0.05_gbdt_heavy)",0.03899744260734192,204,43,1042,0,0.8083785880527541,0.1916214119472459,1.0,0.03963133640552995,0.1637239165329053,1.0,1.0412667946257197,0.0
"single best (hybrid_dnn(64,)_conv(8, 16)_gbdt100-5-0.05_gbdt_heavy)",0.039087728171244965,204,44,1041,0,0.8076027928626842,0.19239720713731578,1.0,0.04055299539170507,0.163855421686747,1.0,1.042267050912584,0.0
"single best (hybrid_dnn(64,)_conv(8, 16)_gbdt100-5-0.05_gbdt_heavy)",0.039465615810251535,204,45,1040,0,0.8068269976726145,0.19317300232738555,1.0,0.041474654377880185,0.1639871382636656,1.0,1.0432692307692308,0.0
"single best (hybrid_dnn(64,)_conv(8, 16)_gbdt100-5-0.05_gbdt_heavy)",0.040431241927268054,204,46,1039,0,0.8060512024825446,0.19394879751745542,1.0,0.0423963133640553,0.16411906677393404,1.0,1.0442733397497592,0.0
"single best (hybrid_dnn(64,)_conv(8, 16)_gbdt100-5-0.05_gbdt_heavy)",0.04089319821004267,204,47,1038,0,0.8052754072924748,0.19472459270752518,1.0,0.04331797235023042,0.1642512077294686,1.0,1.0452793834296723,0.0
"single best (hybrid_dnn(64,)_conv(8, 16)_gbdt100-5-0.05_gbdt_heavy)",0.04092124250072517,204,48,1037,0,0.804499612102405,0.19550038789759505,1.0,0.04423963133640553,0.1643835616438356,1.0,1.0462873674059787,0.0
"single best (hybrid_dnn(64,)_conv(8, 16)_gbdt100-5-0.05_gbdt_heavy)",0.041751481010803435,204,49,1036,0,0.8037238169123352,0.1962761830876648,1.0,0.04516129032258064,0.16451612903225807,1.0,1.0472972972972974,0.0
"single best (hybrid_dnn(64,)_conv(8, 16)_gbdt100-5-0.05_gbdt_heavy)",0.04188546024548229,204,50,1035,0,0.8029480217222653,0.19705197827773469,1.0,0.04608294930875576,0.16464891041162227,1.0,1.0483091787439613,0.0
"single best (hybrid_dnn(64,)_conv(8, 16)_gbdt100-5-0.05_gbdt_heavy)",0.042043471781507746,204,51,1034,0,0.8021722265321956,0.19782777346780445,1.0,0.047004608294930875,0.16478190630048464,1.0,1.0493230174081238,0.0
"single best (hybrid_dnn(64,)_conv(8, 16)_gbdt100-5-0.05_gbdt_heavy)",0.04320654515044789,204,52,1033,0,0.8013964313421257,0.19860356865787432,1.0,0.047926267281105994,0.16491511721907842,1.0,1.0503388189738625,0.0
"single best (hybrid_dnn(64,)_conv(8, 16)_gbdt100-5-0.05_gbdt_heavy)",0.044457308459305296,204,53,1032,0,0.8006206361520558,0.1993793638479442,1.0,0.04884792626728111,0.1650485436893204,1.0,1.0513565891472867,0.0
"single best (hybrid_dnn(64,)_conv(8, 16)_gbdt100-5-0.05_gbdt_heavy)",0.045516655943278646,204,54,1031,0,0.799844840961986,0.20015515903801395,1.0,0.04976958525345622,0.1651821862348178,1.0,1.052376333656644,0.0
"single best (hybrid_dnn(64,)_conv(8, 16)_gbdt100-5-0.05_gbdt_heavy)",0.04573397627703892,204,55,1030,0,0.7990690457719162,0.20093095422808382,1.0,0.05069124423963134,0.16531604538087522,1.0,1.0533980582524272,0.0
"single best (hybrid_dnn(64,)_conv(8, 16)_gbdt100-5-0.05_gbdt_heavy)",0.04577947768942422,204,56,1029,0,0.7982932505818464,0.20170674941815359,1.0,0.05161290322580645,0.1654501216545012,1.0,1.054421768707483,0.0
"single best (hybrid_dnn(64,)_conv(8, 16)_gbdt100-5-0.05_gbdt_heavy)",0.04606744996989744,204,57,1028,0,0.7975174553917765,0.20248254460822346,1.0,0.052534562211981564,0.16558441558441558,1.0,1.0554474708171206,0.0
"single best (hybrid_dnn(64,)_conv(8, 16)_gbdt100-5-0.05_gbdt_heavy)",0.04620007222917125,204,58,1027,0,0.7967416602017068,0.20325833979829322,1.0,0.053456221198156684,0.16571892770105606,1.0,1.056475170399221,0.0
"single best (hybrid_dnn(64,)_conv(8, 16)_gbdt100-5-0.05_gbdt_heavy)",0.04671007736246335,204,59,1026,0,0.7959658650116369,0.2040341349883631,1.0,0.054377880184331796,0.16585365853658537,1.0,1.0575048732943468,0.0
"single best (hybrid_dnn(64,)_conv(8, 16)_gbdt100-5-0.05_gbdt_heavy)",0.046779207876905655,204,60,1025,0,0.7951900698215671,0.20480993017843285,1.0,0.055299539170506916,0.16598860862489828,1.0,1.0585365853658537,0.0
"single best (hybrid_dnn(64,)_conv(8, 16)_gbdt100-5-0.05_gbdt_heavy)",0.04710437572213258,204,61,1024,0,0.7944142746314973,0.20558572536850273,1.0,0.05622119815668203,0.16612377850162866,1.0,1.0595703125,0.0
"single best (hybrid_dnn(64,)_conv(8, 16)_gbdt100-5-0.05_gbdt_heavy)",0.047143974946913594,204,62,1023,0,0.7936384794414275,0.2063615205585725,1.0,0.05714285714285714,0.16625916870415647,1.0,1.0606060606060606,0.0
"single best (hybrid_dnn(64,)_conv(8, 16)_gbdt100-5-0.05_gbdt_heavy)",0.04799134585183402,204,63,1022,0,0.7928626842513576,0.20713731574864236,1.0,0.05806451612903226,0.16639477977161501,1.0,1.0616438356164384,0.0
"single best (hybrid_dnn(64,)_conv(8, 16)_gbdt100-5-0.05_gbdt_heavy)",0.04816789845993173,204,64,1021,0,0.7920868890612878,0.20791311093871223,1.0,0.05898617511520737,0.16653061224489796,1.0,1.0626836434867777,0.0
"single best (hybrid_dnn(64,)_conv(8, 16)_gbdt100-5-0.05_gbdt_heavy)",0.04858994439300947,204,65,1020,0,0.791311093871218,0.208688906128782,1.0,0.059907834101382486,0.16666666666666666,1.0,1.0637254901960784,0.0
"single best (hybrid_dnn(64,)_conv(8, 16)_gbdt100-5-0.05_gbdt_heavy)",0.048912375050158295,204,66,1019,0,0.7905352986811481,0.20946470131885186,1.0,0.060829493087557605,0.1668029435813573,1.0,1.0647693817468107,0.0
"single best (hybrid_dnn(64,)_conv(8, 16)_gbdt100-5-0.05_gbdt_heavy)",0.04899793561666342,204,67,1018,0,0.7897595034910784,0.21024049650892163,1.0,0.06175115207373272,0.16693944353518822,1.0,1.0658153241650294,0.0
"single best (hybrid_dnn(64,)_conv(8, 16)_gbdt100-5-0.05_gbdt_heavy)",0.04951317964866078,204,68,1017,0,0.7889837083010085,0.2110162916989915,1.0,0.06267281105990784,0.16707616707616707,1.0,1.0668633235004916,0.0
"single best (hybrid_dnn(64,)_conv(8, 16)_gbdt100-5-0.05_gbdt_heavy)",0.05024703563747682,204,69,1016,0,0.7882079131109387,0.21179208688906126,1.0,0.06359447004608294,0.16721311475409836,1.0,1.0679133858267718,0.0
"single best (hybrid_dnn(64,)_conv(8, 16)_gbdt100-5-0.05_gbdt_heavy)",0.050608734193878256,204,70,1015,0,0.7874321179208689,0.21256788207913113,1.0,0.06451612903225806,0.16735028712059064,1.0,1.0689655172413792,0.0
"single best (hybrid_dnn(64,)_conv(8, 16)_gbdt100-5-0.05_gbdt_heavy)",0.05072300090629653,204,71,1014,0,0.7866563227307991,0.2133436772692009,1.0,0.06543778801843318,0.16748768472906403,1.0,1.0700197238658777,0.0
"single best (hybrid_dnn(64,)_conv(8, 16)_gbdt100-5-0.05_gbdt_heavy)",0.05073073491071773,204,72,1013,0,0.7858805275407292,0.21411947245927077,1.0,0.0663594470046083,0.1676253081347576,1.0,1.0710760118460019,0.0
"single best (hybrid_dnn(64,)_conv(8, 16)_gbdt100-5-0.05_gbdt_heavy)",0.05083533248270743,204,73,1012,0,0.7851047323506595,0.21489526764934053,1.0,0.06728110599078341,0.16776315789473684,1.0,1.0721343873517786,0.0
"single best (hybrid_dnn(64,)_conv(8, 16)_gbdt100-5-0.05_gbdt_heavy)",0.05105947144930419,204,74,1011,0,0.7843289371605896,0.2156710628394104,1.0,0.06820276497695853,0.16790123456790124,1.0,1.073194856577646,0.0
"single best (hybrid_dnn(64,)_conv(8, 16)_gbdt100-5-0.05_gbdt_heavy)",0.0515220954349294,204,75,1010,0,0.7835531419705197,0.21644685802948027,1.0,0.06912442396313365,0.16803953871499178,1.0,1.0742574257425743,0.0
"single best (hybrid_dnn(64,)_conv(8, 16)_gbdt100-5-0.05_gbdt_heavy)",0.05157001749772739,204,76,1009,0,0.78277734678045,0.21722265321955003,1.0,0.07004608294930875,0.16817807089859851,1.0,1.0753221010901883,0.0
"single best (hybrid_dnn(64,)_conv(8, 16)_gbdt100-5-0.05_gbdt_heavy)",0.05157034366396741,204,77,1008,0,0.7820015515903801,0.2179984484096199,1.0,0.07096774193548387,0.16831683168316833,1.0,1.0763888888888888,0.0
"single best (hybrid_dnn(64,)_conv(8, 16)_gbdt100-5-0.05_gbdt_heavy)",0.0515945952280505,204,78,1007,0,0.7812257564003103,0.21877424359968967,1.0,0.07188940092165899,0.16845582163501238,1.0,1.0774577954319762,0.0
"single best (hybrid_dnn(64,)_conv(8, 16)_gbdt100-5-0.05_gbdt_heavy)",0.051792167782286826,204,79,1006,0,0.7804499612102405,0.21955003878975954,1.0,0.0728110599078341,0.16859504132231404,1.0,1.0785288270377733,0.0
"single best (hybrid_dnn(64,)_conv(8, 16)_gbdt100-5-0.05_gbdt_heavy)",0.05220198117993112,204,80,1005,0,0.7796741660201707,0.2203258339798293,1.0,0.07373271889400922,0.1687344913151365,1.0,1.0796019900497513,0.0
"single best (hybrid_dnn(64,)_conv(8, 16)_gbdt100-5-0.05_gbdt_heavy)",0.05278792453342422,204,81,1004,0,0.7788983708301008,0.22110162916989917,1.0,0.07465437788018434,0.16887417218543047,1.0,1.0806772908366533,0.0
"single best (hybrid_dnn(64,)_conv(8, 16)_gbdt100-5-0.05_gbdt_heavy)",0.05307085545013792,204,82,1003,0,0.7781225756400311,0.22187742435996893,1.0,0.07557603686635944,0.16901408450704225,1.0,1.081754735792622,0.0
"single best (hybrid_dnn(64,)_conv(8, 16)_gbdt100-5-0.05_gbdt_heavy)",0.054001414211432765,204,83,1002,0,0.7773467804499612,0.2226532195500388,1.0,0.07649769585253456,0.1691542288557214,1.0,1.0828343313373252,0.0
"single best (hybrid_dnn(64,)_conv(8, 16)_gbdt100-5-0.05_gbdt_heavy)",0.05505038516233941,204,84,1001,0,0.7765709852598914,0.22342901474010857,1.0,0.07741935483870968,0.16929460580912864,1.0,1.083916083916084,0.0
"single best (hybrid_dnn(64,)_conv(8, 16)_gbdt100-5-0.05_gbdt_heavy)",0.05533761903299066,204,85,1000,0,0.7757951900698216,0.22420480993017844,1.0,0.07834101382488479,0.16943521594684385,1.0,1.085,0.0
"single best (hybrid_dnn(64,)_conv(8, 16)_gbdt100-5-0.05_gbdt_heavy)",0.05603723356161637,204,86,999,0,0.7750193948797518,0.2249806051202482,1.0,0.0792626728110599,0.16957605985037408,1.0,1.0860860860860861,0.0
"single best (hybrid_dnn(64,)_conv(8, 16)_gbdt100-5-0.05_gbdt_heavy)",0.05606606866497725,204,87,998,0,0.7742435996896819,0.22575640031031807,1.0,0.08018433179723503,0.16971713810316139,1.0,1.0871743486973948,0.0
"single best (hybrid_dnn(64,)_conv(8, 16)_gbdt100-5-0.05_gbdt_heavy)",0.05624713453396874,204,88,997,0,0.773467804499612,0.22653219550038795,1.0,0.08110599078341015,0.16985845129059118,1.0,1.0882647943831496,0.0
"single best (hybrid_dnn(64,)_conv(8, 16)_gbdt100-5-0.05_gbdt_heavy)",0.05646108080973791,204,89,996,0,0.7726920093095423,0.2273079906904577,1.0,0.08202764976958525,0.17,1.0,1.0893574297188755,0.0
"single best (hybrid_dnn(64,)_conv(8, 16)_gbdt100-5-0.05_gbdt_heavy)",0.05657132995397574,204,90,995,0,0.7719162141194724,0.22808378588052758,1.0,0.08294930875576037,0.1701417848206839,1.0,1.0904522613065326,0.0
"single best (hybrid_dnn(64,)_conv(8, 16)_gbdt100-5-0.05_gbdt_heavy)",0.05684247440190233,204,91,994,0,0.7711404189294027,0.22885958107059734,1.0,0.08387096774193549,0.17028380634390652,1.0,1.091549295774648,0.0
"single best (hybrid_dnn(64,)_conv(8, 16)_gbdt100-5-0.05_gbdt_heavy)",0.057659701747617746,204,92,993,0,0.7703646237393328,0.2296353762606672,1.0,0.0847926267281106,0.17042606516290726,1.0,1.0926485397784491,0.0
"single best (hybrid_dnn(64,)_conv(8, 16)_gbdt100-5-0.05_gbdt_heavy)",0.057712977985933535,204,93,992,0,0.769588828549263,0.23041117145073697,1.0,0.08571428571428572,0.1705685618729097,1.0,1.09375,0.0
"single best (hybrid_dnn(64,)_conv(8, 16)_gbdt100-5-0.05_gbdt_heavy)",0.0578107413436568,204,94,991,0,0.7688130333591932,0.23118696664080685,1.0,0.08663594470046083,0.1707112970711297,1.0,1.094853683148335,0.0
"single best (hybrid_dnn(64,)_conv(8, 16)_gbdt100-5-0.05_gbdt_heavy)",0.057840627183998204,204,95,990,0,0.7680372381691234,0.2319627618308766,1.0,0.08755760368663594,0.1708542713567839,1.0,1.0959595959595958,0.0
"single best (hybrid_dnn(64,)_conv(8, 16)_gbdt100-5-0.05_gbdt_heavy)",0.05789985290034391,204,96,989,0,0.7672614429790535,0.23273855702094648,1.0,0.08847926267281106,0.17099748533109807,1.0,1.0970677451971689,0.0
"single best (hybrid_dnn(64,)_conv(8, 16)_gbdt100-5-0.05_gbdt_heavy)",0.057998356805699536,204,97,988,0,0.7664856477889838,0.23351435221101624,1.0,0.08940092165898618,0.17114093959731544,1.0,1.0981781376518218,0.0
"single best (hybrid_dnn(64,)_conv(8, 16)_gbdt100-5-0.05_gbdt_heavy)",0.058206191668765214,204,98,987,0,0.7657098525989139,0.2342901474010861,1.0,0.09032258064516129,0.1712846347607053,1.0,1.099290780141844,0.0
"single best (hybrid_dnn(64,)_conv(8, 16)_gbdt100-5-0.05_gbdt_heavy)",0.05825172856996044,204,99,986,0,0.764934057408844,0.23506594259115599,1.0,0.0912442396313364,0.17142857142857143,1.0,1.1004056795131847,0.0
"single best (hybrid_dnn(64,)_conv(8, 16)_gbdt100-5-0.05_gbdt_heavy)",0.05867380734408438,204,100,985,0,0.7641582622187743,0.23584173778122575,1.0,0.09216589861751152,0.17157275021026072,1.0,1.101522842639594,0.0
"single best (hybrid_dnn(64,)_conv(8, 16)_gbdt100-5-0.05_gbdt_heavy)",0.05897566674686964,204,101,984,0,0.7633824670287044,0.23661753297129562,1.0,0.09308755760368663,0.1717171717171717,1.0,1.1026422764227641,0.0
"single best (hybrid_dnn(64,)_conv(8, 16)_gbdt100-5-0.05_gbdt_heavy)",0.05902307690260681,204,102,983,0,0.7626066718386346,0.23739332816136538,1.0,0.09400921658986175,0.17186183656276327,1.0,1.103763987792472,0.0
"single best (hybrid_dnn(64,)_conv(8, 16)_gbdt100-5-0.05_gbdt_heavy)",0.05924382502805849,204,103,982,0,0.7618308766485647,0.23816912335143525,1.0,0.09493087557603687,0.17200674536256325,1.0,1.104887983706721,0.0
"single best (hybrid_dnn(64,)_conv(8, 16)_gbdt100-5-0.05_gbdt_heavy)",0.059283585276967775,204,104,981,0,0.761055081458495,0.238944918541505,1.0,0.09585253456221199,0.17215189873417722,1.0,1.1060142711518859,0.0
"single best (hybrid_dnn(64,)_conv(8, 16)_gbdt100-5-0.05_gbdt_heavy)",0.05950168629247943,204,105,980,0,0.7602792862684251,0.23972071373157489,1.0,0.0967741935483871,0.17229729729729729,1.0,1.1071428571428572,0.0
"single best (hybrid_dnn(64,)_conv(8, 16)_gbdt100-5-0.05_gbdt_heavy)",0.05997647186609599,204,106,979,0,0.7595034910783554,0.24049650892164465,1.0,0.09769585253456221,0.1724429416737109,1.0,1.108273748723187,0.0
"single best (hybrid_dnn(64,)_conv(8, 16)_gbdt100-5-0.05_gbdt_heavy)",0.060213096424267,204,107,978,0,0.7587276958882855,0.24127230411171452,1.0,0.09861751152073733,0.17258883248730963,1.0,1.109406952965235,0.0
"single best (hybrid_dnn(64,)_conv(8, 16)_gbdt100-5-0.05_gbdt_heavy)",0.06038560491447145,204,108,977,0,0.7579519006982157,0.24204809930178428,1.0,0.09953917050691244,0.1727349703640982,1.0,1.1105424769703172,0.0
"single best (hybrid_dnn(64,)_conv(8, 16)_gbdt100-5-0.05_gbdt_heavy)",0.06099435860242416,204,109,976,0,0.7571761055081458,0.24282389449185415,1.0,0.10046082949308756,0.17288135593220338,1.0,1.1116803278688525,0.0
"single best (hybrid_dnn(64,)_conv(8, 16)_gbdt100-5-0.05_gbdt_heavy)",0.061076027091102006,204,110,975,0,0.756400310318076,0.24359968968192403,1.0,0.10138248847926268,0.17302798982188294,1.0,1.1128205128205129,0.0
"single best (hybrid_dnn(64,)_conv(8, 16)_gbdt100-5-0.05_gbdt_heavy)",0.061320270596275435,204,111,974,0,0.7556245151280062,0.2443754848719938,1.0,0.10230414746543778,0.1731748726655348,1.0,1.1139630390143738,0.0
"single best (hybrid_dnn(64,)_conv(8, 16)_gbdt100-5-0.05_gbdt_heavy)",0.061700563883093584,204,112,973,0,0.7548487199379363,0.24515128006206366,1.0,0.1032258064516129,0.17332200509770604,1.0,1.1151079136690647,0.0
"single best (hybrid_dnn(64,)_conv(8, 16)_gbdt100-5-0.05_gbdt_heavy)",0.061924607892112946,204,113,972,0,0.7540729247478666,0.24592707525213342,1.0,0.10414746543778802,0.17346938775510204,1.0,1.1162551440329218,0.0
"single best (hybrid_dnn(64,)_conv(8, 16)_gbdt100-5-0.05_gbdt_heavy)",0.06273176672277106,204,114,971,0,0.7532971295577967,0.2467028704422033,1.0,0.10506912442396313,0.17361702127659576,1.0,1.11740473738414,0.0
"single best (hybrid_dnn(64,)_conv(8, 16)_gbdt100-5-0.05_gbdt_heavy)",0.06430913725323023,204,115,970,0,0.752521334367727,0.24747866563227305,1.0,0.10599078341013825,0.1737649063032368,1.0,1.1185567010309279,0.0
"single best (hybrid_dnn(64,)_conv(8, 16)_gbdt100-5-0.05_gbdt_heavy)",0.06470983243952576,204,116,969,0,0.7517455391776571,0.24825446082234293,1.0,0.10691244239631337,0.17391304347826086,1.0,1.1197110423116614,0.0
"single best (hybrid_dnn(64,)_conv(8, 16)_gbdt100-5-0.05_gbdt_heavy)",0.06473946684442622,204,117,968,0,0.7509697439875873,0.2490302560124127,1.0,0.10783410138248847,0.17406143344709898,1.0,1.1208677685950414,0.0
"single best (hybrid_dnn(64,)_conv(8, 16)_gbdt100-5-0.05_gbdt_heavy)",0.06496643662152612,204,118,967,0,0.7501939487975174,0.24980605120248256,1.0,0.10875576036866359,0.17421007685738685,1.0,1.1220268872802481,0.0
"single best (hybrid_dnn(64,)_conv(8, 16)_gbdt100-5-0.05_gbdt_heavy)",0.06498786249840093,204,119,966,0,0.7494181536074477,0.2505818463925523,1.0,0.10967741935483871,0.17435897435897435,1.0,1.1231884057971013,0.0
"single best (hybrid_dnn(64,)_conv(8, 16)_gbdt100-5-0.05_gbdt_heavy)",0.06508924226743813,204,120,965,0,0.7486423584173778,0.2513576415826222,1.0,0.11059907834101383,0.174508126603935,1.0,1.1243523316062176,0.0
"single best (hybrid_dnn(64,)_conv(8, 16)_gbdt100-5-0.05_gbdt_heavy)",0.06552275183658407,204,121,964,0,0.747866563227308,0.25213343677269195,1.0,0.11152073732718894,0.17465753424657535,1.0,1.1255186721991701,0.0
"single best (hybrid_dnn(64,)_conv(8, 16)_gbdt100-5-0.05_gbdt_heavy)",0.06571168082387323,204,122,963,0,0.7470907680372382,0.2529092319627618,1.0,0.11244239631336406,0.17480719794344474,1.0,1.12668743509865,0.0
"single best (hybrid_dnn(64,)_conv(8, 16)_gbdt100-5-0.05_gbdt_heavy)",0.06592754224310798,204,123,962,0,0.7463149728471683,0.2536850271528317,1.0,0.11336405529953918,0.17495711835334476,1.0,1.1278586278586278,0.0
"single best (hybrid_dnn(64,)_conv(8, 16)_gbdt100-5-0.05_gbdt_heavy)",0.06601312879975262,204,124,961,0,0.7455391776570985,0.25446082234290146,1.0,0.11428571428571428,0.17510729613733905,1.0,1.1290322580645162,0.0
"single best (hybrid_dnn(64,)_conv(8, 16)_gbdt100-5-0.05_gbdt_heavy)",0.0660297895621294,204,125,960,0,0.7447633824670287,0.25523661753297133,1.0,0.1152073732718894,0.17525773195876287,1.0,1.1302083333333335,0.0
"single best (hybrid_dnn(64,)_conv(8, 16)_gbdt100-5-0.05_gbdt_heavy)",0.06625318764390503,204,126,959,0,0.7439875872769589,0.2560124127230411,1.0,0.11612903225806452,0.17540842648323302,1.0,1.1313868613138687,0.0
"single best (hybrid_dnn(64,)_conv(8, 16)_gbdt100-5-0.05_gbdt_heavy)",0.06627655741692373,204,127,958,0,0.743211792086889,0.25678820791311097,1.0,0.11705069124423963,0.17555938037865748,1.0,1.1325678496868476,0.0
"single best (hybrid_dnn(64,)_conv(8, 16)_gbdt100-5-0.05_gbdt_heavy)",0.06628312362844452,204,128,957,0,0.7424359968968193,0.2575640031031807,1.0,0.11797235023041475,0.17571059431524547,1.0,1.1337513061650992,0.0
"single best (hybrid_dnn(64,)_conv(8, 16)_gbdt100-5-0.05_gbdt_heavy)",0.0663796656178812,204,129,956,0,0.7416602017067494,0.2583397982932506,1.0,0.11889400921658987,0.17586206896551723,1.0,1.134937238493724,0.0
"single best (hybrid_dnn(64,)_conv(8, 16)_gbdt100-5-0.05_gbdt_heavy)",0.06700904044790766,204,130,955,0,0.7408844065166796,0.25911559348332036,1.0,0.11981566820276497,0.17601380500431407,1.0,1.1361256544502618,0.0
"single best (hybrid_dnn(64,)_conv(8, 16)_gbdt100-5-0.05_gbdt_heavy)",0.06704277748027473,204,131,954,0,0.7401086113266098,0.25989138867339023,1.0,0.12073732718894009,0.17616580310880828,1.0,1.1373165618448637,0.0
"single best (hybrid_dnn(64,)_conv(8, 16)_gbdt100-5-0.05_gbdt_heavy)",0.06715003052311287,204,132,953,0,0.73933281613654,0.26066718386346,1.0,0.12165898617511521,0.1763180639585134,1.0,1.1385099685204616,0.0
"single best (hybrid_dnn(64,)_conv(8, 16)_gbdt100-5-0.05_gbdt_heavy)",0.06719734523725383,204,133,952,0,0.7385570209464701,0.26144297905352987,1.0,0.12258064516129032,0.17647058823529413,1.0,1.1397058823529411,0.0
"single best (hybrid_dnn(64,)_conv(8, 16)_gbdt100-5-0.05_gbdt_heavy)",0.06721025340104272,204,134,951,0,0.7377812257564003,0.26221877424359974,1.0,0.12350230414746544,0.17662337662337663,1.0,1.1409043112513144,0.0
"single best (hybrid_dnn(64,)_conv(8, 16)_gbdt100-5-0.05_gbdt_heavy)",0.06726708101200335,204,135,950,0,0.7370054305663305,0.2629945694336695,1.0,0.12442396313364056,0.17677642980935876,1.0,1.1421052631578947,0.0
"single best (hybrid_dnn(64,)_conv(8, 16)_gbdt100-5-0.05_gbdt_heavy)",0.06735538235547546,204,136,949,0,0.7362296353762606,0.2637703646237394,1.0,0.12534562211981568,0.1769297484822203,1.0,1.143308746048472,0.0
"single best (hybrid_dnn(64,)_conv(8, 16)_gbdt100-5-0.05_gbdt_heavy)",0.06746483109934381,204,137,948,0,0.7354538401861909,0.26454615981380913,1.0,0.12626728110599078,0.17708333333333334,1.0,1.1445147679324896,0.0
"single best (hybrid_dnn(64,)_conv(8, 16)_gbdt100-5-0.05_gbdt_heavy)",0.0675579179242375,204,138,947,0,0.734678044996121,0.265321955003879,1.0,0.1271889400921659,0.17723718505647262,1.0,1.1457233368532207,0.0
"single best (hybrid_dnn(64,)_conv(8, 16)_gbdt100-5-0.05_gbdt_heavy)",0.06756839082709325,204,139,946,0,0.7339022498060512,0.26609775019394877,1.0,0.12811059907834102,0.17739130434782607,1.0,1.1469344608879493,0.0
"single best (hybrid_dnn(64,)_conv(8, 16)_gbdt100-5-0.05_gbdt_heavy)",0.06759950391919634,204,140,945,0,0.7331264546159814,0.26687354538401864,1.0,0.12903225806451613,0.17754569190600522,1.0,1.1481481481481481,0.0
"single best (hybrid_dnn(64,)_conv(8, 16)_gbdt100-5-0.05_gbdt_heavy)",0.06773480788019014,204,141,944,0,0.7323506594259116,0.2676493405740884,1.0,0.12995391705069123,0.17770034843205576,1.0,1.1493644067796611,0.0
"single best (hybrid_dnn(64,)_conv(8, 16)_gbdt100-5-0.05_gbdt_heavy)",0.06802179536985459,204,142,943,0,0.7315748642358417,0.2684251357641583,1.0,0.13087557603686636,0.17785527462946818,1.0,1.1505832449628846,0.0
"single best (hybrid_dnn(64,)_conv(8, 16)_gbdt100-5-0.05_gbdt_heavy)",0.06810891638160656,204,143,942,0,0.730799069045772,0.26920093095422803,1.0,0.13179723502304147,0.17801047120418848,1.0,1.151804670912951,0.0
"single best (hybrid_dnn(64,)_conv(8, 16)_gbdt100-5-0.05_gbdt_heavy)",0.06811047047838144,204,144,941,0,0.7300232738557021,0.2699767261442979,1.0,0.1327188940092166,0.1781659388646288,1.0,1.153028692879915,0.0
"single best (hybrid_dnn(64,)_conv(8, 16)_gbdt100-5-0.05_gbdt_heavy)",0.06819115817869692,204,145,940,0,0.7292474786656322,0.2707525213343678,1.0,0.1336405529953917,0.17832167832167833,1.0,1.1542553191489362,0.0
"single best (hybrid_dnn(64,)_conv(8, 16)_gbdt100-5-0.05_gbdt_heavy)",0.06820799250967191,204,146,939,0,0.7284716834755625,0.27152831652443754,1.0,0.13456221198156681,0.1784776902887139,1.0,1.1554845580404687,0.0
"single best (hybrid_dnn(64,)_conv(8, 16)_gbdt100-5-0.05_gbdt_heavy)",0.0687289289037998,204,147,938,0,0.7276958882854926,0.2723041117145074,1.0,0.13548387096774195,0.1786339754816112,1.0,1.1567164179104479,0.0
"single best (hybrid_dnn(64,)_conv(8, 16)_gbdt100-5-0.05_gbdt_heavy)",0.06892820637610923,204,148,937,0,0.7269200930954228,0.2730799069045772,1.0,0.13640552995391705,0.17879053461875546,1.0,1.1579509071504803,0.0
"single best (hybrid_dnn(64,)_conv(8, 16)_gbdt100-5-0.05_gbdt_heavy)",0.06898237850898586,204,149,936,0,0.726144297905353,0.27385570209464705,1.0,0.13732718894009216,0.17894736842105263,1.0,1.1591880341880343,0.0
"single best (hybrid_dnn(64,)_conv(8, 16)_gbdt100-5-0.05_gbdt_heavy)",0.06921911977331842,204,150,935,0,0.7253685027152832,0.2746314972847168,1.0,0.1382488479262673,0.1791044776119403,1.0,1.1604278074866312,0.0
"single best (hybrid_dnn(64,)_conv(8, 16)_gbdt100-5-0.05_gbdt_heavy)",0.06978332288274301,204,151,934,0,0.7245927075252133,0.2754072924747867,1.0,0.1391705069124424,0.17926186291739896,1.0,1.1616702355460384,0.0
"single best (hybrid_dnn(64,)_conv(8, 16)_gbdt100-5-0.05_gbdt_heavy)",0.06979946701175949,204,152,933,0,0.7238169123351436,0.27618308766485644,1.0,0.1400921658986175,0.17941952506596306,1.0,1.1629153269024652,0.0
"single best (hybrid_dnn(64,)_conv(8, 16)_gbdt100-5-0.05_gbdt_heavy)",0.07020446911290928,204,153,932,0,0.7230411171450737,0.2769588828549263,1.0,0.14101382488479264,0.1795774647887324,1.0,1.1641630901287554,0.0
"single best (hybrid_dnn(64,)_conv(8, 16)_gbdt100-5-0.05_gbdt_heavy)",0.0704707984955487,204,154,931,0,0.7222653219550039,0.2777346780449961,1.0,0.14193548387096774,0.17973568281938326,1.0,1.1654135338345866,0.0
"single best (hybrid_dnn(64,)_conv(8, 16)_gbdt100-5-0.05_gbdt_heavy)",0.0710251436083337,204,155,930,0,0.721489526764934,0.27851047323506595,1.0,0.14285714285714285,0.17989417989417988,1.0,1.1666666666666665,0.0
"single best (hybrid_dnn(64,)_conv(8, 16)_gbdt100-5-0.05_gbdt_heavy)",0.07127563265900434,204,156,929,0,0.7207137315748642,0.2792862684251358,1.0,0.14377880184331798,0.18005295675198588,1.0,1.1679224973089344,0.0
"single best (hybrid_dnn(64,)_conv(8, 16)_gbdt100-5-0.05_gbdt_heavy)",0.07149232999242743,204,157,928,0,0.7199379363847944,0.2800620636152056,1.0,0.1447004608294931,0.18021201413427562,1.0,1.1691810344827587,0.0
"single best (hybrid_dnn(64,)_conv(8, 16)_gbdt100-5-0.05_gbdt_heavy)",0.07165018915004967,203,157,928,1,0.7207137315748642,0.2792862684251358,0.9950980392156863,0.1447004608294931,0.1794871794871795,0.9936708860759493,1.1634497549019607,0.033876607968027855
"single best (hybrid_dnn(64,)_conv(8, 16)_gbdt100-5-0.05_gbdt_heavy)",0.07233768282425268,203,158,927,1,0.7199379363847944,0.2800620636152056,0.9950980392156863,0.1456221198156682,0.17964601769911503,0.9937106918238994,1.164704824756224,0.03366219905683781
"single best (hybrid_dnn(64,)_conv(8, 16)_gbdt100-5-0.05_gbdt_heavy)",0.07261243015336044,203,159,926,1,0.7191621411947245,0.28083785880527545,0.9950980392156863,0.14654377880184333,0.17980513728963685,0.99375,1.1659626053445136,0.033450487113084106
"single best (hybrid_dnn(64,)_conv(8, 16)_gbdt100-5-0.05_gbdt_heavy)",0.0726802574752477,203,160,925,1,0.7183863460046548,0.2816136539953452,0.9950980392156863,0.14746543778801843,0.1799645390070922,0.9937888198757764,1.1672231054583997,0.03324142156862733
"single best (hybrid_dnn(64,)_conv(8, 16)_gbdt100-5-0.05_gbdt_heavy)",0.07268134939495942,203,161,924,1,0.7176105508145849,0.2823894491854151,0.9950980392156863,0.14838709677419354,0.18012422360248448,0.9938271604938271,1.1684863339275104,0.03303495311167934
"single best (hybrid_dnn(64,)_conv(8, 16)_gbdt100-5-0.05_gbdt_heavy)",0.07282268150324062,203,162,923,1,0.7168347556245152,0.28316524437548485,0.9950980392156863,0.14930875576036867,0.1802841918294849,0.9938650306748467,1.1697522996197396,0.032831033648026996
"single best (hybrid_dnn(64,)_conv(8, 16)_gbdt100-5-0.05_gbdt_heavy)",0.073084881230715,203,163,922,1,0.7160589604344453,0.2839410395655547,0.9950980392156863,0.15023041474654378,0.18044444444444444,0.9939024390243902,1.171021011441453,0.03262961626368327
"single best (hybrid_dnn(64,)_conv(8, 16)_gbdt100-5-0.05_gbdt_heavy)",0.07308672243726054,203,164,921,1,0.7152831652443755,0.2847168347556245,0.9950980392156863,0.15115207373271888,0.1806049822064057,0.9939393939393939,1.1722924783376978,0.032430655188904714
"single best (hybrid_dnn(64,)_conv(8, 16)_gbdt100-5-0.05_gbdt_heavy)",0.07311196461899865,203,165,920,1,0.7145073700543056,0.28549262994569435,0.9950980392156863,0.15207373271889402,0.18076580587711488,0.9939759036144579,1.1735667092924127,0.032234105763517415
"single best (hybrid_dnn(64,)_conv(8, 16)_gbdt100-5-0.05_gbdt_heavy)",0.07354528912197297,203,166,919,1,0.7137315748642359,0.2862684251357641,0.9950980392156863,0.15299539170506912,0.18092691622103388,0.9940119760479041,1.1748437133286393,0.03203992440349623
"single best (hybrid_dnn(64,)_conv(8, 16)_gbdt100-5-0.05_gbdt_heavy)",0.07408031956447213,203,167,918,1,0.712955779674166,0.287044220325834,0.9950980392156863,0.15391705069124423,0.18108831400535236,0.9940476190476191,1.176123499508736,0.03184806856874475
"single best (hybrid_dnn(64,)_conv(8, 16)_gbdt100-5-0.05_gbdt_heavy)",0.0742421483586574,203,168,917,1,0.7121799844840963,0.28782001551590375,0.9950980392156863,0.15483870967741936,0.18125,0.9940828402366864,1.1774060769345907,0.03165849673202603
"single best (hybrid_dnn(64,)_conv(8, 16)_gbdt100-5-0.05_gbdt_heavy)",0.07430013192943435,203,169,916,1,0.7114041892940264,0.2885958107059736,0.9950980392156863,0.15576036866359447,0.18141197497765862,0.9941176470588236,1.178691454747838,0.03147116834899629
"single best (hybrid_dnn(64,)_conv(8, 16)_gbdt100-5-0.05_gbdt_heavy)",0.07440479478314552,203,170,915,1,0.7106283941039565,0.2893716058960435,0.9950980392156863,0.15668202764976957,0.1815742397137746,0.9941520467836257,1.1799796421300761,0.03128604382929632
"single best (hybrid_dnn(64,)_conv(8, 16)_gbdt100-5-0.05_gbdt_heavy)",0.0748827477468324,203,171,914,1,0.7098525989138867,0.29014740108611325,0.9950980392156863,0.1576036866359447,0.18173679498657117,0.9941860465116279,1.181270648303085,0.03110308450865715
"single best (hybrid_dnn(64,)_conv(8, 16)_gbdt100-5-0.05_gbdt_heavy)",0.07489326333720626,203,172,913,1,0.7090768037238169,0.2909231962761831,0.9950980392156863,0.1585253456221198,0.18189964157706093,0.9942196531791907,1.1825644825290467,0.030922252621978914
"single best (hybrid_dnn(64,)_conv(8, 16)_gbdt100-5-0.05_gbdt_heavy)",0.07495620193939903,203,173,912,1,0.7083010085337471,0.2916989914662529,0.9950980392156863,0.15944700460829492,0.18206278026905828,0.9942528735632183,1.183861154110767,0.0307435112773432
"single best (hybrid_dnn(64,)_conv(8, 16)_gbdt100-5-0.05_gbdt_heavy)",0.07527320822351097,203,174,911,1,0.7075252133436772,0.29247478665632276,0.9950980392156863,0.16036866359447005,0.1822262118491921,0.9942857142857143,1.1851606723918986,0.030566824430921683
"single best (hybrid_dnn(64,)_conv(8, 16)_gbdt100-5-0.05_gbdt_heavy)",0.07542757926340178,203,175,910,1,0.7067494181536075,0.2932505818463925,0.9950980392156863,0.16129032258064516,0.18238993710691823,0.9943181818181818,1.1864630467571644,0.03039215686274499
"single best (hybrid_dnn(64,)_conv(8, 16)_gbdt100-5-0.05_gbdt_heavy)",0.07566183697533566,203,176,909,1,0.7059736229635376,0.2940263770364624,0.9950980392156863,0.1622119815668203,0.18255395683453238,0.9943502824858758,1.187768286632585,0.030219474153297572
"single best (hybrid_dnn(64,)_conv(8, 16)_gbdt100-5-0.05_gbdt_heavy)",0.0758536205382387,203,177,908,1,0.7051978277734678,0.29480217222653216,0.9950980392156863,0.1631336405529954,0.18271827182718273,0.9943820224719101,1.1890764014857045,0.030048742660906062
"single best (hybrid_dnn(64,)_conv(8, 16)_gbdt100-5-0.05_gbdt_heavy)",0.07640214840486066,203,178,907,1,0.704422032583398,0.295577967416602,0.9950980392156863,0.1640552995391705,0.18288288288288287,0.994413407821229,1.190387400825821,0.029879929499889737
"single best (hybrid_dnn(64,)_conv(8, 16)_gbdt100-5-0.05_gbdt_heavy)",0.07666984374803233,203,179,906,1,0.7036462373933282,0.2963537626066718,0.9950980392156863,0.16497695852534563,0.18304779080252478,0.9944444444444445,1.191701294204216,0.029713002519443425
"single best (hybrid_dnn(64,)_conv(8, 16)_gbdt100-5-0.05_gbdt_heavy)",0.07680397733643787,203,180,905,1,0.7028704422032583,0.29712955779674166,0.9950980392156863,0.16589861751152074,0.1832129963898917,0.994475138121547,1.1930180912143862,0.029547930283224295
"single best (hybrid_dnn(64,)_conv(8, 16)_gbdt100-5-0.05_gbdt_heavy)",0.07681984071501084,203,181,904,1,0.7020946470131885,0.29790535298681153,0.9950980392156863,0.16682027649769585,0.18337850045167117,0.9945054945054945,1.1943378014922783,0.029384682049615325
"single best (hybrid_dnn(64,)_conv(8, 16)_gbdt100-5-0.05_gbdt_heavy)",0.07691052881138968,203,182,903,1,0.7013188518231187,0.2986811481768813,0.9950980392156863,0.16774193548387098,0.18354430379746836,0.994535519125683,1.1956604347165223,0.02922322775263941
"single best (hybrid_dnn(64,)_conv(8, 16)_gbdt100-5-0.05_gbdt_heavy)",0.07703845597960013,203,183,902,1,0.7005430566330488,0.29945694336695117,0.9950980392156863,0.16866359447004609,0.18371040723981902,0.9945652173913043,1.1969860006086692,0.029063537983499307
"single best (hybrid_dnn(64,)_conv(8, 16)_gbdt100-5-0.05_gbdt_heavy)",0.07728590979823534,203,184,901,1,0.6997672614429791,0.30023273855702093,0.9950980392156863,0.1695852534562212,0.1838768115942029,0.9945945945945946,1.198314508933429,0.02890558397271942
"single best (hybrid_dnn(64,)_conv(8, 16)_gbdt100-5-0.05_gbdt_heavy)",0.07758541315918996,203,185,900,1,0.6989914662529092,0.3010085337470908,0.9950980392156863,0.17050691244239632,0.1840435176790571,0.9946236559139785,1.1996459694989108,0.028749337572866882
"single best (hybrid_dnn(64,)_conv(8, 16)_gbdt100-5-0.05_gbdt_heavy)",0.07779753834417413,203,186,899,1,0.6982156710628394,0.30178432893716056,0.9950980392156863,0.17142857142857143,0.18421052631578946,0.9946524064171123,1.200980392156863,0.028594771241829964
"single best (hybrid_dnn(64,)_conv(8, 16)_gbdt100-5-0.05_gbdt_heavy)",0.07780397094760244,203,187,898,1,0.6974398758727696,0.30256012412723043,0.9950980392156863,0.17235023041474654,0.184377838328792,0.9946808510638298,1.2023177868029171,0.028441858026633012
"single best (hybrid_dnn(64,)_conv(8, 16)_gbdt100-5-0.05_gbdt_heavy)",0.07827694480916776,203,188,897,1,0.6966640806826998,0.3033359193173002,0.9950980392156863,0.17327188940092167,0.18454545454545454,0.9947089947089947,1.2036581633768335,0.028290571547767943
"single best (hybrid_dnn(64,)_conv(8, 16)_gbdt100-5-0.05_gbdt_heavy)",0.07852196430869952,203,189,896,1,0.6958882854926299,0.30411171450737007,0.9950980392156863,0.17419354838709677,0.18471337579617833,0.9947368421052631,1.2050015318627452,0.028140885984023138
"single best (hybrid_dnn(64,)_conv(8, 16)_gbdt100-5-0.05_gbdt_heavy)",0.07857284066869318,203,190,895,1,0.6951124903025602,0.30488750969743983,0.9950980392156863,0.17511520737327188,0.1848816029143898,0.9947643979057592,1.2063479022894075,0.02799277605779144
"single best (hybrid_dnn(64,)_conv(8, 16)_gbdt100-5-0.05_gbdt_heavy)",0.0786914572806677,203,191,894,1,0.6943366951124903,0.3056633048875097,0.9950980392156863,0.17603686635944701,0.18505013673655424,0.9947916666666666,1.207697284730447,0.02784621702083965
"single best (hybrid_dnn(64,)_conv(8, 16)_gbdt100-5-0.05_gbdt_heavy)",0.07880850840286394,203,192,893,1,0.6935608999224204,0.3064391000775796,0.9950980392156863,0.17695852534562212,0.1852189781021898,0.9948186528497409,1.2090496893046132,0.027701184640522777
"single best (hybrid_dnn(64,)_conv(8, 16)_gbdt100-5-0.05_gbdt_heavy)",0.07947073823144503,203,193,892,1,0.6927851047323507,0.30721489526764933,0.9950980392156863,0.17788018433179723,0.18538812785388128,0.9948453608247423,1.210405126176031,0.027557655186426805
"single best (hybrid_dnn(64,)_conv(8, 16)_gbdt100-5-0.05_gbdt_heavy)",0.07974602098605339,203,194,891,1,0.6920093095422808,0.3079906904577192,0.9950980392156863,0.17880184331797236,0.18555758683729434,0.9948717948717949,1.2117636055544552,0.027415605417424604
"single best (hybrid_dnn(64,)_conv(8, 16)_gbdt100-5-0.05_gbdt_heavy)",0.07976643343596203,203,195,890,1,0.691233514352211,0.30876648564778897,0.9950980392156863,0.17972350230414746,0.18572735590118938,0.9948979591836735,1.2131251376955277,0.02727501256913012
"single best (hybrid_dnn(64,)_conv(8, 16)_gbdt100-5-0.05_gbdt_heavy)",0.07996810606119864,203,196,889,1,0.6904577191621412,0.30954228083785884,0.9950980392156863,0.18064516129032257,0.1858974358974359,0.9949238578680203,1.2144897329010345,0.0271358543417366
"single best (hybrid_dnn(64,)_conv(8, 16)_gbdt100-5-0.05_gbdt_heavy)",0.08013403620039569,203,197,888,1,0.6896819239720714,0.3103180760279286,0.9950980392156863,0.1815668202764977,0.1860678276810266,0.9949494949494949,1.2158574015191663,0.026998108888225243
"single best (hybrid_dnn(64,)_conv(8, 16)_gbdt100-5-0.05_gbdt_heavy)",0.08035141400645616,203,198,887,1,0.6889061287820015,0.3110938712179985,0.9950980392156863,0.1824884792626728,0.18623853211009175,0.9949748743718593,1.2172281539447798,0.026861754802931178
"single best (hybrid_dnn(64,)_conv(8, 16)_gbdt100-5-0.05_gbdt_heavy)",0.08077396822289937,203,199,886,1,0.6881303335919318,0.31186966640806824,0.9950980392156863,0.18341013824884791,0.18640955004591367,0.995,1.218602000619661,0.02672677111045414
"single best (hybrid_dnn(64,)_conv(8, 16)_gbdt100-5-0.05_gbdt_heavy)",0.08085207579699638,203,200,885,1,0.6873545384018619,0.3126454615981381,0.9950980392156863,0.18433179723502305,0.18658088235294118,0.9950248756218906,1.2199789520327906,0.026593137254901866
"single best (hybrid_dnn(64,)_conv(8, 16)_gbdt100-5-0.05_gbdt_heavy)",0.08090624975386929,203,201,884,1,0.6865787432117921,0.31342125678820787,0.9950980392156863,0.18525345622119815,0.18675252989880406,0.995049504950495,1.2213590187206105,0.026460833089454593
"single best (hybrid_dnn(64,)_conv(8, 16)_gbdt100-5-0.05_gbdt_heavy)",0.08091068738462173,203,202,883,1,0.6858029480217223,0.31419705197827774,0.9950980392156863,0.18617511520737326,0.1869244935543278,0.9950738916256158,1.222742211267293,0.026329838866239474
"single best (hybrid_dnn(64,)_conv(8, 16)_gbdt100-5-0.05_gbdt_heavy)",0.08092028457228026,203,203,882,1,0.6850271528316525,0.3149728471683475,0.9950980392156863,0.1870967741935484,0.1870967741935484,0.9950980392156863,1.224128540305011,0.0262001352265043
"single best (hybrid_dnn(64,)_conv(8, 16)_gbdt100-5-0.05_gbdt_heavy)",0.08100783142703653,203,204,881,1,0.6842513576415826,0.3157486423584174,0.9950980392156863,0.1880184331797235,0.18726937269372693,0.9951219512195122,1.2255180165142106,0.02607170319108026
"single best (hybrid_dnn(64,)_conv(8, 16)_gbdt100-5-0.05_gbdt_heavy)",0.08109195783527465,203,205,880,1,0.6834755624515128,0.31652443754848725,0.9950980392156863,0.1889400921658986,0.18744228993536471,0.9951456310679612,1.2269106506238858,0.025944524151123773
"single best (hybrid_dnn(64,)_conv(8, 16)_gbdt100-5-0.05_gbdt_heavy)",0.0811130621890823,203,206,879,1,0.682699767261443,0.317300232738557,0.9950980392156863,0.18986175115207374,0.1876155268022181,0.9951690821256038,1.228306453411854,0.025818579859128023
"single best (hybrid_dnn(64,)_conv(8, 16)_gbdt100-5-0.05_gbdt_heavy)",0.08122075292850975,203,207,878,1,0.6819239720713731,0.3180760279286269,0.9950980392156863,0.19078341013824884,0.1877890841813136,0.9951923076923077,1.2297054357050337,0.02569385242019504
"single best (hybrid_dnn(64,)_conv(8, 16)_gbdt100-5-0.05_gbdt_heavy)",0.08188685473686577,203,208,877,1,0.6811481768813034,0.31885182311869664,0.9950980392156863,0.19170506912442398,0.18796296296296297,0.9952153110047847,1.2311076083797259,0.025570324283559483
"single best (hybrid_dnn(64,)_conv(8, 16)_gbdt100-5-0.05_gbdt_heavy)",0.08202971003287098,203,209,876,1,0.6803723816912335,0.3196276183087665,0.9950980392156863,0.19262672811059908,0.1881371640407785,0.9952380952380953,1.2325129823618945,0.025447978234355854
"single best (hybrid_dnn(64,)_conv(8, 16)_gbdt100-5-0.05_gbdt_heavy)",0.08218833618243718,203,210,875,1,0.6795965865011637,0.3204034134988363,0.9950980392156863,0.1935483870967742,0.18831168831168832,0.995260663507109,1.2339215686274512,0.025326797385620825
"single best (hybrid_dnn(64,)_conv(8, 16)_gbdt100-5-0.05_gbdt_heavy)",0.08231086554184028,203,211,874,1,0.6788207913110939,0.32117920868890615,0.9950980392156863,0.19447004608294932,0.18848653667595172,0.9952830188679245,1.2353333782025397,0.025206765170523095
"single best (hybrid_dnn(64,)_conv(8, 16)_gbdt100-5-0.05_gbdt_heavy)",0.0825180394467584,203,212,873,1,0.6780449961210241,0.3219550038789759,0.9950980392156863,0.19539170506912443,0.18866171003717472,0.9953051643192489,1.2367484221638254,0.02508786533481308
"single best (hybrid_dnn(64,)_conv(8, 16)_gbdt100-5-0.05_gbdt_heavy)",0.0827895565261569,203,213,872,1,0.6772692009309542,0.3227307990690458,0.9950980392156863,0.19631336405529953,0.1888372093023256,0.9953271028037384,1.238166711638784,0.02497008192948532
"single best (hybrid_dnn(64,)_conv(8, 16)_gbdt100-5-0.05_gbdt_heavy)",0.08281664793053484,203,214,871,1,0.6764934057408845,0.32350659425911554,0.9950980392156863,0.19723502304147467,0.18901303538175046,0.9953488372093023,1.2395882578059927,0.024853399303646603
"single best (hybrid_dnn(64,)_conv(8, 16)_gbdt100-5-0.05_gbdt_heavy)",0.08295621543658195,203,215,870,1,0.6757176105508146,0.3242823894491854,0.9950980392156863,0.19815668202764977,0.1891891891891892,0.9953703703703703,1.2410130718954249,0.024737802097583132
"single best (hybrid_dnn(64,)_conv(8, 16)_gbdt100-5-0.05_gbdt_heavy)",0.08309752695827938,203,216,869,1,0.6749418153607447,0.3250581846392553,0.9950980392156863,0.19907834101382488,0.18936567164179105,0.9953917050691244,1.2424411651887453,0.02462327523602025
"single best (hybrid_dnn(64,)_conv(8, 16)_gbdt100-5-0.05_gbdt_heavy)",0.08341536259779622,203,217,868,1,0.674166020170675,0.32583397982932505,0.9950980392156863,0.2,0.1895424836601307,0.9954128440366973,1.2438725490196079,0.02450980392156854
"single best (hybrid_dnn(64,)_conv(8, 16)_gbdt100-5-0.05_gbdt_heavy)",0.08350283656135765,203,218,867,1,0.6733902249806051,0.3266097750193949,0.9950980392156863,0.20092165898617512,0.1897196261682243,0.9954337899543378,1.2453072347739558,0.024397373628350337
"single best (hybrid_dnn(64,)_conv(8, 16)_gbdt100-5-0.05_gbdt_heavy)",0.08354427677924955,203,219,866,1,0.6726144297905353,0.3273855702094647,0.9950980392156863,0.20184331797235022,0.18989710009354538,0.9954545454545455,1.2467452338903229,0.02428597009580079
"single best (hybrid_dnn(64,)_conv(8, 16)_gbdt100-5-0.05_gbdt_heavy)",0.08382173287444682,203,220,865,1,0.6718386346004654,0.32816136539953455,0.9950980392156863,0.20276497695852536,0.1900749063670412,0.995475113122172,1.2481865578601383,0.024175579322638058
"single best (hybrid_dnn(64,)_conv(8, 16)_gbdt100-5-0.05_gbdt_heavy)",0.08393826842314575,203,221,864,1,0.6710628394103957,0.3289371605896043,0.9950980392156863,0.20368663594470046,0.190253045923149,0.9954954954954955,1.249631218228032,0.024066187560997165
"single best (hybrid_dnn(64,)_conv(8, 16)_gbdt100-5-0.05_gbdt_heavy)",0.08418124380053792,203,222,863,1,0.6702870442203258,0.3297129557796742,0.9950980392156863,0.20460829493087557,0.1904315196998124,0.9955156950672646,1.2510792265921433,0.023957781310722404
"single best (hybrid_dnn(64,)_conv(8, 16)_gbdt100-5-0.05_gbdt_heavy)",0.08425574952865467,203,223,862,1,0.669511249030256,0.33048875096974395,0.9950980392156863,0.2055299539170507,0.19061032863849764,0.9955357142857143,1.2525305946044312,0.02385034731381333
"single best (hybrid_dnn(64,)_conv(8, 16)_gbdt100-5-0.05_gbdt_heavy)",0.08439796769631622,203,224,861,1,0.6687354538401862,0.3312645461598138,0.9950980392156863,0.2064516129032258,0.19078947368421054,0.9955555555555555,1.2539853339709868,0.023743872549019523
"single best (hybrid_dnn(64,)_conv(8, 16)_gbdt100-5-0.05_gbdt_heavy)",0.08446402851808965,203,225,860,1,0.6679596586501164,0.3320403413498836,0.9950980392156863,0.2073732718894009,0.1909689557855127,0.995575221238938,1.2554434564523484,0.023638344226579438
"single best (hybrid_dnn(64,)_conv(8, 16)_gbdt100-5-0.05_gbdt_heavy)",0.08456814155419116,203,226,859,1,0.6671838634600465,0.33281613653995346,0.9950980392156863,0.20829493087557605,0.1911487758945386,0.9955947136563876,1.256904973863818,0.023533749783098995
"single best (hybrid_dnn(64,)_conv(8, 16)_gbdt100-5-0.05_gbdt_heavy)",0.08458034350456636,203,227,858,1,0.6664080682699767,0.33359193173002333,0.9950980392156863,0.20921658986175115,0.19132893496701225,0.9956140350877193,1.2583698980757805,0.023430076876565523
"single best (hybrid_dnn(64,)_conv(8, 16)_gbdt100-5-0.05_gbdt_heavy)",0.08468643709776344,203,228,857,1,0.6656322730799069,0.3343677269200931,0.9950980392156863,0.21013824884792626,0.19150943396226416,0.9956331877729258,1.2598382410140252,0.023327313381492867
"single best (hybrid_dnn(64,)_conv(8, 16)_gbdt100-5-0.05_gbdt_heavy)",0.08470624410891191,203,229,856,1,0.664856477889837,0.33514352211016296,0.9950980392156863,0.2110599078341014,0.19169027384324835,0.9956521739130435,1.2613100146600695,0.02322544738419377
"single best (hybrid_dnn(64,)_conv(8, 16)_gbdt100-5-0.05_gbdt_heavy)",0.08475521991584896,203,230,855,1,0.6640806826997673,0.3359193173002327,0.9950980392156863,0.2119815668202765,0.19187145557655955,0.9956709956709957,1.2627852310514849,0.023124467178175536
"single best (hybrid_dnn(64,)_conv(8, 16)_gbdt100-5-0.05_gbdt_heavy)",0.0848270593030772,203,231,854,1,0.6633048875096974,0.3366951124903026,0.9950980392156863,0.2129032258064516,0.19205298013245034,0.9956896551724138,1.2642639022822244,0.023024361259655297
"single best (hybrid_dnn(64,)_conv(8, 16)_gbdt100-5-0.05_gbdt_heavy)",0.08503256162630787,203,232,853,1,0.6625290923196276,0.33747090768037236,0.9950980392156863,0.21382488479262673,0.19223484848484848,0.9957081545064378,1.265746040502954,0.022925118323191263
"single best (hybrid_dnn(64,)_conv(8, 16)_gbdt100-5-0.05_gbdt_heavy)",0.08519689070786271,203,233,852,1,0.6617532971295578,0.33824670287044223,0.9950980392156863,0.21474654377880184,0.1924170616113744,0.9957264957264957,1.2672316579213845,0.022826727257426495
"single best (hybrid_dnn(64,)_conv(8, 16)_gbdt100-5-0.05_gbdt_heavy)",0.08531565834471383,203,234,851,1,0.660977501939488,0.339022498060512,0.9950980392156863,0.21566820276497695,0.19259962049335863,0.9957446808510638,1.2687207668026084,0.02272917714094177
"single best (hybrid_dnn(64,)_conv(8, 16)_gbdt100-5-0.05_gbdt_heavy)",0.08534420179709587,203,235,850,1,0.6602017067494181,0.33979829325058186,0.9950980392156863,0.21658986175115208,0.19278252611585944,0.9957627118644068,1.270213379469435,0.022632457238214353
"single best (hybrid_dnn(64,)_conv(8, 16)_gbdt100-5-0.05_gbdt_heavy)",0.08535745392924786,203,236,849,1,0.6594259115593484,0.3405740884406516,0.9950980392156863,0.21751152073732719,0.19296577946768062,0.9957805907172996,1.271709508302732,0.02253655699567955
"single best (hybrid_dnn(64,)_conv(8, 16)_gbdt100-5-0.05_gbdt_heavy)",0.08557502858328508,203,237,848,1,0.6586501163692785,0.3413498836307215,0.9950980392156863,0.2184331797235023,0.19314938154138916,0.9957983193277311,1.2732091657417683,0.02244146603789187
"single best (hybrid_dnn(64,)_conv(8, 16)_gbdt100-5-0.05_gbdt_heavy)",0.08586345669267274,203,238,847,1,0.6578743211792087,0.34212567882079126,0.9950980392156863,0.21935483870967742,0.19333333333333333,0.99581589958159,1.2747123642845568,0.022347174163783082
"single best (hybrid_dnn(64,)_conv(8, 16)_gbdt100-5-0.05_gbdt_heavy)",0.08613521421015091,203,239,846,1,0.6570985259891389,0.34290147401086113,0.9950980392156863,0.22027649769585253,0.19351763584366063,0.9958333333333333,1.2762191164882029,0.022253671343014113
"single best (hybrid_dnn(64,)_conv(8, 16)_gbdt100-5-0.05_gbdt_heavy)",0.08622539140502887,203,240,845,1,0.656322730799069,0.343677269200931,0.9950980392156863,0.22119815668202766,0.19370229007633588,0.995850622406639,1.277729434969254,0.022160947712418222
"single best (hybrid_dnn(64,)_conv(8, 16)_gbdt100-5-0.05_gbdt_heavy)",0.0863127719271088,203,241,844,1,0.6555469356089992,0.34445306439100076,0.9950980392156863,0.22211981566820277,0.1938872970391595,0.9958677685950413,1.2792433324040515,0.02206899357253267
"single best (hybrid_dnn(64,)_conv(8, 16)_gbdt100-5-0.05_gbdt_heavy)",0.08685803258684646,203,242,843,1,0.6547711404189294,0.34522885958107064,0.9950980392156863,0.22304147465437787,0.19407265774378585,0.9958847736625515,1.280760821529086,0.02197779938421642
"single best (hybrid_dnn(64,)_conv(8, 16)_gbdt100-5-0.05_gbdt_heavy)",0.08694854473790835,203,243,842,1,0.6539953452288596,0.3460046547711404,0.9950980392156863,0.223963133640553,0.19425837320574163,0.9959016393442623,1.2822819151413534,0.021887355765351328
"single best (hybrid_dnn(64,)_conv(8, 16)_gbdt100-5-0.05_gbdt_heavy)",0.08695640047109869,203,244,841,1,0.6532195500387897,0.34678044996121027,0.9950980392156863,0.2248847926267281,0.19444444444444445,0.9959183673469387,1.2838066260987153,0.02179765348762448
"single best (hybrid_dnn(64,)_conv(8, 16)_gbdt100-5-0.05_gbdt_heavy)",0.08697193756965804,203,245,840,1,0.65244375484872,0.34755624515128003,0.9950980392156863,0.22580645161290322,0.19463087248322147,0.9959349593495935,1.2853349673202614,0.02170868347338928
"single best (hybrid_dnn(64,)_conv(8, 16)_gbdt100-5-0.05_gbdt_heavy)",0.08712674055415973,203,246,839,1,0.6516679596586501,0.3483320403413499,0.9950980392156863,0.22672811059907835,0.1948176583493282,0.9959514170040485,1.2868669517866742,0.021620436792603143
"single best (hybrid_dnn(64,)_conv(8, 16)_gbdt100-5-0.05_gbdt_heavy)",0.08719476987723201,203,247,838,1,0.6508921644685803,0.34910783553141966,0.9950980392156863,0.22764976958525346,0.19500480307396734,0.9959677419354839,1.2884025925405964,0.021532904659839567
"single best (hybrid_dnn(64,)_conv(8, 16)_gbdt100-5-0.05_gbdt_heavy)",0.08720053605875652,203,248,837,1,0.6501163692785105,0.34988363072148954,0.9950980392156863,0.22857142857142856,0.1951923076923077,0.9959839357429718,1.2899419026870007,0.021446078431372473
"single best (hybrid_dnn(64,)_conv(8, 16)_gbdt100-5-0.05_gbdt_heavy)",0.08723403288709368,203,249,836,1,0.6493405740884407,0.3506594259115593,0.9950980392156863,0.2294930875576037,0.19538017324350337,0.996,1.291484895393564,0.021359949602330817
"single best (hybrid_dnn(64,)_conv(8, 16)_gbdt100-5-0.05_gbdt_heavy)",0.08730651262407742,203,250,835,1,0.6485647788983708,0.35143522110162917,0.9950980392156863,0.2304147465437788,0.1955684007707129,0.9960159362549801,1.2930315838910416,0.021274509803921492
"single best (hybrid_dnn(64,)_conv(8, 16)_gbdt100-5-0.05_gbdt_heavy)",0.08733011737514726,203,251,834,1,0.647788983708301,0.35221101629169904,0.9950980392156863,0.2313364055299539,0.19575699132111862,0.996031746031746,1.2945819814736446,0.02118975080071862
"single best (hybrid_dnn(64,)_conv(8, 16)_gbdt100-5-0.05_gbdt_heavy)",0.08741417405561915,203,252,833,1,0.6470131885182312,0.3529868114817688,0.9950980392156863,0.23225806451612904,0.19594594594594594,0.9960474308300395,1.2961361014994235,0.021105664488017352
"single best (hybrid_dnn(64,)_conv(8, 16)_gbdt100-5-0.05_gbdt_heavy)",0.08743999714077041,203,253,832,1,0.6462373933281613,0.3537626066718387,0.9950980392156863,0.23317972350230415,0.1961352657004831,0.9960629921259843,1.2976939573906485,0.021022242889250486
"single best (hybrid_dnn(64,)_conv(8, 16)_gbdt100-5-0.05_gbdt_heavy)",0.0877655016922547,203,254,831,1,0.6454615981380916,0.35453840186190844,0.9950980392156863,0.23410138248847925,0.19632495164410058,0.996078431372549,1.2992555626341993,0.020939478153466036
"single best (hybrid_dnn(64,)_conv(8, 16)_gbdt100-5-0.05_gbdt_heavy)",0.08814066734650652,203,255,830,1,0.6446858029480217,0.3553141970519783,0.9950980392156863,0.2350230414746544,0.19651500484027107,0.99609375,1.3008209307819514,0.020857362552864207
"single best (hybrid_dnn(64,)_conv(8, 16)_gbdt100-5-0.05_gbdt_heavy)",0.08827835226163307,203,256,829,1,0.6439100077579519,0.35608999224204807,0.9950980392156863,0.2359447004608295,0.19670542635658914,0.9961089494163424,1.3023900754511697,0.020775888480392083
"single best (hybrid_dnn(64,)_conv(8, 16)_gbdt100-5-0.05_gbdt_heavy)",0.0883109538730853,203,257,828,1,0.6431342125678821,0.35686578743211794,0.9950980392156863,0.2368663594470046,0.19689621726479145,0.9961240310077519,1.303963010324903,0.02069504844739445
"single best (hybrid_dnn(64,)_conv(8, 16)_gbdt100-5-0.05_gbdt_heavy)",0.08840770914524779,203,258,827,1,0.6423584173778123,0.3576415826221877,0.9950980392156863,0.23778801843317973,0.1970873786407767,0.9961389961389961,1.3055397491523817,0.020614835081319276
"single best (hybrid_dnn(64,)_conv(8, 16)_gbdt100-5-0.05_gbdt_heavy)",0.08858332793601749,203,259,826,1,0.6415826221877424,0.3584173778122576,0.9950980392156863,0.23870967741935484,0.19727891156462585,0.9961538461538462,1.3071203057494185,0.020535241123476346
"single best (hybrid_dnn(64,)_conv(8, 16)_gbdt100-5-0.05_gbdt_heavy)",0.08900346257035133,203,260,825,1,0.6408068269976727,0.35919317300232734,0.9950980392156863,0.23963133640552994,0.19747081712062256,0.9961685823754789,1.3087046939988116,0.02045625942684759
"single best (hybrid_dnn(64,)_conv(8, 16)_gbdt100-5-0.05_gbdt_heavy)",0.08909639030559446,203,261,824,1,0.6400310318076028,0.3599689681923972,0.9950980392156863,0.24055299539170508,0.1976630963972736,0.9961832061068703,1.310292927850752,0.02037788295394779
"single best (hybrid_dnn(64,)_conv(8, 16)_gbdt100-5-0.05_gbdt_heavy)",0.08918571786322352,203,262,823,1,0.6392552366175329,0.3607447633824671,0.9950980392156863,0.24147465437788018,0.19785575048732942,0.9961977186311787,1.3118850213232316,0.02030010477473425
"single best (hybrid_dnn(64,)_conv(8, 16)_gbdt100-5-0.05_gbdt_heavy)",0.08922011849160365,203,263,822,1,0.6384794414274632,0.36152055857253684,0.9950980392156863,0.2423963133640553,0.1980487804878049,0.9962121212121212,1.313480988502457,0.02022291806456416
"single best (hybrid_dnn(64,)_conv(8, 16)_gbdt100-5-0.05_gbdt_heavy)",0.08986021017387101,203,264,821,1,0.6377036462373933,0.3622963537626067,0.9950980392156863,0.24331797235023042,0.1982421875,0.9962264150943396,1.315080843543264,0.020146316102198383
"single best (hybrid_dnn(64,)_conv(8, 16)_gbdt100-5-0.05_gbdt_heavy)",0.08989603748173922,203,265,820,1,0.6369278510473235,0.3630721489526765,0.9950980392156863,0.24423963133640553,0.198435972629521,0.9962406015037594,1.316684600669536,0.020070292267850464
"single best (hybrid_dnn(64,)_conv(8, 16)_gbdt100-5-0.05_gbdt_heavy)",0.08993894944700143,203,266,819,1,0.6361520558572537,0.36384794414274635,0.9950980392156863,0.24516129032258063,0.19863013698630136,0.9962546816479401,1.318292274174627,0.0199948400412796
"single best (hybrid_dnn(64,)_conv(8, 16)_gbdt100-5-0.05_gbdt_heavy)",0.09008042058871096,203,267,818,1,0.6353762606671839,0.3646237393328161,0.9950980392156863,0.24608294930875577,0.19882468168462292,0.996268656716418,1.3199038784217842,0.01991995299992649
"single best (hybrid_dnn(64,)_conv(8, 16)_gbdt100-5-0.05_gbdt_heavy)",0.09015803292886553,203,268,817,1,0.634600465477114,0.365399534522886,0.9950980392156863,0.24700460829493087,0.19901960784313724,0.9962825278810409,1.3215194278445772,0.019845624817090946
"single best (hybrid_dnn(64,)_conv(8, 16)_gbdt100-5-0.05_gbdt_heavy)",0.09022067774553195,203,269,816,1,0.6338246702870443,0.36617532971295574,0.9950980392156863,0.24792626728110598,0.19921491658488713,0.9962962962962963,1.323138936947328,0.019771849260150087
"single best (hybrid_dnn(64,)_conv(8, 16)_gbdt100-5-0.05_gbdt_heavy)",0.09038419355161571,203,270,815,1,0.6330488750969744,0.3669511249030256,0.9950980392156863,0.2488479262672811,0.1994106090373281,0.996309963099631,1.3247624203055457,0.019698620188816195
"single best (hybrid_dnn(64,)_conv(8, 16)_gbdt100-5-0.05_gbdt_heavy)",0.09060005717744193,203,271,814,1,0.6322730799069046,0.3677269200930954,0.9950980392156863,0.24976958525345622,0.19960668633235004,0.9963235294117647,1.3263898925663633,0.01962593155343311
"single best (hybrid_dnn(64,)_conv(8, 16)_gbdt100-5-0.05_gbdt_heavy)",0.09063545773227304,203,272,813,1,0.6314972847168348,0.36850271528316525,0.9950980392156863,0.25069124423963135,0.19980314960629922,0.9963369963369964,1.3280213684489788,0.019553777393310195
"single best (hybrid_dnn(64,)_conv(8, 16)_gbdt100-5-0.05_gbdt_heavy)",0.09078990768288558,203,273,812,1,0.630721489526765,0.369278510473235,0.9950980392156863,0.25161290322580643,0.2,0.9963503649635036,1.329656862745098,0.019482151835092946
"single best (hybrid_dnn(64,)_conv(8, 16)_gbdt100-5-0.05_gbdt_heavy)",0.0908931433076681,203,274,811,1,0.6299456943366951,0.3700543056633049,0.9950980392156863,0.25253456221198156,0.20019723865877712,0.9963636363636363,1.331296390319383,0.019411049091169245
"single best (hybrid_dnn(64,)_conv(8, 16)_gbdt100-5-0.05_gbdt_heavy)",0.09096867842414946,203,275,810,1,0.6291698991466252,0.37083010085337476,0.9950980392156863,0.2534562211981567,0.20039486673247778,0.9963768115942029,1.3329399661099008,0.019340463458110448
"single best (hybrid_dnn(64,)_conv(8, 16)_gbdt100-5-0.05_gbdt_heavy)",0.09098457054407516,203,276,809,1,0.6283941039565555,0.3716058960434445,0.9950980392156863,0.2543778801843318,0.20059288537549408,0.9963898916967509,1.3345876051285779,0.019270389315146283
"single best (hybrid_dnn(64,)_conv(8, 16)_gbdt100-5-0.05_gbdt_heavy)",0.09119051432580046,203,277,808,1,0.6276183087664856,0.3723816912335144,0.9950980392156863,0.2552995391705069,0.20079129574678536,0.9964028776978417,1.3362393224616578,0.019200821122672827
"single best (hybrid_dnn(64,)_conv(8, 16)_gbdt100-5-0.05_gbdt_heavy)",0.09178401067612228,203,278,807,1,0.6268425135764158,0.37315748642358415,0.9950980392156863,0.25622119815668204,0.200990099009901,0.996415770609319,1.3378951332701605,0.019131753420792708
"single best (hybrid_dnn(64,)_conv(8, 16)_gbdt100-5-0.05_gbdt_heavy)",0.09203627121839619,203,279,806,1,0.626066718386346,0.373933281613654,0.9950980392156863,0.2571428571428571,0.20118929633300298,0.9964285714285714,1.3395550527903468,0.019063180827886644
"single best (hybrid_dnn(64,)_conv(8, 16)_gbdt100-5-0.05_gbdt_heavy)",0.09212720396270083,203,280,805,1,0.6252909231962762,0.3747090768037238,0.9950980392156863,0.25806451612903225,0.2013888888888889,0.99644128113879,1.341219096334186,0.01899509803921562
"single best (hybrid_dnn(64,)_conv(8, 16)_gbdt100-5-0.05_gbdt_heavy)",0.09265740917798615,203,281,804,1,0.6245151280062063,0.37548487199379366,0.9950980392156863,0.2589861751152074,0.2015888778550149,0.9964539007092199,1.3428872792898254,0.01892749982555293
"single best (hybrid_dnn(64,)_conv(8, 16)_gbdt100-5-0.05_gbdt_heavy)",0.09274074513359482,203,282,803,1,0.6237393328161366,0.3762606671838634,0.9950980392156863,0.25990783410138246,0.20178926441351888,0.9964664310954063,1.3445596171220668,0.018860381031845296
"single best (hybrid_dnn(64,)_conv(8, 16)_gbdt100-5-0.05_gbdt_heavy)",0.09274713549685235,203,283,802,1,0.6229635376260667,0.3770364623739333,0.9950980392156863,0.2608294930875576,0.2019900497512438,0.9964788732394366,1.3462361253728425,0.01879373657590238
"single best (hybrid_dnn(64,)_conv(8, 16)_gbdt100-5-0.05_gbdt_heavy)",0.092962931010017,203,284,801,1,0.622187742435997,0.37781225756400305,0.9950980392156863,0.26175115207373273,0.20219123505976094,0.9964912280701754,1.3479168196616975,0.01872756144711399
"single best (hybrid_dnn(64,)_conv(8, 16)_gbdt100-5-0.05_gbdt_heavy)",0.09342418610663972,203,285,800,1,0.6214119472459271,0.3785880527540729,0.9950980392156863,0.2626728110599078,0.2023928215353938,0.9965034965034965,1.3496017156862745,0.018661850705194293
"single best (hybrid_dnn(64,)_conv(8, 16)_gbdt100-5-0.05_gbdt_heavy)",0.09377275387486793,203,286,799,1,0.6206361520558572,0.3793638479441428,0.9950980392156863,0.26359447004608294,0.2025948103792415,0.9965156794425087,1.351290829222803,0.018596599478952355
"single best (hybrid_dnn(64,)_conv(8, 16)_gbdt100-5-0.05_gbdt_heavy)",0.0938093580882118,203,287,798,1,0.6198603568657874,0.38013964313421256,0.9950980392156863,0.2645161290322581,0.20279720279720279,0.9965277777777778,1.352984176126591,0.01853180296508841
"single best (hybrid_dnn(64,)_conv(8, 16)_gbdt100-5-0.05_gbdt_heavy)",0.09418510189382598,203,288,797,1,0.6190845616757176,0.38091543832428243,0.9950980392156863,0.2654377880184332,0.203,0.9965397923875432,1.3546817723325215,0.018467456427015184
"single best (hybrid_dnn(64,)_conv(8, 16)_gbdt100-5-0.05_gbdt_heavy)",0.09444447028223828,203,289,796,1,0.6183087664856478,0.3816912335143522,0.9950980392156863,0.2663594470046083,0.2032032032032032,0.996551724137931,1.3563836338555522,0.018403555193703715
"single best (hybrid_dnn(64,)_conv(8, 16)_gbdt100-5-0.05_gbdt_heavy)",0.09448227299826162,203,290,795,1,0.6175329712955779,0.38246702870442206,0.9950980392156863,0.2672811059907834,0.20340681362725452,0.9965635738831615,1.3580897767912197,0.018340094658553012
"single best (hybrid_dnn(64,)_conv(8, 16)_gbdt100-5-0.05_gbdt_heavy)",0.09452922726403667,203,291,794,1,0.6167571761055082,0.3832428238944918,0.9950980392156863,0.26820276497695855,0.20361083249749248,0.9965753424657534,1.3598002173161456,0.018277070278283066
"single best (hybrid_dnn(64,)_conv(8, 16)_gbdt100-5-0.05_gbdt_heavy)",0.0946724909135026,203,292,793,1,0.6159813809154383,0.3840186190845617,0.9950980392156863,0.26912442396313363,0.20381526104417672,0.9965870307167235,1.3615149716885493,0.018214477571850594
"single best (hybrid_dnn(64,)_conv(8, 16)_gbdt100-5-0.05_gbdt_heavy)",0.09505927324393697,203,293,792,1,0.6152055857253685,0.38479441427463146,0.9950980392156863,0.27004608294930876,0.20402010050251257,0.9965986394557823,1.3632340562487621,0.018152312119386938
"single best (hybrid_dnn(64,)_conv(8, 16)_gbdt100-5-0.05_gbdt_heavy)",0.09531793735531675,203,294,791,1,0.6144297905352987,0.38557020946470133,0.9950980392156863,0.2709677419354839,0.20422535211267606,0.9966101694915255,1.3649574874197468,0.018090569561157732
"single best (hybrid_dnn(64,)_conv(8, 16)_gbdt100-5-0.05_gbdt_heavy)",0.09533367525880969,203,295,790,1,0.6136539953452289,0.3863460046547711,0.9950980392156863,0.271889400921659,0.20443101711983888,0.9966216216216216,1.3666852817076198,0.01802924559654364
"single best (hybrid_dnn(64,)_conv(8, 16)_gbdt100-5-0.05_gbdt_heavy)",0.09550522175452603,203,296,789,1,0.612878200155159,0.38712179984484096,0.9950980392156863,0.2728110599078341,0.20463709677419356,0.9966329966329966,1.3684174557021795,0.017968335983041803
"single best (hybrid_dnn(64,)_conv(8, 16)_gbdt100-5-0.05_gbdt_heavy)",0.0955199477557027,203,297,788,1,0.6121024049650892,0.38789759503491084,0.9950980392156863,0.27373271889400924,0.20484359233097882,0.9966442953020134,1.3701540260774363,0.01790783653528745
"single best (hybrid_dnn(64,)_conv(8, 16)_gbdt100-5-0.05_gbdt_heavy)",0.09557336701110136,203,298,787,1,0.6113266097750194,0.3886733902249806,0.9950980392156863,0.2746543778801843,0.20505050505050504,0.9966555183946488,1.371895009592147,0.017847743124095213
"single best (hybrid_dnn(64,)_conv(8, 16)_gbdt100-5-0.05_gbdt_heavy)",0.09577606595519746,203,299,786,1,0.6105508145849495,0.38944918541505047,0.9950980392156863,0.27557603686635945,0.20525783619817997,0.9966666666666667,1.3736404230903558,0.017788051675519643
"single best (hybrid_dnn(64,)_conv(8, 16)_gbdt100-5-0.05_gbdt_heavy)",0.0958023934574191,203,300,785,1,0.6097750193948798,0.39022498060512023,0.9950980392156863,0.2764976958525346,0.2054655870445344,0.9966777408637874,1.3753902835019358,0.017728758169934578
"single best (hybrid_dnn(64,)_conv(8, 16)_gbdt100-5-0.05_gbdt_heavy)",0.09584282840067107,203,301,784,1,0.6089992242048099,0.3910007757951901,0.9950980392156863,0.27741935483870966,0.20567375886524822,0.9966887417218543,1.377144607843137,0.017669858641130808
"single best (hybrid_dnn(64,)_conv(8, 16)_gbdt100-5-0.05_gbdt_heavy)",0.09612249376890394,203,302,783,1,0.6082234290147401,0.39177657098525986,0.9950980392156863,0.2783410138248848,0.20588235294117646,0.9966996699669967,1.3789034132171387,0.0176113491754317
"single best (hybrid_dnn(64,)_conv(8, 16)_gbdt100-5-0.05_gbdt_heavy)",0.0965103001572059,203,303,782,1,0.6074476338246703,0.39255236617532974,0.9950980392156863,0.27926267281105993,0.20609137055837565,0.9967105263157895,1.380666716814603,0.017553225910826312
"single best (hybrid_dnn(64,)_conv(8, 16)_gbdt100-5-0.05_gbdt_heavy)",0.09655839008873814,203,304,781,1,0.6066718386346005,0.3933281613653995,0.9950980392156863,0.280184331797235,0.20630081300813008,0.9967213114754099,1.3824345359142376,0.01749548503611965
"single best (hybrid_dnn(64,)_conv(8, 16)_gbdt100-5-0.05_gbdt_heavy)",0.09659471150575932,203,305,780,1,0.6058960434445306,0.39410395655546937,0.9950980392156863,0.28110599078341014,0.20651068158697863,0.9967320261437909,1.3842068878833584,0.017438122790099583
"single best (hybrid_dnn(64,)_conv(8, 16)_gbdt100-5-0.05_gbdt_heavy)",0.0967204368170203,203,306,779,1,0.6051202482544609,0.39487975174553913,0.9950980392156863,0.2820276497695853,0.20672097759674135,0.996742671009772,1.385983790178459,0.017381135460720173
"single best (hybrid_dnn(64,)_conv(8, 16)_gbdt100-5-0.05_gbdt_heavy)",0.0967613036205678,203,307,778,1,0.604344453064391,0.395655546935609,0.9950980392156863,0.28294930875576035,0.2069317023445464,0.9967532467532467,1.3877652603457837,0.01732451938430089
"single best (hybrid_dnn(64,)_conv(8, 16)_gbdt100-5-0.05_gbdt_heavy)",0.09705562179357352,203,308,777,1,0.6035686578743211,0.3964313421256789,0.9950980392156863,0.2838709677419355,0.20714285714285716,0.9967637540453075,1.3895513160219044,0.01726827094474147
"single best (hybrid_dnn(64,)_conv(8, 16)_gbdt100-5-0.05_gbdt_heavy)",0.09705838147760844,203,309,776,1,0.6027928626842514,0.39720713731574864,0.9950980392156863,0.2847926267281106,0.20735444330949948,0.9967741935483871,1.391341974934304,0.017212386572752016
"single best (hybrid_dnn(64,)_conv(8, 16)_gbdt100-5-0.05_gbdt_heavy)",0.09707104840877016,203,310,775,1,0.6020170674941815,0.3979829325058185,0.9950980392156863,0.2857142857142857,0.20756646216768918,0.9967845659163987,1.3931372549019607,0.017156862745097978
"single best (hybrid_dnn(64,)_conv(8, 16)_gbdt100-5-0.05_gbdt_heavy)",0.09708758660409048,203,311,774,1,0.6012412723041117,0.39875872769588827,0.9950980392156863,0.28663594470046083,0.20777891504605936,0.9967948717948718,1.3949371738359426,0.01710169598385972
"single best (hybrid_dnn(64,)_conv(8, 16)_gbdt100-5-0.05_gbdt_heavy)",0.09710056816049016,203,312,773,1,0.6004654771140419,0.39953452288595814,0.9950980392156863,0.28755760368663597,0.20799180327868852,0.9968051118210862,1.3967417497399996,0.017046882855706325
"single best (hybrid_dnn(64,)_conv(8, 16)_gbdt100-5-0.05_gbdt_heavy)",0.09729216389206534,203,313,772,1,0.5996896819239721,0.4003103180760279,0.9950980392156863,0.28847926267281104,0.2082051282051282,0.9968152866242038,1.3985510007111652,0.016992419971183302
"single best (hybrid_dnn(64,)_conv(8, 16)_gbdt100-5-0.05_gbdt_heavy)",0.0977140967121664,203,314,771,1,0.5989138867339022,0.4010861132660978,0.9950980392156863,0.2894009216589862,0.20841889117043122,0.9968253968253968,1.4003649449403626,0.016938303984013928
"single best (hybrid_dnn(64,)_conv(8, 16)_gbdt100-5-0.05_gbdt_heavy)",0.09794070161559616,203,315,770,1,0.5981380915438325,0.40186190845616754,0.9950980392156863,0.2903225806451613,0.20863309352517986,0.9968354430379747,1.4021836007130124,0.016884531590413882
"single best (hybrid_dnn(64,)_conv(8, 16)_gbdt100-5-0.05_gbdt_heavy)",0.0979906355999014,203,316,769,1,0.5973622963537626,0.4026377036462374,0.9950980392156863,0.2912442396313364,0.2088477366255144,0.9968454258675079,1.4040069864096483,0.016831099528418905
"single best (hybrid_dnn(64,)_conv(8, 16)_gbdt100-5-0.05_gbdt_heavy)",0.09817507337665948,203,317,768,1,0.5965865011636928,0.40341349883630717,0.9950980392156863,0.2921658986175115,0.2090628218331617,0.9968553459119497,1.405835120506536,0.016778004577225152
"single best (hybrid_dnn(64,)_conv(8, 16)_gbdt100-5-0.05_gbdt_heavy)",0.09825052895898398,203,318,767,1,0.595810705973623,0.40418929402637704,0.9950980392156863,0.29308755760368665,0.20927835051546392,0.9968652037617555,1.407668021576297,0.016725243556542053
"single best (hybrid_dnn(64,)_conv(8, 16)_gbdt100-5-0.05_gbdt_heavy)",0.09826481864903798,203,319,766,1,0.5950349107835532,0.4049650892164468,0.9950980392156863,0.29400921658986173,0.20949432404540763,0.996875,1.4095057082885374,0.016672813325957284
"single best (hybrid_dnn(64,)_conv(8, 16)_gbdt100-5-0.05_gbdt_heavy)",0.09882346419955222,203,320,765,1,0.5942591155934833,0.4057408844065167,0.9950980392156863,0.29493087557603687,0.2097107438016529,0.9968847352024922,1.4113481994104833,0.016620710784313666
"single best (hybrid_dnn(64,)_conv(8, 16)_gbdt100-5-0.05_gbdt_heavy)",0.0988942504643617,203,321,764,1,0.5934833204034135,0.40651667959658655,0.9950980392156863,0.295852534562212,0.20992761116856257,0.9968944099378882,1.4131955138076175,0.016568932869097736
"single best (hybrid_dnn(64,)_conv(8, 16)_gbdt100-5-0.05_gbdt_heavy)",0.09894788325881208,203,322,763,1,0.5927075252133437,0.4072924747866563,0.9950980392156863,0.2967741935483871,0.21014492753623187,0.9969040247678018,1.4150476704443244,0.01651747655583967
"single best (hybrid_dnn(64,)_conv(8, 16)_gbdt100-5-0.05_gbdt_heavy)",0.0991726129916613,203,323,762,1,0.5919317300232738,0.4080682699767262,0.9950980392156863,0.2976958525345622,0.21036269430051813,0.9969135802469136,1.4169046883845402,0.016466338857524375
"single best (hybrid_dnn(64,)_conv(8, 16)_gbdt100-5-0.05_gbdt_heavy)",0.09919299367353804,203,324,761,1,0.591155934833204,0.40884406516679594,0.9950980392156863,0.29861751152073734,0.21058091286307054,0.9969230769230769,1.4187665867924042,0.016415516824013498
"single best (hybrid_dnn(64,)_conv(8, 16)_gbdt100-5-0.05_gbdt_heavy)",0.0992604810758385,203,325,760,1,0.5903801396431342,0.4096198603568658,0.9950980392156863,0.2995391705069124,0.21079958463136034,0.9969325153374233,1.4206333849329205,0.01636500754147807
"single best (hybrid_dnn(64,)_conv(8, 16)_gbdt100-5-0.05_gbdt_heavy)",0.09951662045426252,203,326,759,1,0.5896043444530644,0.4103956555469356,0.9950980392156863,0.30046082949308756,0.21101871101871103,0.9969418960244648,1.4225051021726212,0.016314808131841635
"single best (hybrid_dnn(64,)_conv(8, 16)_gbdt100-5-0.05_gbdt_heavy)",0.09953610455787341,203,327,758,1,0.5888285492629945,0.41117145073700545,0.9950980392156863,0.3013824884792627,0.21123829344432882,0.9969512195121951,1.424381757980237,0.016264915752233558
"single best (hybrid_dnn(64,)_conv(8, 16)_gbdt100-5-0.05_gbdt_heavy)",0.10021109978367385,203,328,757,1,0.5880527540729248,0.4119472459270752,0.9950980392156863,0.30230414746543777,0.21145833333333333,0.9969604863221885,1.4262633719273707,0.016215327594452357
"single best (hybrid_dnn(64,)_conv(8, 16)_gbdt100-5-0.05_gbdt_heavy)",0.10082973687312843,203,329,756,1,0.5872769588828549,0.4127230411171451,0.9950980392156863,0.3032258064516129,0.2116788321167883,0.996969696969697,1.4281499636891795,0.016166040884438824
"single best (hybrid_dnn(64,)_conv(8, 16)_gbdt100-5-0.05_gbdt_heavy)",0.10084252619153188,203,330,755,1,0.5865011636927852,0.41349883630721485,0.9950980392156863,0.30414746543778803,0.21189979123173278,0.9969788519637462,1.4300415530450592,0.016117052881758707
"single best (hybrid_dnn(64,)_conv(8, 16)_gbdt100-5-0.05_gbdt_heavy)",0.1009152091458395,203,331,754,1,0.5857253685027153,0.4142746314972847,0.9950980392156863,0.3050691244239631,0.21212121212121213,0.9969879518072289,1.4319381598793364,0.016068360879094783
"single best (hybrid_dnn(64,)_conv(8, 16)_gbdt100-5-0.05_gbdt_heavy)",0.10092038549161561,203,332,753,1,0.5849495733126454,0.4150504266873546,0.9950980392156863,0.30599078341013825,0.21234309623430964,0.996996996996997,1.433839804181965,0.016019962201748113
"single best (hybrid_dnn(64,)_conv(8, 16)_gbdt100-5-0.05_gbdt_heavy)",0.10106675418062953,203,333,752,1,0.5841737781225756,0.41582622187742435,0.9950980392156863,0.3069124423963134,0.21256544502617802,0.9970059880239521,1.4357465060492283,0.015971854207148268
"single best (hybrid_dnn(64,)_conv(8, 16)_gbdt100-5-0.05_gbdt_heavy)",0.10117141724543913,203,334,751,1,0.5833979829325058,0.4166020170674942,0.9950980392156863,0.30783410138248846,0.21278825995807127,0.9970149253731343,1.4376582856844469,0.015924034284372376
"single best (hybrid_dnn(64,)_conv(8, 16)_gbdt100-5-0.05_gbdt_heavy)",0.10123570771534782,203,335,750,1,0.582622187742436,0.417377812257564,0.9950980392156863,0.3087557603686636,0.2130115424973767,0.9970238095238095,1.4395751633986928,0.015876499853672756
"single best (hybrid_dnn(64,)_conv(8, 16)_gbdt100-5-0.05_gbdt_heavy)",0.10144102425183771,203,336,749,1,0.5818463925523661,0.41815360744763386,0.9950980392156863,0.3096774193548387,0.21323529411764705,0.9970326409495549,1.4414971596115083,0.015829248366013016
"single best (hybrid_dnn(64,)_conv(8, 16)_gbdt100-5-0.05_gbdt_heavy)",0.10147723813808446,203,337,748,1,0.5810705973622964,0.4189294026377036,0.9950980392156863,0.3105990783410138,0.21345951629863302,0.9970414201183432,1.4434242948516303,0.015782277302612384
"single best (hybrid_dnn(64,)_conv(8, 16)_gbdt100-5-0.05_gbdt_heavy)",0.1015810046730698,203,338,747,1,0.5802948021722265,0.4197051978277735,0.9950980392156863,0.31152073732718893,0.21368421052631578,0.9970501474926253,1.4453565897577236,0.015735584174498145
"single best (hybrid_dnn(64,)_conv(8, 16)_gbdt100-5-0.05_gbdt_heavy)",0.10180717556416577,203,339,746,1,0.5795190069821567,0.42048099301784325,0.9950980392156863,0.31244239631336407,0.21390937829293993,0.9970588235294118,1.4472940650791146,0.015689166522065996
"single best (hybrid_dnn(64,)_conv(8, 16)_gbdt100-5-0.05_gbdt_heavy)",0.10226091442553144,203,340,745,1,0.5787432117920869,0.4212567882079131,0.9950980392156863,0.31336405529953915,0.2141350210970464,0.9970674486803519,1.4492367416765364,0.01564302191464816
"single best (hybrid_dnn(64,)_conv(8, 16)_gbdt100-5-0.05_gbdt_heavy)",0.10226290238660918,203,341,744,1,0.5779674166020171,0.4220325833979829,0.9950980392156863,0.3142857142857143,0.21436114044350582,0.9970760233918129,1.4511846405228759,0.015597147950089072
"single best (hybrid_dnn(64,)_conv(8, 16)_gbdt100-5-0.05_gbdt_heavy)",0.1023055637545635,203,342,743,1,0.5771916214119472,0.42280837858805276,0.9950980392156863,0.3152073732718894,0.21458773784355178,0.9970845481049563,1.4531377827039296,0.015551542254328575
"single best (hybrid_dnn(64,)_conv(8, 16)_gbdt100-5-0.05_gbdt_heavy)",0.10232233252161294,203,343,742,1,0.5764158262218774,0.42358417377812263,0.9950980392156863,0.3161290322580645,0.21481481481481482,0.997093023255814,1.455096189419164,0.015506202480992343
"single best (hybrid_dnn(64,)_conv(8, 16)_gbdt100-5-0.05_gbdt_heavy)",0.10249707509198111,203,344,741,1,0.5756400310318076,0.4243599689681924,0.9950980392156863,0.3170506912442396,0.21504237288135594,0.9971014492753624,1.4570598819824827,0.015461126310989457
"single best (hybrid_dnn(64,)_conv(8, 16)_gbdt100-5-0.05_gbdt_heavy)",0.10287680975804525,203,345,740,1,0.5748642358417377,0.42513576415826226,0.9950980392156863,0.31797235023041476,0.21527041357370094,0.9971098265895953,1.4590288818229997,0.015416311452117023
"single best (hybrid_dnn(64,)_conv(8, 16)_gbdt100-5-0.05_gbdt_heavy)",0.10294133199220697,203,346,739,1,0.574088440651668,0.425911559348332,0.9950980392156863,0.31889400921658984,0.21549893842887474,0.9971181556195965,1.4610032104858182,0.0153717556386716
"single best (hybrid_dnn(64,)_conv(8, 16)_gbdt100-5-0.05_gbdt_heavy)",0.10318232447545395,203,347,738,1,0.5733126454615981,0.4266873545384019,0.9950980392156863,0.31981566820276497,0.2157279489904357,0.9971264367816092,1.4629828896328179,0.015327456631067358
"single best (hybrid_dnn(64,)_conv(8, 16)_gbdt100-5-0.05_gbdt_heavy)",0.10318573444921168,203,348,737,1,0.5725368502715283,0.42746314972847166,0.9950980392156863,0.3207373271889401,0.21595744680851064,0.997134670487106,1.464967941043446,0.015283412215460842
"single best (hybrid_dnn(64,)_conv(8, 16)_gbdt100-5-0.05_gbdt_heavy)",0.10326364589245812,203,349,736,1,0.5717610550814585,0.42823894491854153,0.9950980392156863,0.3216589861751152,0.2161874334398296,0.9971428571428571,1.4669583866155156,0.015239620203382159
"single best (hybrid_dnn(64,)_conv(8, 16)_gbdt100-5-0.05_gbdt_heavy)",0.10345489848536836,203,350,735,1,0.5709852598913887,0.4290147401086113,0.9950980392156863,0.3225806451612903,0.21641791044776118,0.9971509971509972,1.468954248366013,0.015196078431372495
"single best (hybrid_dnn(64,)_conv(8, 16)_gbdt100-5-0.05_gbdt_heavy)",0.10392697744195332,203,351,734,1,0.5702094647013188,0.42979053529868116,0.9950980392156863,0.32350230414746545,0.21664887940234792,0.9971590909090909,1.4709555484319068,0.015152784760627844
"single best (hybrid_dnn(64,)_conv(8, 16)_gbdt100-5-0.05_gbdt_heavy)",0.10419650370818831,203,352,733,1,0.5694336695112491,0.4305663304887509,0.9950980392156863,0.3244239631336406,0.2168803418803419,0.9971671388101983,1.472962309070968,0.015109737076648786
"single best (hybrid_dnn(64,)_conv(8, 16)_gbdt100-5-0.05_gbdt_heavy)",0.10446698645238983,203,353,732,1,0.5686578743211792,0.4313421256788208,0.9950980392156863,0.32534562211981566,0.21711229946524063,0.9971751412429378,1.474974552662595,0.015066933288896241
"single best (hybrid_dnn(64,)_conv(8, 16)_gbdt100-5-0.05_gbdt_heavy)",0.10472566198724585,203,354,731,1,0.5678820791311094,0.43211792086889056,0.9950980392156863,0.3262672811059908,0.21734475374732334,0.9971830985915493,1.4769923017086453,0.015024371330453031
"single best (hybrid_dnn(64,)_conv(8, 16)_gbdt100-5-0.05_gbdt_heavy)",0.10483604401987419,203,355,730,1,0.5671062839410396,0.43289371605896043,0.9950980392156863,0.3271889400921659,0.21757770632368703,0.9971910112359551,1.4790155788342736,0.01498204915769119
"single best (hybrid_dnn(64,)_conv(8, 16)_gbdt100-5-0.05_gbdt_heavy)",0.10519278248634381,203,356,729,1,0.5663304887509697,0.4336695112490303,0.9950980392156863,0.328110599078341,0.21781115879828325,0.9971988795518207,1.4810444067887787,0.014939964749944868
"single best (hybrid_dnn(64,)_conv(8, 16)_gbdt100-5-0.05_gbdt_heavy)",0.10578182405494475,203,357,728,1,0.5655546935608999,0.43444530643910007,0.9950980392156863,0.32903225806451614,0.21804511278195488,0.9972067039106145,1.4830788084464557,0.01489811610918872
"single best (hybrid_dnn(64,)_conv(8, 16)_gbdt100-5-0.05_gbdt_heavy)",0.10590893414417529,203,358,727,1,0.5647788983708301,0.43522110162916994,0.9950980392156863,0.32995391705069127,0.21827956989247313,0.9972144846796658,1.485118806807455,0.014856501259721712
"single best (hybrid_dnn(64,)_conv(8, 16)_gbdt100-5-0.05_gbdt_heavy)",0.10597846498891206,202,358,727,2,0.5655546935608999,0.43444530643910007,0.9901960784313726,0.32995391705069127,0.21743810548977396,0.9944444444444445,1.4778029506162853,0.029713002519443425
"single best (hybrid_dnn(64,)_conv(8, 16)_gbdt100-5-0.05_gbdt_heavy)",0.10612486187130607,202,359,726,2,0.5647788983708301,0.43522110162916994,0.9901960784313726,0.33087557603686635,0.21767241379310345,0.9944598337950139,1.4798384918705774,0.02963023649571239
"single best (hybrid_dnn(64,)_conv(8, 16)_gbdt100-5-0.05_gbdt_heavy)",0.10614284410938558,202,360,725,2,0.5640031031807603,0.4359968968192397,0.9901960784313726,0.3317972350230415,0.21790722761596548,0.994475138121547,1.4818796484110885,0.029547930283224295
"single best (hybrid_dnn(64,)_conv(8, 16)_gbdt100-5-0.05_gbdt_heavy)",0.10631370782770054,202,361,724,2,0.5632273079906904,0.43677269200930957,0.9901960784313726,0.3327188940092166,0.21814254859611232,0.9944903581267218,1.4839264435055792,0.02946608006083309
"single best (hybrid_dnn(64,)_conv(8, 16)_gbdt100-5-0.05_gbdt_heavy)",0.10632171727686333,202,362,723,2,0.5624515128006207,0.43754848719937933,0.9901960784313726,0.3336405529953917,0.21837837837837837,0.9945054945054945,1.4859789005505382,0.029384682049615325
"single best (hybrid_dnn(64,)_conv(8, 16)_gbdt100-5-0.05_gbdt_heavy)",0.10641126644378433,202,363,722,2,0.5616757176105508,0.4383242823894492,0.9901960784313726,0.3345622119815668,0.21861471861471862,0.9945205479452055,1.4880370430720764,0.029303732512288558
"single best (hybrid_dnn(64,)_conv(8, 16)_gbdt100-5-0.05_gbdt_heavy)",0.10665210984922374,202,364,721,2,0.560899922420481,0.43910007757951897,0.9901960784313726,0.33548387096774196,0.218851570964247,0.994535519125683,1.4901008947268228,0.02922322775263941
"single best (hybrid_dnn(64,)_conv(8, 16)_gbdt100-5-0.05_gbdt_heavy)",0.10715719225507515,202,365,720,2,0.5601241272304112,0.43987587276958884,0.9901960784313726,0.33640552995391704,0.21908893709327548,0.9945504087193461,1.4921704793028323,0.02914316411496095
"single best (hybrid_dnn(64,)_conv(8, 16)_gbdt100-5-0.05_gbdt_heavy)",0.10751920116793302,202,366,719,2,0.5593483320403414,0.4406516679596586,0.9901960784313726,0.33732718894009217,0.21932681867535286,0.9945652173913043,1.4942458207204996,0.029063537983499307
"single best (hybrid_dnn(64,)_conv(8, 16)_gbdt100-5-0.05_gbdt_heavy)",0.10763065809474015,202,367,718,2,0.5585725368502715,0.44142746314972847,0.9901960784313726,0.3382488479262673,0.21956521739130436,0.994579945799458,1.496326943033481,0.02898434578190939
"single best (hybrid_dnn(64,)_conv(8, 16)_gbdt100-5-0.05_gbdt_heavy)",0.10802970545310574,202,368,717,2,0.5577967416602017,0.44220325833979834,0.9901960784313726,0.3391705069124424,0.21980413492927095,0.9945945945945946,1.4984138704296224,0.02890558397271942
"single best (hybrid_dnn(64,)_conv(8, 16)_gbdt100-5-0.05_gbdt_heavy)",0.10828161106188133,202,369,716,2,0.5570209464701319,0.4429790535298681,0.9901960784313726,0.3400921658986175,0.22004357298474944,0.9946091644204852,1.5005066272318985,0.02882724905680419
"single best (hybrid_dnn(64,)_conv(8, 16)_gbdt100-5-0.05_gbdt_heavy)",0.10867728425316142,202,370,715,2,0.556245151280062,0.443754848719938,0.9901960784313726,0.34101382488479265,0.2202835332606325,0.9946236559139785,1.5026052378993557,0.028749337572866882
"single best (hybrid_dnn(64,)_conv(8, 16)_gbdt100-5-0.05_gbdt_heavy)",0.10873808679647355,202,371,714,2,0.5554693560899923,0.44453064391000774,0.9901960784313726,0.3419354838709677,0.2205240174672489,0.9946380697050938,1.504709727028066,0.028671846096929236
"single best (hybrid_dnn(64,)_conv(8, 16)_gbdt100-5-0.05_gbdt_heavy)",0.10887344290563626,202,372,713,2,0.5546935608999224,0.4453064391000776,0.9901960784313726,0.34285714285714286,0.22076502732240438,0.9946524064171123,1.5068201193520887,0.028594771241829964
"single best (hybrid_dnn(64,)_conv(8, 16)_gbdt100-5-0.05_gbdt_heavy)",0.10888415780461685,202,373,712,2,0.5539177657098526,0.4460822342901474,0.9901960784313726,0.343778801843318,0.2210065645514223,0.9946666666666667,1.5089364397444371,0.02851810965673122
"single best (hybrid_dnn(64,)_conv(8, 16)_gbdt100-5-0.05_gbdt_heavy)",0.10906639365265626,202,374,711,2,0.5531419705197828,0.44685802948021724,0.9901960784313726,0.34470046082949307,0.2212486308871851,0.9946808510638298,1.511058713218058,0.028441858026633012
"single best (hybrid_dnn(64,)_conv(8, 16)_gbdt100-5-0.05_gbdt_heavy)",0.1093391605782651,202,375,710,2,0.552366175329713,0.447633824670287,0.9901960784313726,0.3456221198156682,0.22149122807017543,0.9946949602122016,1.5131869649268157,0.028366013071895325
"single best (hybrid_dnn(64,)_conv(8, 16)_gbdt100-5-0.05_gbdt_heavy)",0.10936333308336722,202,376,709,2,0.5515903801396431,0.4484096198603569,0.9901960784313726,0.34654377880184334,0.2217343578485181,0.9947089947089947,1.515321220166487,0.028290571547767943
"single best (hybrid_dnn(64,)_conv(8, 16)_gbdt100-5-0.05_gbdt_heavy)",0.10942912469237916,202,377,708,2,0.5508145849495734,0.44918541505042664,0.9901960784313726,0.3474654377880184,0.22197802197802197,0.9947229551451188,1.5174615043757615,0.02821553024392771
"single best (hybrid_dnn(64,)_conv(8, 16)_gbdt100-5-0.05_gbdt_heavy)",0.10944363110787535,202,378,707,2,0.5500387897595035,0.4499612102404965,0.9901960784313726,0.34838709677419355,0.2222222222222222,0.9947368421052631,1.519607843137255,0.028140885984023138
"single best (hybrid_dnn(64,)_conv(8, 16)_gbdt100-5-0.05_gbdt_heavy)",0.10945418258239167,202,379,706,2,0.5492629945694336,0.4507370054305664,0.9901960784313726,0.3493087557603687,0.22246696035242292,0.994750656167979,1.521760262178526,0.028066635625226242
"single best (hybrid_dnn(64,)_conv(8, 16)_gbdt100-5-0.05_gbdt_heavy)",0.10969081977389399,202,380,705,2,0.5484871993793639,0.45151280062063615,0.9901960784313726,0.35023041474654376,0.2227122381477398,0.9947643979057592,1.5239187873731055,0.02799277605779144
"single best (hybrid_dnn(64,)_conv(8, 16)_gbdt100-5-0.05_gbdt_heavy)",0.10994824359019831,202,381,704,2,0.547711404189294,0.452288595810706,0.9901960784313726,0.3511520737327189,0.2229580573951435,0.9947780678851175,1.5260834447415332,0.02791930420462138
"single best (hybrid_dnn(64,)_conv(8, 16)_gbdt100-5-0.05_gbdt_heavy)",0.11030941494611818,202,382,703,2,0.5469356089992242,0.4530643910007758,0.9901960784313726,0.35207373271889403,0.22320441988950276,0.9947916666666666,1.5282542604524032,0.02784621702083965
"single best (hybrid_dnn(64,)_conv(8, 16)_gbdt100-5-0.05_gbdt_heavy)",0.11060750750229126,202,383,702,2,0.5461598138091543,0.45384018619084565,0.9901960784313726,0.3529953917050691,0.2234513274336283,0.9948051948051948,1.5304312608234176,0.027773511493370096
"single best (hybrid_dnn(64,)_conv(8, 16)_gbdt100-5-0.05_gbdt_heavy)",0.11069728467961804,202,384,701,2,0.5453840186190846,0.4546159813809154,0.9901960784313726,0.35391705069124424,0.22369878183831673,0.9948186528497409,1.5326144723224526,0.027701184640522777
"single best (hybrid_dnn(64,)_conv(8, 16)_gbdt100-5-0.05_gbdt_heavy)",0.11111413172237807,202,385,700,2,0.5446082234290147,0.4553917765709853,0.9901960784313726,0.3548387096774194,0.22394678492239467,0.9948320413436692,1.5348039215686275,0.027629233511586353
"single best (hybrid_dnn(64,)_conv(8, 16)_gbdt100-5-0.05_gbdt_heavy)",0.11121390671324873,202,386,699,2,0.543832428238945,0.45616757176105505,0.9901960784313726,0.35576036866359445,0.2241953385127636,0.9948453608247423,1.5369996353333892,0.027557655186426805
"single best (hybrid_dnn(64,)_conv(8, 16)_gbdt100-5-0.05_gbdt_heavy)",0.11130100991301761,202,387,698,2,0.5430566330488751,0.4569433669511249,0.9901960784313726,0.3566820276497696,0.22444444444444445,0.9948586118251928,1.5392016405416034,0.02748644677509237
"single best (hybrid_dnn(64,)_conv(8, 16)_gbdt100-5-0.05_gbdt_heavy)",0.11138081302260636,202,388,697,2,0.5422808378588053,0.4577191621411947,0.9901960784313726,0.3576036866359447,0.22469410456062291,0.9948717948717949,1.541409964272653,0.027415605417424604
"single best (hybrid_dnn(64,)_conv(8, 16)_gbdt100-5-0.05_gbdt_heavy)",0.1114423371365319,202,389,696,2,0.5415050426687354,0.45849495733126455,0.9901960784313726,0.3585253456221198,0.22494432071269488,0.9948849104859335,1.5436246337615507,0.027345128282675442
"single best (hybrid_dnn(64,)_conv(8, 16)_gbdt100-5-0.05_gbdt_heavy)",0.11204791083551116,202,390,695,2,0.5407292474786657,0.4592707525213343,0.9901960784313726,0.35944700460829493,0.22519509476031216,0.9948979591836735,1.5458456764000565,0.02727501256913012
"single best (hybrid_dnn(64,)_conv(8, 16)_gbdt100-5-0.05_gbdt_heavy)",0.11213453803592564,202,391,694,2,0.5399534522885958,0.4600465477114042,0.9901960784313726,0.36036866359447006,0.22544642857142858,0.9949109414758269,1.5480731197378088,0.027205255503735922
"single best (hybrid_dnn(64,)_conv(8, 16)_gbdt100-5-0.05_gbdt_heavy)",0.11231206666403096,202,392,693,2,0.5391776570985259,0.46082234290147406,0.9901960784313726,0.36129032258064514,0.22569832402234638,0.9949238578680203,1.5503069914834622,0.0271358543417366
"single best (hybrid_dnn(64,)_conv(8, 16)_gbdt100-5-0.05_gbdt_heavy)",0.11231213860441348,202,393,692,2,0.5384018619084562,0.4615981380915438,0.9901960784313726,0.3622119815668203,0.22595078299776286,0.9949367088607595,1.5525473195058372,0.027066806366312333
"single best (hybrid_dnn(64,)_conv(8, 16)_gbdt100-5-0.05_gbdt_heavy)",0.11233603708607309,202,394,691,2,0.5376260667183863,0.4623739332816137,0.9901960784313726,0.3631336405529954,0.22620380739081747,0.9949494949494949,1.5547941318350786,0.026998108888225243
"single best (hybrid_dnn(64,)_conv(8, 16)_gbdt100-5-0.05_gbdt_heavy)",0.11234973653762811,202,395,690,2,0.5368502715283165,0.46314972847168345,0.9901960784313726,0.3640552995391705,0.226457399103139,0.9949622166246851,1.557047456663825,0.026929759245470246
"single best (hybrid_dnn(64,)_conv(8, 16)_gbdt100-5-0.05_gbdt_heavy)",0.11236027923069557,202,396,689,2,0.5360744763382467,0.4639255236617533,0.9901960784313726,0.3649769585253456,0.22671156004489337,0.9949748743718593,1.559307322348388,0.026861754802931178
"single best (hybrid_dnn(64,)_conv(8, 16)_gbdt100-5-0.05_gbdt_heavy)",0.1124926928464802,202,397,688,2,0.5352986811481769,0.4647013188518231,0.9901960784313726,0.36589861751152075,0.22696629213483147,0.9949874686716792,1.5615737574099409,0.026794092952042183
"single best (hybrid_dnn(64,)_conv(8, 16)_gbdt100-5-0.05_gbdt_heavy)",0.11283175808256082,202,398,687,2,0.534522885958107,0.46547711404189296,0.9901960784313726,0.36682027649769583,0.22722159730033745,0.995,1.5638467905357192,0.02672677111045414
"single best (hybrid_dnn(64,)_conv(8, 16)_gbdt100-5-0.05_gbdt_heavy)",0.11295048585498883,202,399,686,2,0.5337470907680373,0.4662529092319627,0.9901960784313726,0.36774193548387096,0.22747747747747749,0.9950124688279302,1.566126450580232,0.026659786721706134
"single best (hybrid_dnn(64,)_conv(8, 16)_gbdt100-5-0.05_gbdt_heavy)",0.11308120220247278,202,400,685,2,0.5329712955779674,0.4670287044220326,0.9901960784313726,0.3686635944700461,0.2277339346110485,0.9950248756218906,1.5684127665664807,0.026593137254901866
"single best (hybrid_dnn(64,)_conv(8, 16)_gbdt100-5-0.05_gbdt_heavy)",0.11347183389409786,202,401,684,2,0.5321955003878976,0.46780449961210235,0.9901960784313726,0.3695852534562212,0.22799097065462753,0.9950372208436724,1.5707057676871918,0.02652682020439089
"single best (hybrid_dnn(64,)_conv(8, 16)_gbdt100-5-0.05_gbdt_heavy)",0.11383095987551384,202,402,683,2,0.5314197051978278,0.4685802948021722,0.9901960784313726,0.3705069124423963,0.22824858757062147,0.995049504950495,1.5730054833060605,0.026460833089454593
"single best (hybrid_dnn(64,)_conv(8, 16)_gbdt100-5-0.05_gbdt_heavy)",0.11398959510080132,202,403,682,2,0.5306439100077579,0.4693560899922421,0.9901960784313726,0.37142857142857144,0.22850678733031674,0.9950617283950617,1.575311942959002,0.02639517345399689
"single best (hybrid_dnn(64,)_conv(8, 16)_gbdt100-5-0.05_gbdt_heavy)",0.1140856751908787,202,404,681,2,0.5298681148176881,0.47013188518231186,0.9901960784313726,0.3723502304147465,0.2287655719139298,0.9950738916256158,1.5776251763554174,0.026329838866239474
"single best (hybrid_dnn(64,)_conv(8, 16)_gbdt100-5-0.05_gbdt_heavy)",0.11413843143872712,202,405,680,2,0.5290923196276183,0.47090768037238173,0.9901960784313726,0.37327188940092165,0.2290249433106576,0.995085995085995,1.5799452133794696,0.026264826918421597
"single best (hybrid_dnn(64,)_conv(8, 16)_gbdt100-5-0.05_gbdt_heavy)",0.11417570870849378,202,406,679,2,0.5283165244375485,0.4716834755624515,0.9901960784313726,0.3741935483870968,0.2292849035187287,0.9950980392156863,1.5822720840913687,0.0262001352265043
"single best (hybrid_dnn(64,)_conv(8, 16)_gbdt100-5-0.05_gbdt_heavy)",0.11453493870593992,202,407,678,2,0.5275407292474786,0.47245927075252137,0.9901960784313726,0.37511520737327186,0.22954545454545455,0.9951100244498777,1.5846058187286713,0.026135761429878987
"single best (hybrid_dnn(64,)_conv(8, 16)_gbdt100-5-0.05_gbdt_heavy)",0.11480516970996978,202,408,677,2,0.5267649340574089,0.4732350659425911,0.9901960784313726,0.376036866359447,0.229806598407281,0.9951219512195122,1.5869464477075912,0.02607170319108026
"single best (hybrid_dnn(64,)_conv(8, 16)_gbdt100-5-0.05_gbdt_heavy)",0.11491427060693057,202,409,676,2,0.525989138867339,0.474010861132661,0.9901960784313726,0.37695852534562213,0.23006833712984054,0.9951338199513382,1.5892940016243184,0.026007958195503045
"single best (hybrid_dnn(64,)_conv(8, 16)_gbdt100-5-0.05_gbdt_heavy)",0.11523516890789211,201,409,676,3,0.5267649340574089,0.4732350659425911,0.9852941176470589,0.37695852534562213,0.2291904218928164,0.9927184466019418,1.5814262095370695,0.03901193729325457
"single best (hybrid_dnn(64,)_conv(8, 16)_gbdt100-5-0.05_gbdt_heavy)",0.11529200473609025,201,410,675,3,0.525989138867339,0.474010861132661,0.9852941176470589,0.3778801843317972,0.22945205479452055,0.9927360774818402,1.5837690631808277,0.03891678622668566
"single best (hybrid_dnn(64,)_conv(8, 16)_gbdt100-5-0.05_gbdt_heavy)",0.11555297537938453,201,411,674,3,0.5252133436772692,0.47478665632273076,0.9852941176470589,0.37880184331797234,0.2297142857142857,0.9927536231884058,1.58611886891255,0.03882209818233849
"single best (hybrid_dnn(64,)_conv(8, 16)_gbdt100-5-0.05_gbdt_heavy)",0.11560255181852855,201,412,673,3,0.5244375484871994,0.47556245151280063,0.9852941176470589,0.3797235023041475,0.2299771167048055,0.9927710843373494,1.588475657722227,0.03872786978869204
"single best (hybrid_dnn(64,)_conv(8, 16)_gbdt100-5-0.05_gbdt_heavy)",0.11567823253658846,201,413,672,3,0.5236617532971296,0.4763382467028704,0.9852941176470589,0.38064516129032255,0.23024054982817868,0.9927884615384616,1.5908394607843137,0.03863409770687923
"single best (hybrid_dnn(64,)_conv(8, 16)_gbdt100-5-0.05_gbdt_heavy)",0.11572662616462395,200,413,672,4,0.5244375484871994,0.47556245151280063,0.9803921568627451,0.38064516129032255,0.22935779816513763,0.9904076738609112,1.5829248366013071,0.051512130275839264
"single best (hybrid_dnn(64,)_conv(8, 16)_gbdt100-5-0.05_gbdt_heavy)",0.11584850864674144,200,414,671,4,0.5236617532971296,0.4763382467028704,0.9803921568627451,0.3815668202764977,0.2296211251435132,0.9904306220095693,1.5852838900090587,0.051387704840390375
"single best (hybrid_dnn(64,)_conv(8, 16)_gbdt100-5-0.05_gbdt_heavy)",0.11621723443095323,200,415,670,4,0.5228859581070597,0.47711404189294027,0.9803921568627451,0.3824884792626728,0.22988505747126436,0.9904534606205251,1.5876499853672812,0.05126387904559425
"single best (hybrid_dnn(64,)_conv(8, 16)_gbdt100-5-0.05_gbdt_heavy)",0.11633821082893347,200,416,669,4,0.5221101629169899,0.47788983708301014,0.9803921568627451,0.38341013824884795,0.23014959723820483,0.9904761904761905,1.5900231542542278,0.05114064856711926
"single best (hybrid_dnn(64,)_conv(8, 16)_gbdt100-5-0.05_gbdt_heavy)",0.11633893924758973,200,417,668,4,0.5213343677269201,0.4786656322730799,0.9803921568627451,0.38433179723502303,0.2304147465437788,0.9904988123515439,1.5924034284372433,0.05101800912211418
"single best (hybrid_dnn(64,)_conv(8, 16)_gbdt100-5-0.05_gbdt_heavy)",0.11637288584770536,200,418,667,4,0.5205585725368502,0.47944142746314977,0.9803921568627451,0.38525345622119817,0.2306805074971165,0.990521327014218,1.5947908398741806,0.05089595646871199
"single best (hybrid_dnn(64,)_conv(8, 16)_gbdt100-5-0.05_gbdt_heavy)",0.11675057632330137,200,419,666,4,0.5197827773467805,0.48021722265321953,0.9803921568627451,0.3861751152073733,0.23094688221709006,0.9905437352245863,1.5971854207148326,0.05077448640554084
"single best (hybrid_dnn(64,)_conv(8, 16)_gbdt100-5-0.05_gbdt_heavy)",0.11677978673758434,200,420,665,4,0.5190069821567106,0.4809930178432894,0.9803921568627451,0.3870967741935484,0.23121387283236994,0.9905660377358491,1.5995872033023735,0.05065359477124194
"single best (hybrid_dnn(64,)_conv(8, 16)_gbdt100-5-0.05_gbdt_heavy)",0.11701465933124855,200,421,664,4,0.5182311869666408,0.48176881303335917,0.9803921568627451,0.3880184331797235,0.23148148148148148,0.9905882352941177,1.6019962201748168,0.05053327744399433
"single best (hybrid_dnn(64,)_conv(8, 16)_gbdt100-5-0.05_gbdt_heavy)",0.11702960656139001,200,422,663,4,0.517455391776571,0.48254460822342904,0.9803921568627451,0.38894009216589864,0.23174971031286212,0.9906103286384976,1.6044125040664834,0.050413530341046474
"single best (hybrid_dnn(64,)_conv(8, 16)_gbdt100-5-0.05_gbdt_heavy)",0.11717378651492455,200,423,662,4,0.5166795965865012,0.4833204034134988,0.9803921568627451,0.3898617511520737,0.23201856148491878,0.990632318501171,1.6068360879094838,0.050294349418254405
"single best (hybrid_dnn(64,)_conv(8, 16)_gbdt100-5-0.05_gbdt_heavy)",0.11717426288715566,200,424,661,4,0.5159038013964313,0.4840961986035687,0.9803921568627451,0.39078341013824885,0.23228803716608595,0.9906542056074766,1.609267004835217,0.050175730669626446
"single best (hybrid_dnn(64,)_conv(8, 16)_gbdt100-5-0.05_gbdt_heavy)",0.1173220831359599,200,425,660,4,0.5151280062063616,0.48487199379363843,0.9803921568627451,0.391705069124424,0.23255813953488372,0.9906759906759907,1.6117052881758762,0.050057670126874385
"single best (hybrid_dnn(64,)_conv(8, 16)_gbdt100-5-0.05_gbdt_heavy)",0.11748368913362199,200,426,659,4,0.5143522110162917,0.4856477889837083,0.9803921568627451,0.39262672811059907,0.23282887077997672,0.9906976744186047,1.6141509714659763,0.049940163858970925
"single best (hybrid_dnn(64,)_conv(8, 16)_gbdt100-5-0.05_gbdt_heavy)",0.11769430790282676,200,427,658,4,0.5135764158262219,0.48642358417377807,0.9803921568627451,0.3935483870967742,0.2331002331002331,0.9907192575406032,1.6166040884438881,0.04982320797171338
"single best (hybrid_dnn(64,)_conv(8, 16)_gbdt100-5-0.05_gbdt_heavy)",0.117703222656874,200,428,657,4,0.5128006206361521,0.48719937936384794,0.9803921568627451,0.39447004608294933,0.23337222870478413,0.9907407407407407,1.6190646730533917,0.04970679860729349
"single best (hybrid_dnn(64,)_conv(8, 16)_gbdt100-5-0.05_gbdt_heavy)",0.1178836419357719,200,429,656,4,0.5120248254460822,0.4879751745539178,0.9803921568627451,0.3953917050691244,0.2336448598130841,0.9907621247113164,1.6215327594452416,0.04959093194387323
"single best (hybrid_dnn(64,)_conv(8, 16)_gbdt100-5-0.05_gbdt_heavy)",0.1183220451000437,200,430,655,4,0.5112490302560124,0.4887509697439876,0.9803921568627451,0.39631336405529954,0.23391812865497075,0.9907834101382489,1.6240083819787459,0.04947560419516654
"single best (hybrid_dnn(64,)_conv(8, 16)_gbdt100-5-0.05_gbdt_heavy)",0.11843197994190427,200,431,654,4,0.5104732350659426,0.48952676493405745,0.9803921568627451,0.3972350230414747,0.234192037470726,0.9908045977011494,1.6264915752233617,0.04936081161002694
"single best (hybrid_dnn(64,)_conv(8, 16)_gbdt100-5-0.05_gbdt_heavy)",0.11876234334184096,200,432,653,4,0.5096974398758728,0.4903025601241272,0.9803921568627451,0.39815668202764976,0.23446658851113716,0.9908256880733946,1.6289823739603038,0.049246550472040775
"single best (hybrid_dnn(64,)_conv(8, 16)_gbdt100-5-0.05_gbdt_heavy)",0.11892060782262914,200,433,652,4,0.5089216446858029,0.4910783553141971,0.9803921568627451,0.3990783410138249,0.2347417840375587,0.9908466819221968,1.6314808131841694,0.049132817099126126
"single best (hybrid_dnn(64,)_conv(8, 16)_gbdt100-5-0.05_gbdt_heavy)",0.11905076718511028,200,434,651,4,0.5081458494957332,0.49185415050426684,0.9803921568627451,0.4,0.23501762632197415,0.9908675799086758,1.6339869281045751,0.04901960784313736
"single best (hybrid_dnn(64,)_conv(8, 16)_gbdt100-5-0.05_gbdt_heavy)",0.11925276784750746,200,435,650,4,0.5073700543056633,0.4926299456943367,0.9803921568627451,0.4009216589861751,0.23529411764705882,0.9908883826879271,1.6365007541478127,0.048906919089474976
"single best (hybrid_dnn(64,)_conv(8, 16)_gbdt100-5-0.05_gbdt_heavy)",0.12012327505155856,200,436,649,4,0.5065942591155935,0.4934057408844065,0.9803921568627451,0.40184331797235023,0.23557126030624265,0.990909090909091,1.6390223269585182,0.048794747256700945
"single best (hybrid_dnn(64,)_conv(8, 16)_gbdt100-5-0.05_gbdt_heavy)",0.12019579408158679,200,437,648,4,0.5058184639255237,0.49418153607447635,0.9803921568627451,0.40276497695852537,0.2358490566037736,0.9909297052154195,1.6415516824013554,0.0486830887961593
"single best (hybrid_dnn(64,)_conv(8, 16)_gbdt100-5-0.05_gbdt_heavy)",0.12044683798979937,200,438,647,4,0.5050426687354539,0.4949573312645461,0.9803921568627451,0.40368663594470044,0.2361275088547816,0.9909502262443439,1.6440888565627176,0.04857194019160186
"single best (hybrid_dnn(64,)_conv(8, 16)_gbdt100-5-0.05_gbdt_heavy)",0.12044994951987148,200,439,646,4,0.504266873545384,0.495733126454616,0.9803921568627451,0.4046082949308756,0.2364066193853428,0.9909706546275395,1.6466338857524434,0.04846129795881916
"single best (hybrid_dnn(64,)_conv(8, 16)_gbdt100-5-0.05_gbdt_heavy)",0.12049138131104636,200,440,645,4,0.5034910783553141,0.49650892164468585,0.9803921568627451,0.4055299539170507,0.23668639053254437,0.990990990990991,1.649186806505548,0.04835115864527639
"single best (hybrid_dnn(64,)_conv(8, 16)_gbdt100-5-0.05_gbdt_heavy)",0.12062675597611024,200,441,644,4,0.5027152831652444,0.4972847168347556,0.9803921568627451,0.4064516129032258,0.23696682464454977,0.9910112359550561,1.6517476555839727,0.04824151882975423
"single best (hybrid_dnn(64,)_conv(8, 16)_gbdt100-5-0.05_gbdt_heavy)",0.12071754167252699,200,442,643,4,0.5019394879751745,0.4980605120248255,0.9803921568627451,0.4073732718894009,0.2372479240806643,0.9910313901345291,1.654316469978349,0.0481323751219946
"single best (hybrid_dnn(64,)_conv(8, 16)_gbdt100-5-0.05_gbdt_heavy)",0.12086342594552106,200,443,642,4,0.5011636927851048,0.49883630721489525,0.9803921568627451,0.40829493087557606,0.2375296912114014,0.9910514541387024,1.6568932869097797,0.04802372416235127
"single best (hybrid_dnn(64,)_conv(8, 16)_gbdt100-5-0.05_gbdt_heavy)",0.12100175449763788,200,444,641,4,0.5003878975950349,0.4996121024049651,0.9803921568627451,0.40921658986175113,0.23781212841854935,0.9910714285714286,1.6594781438316355,0.04791556262144508
"single best (hybrid_dnn(64,)_conv(8, 16)_gbdt100-5-0.05_gbdt_heavy)",0.12111750069429011,200,445,640,4,0.49961210240496506,0.5003878975950349,0.9803921568627451,0.41013824884792627,0.23809523809523808,0.9910913140311804,1.6620710784313726,0.04780788719982385
"single best (hybrid_dnn(64,)_conv(8, 16)_gbdt100-5-0.05_gbdt_heavy)",0.1211443624738103,200,446,639,4,0.49883630721489525,0.5011636927851048,0.9803921568627451,0.4110599078341014,0.23837902264600716,0.9911111111111112,1.6646721286323607,0.04770069462762693
"single best (hybrid_dnn(64,)_conv(8, 16)_gbdt100-5-0.05_gbdt_heavy)",0.12206563801822748,200,447,638,4,0.49806051202482543,0.5019394879751746,0.9803921568627451,0.4119815668202765,0.2386634844868735,0.991130820399113,1.6672813325957339,0.04759398166425417
"single best (hybrid_dnn(64,)_conv(8, 16)_gbdt100-5-0.05_gbdt_heavy)",0.12234341914334945,200,448,637,4,0.4972847168347556,0.5027152831652444,0.9803921568627451,0.4129032258064516,0.23894862604540024,0.9911504424778761,1.669898728722258,0.04748774509803932
"single best (hybrid_dnn(64,)_conv(8, 16)_gbdt100-5-0.05_gbdt_heavy)",0.12236439416569683,199,448,637,5,0.49806051202482543,0.5019394879751746,0.9754901960784313,0.4129032258064516,0.23803827751196172,0.9889624724061811,1.6615492350786467,0.05935968137254908
"single best (hybrid_dnn(64,)_conv(8, 16)_gbdt100-5-0.05_gbdt_heavy)",0.12247106585316381,199,449,636,5,0.4972847168347556,0.5027152831652444,0.9754901960784313,0.41382488479262675,0.23832335329341317,0.9889867841409692,1.6641617338759402,0.05922747718240977
"single best (hybrid_dnn(64,)_conv(8, 16)_gbdt100-5-0.05_gbdt_heavy)",0.12248558251750626,199,450,635,5,0.4965089216446858,0.5034910783553141,0.9754901960784313,0.4147465437788018,0.23860911270983212,0.989010989010989,1.6667824610159023,0.05909586056644886
"single best (hybrid_dnn(64,)_conv(8, 16)_gbdt100-5-0.05_gbdt_heavy)",0.12276391074836715,199,451,634,5,0.495733126454616,0.504266873545384,0.9754901960784313,0.41566820276497696,0.2388955582232893,0.9890350877192983,1.6694114554339086,0.05896482761619066
"single best (hybrid_dnn(64,)_conv(8, 16)_gbdt100-5-0.05_gbdt_heavy)",0.12277067869700393,199,452,633,5,0.49495733126454616,0.5050426687354539,0.9754901960784313,0.4165898617511521,0.23918269230769232,0.9890590809628009,1.6720487563113713,0.05883437445774776
"single best (hybrid_dnn(64,)_conv(8, 16)_gbdt100-5-0.05_gbdt_heavy)",0.12313161036590692,199,453,632,5,0.49418153607447635,0.5058184639255237,0.9754901960784313,0.41751152073732717,0.2394705174488568,0.9890829694323144,1.674694403077687,0.05870449725143927
"single best (hybrid_dnn(64,)_conv(8, 16)_gbdt100-5-0.05_gbdt_heavy)",0.1234205350165136,199,454,631,5,0.49340574088440653,0.5065942591155934,0.9754901960784313,0.4184331797235023,0.2397590361445783,0.9891067538126361,1.6773484354122,0.05857519219141407
"single best (hybrid_dnn(64,)_conv(8, 16)_gbdt100-5-0.05_gbdt_heavy)",0.12352969535170204,199,455,630,5,0.4926299456943367,0.5073700543056633,0.9754901960784313,0.41935483870967744,0.24004825090470447,0.9891304347826086,1.6800108932461875,0.05844645550527909
"single best (hybrid_dnn(64,)_conv(8, 16)_gbdt100-5-0.05_gbdt_heavy)",0.1236296009979613,199,456,629,5,0.4918541505042669,0.5081458494957332,0.9754901960784313,0.4202764976958525,0.24033816425120774,0.9891540130151844,1.6826818167648616,0.05831828345373243
"single best (hybrid_dnn(64,)_conv(8, 16)_gbdt100-5-0.05_gbdt_heavy)",0.1237338388499305,199,457,628,5,0.4910783553141971,0.5089216446858029,0.9754901960784313,0.42119815668202765,0.24062877871825877,0.9891774891774892,1.6853612464093917,0.05819067233020128
"single best (hybrid_dnn(64,)_conv(8, 16)_gbdt100-5-0.05_gbdt_heavy)",0.12381545556291523,199,458,627,5,0.4903025601241272,0.5096974398758728,0.9754901960784313,0.4221198156682028,0.24092009685230023,0.9892008639308856,1.6880492228789443,0.05806361846048468
"single best (hybrid_dnn(64,)_conv(8, 16)_gbdt100-5-0.05_gbdt_heavy)",0.12384896646721782,199,459,626,5,0.4895267649340574,0.5104732350659427,0.9754901960784313,0.42304147465437786,0.2412121212121212,0.9892241379310345,1.6907457871327443,0.05793711820240085
"single best (hybrid_dnn(64,)_conv(8, 16)_gbdt100-5-0.05_gbdt_heavy)",0.12448251287854076,199,460,625,5,0.4887509697439876,0.5112490302560124,0.9754901960784313,0.423963133640553,0.24150485436893204,0.989247311827957,1.6934509803921567,0.057811167945439106
"single best (hybrid_dnn(64,)_conv(8, 16)_gbdt100-5-0.05_gbdt_heavy)",0.1246716561243602,199,461,624,5,0.48797517455391776,0.5120248254460822,0.9754901960784313,0.4248847926267281,0.24179829890643986,0.9892703862660944,1.6961648441427852,0.057685764110416454
"single best (hybrid_dnn(64,)_conv(8, 16)_gbdt100-5-0.05_gbdt_heavy)",0.12489081011192113,199,462,623,5,0.48719937936384794,0.5128006206361521,0.9754901960784313,0.4258064516129032,0.24209245742092458,0.9892933618843683,1.6988874201365938,0.057560903149138504
"single best (hybrid_dnn(64,)_conv(8, 16)_gbdt100-5-0.05_gbdt_heavy)",0.12528324383543593,198,462,623,6,0.48797517455391776,0.5120248254460822,0.9705882352941176,0.4258064516129032,0.24116930572472595,0.9871794871794872,1.6903502974223397,0.06907308377896615
"single best (hybrid_dnn(64,)_conv(8, 16)_gbdt100-5-0.05_gbdt_heavy)",0.12544110857538054,198,463,622,6,0.48719937936384794,0.5128006206361521,0.9705882352941176,0.42672811059907834,0.24146341463414633,0.9872068230277186,1.6930679024021185,0.06892389785287767
"single best (hybrid_dnn(64,)_conv(8, 16)_gbdt100-5-0.05_gbdt_heavy)",0.12549688802709896,198,464,621,6,0.4864235841737781,0.5135764158262219,0.9705882352941176,0.42764976958525347,0.24175824175824176,0.9872340425531915,1.6957942597328788,0.06877535496957404
"single best (hybrid_dnn(64,)_conv(8, 16)_gbdt100-5-0.05_gbdt_heavy)",0.12549923446280672,198,465,620,6,0.4856477889837083,0.5143522110162917,0.9705882352941176,0.42857142857142855,0.24205378973105135,0.9872611464968153,1.698529411764706,0.06862745098039218
"single best (hybrid_dnn(64,)_conv(8, 16)_gbdt100-5-0.05_gbdt_heavy)",0.12595019852377068,198,466,619,6,0.4848719937936385,0.5151280062063615,0.9705882352941176,0.4294930875576037,0.2423500611995104,0.9872881355932204,1.7012734011213533,0.06848018177227974
"single best (hybrid_dnn(64,)_conv(8, 16)_gbdt100-5-0.05_gbdt_heavy)",0.12608520103276796,198,467,618,6,0.4840961986035687,0.5159038013964313,0.9705882352941176,0.4304147465437788,0.2426470588235294,0.9873150105708245,1.7040262707024558,0.06833354326741405
"single best (hybrid_dnn(64,)_conv(8, 16)_gbdt100-5-0.05_gbdt_heavy)",0.12618125644058156,198,468,617,6,0.48332040341349886,0.5166795965865012,0.9705882352941176,0.4313364055299539,0.24294478527607363,0.9873417721518988,1.706788063685766,0.06818753142282556
"single best (hybrid_dnn(64,)_conv(8, 16)_gbdt100-5-0.05_gbdt_heavy)",0.1264287791617424,198,469,616,6,0.48254460822342904,0.517455391776571,0.9705882352941176,0.432258064516129,0.24324324324324326,0.9873684210526316,1.7095588235294117,0.06804214223002636
"single best (hybrid_dnn(64,)_conv(8, 16)_gbdt100-5-0.05_gbdt_heavy)",0.12660830007651092,198,470,615,6,0.48176881303335917,0.5182311869666408,0.9705882352941176,0.43317972350230416,0.24354243542435425,0.9873949579831933,1.712338593974175,0.06789737171464331
"single best (hybrid_dnn(64,)_conv(8, 16)_gbdt100-5-0.05_gbdt_heavy)",0.1267114795901262,198,471,614,6,0.48099301784328935,0.5190069821567107,0.9705882352941176,0.43410138248847924,0.2438423645320197,0.9874213836477987,1.715127419045794,0.06775321593605597
"single best (hybrid_dnn(64,)_conv(8, 16)_gbdt100-5-0.05_gbdt_heavy)",0.12696690704903357,197,471,614,7,0.48176881303335917,0.5182311869666408,0.9656862745098039,0.43410138248847924,0.24290998766954378,0.9853556485355649,1.7064651593536435,0.07904541859206525
"single best (hybrid_dnn(64,)_conv(8, 16)_gbdt100-5-0.05_gbdt_heavy)",0.12730403316320194,197,472,613,7,0.48099301784328935,0.5190069821567107,0.9656862745098039,0.43502304147465437,0.24320987654320989,0.9853862212943633,1.7092489524357866,0.07887794948487867
"single best (hybrid_dnn(64,)_conv(8, 16)_gbdt100-5-0.05_gbdt_heavy)",0.12733662693640208,197,473,612,7,0.48021722265321953,0.5197827773467805,0.9656862745098039,0.4359447004608295,0.24351050679851668,0.9854166666666667,1.7120418428809432,0.07871118849231022
"single best (hybrid_dnn(64,)_conv(8, 16)_gbdt100-5-0.05_gbdt_heavy)",0.12743686174831348,197,474,611,7,0.4794414274631497,0.5205585725368502,0.9656862745098039,0.4368663594470046,0.2438118811881188,0.9854469854469855,1.7148438753570168,0.0785451311326218
"single best (hybrid_dnn(64,)_conv(8, 16)_gbdt100-5-0.05_gbdt_heavy)",0.12743956167398107,197,475,610,7,0.4786656322730799,0.5213343677269201,0.9656862745098039,0.4377880184331797,0.24411400247831475,0.9854771784232366,1.7176550948248153,0.07837977296181628
"single best (hybrid_dnn(64,)_conv(8, 16)_gbdt100-5-0.05_gbdt_heavy)",0.1275324398031139,197,476,609,7,0.4778898370830101,0.52211016291699,0.9656862745098039,0.43870967741935485,0.24441687344913152,0.9855072463768116,1.7204755465404553,0.07821510957324103
"single best (hybrid_dnn(64,)_conv(8, 16)_gbdt100-5-0.05_gbdt_heavy)",0.1276008093446746,197,477,608,7,0.47711404189294027,0.5228859581070597,0.9656862745098039,0.4396313364055299,0.24472049689440994,0.9855371900826446,1.7233052760577916,0.07805113659719651
"single best (hybrid_dnn(64,)_conv(8, 16)_gbdt100-5-0.05_gbdt_heavy)",0.12769961647943895,197,478,607,7,0.47633824670287045,0.5236617532971295,0.9656862745098039,0.44055299539170506,0.24502487562189054,0.9855670103092784,1.7261443292308687,0.07788784970054966
"single best (hybrid_dnn(64,)_conv(8, 16)_gbdt100-5-0.05_gbdt_heavy)",0.12778801977844925,197,479,606,7,0.47556245151280063,0.5244375484871994,0.9656862745098039,0.4414746543778802,0.24533001245330013,0.98559670781893,1.7289927522163984,0.07772524458635226
"single best (hybrid_dnn(64,)_conv(8, 16)_gbdt100-5-0.05_gbdt_heavy)",0.12795544658712732,197,480,605,7,0.4747866563227308,0.5252133436772692,0.9656862745098039,0.4423963133640553,0.2456359102244389,0.9856262833675564,1.7318505914762603,0.07756331699346403
"single best (hybrid_dnn(64,)_conv(8, 16)_gbdt100-5-0.05_gbdt_heavy)",0.12796646627999128,197,481,604,7,0.474010861132661,0.525989138867339,0.9656862745098039,0.4433179723502304,0.2459425717852684,0.985655737704918,1.7347178937800285,0.07740206269618032
"single best (hybrid_dnn(64,)_conv(8, 16)_gbdt100-5-0.05_gbdt_heavy)",0.12805189717544682,197,482,603,7,0.4732350659425912,0.5267649340574088,0.9656862745098039,0.44423963133640554,0.24625,0.9856850715746421,1.7375947062075245,0.07724147750386459
"single best (hybrid_dnn(64,)_conv(8, 16)_gbdt100-5-0.05_gbdt_heavy)",0.12826559030487014,197,483,602,7,0.4724592707525213,0.5275407292474787,0.9656862745098039,0.44516129032258067,0.246558197747184,0.9857142857142858,1.740481076151391,0.07708155726058537
"single best (hybrid_dnn(64,)_conv(8, 16)_gbdt100-5-0.05_gbdt_heavy)",0.12871949851327671,197,484,601,7,0.4716834755624515,0.5283165244375485,0.9656862745098039,0.44608294930875575,0.24686716791979949,0.9857433808553971,1.7433770513196958,0.07692229784475771
"single best (hybrid_dnn(64,)_conv(8, 16)_gbdt100-5-0.05_gbdt_heavy)",0.12887680565314613,197,485,600,7,0.4709076803723817,0.5290923196276183,0.9656862745098039,0.4470046082949309,0.24717691342534504,0.9857723577235772,1.746282679738562,0.07676369516878914
"single best (hybrid_dnn(64,)_conv(8, 16)_gbdt100-5-0.05_gbdt_heavy)",0.1294822859462486,197,486,599,7,0.47013188518231186,0.5298681148176881,0.9656862745098039,0.447926267281106,0.24748743718592964,0.9858012170385395,1.74919800975482,0.0766057451787299
"single best (hybrid_dnn(64,)_conv(8, 16)_gbdt100-5-0.05_gbdt_heavy)",0.1295418286521803,197,487,598,7,0.46935608999224204,0.530643910007758,0.9656862745098039,0.4488479262672811,0.24779874213836478,0.9858299595141701,1.752123090038691,0.07644844385392759
"single best (hybrid_dnn(64,)_conv(8, 16)_gbdt100-5-0.05_gbdt_heavy)",0.12964356828499177,197,488,597,7,0.4685802948021722,0.5314197051978278,0.9656862745098039,0.4497695852534562,0.24811083123425692,0.9858585858585859,1.7550579695864945,0.07629178720668593
"single best (hybrid_dnn(64,)_conv(8, 16)_gbdt100-5-0.05_gbdt_heavy)",0.12969600425633612,197,489,596,7,0.4678044996121024,0.5321955003878975,0.9656862745098039,0.45069124423963136,0.2484237074401009,0.9858870967741935,1.7580026977233847,0.07613577128192787
"single best (hybrid_dnn(64,)_conv(8, 16)_gbdt100-5-0.05_gbdt_heavy)",0.1299255614052597,197,490,595,7,0.4670287044220326,0.5329712955779674,0.9656862745098039,0.45161290322580644,0.24873737373737373,0.9859154929577465,1.7609573241061132,0.07598039215686272
"single best (hybrid_dnn(64,)_conv(8, 16)_gbdt100-5-0.05_gbdt_heavy)",0.13005876546388648,197,491,594,7,0.4662529092319628,0.5337470907680373,0.9656862745098039,0.4525345622119816,0.24905183312262957,0.9859437751004017,1.7639218987258205,0.0758256459406573
"single best (hybrid_dnn(64,)_conv(8, 16)_gbdt100-5-0.05_gbdt_heavy)",0.1302231572670604,197,492,593,7,0.46547711404189296,0.534522885958107,0.9656862745098039,0.4534562211981567,0.24936708860759493,0.9859719438877755,1.7668964719108557,0.07567152877411125
"single best (hybrid_dnn(64,)_conv(8, 16)_gbdt100-5-0.05_gbdt_heavy)",0.13025318675715972,197,493,592,7,0.46470131885182314,0.5352986811481768,0.9656862745098039,0.4543778801843318,0.24968314321926488,0.986,1.7698810943296237,0.07551803682933618
"single best (hybrid_dnn(64,)_conv(8, 16)_gbdt100-5-0.05_gbdt_heavy)",0.13032823248929906,197,494,591,7,0.46392552366175327,0.5360744763382468,0.9656862745098039,0.4552995391705069,0.25,0.9860279441117764,1.7728758169934642,0.07536516630943874
"single best (hybrid_dnn(64,)_conv(8, 16)_gbdt100-5-0.05_gbdt_heavy)",0.13071295678292352,197,495,590,7,0.46314972847168345,0.5368502715283165,0.9656862745098039,0.45622119815668205,0.2503176620076239,0.9860557768924303,1.7758806912595548,0.07521291344820753
"single best (hybrid_dnn(64,)_conv(8, 16)_gbdt100-5-0.05_gbdt_heavy)",0.1307387056304255,196,495,590,8,0.46392552366175327,0.5360744763382468,0.9607843137254902,0.45622119815668205,0.24936386768447838,0.9840954274353877,1.766866068461283,0.08595761536938001
"single best (hybrid_dnn(64,)_conv(8, 16)_gbdt100-5-0.05_gbdt_heavy)",0.1307514882893608,196,496,589,8,0.46314972847168345,0.5368502715283165,0.9607843137254902,0.45714285714285713,0.24968152866242038,0.9841269841269841,1.7698658410732713,0.08578431372549014
"single best (hybrid_dnn(64,)_conv(8, 16)_gbdt100-5-0.05_gbdt_heavy)",0.1309260749234454,196,497,588,8,0.46237393328161364,0.5376260667183863,0.9607843137254902,0.45806451612903226,0.25,0.9841584158415841,1.772875816993464,0.08561170947252134
"single best (hybrid_dnn(64,)_conv(8, 16)_gbdt100-5-0.05_gbdt_heavy)",0.1310811186029253,196,498,587,8,0.4615981380915438,0.5384018619084562,0.9607843137254902,0.4589861751152074,0.2503192848020434,0.9841897233201581,1.77589604836824,0.0854397984093235
"single best (hybrid_dnn(64,)_conv(8, 16)_gbdt100-5-0.05_gbdt_heavy)",0.13113123251825093,196,499,586,8,0.460822342901474,0.539177657098526,0.9607843137254902,0.4599078341013825,0.2506393861892583,0.9842209072978304,1.7789265876999263,0.08526857636842307
"single best (hybrid_dnn(64,)_conv(8, 16)_gbdt100-5-0.05_gbdt_heavy)",0.13138433506542418,196,500,585,8,0.4600465477114042,0.5399534522885958,0.9607843137254902,0.4608294930875576,0.25096030729833546,0.984251968503937,1.7819674878498408,0.08509803921568622
"single best (hybrid_dnn(64,)_conv(8, 16)_gbdt100-5-0.05_gbdt_heavy)",0.13154076336976261,196,501,584,8,0.45927075252133437,0.5407292474786656,0.9607843137254902,0.46175115207373274,0.2512820512820513,0.9842829076620825,1.7850188020413646,0.08492818284998624
"single best (hybrid_dnn(64,)_conv(8, 16)_gbdt100-5-0.05_gbdt_heavy)",0.1319059127773614,196,502,583,8,0.45849495733126455,0.5415050426687354,0.9607843137254902,0.4626728110599078,0.251604621309371,0.984313725490196,1.788080583863048,0.08475900320287472
"single best (hybrid_dnn(64,)_conv(8, 16)_gbdt100-5-0.05_gbdt_heavy)",0.1320231749060064,196,503,582,8,0.45771916214119474,0.5422808378588053,0.9607843137254902,0.46359447004608295,0.2519280205655527,0.9843444227005871,1.7911528872717475,0.08459049623825668
"single best (hybrid_dnn(64,)_conv(8, 16)_gbdt100-5-0.05_gbdt_heavy)",0.13250654352612756,196,504,581,8,0.4569433669511249,0.5430566330488751,0.9607843137254902,0.4645161290322581,0.25225225225225223,0.984375,1.7942357665957953,0.08442265795206966
"single best (hybrid_dnn(64,)_conv(8, 16)_gbdt100-5-0.05_gbdt_heavy)",0.13250671289912014,196,505,580,8,0.4561675717610551,0.5438324282389448,0.9607843137254902,0.46543778801843316,0.25257731958762886,0.9844054580896686,1.7973292765382014,0.08425548437196655
"single best (hybrid_dnn(64,)_conv(8, 16)_gbdt100-5-0.05_gbdt_heavy)",0.1326197869588637,195,505,580,9,0.4569433669511249,0.5430566330488751,0.9558823529411765,0.46543778801843316,0.25161290322580643,0.9824902723735408,1.788159229208925,0.09478741991846235
"single best (hybrid_dnn(64,)_conv(8, 16)_gbdt100-5-0.05_gbdt_heavy)",0.1327133796771681,195,506,579,9,0.4561675717610551,0.5438324282389448,0.9558823529411765,0.4663594470046083,0.25193798449612403,0.9825242718446602,1.7912475871177487,0.09460009300162743
"single best (hybrid_dnn(64,)_conv(8, 16)_gbdt100-5-0.05_gbdt_heavy)",0.13455198985790615,195,507,578,9,0.4553917765709853,0.5446082234290147,0.9558823529411765,0.46728110599078343,0.2522639068564036,0.9825581395348837,1.7943466313861187,0.0944135050469891
"single best (hybrid_dnn(64,)_conv(8, 16)_gbdt100-5-0.05_gbdt_heavy)",0.1349623620702654,195,508,577,9,0.4546159813809154,0.5453840186190846,0.9558823529411765,0.4682027649769585,0.25259067357512954,0.9825918762088974,1.7974564175756955,0.09422765169059741
"single best (hybrid_dnn(64,)_conv(8, 16)_gbdt100-5-0.05_gbdt_heavy)",0.1351376607007141,195,509,576,9,0.4538401861908456,0.5461598138091543,0.9558823529411765,0.46912442396313364,0.2529182879377432,0.9826254826254827,1.8005770016339868,0.09404252860279662
"single best (hybrid_dnn(64,)_conv(8, 16)_gbdt100-5-0.05_gbdt_heavy)",0.1352777392168109,195,510,575,9,0.4530643910007758,0.5469356089992242,0.9558823529411765,0.4700460829493088,0.2532467532467532,0.9826589595375722,1.8037084398976981,0.09385813148788917
"single best (hybrid_dnn(64,)_conv(8, 16)_gbdt100-5-0.05_gbdt_heavy)",0.13533731507228172,194,510,575,10,0.4538401861908456,0.5461598138091543,0.9509803921568627,0.4700460829493088,0.25227568270481143,0.9807692307692307,1.7944586530264277,0.10428681276432152
"single best (hybrid_dnn(64,)_conv(8, 16)_gbdt100-5-0.05_gbdt_heavy)",0.13557804184240754,194,511,574,10,0.4530643910007758,0.5469356089992242,0.9509803921568627,0.47096774193548385,0.2526041666666667,0.980806142034549,1.7975848876135818,0.10408272898200387
"single best (hybrid_dnn(64,)_conv(8, 16)_gbdt100-5-0.05_gbdt_heavy)",0.13621097420395467,194,512,573,10,0.45228859581070596,0.5477114041892941,0.9509803921568627,0.471889400921659,0.2529335071707953,0.9808429118773946,1.8007220340143038,0.10387944240196088
"single best (hybrid_dnn(64,)_conv(8, 16)_gbdt100-5-0.05_gbdt_heavy)",0.13632612919630702,194,513,572,10,0.45151280062063615,0.5484871993793639,0.9509803921568627,0.4728110599078341,0.25326370757180156,0.9808795411089866,1.8038701494583846,0.10367694836219098
"single best (hybrid_dnn(64,)_conv(8, 16)_gbdt100-5-0.05_gbdt_heavy)",0.13634310573193809,194,514,571,10,0.45073700543056633,0.5492629945694336,0.9509803921568627,0.4737327188940092,0.25359477124183005,0.9809160305343512,1.8070292915765256,0.10347524223697271
"single best (hybrid_dnn(64,)_conv(8, 16)_gbdt100-5-0.05_gbdt_heavy)",0.1364691675118109,194,515,570,10,0.4499612102404965,0.5500387897595035,0.9509803921568627,0.47465437788018433,0.25392670157068065,0.9809523809523809,1.8101995184038528,0.10327431943651257
"single best (hybrid_dnn(64,)_conv(8, 16)_gbdt100-5-0.05_gbdt_heavy)",0.13650384814627367,194,516,569,10,0.4491854150504267,0.5508145849495734,0.9509803921568627,0.47557603686635946,0.254259501965924,0.9809885931558935,1.813380888383473,0.10307417540659684
"single best (hybrid_dnn(64,)_conv(8, 16)_gbdt100-5-0.05_gbdt_heavy)",0.13686205020317538,194,517,568,10,0.4484096198603569,0.5515903801396431,0.9509803921568627,0.47649769585253454,0.2545931758530184,0.9810246679316889,1.8165734603700634,0.10287480562824754
"single best (hybrid_dnn(64,)_conv(8, 16)_gbdt100-5-0.05_gbdt_heavy)",0.13708043225396288,194,518,567,10,0.44763382467028706,0.5523661753297129,0.9509803921568627,0.4774193548387097,0.25492772667542707,0.9810606060606061,1.8197772936335026,0.1026762056173822
"single best (hybrid_dnn(64,)_conv(8, 16)_gbdt100-5-0.05_gbdt_heavy)",0.1373503669817432,193,518,567,11,0.4484096198603569,0.5515903801396431,0.946078431372549,0.4774193548387097,0.25394736842105264,0.9792060491493384,1.810396998305495,0.11294382617912035
"single best (hybrid_dnn(64,)_conv(8, 16)_gbdt100-5-0.05_gbdt_heavy)",0.13740559495365146,193,519,566,11,0.44763382467028706,0.5523661753297129,0.946078431372549,0.4783410138248848,0.25428194993412384,0.9792452830188679,1.813595579574586,0.11272620801692552
"single best (hybrid_dnn(64,)_conv(8, 16)_gbdt100-5-0.05_gbdt_heavy)",0.13808106724772687,193,520,565,11,0.44685802948021724,0.5531419705197828,0.946078431372549,0.4792626728110599,0.2546174142480211,0.9792843691148776,1.8168054832552487,0.11250942684766221
"single best (hybrid_dnn(64,)_conv(8, 16)_gbdt100-5-0.05_gbdt_heavy)",0.13883057539009924,193,521,564,11,0.44608223429014743,0.5539177657098526,0.946078431372549,0.480184331797235,0.25495376486129456,0.9793233082706767,1.8200267695730772,0.11229347785179337
"single best (hybrid_dnn(64,)_conv(8, 16)_gbdt100-5-0.05_gbdt_heavy)",0.13895408942374476,193,522,563,11,0.44530643910007756,0.5546935608999224,0.946078431372549,0.48110599078341015,0.2552910052910053,0.9793621013133208,1.8232594991815552,0.1120783562467133
"single best (hybrid_dnn(64,)_conv(8, 16)_gbdt100-5-0.05_gbdt_heavy)",0.13937100217815807,193,523,562,11,0.44453064391000774,0.5554693560899923,0.946078431372549,0.48202764976958523,0.2556291390728477,0.9794007490636704,1.826503733165864,0.11186405728639455
"single best (hybrid_dnn(64,)_conv(8, 16)_gbdt100-5-0.05_gbdt_heavy)",0.1400401216948204,193,524,561,11,0.4437548487199379,0.5562451512800621,0.946078431372549,0.48294930875576036,0.25596816976127323,0.9794392523364486,1.8297595330467302,0.11165057626103883
"single best (hybrid_dnn(64,)_conv(8, 16)_gbdt100-5-0.05_gbdt_heavy)",0.14025132806521903,193,525,560,11,0.4429790535298681,0.5570209464701319,0.946078431372549,0.4838709677419355,0.25630810092961487,0.9794776119402985,1.8330269607843137,0.11143790849673209
"single best (hybrid_dnn(64,)_conv(8, 16)_gbdt100-5-0.05_gbdt_heavy)",0.1402739420889849,193,526,559,11,0.4422032583397983,0.5577967416602017,0.946078431372549,0.4847926267281106,0.2566489361702128,0.9795158286778398,1.836306078782139,0.11122604935510333
"single best (hybrid_dnn(64,)_conv(8, 16)_gbdt100-5-0.05_gbdt_heavy)",0.14045434768323609,193,527,558,11,0.44142746314972847,0.5585725368502715,0.946078431372549,0.4857142857142857,0.2569906790945406,0.9795539033457249,1.8395969498910676,0.11101499423298737
"single best (hybrid_dnn(64,)_conv(8, 16)_gbdt100-5-0.05_gbdt_heavy)",0.1405910893255552,193,528,557,11,0.44065166795965865,0.5593483320403414,0.946078431372549,0.48663594470046084,0.25733333333333336,0.9795918367346939,1.8428996374133138,0.11080473856209157
"single best (hybrid_dnn(64,)_conv(8, 16)_gbdt100-5-0.05_gbdt_heavy)",0.14062347167618514,193,529,556,11,0.43987587276958884,0.5601241272304112,0.946078431372549,0.4875576036866359,0.2576769025367156,0.9796296296296296,1.846214205106503,0.11059527780866607
"single best (hybrid_dnn(64,)_conv(8, 16)_gbdt100-5-0.05_gbdt_heavy)",0.1407013795096844,193,530,555,11,0.439100077579519,0.5608999224204809,0.946078431372549,0.48847926267281105,0.2580213903743315,0.9796672828096118,1.849540717187776,0.11038660747317801
"single best (hybrid_dnn(64,)_conv(8, 16)_gbdt100-5-0.05_gbdt_heavy)",0.14085749324151514,192,530,555,12,0.43987587276958884,0.5601241272304112,0.9411764705882353,0.48847926267281105,0.2570281124497992,0.977859778597786,1.839957604663487,0.12042175360710325
"single best (hybrid_dnn(64,)_conv(8, 16)_gbdt100-5-0.05_gbdt_heavy)",0.14112316110033016,192,531,554,12,0.439100077579519,0.5608999224204809,0.9411764705882353,0.4894009216589862,0.257372654155496,0.9779005524861878,1.8432788277765981,0.12019497064362471
"single best (hybrid_dnn(64,)_conv(8, 16)_gbdt100-5-0.05_gbdt_heavy)",0.1411446177794331,191,531,554,13,0.43987587276958884,0.5601241272304112,0.9362745098039216,0.4894009216589862,0.2563758389261745,0.9761029411764706,1.8336784172152616,0.13021121819726006
"single best (hybrid_dnn(64,)_conv(8, 16)_gbdt100-5-0.05_gbdt_heavy)",0.14122699886725273,190,531,554,14,0.44065166795965865,0.5593483320403414,0.9313725490196079,0.4894009216589862,0.2553763440860215,0.9743119266055046,1.8240780066539253,0.14022746575089542
"single best (hybrid_dnn(64,)_conv(8, 16)_gbdt100-5-0.05_gbdt_heavy)",0.14159884864555483,190,532,553,14,0.43987587276958884,0.5601241272304112,0.9313725490196079,0.49032258064516127,0.2557200538358008,0.9743589743589743,1.8273765202283443,0.13996388028895765
"single best (hybrid_dnn(64,)_conv(8, 16)_gbdt100-5-0.05_gbdt_heavy)",0.14160283522866468,190,533,552,14,0.439100077579519,0.5608999224204809,0.9313725490196079,0.4912442396313364,0.2560646900269542,0.9744058500914077,1.830686984938903,0.1397012838906669
"single best (hybrid_dnn(64,)_conv(8, 16)_gbdt100-5-0.05_gbdt_heavy)",0.14216076542562814,190,534,551,14,0.4383242823894492,0.5616757176105508,0.9313725490196079,0.49216589861751153,0.2564102564102564,0.9744525547445255,1.8340094658553074,0.1394396709994859
"single best (hybrid_dnn(64,)_conv(8, 16)_gbdt100-5-0.05_gbdt_heavy)",0.14239318662874553,190,535,550,14,0.4375484871993794,0.5624515128006207,0.9313725490196079,0.4930875576036866,0.25675675675675674,0.9744990892531876,1.8373440285204992,0.13917903610042143
"single best (hybrid_dnn(64,)_conv(8, 16)_gbdt100-5-0.05_gbdt_heavy)",0.1424717319737559,190,536,549,14,0.4367726920093095,0.5632273079906904,0.9313725490196079,0.49400921658986174,0.2571041948579161,0.9745454545454545,1.8406907389549627,0.13891937371963706
"single best (hybrid_dnn(64,)_conv(8, 16)_gbdt100-5-0.05_gbdt_heavy)",0.14251903895102624,190,537,548,14,0.4359968968192397,0.5640031031807603,0.9313725490196079,0.4949308755760369,0.25745257452574527,0.9745916515426497,1.844049663661085,0.13866067842406976
"single best (hybrid_dnn(64,)_conv(8, 16)_gbdt100-5-0.05_gbdt_heavy)",0.14276553304008746,190,538,547,14,0.4352211016291699,0.5647788983708302,0.9313725490196079,0.49585253456221196,0.25780189959294436,0.9746376811594203,1.8474208696275587,0.13840294482105106
"single best (hybrid_dnn(64,)_conv(8, 16)_gbdt100-5-0.05_gbdt_heavy)",0.14291958706270905,190,539,546,14,0.43444530643910007,0.5655546935608999,0.9313725490196079,0.4967741935483871,0.25815217391304346,0.9746835443037974,1.8508044243338364,0.13814616755793221
"single best (hybrid_dnn(64,)_conv(8, 16)_gbdt100-5-0.05_gbdt_heavy)",0.14312225997987055,190,540,545,14,0.43366951124903025,0.5663304887509697,0.9313725490196079,0.4976958525345622,0.2585034013605442,0.9747292418772563,1.8542003957546325,0.13789034132171382
"single best (hybrid_dnn(64,)_conv(8, 16)_gbdt100-5-0.05_gbdt_heavy)",0.14313029345111997,190,541,544,14,0.43289371605896043,0.5671062839410396,0.9313725490196079,0.4986175115207373,0.25885558583106266,0.9747747747747748,1.8576088523644751,0.13763546083867925
"single best (hybrid_dnn(64,)_conv(8, 16)_gbdt100-5-0.05_gbdt_heavy)",0.143179527992851,190,542,543,14,0.4321179208688906,0.5678820791311094,0.9313725490196079,0.49953917050691243,0.2592087312414734,0.9748201438848921,1.8610298631423103,0.13738152087403224
"single best (hybrid_dnn(64,)_conv(8, 16)_gbdt100-5-0.05_gbdt_heavy)",0.14343966356074941,190,543,542,14,0.4313421256788208,0.5686578743211792,0.9313725490196079,0.5004608294930876,0.25956284153005466,0.9748653500897666,1.8644634975761523,0.1371285162315386
"single best (hybrid_dnn(64,)_conv(8, 16)_gbdt100-5-0.05_gbdt_heavy)",0.14466218806849349,190,544,541,14,0.430566330488751,0.569433669511249,0.9313725490196079,0.5013824884792627,0.25991792065663477,0.974910394265233,1.8679098256677904,0.13687644175317182
"single best (hybrid_dnn(64,)_conv(8, 16)_gbdt100-5-0.05_gbdt_heavy)",0.14469625630938945,190,545,540,14,0.42979053529868116,0.5702094647013188,0.9313725490196079,0.5023041474654378,0.2602739726027397,0.9749552772808586,1.8713689179375457,0.1366252923187623
"single best (hybrid_dnn(64,)_conv(8, 16)_gbdt100-5-0.05_gbdt_heavy)",0.14478857959755406,190,546,539,14,0.42901474010861135,0.5709852598913887,0.9313725490196079,0.5032258064516129,0.2606310013717421,0.975,1.8748408454290806,0.13637506284565104
"single best (hybrid_dnn(64,)_conv(8, 16)_gbdt100-5-0.05_gbdt_heavy)",0.14484406643213632,190,547,538,14,0.42823894491854153,0.5717610550814585,0.9313725490196079,0.504147465437788,0.260989010989011,0.9750445632798574,1.878325679714265,0.1361257482883464
"single best (hybrid_dnn(64,)_conv(8, 16)_gbdt100-5-0.05_gbdt_heavy)",0.14502182671542954,190,548,537,14,0.42746314972847166,0.5725368502715283,0.9313725490196079,0.5050691244239631,0.2613480055020633,0.9750889679715302,1.8818234928980904,0.13587734363818516
"single best (hybrid_dnn(64,)_conv(8, 16)_gbdt100-5-0.05_gbdt_heavy)",0.14508479801440505,190,549,536,14,0.42668735453840184,0.5733126454615982,0.9313725490196079,0.5059907834101383,0.26170798898071623,0.9751332149200711,1.8853343576236465,0.1356298439229972
"single best (hybrid_dnn(64,)_conv(8, 16)_gbdt100-5-0.05_gbdt_heavy)",0.14528562608204443,190,550,535,14,0.425911559348332,0.574088440651668,0.9313725490196079,0.5069124423963134,0.2620689655172414,0.975177304964539,1.8888583470771487,0.13538324420677356
"single best (hybrid_dnn(64,)_conv(8, 16)_gbdt100-5-0.05_gbdt_heavy)",0.14529501442598727,190,551,534,14,0.4251357641582622,0.5748642358417377,0.9313725490196079,0.5078341013824885,0.26243093922651933,0.9752212389380531,1.8923955349930237,0.1351375395893384
"single best (hybrid_dnn(64,)_conv(8, 16)_gbdt100-5-0.05_gbdt_heavy)",0.14533744247706035,190,552,533,14,0.4243599689681924,0.5756400310318076,0.9313725490196079,0.5087557603686635,0.2627939142461964,0.9752650176678446,1.8959459956590514,0.1348927252060244
"single best (hybrid_dnn(64,)_conv(8, 16)_gbdt100-5-0.05_gbdt_heavy)",0.1454982247296386,190,553,532,14,0.4235841737781226,0.5764158262218775,0.9313725490196079,0.5096774193548387,0.2631578947368421,0.9753086419753086,1.8995098039215685,0.13464879622735165
"single best (hybrid_dnn(64,)_conv(8, 16)_gbdt100-5-0.05_gbdt_heavy)",0.14565530083073963,190,554,531,14,0.42280837858805276,0.5771916214119472,0.9313725490196079,0.5105990783410138,0.2635228848821082,0.9753521126760564,1.903087035190724,0.13440574785871023
"single best (hybrid_dnn(64,)_conv(8, 16)_gbdt100-5-0.05_gbdt_heavy)",0.1465314890837478,190,555,530,14,0.42203258339798294,0.577967416602017,0.9313725490196079,0.511520737327189,0.2638888888888889,0.9753954305799648,1.906677765445801,0.1341635753400459
"single best (hybrid_dnn(64,)_conv(8, 16)_gbdt100-5-0.05_gbdt_heavy)",0.1470206455861475,190,556,529,14,0.4212567882079131,0.5787432117920869,0.9313725490196079,0.5124423963133641,0.26425591098748263,0.9754385964912281,1.9102820712405946,0.1339222739455494
"single best (hybrid_dnn(64,)_conv(8, 16)_gbdt100-5-0.05_gbdt_heavy)",0.14712846365886284,190,557,528,14,0.4204809930178433,0.5795190069821567,0.9313725490196079,0.5133640552995392,0.2646239554317549,0.9754816112084063,1.9139000297088535,0.13368183898334912
"single best (hybrid_dnn(64,)_conv(8, 16)_gbdt100-5-0.05_gbdt_heavy)",0.1472425569964561,190,558,527,14,0.4197051978277735,0.5802948021722265,0.9313725490196079,0.5142857142857142,0.2649930264993027,0.9755244755244755,1.9175317185697807,0.13344226579520693
"single best (hybrid_dnn(64,)_conv(8, 16)_gbdt100-5-0.05_gbdt_heavy)",0.14751287806632624,190,559,526,14,0.4189294026377037,0.5810705973622963,0.9313725490196079,0.5152073732718894,0.26536312849162014,0.9755671902268761,1.9211772161336016,0.1332035497562173
"single best (hybrid_dnn(64,)_conv(8, 16)_gbdt100-5-0.05_gbdt_heavy)",0.14753948488391952,190,560,525,14,0.4181536074476338,0.5818463925523663,0.9313725490196079,0.5161290322580645,0.26573426573426573,0.975609756097561,1.9248366013071896,0.13296568627450978
"single best (hybrid_dnn(64,)_conv(8, 16)_gbdt100-5-0.05_gbdt_heavy)",0.14763563672468458,190,561,524,14,0.417377812257564,0.582622187742436,0.9313725490196079,0.5170506912442396,0.2661064425770308,0.9756521739130435,1.9285099535997605,0.1327286707909545
"single best (hybrid_dnn(64,)_conv(8, 16)_gbdt100-5-0.05_gbdt_heavy)",0.1480499138372422,190,562,523,14,0.41660201706749417,0.5833979829325058,0.9313725490196079,0.5179723502304148,0.2664796633941094,0.9756944444444444,1.932197353128632,0.13249249877887093
"single best (hybrid_dnn(64,)_conv(8, 16)_gbdt100-5-0.05_gbdt_heavy)",0.1481468949739061,190,563,522,14,0.41582622187742435,0.5841737781225756,0.9313725490196079,0.5188940092165899,0.26685393258426965,0.975736568457539,1.9358988806250472,0.13225716574373972
"single best (hybrid_dnn(64,)_conv(8, 16)_gbdt100-5-0.05_gbdt_heavy)",0.1481807723153789,190,564,521,14,0.41505042668735453,0.5849495733126455,0.9313725490196079,0.5198156682027649,0.2672292545710267,0.9757785467128027,1.9396146174400661,0.1320226672229175
"single best (hybrid_dnn(64,)_conv(8, 16)_gbdt100-5-0.05_gbdt_heavy)",0.14824830638609873,190,565,520,14,0.4142746314972847,0.5857253685027153,0.9313725490196079,0.5207373271889401,0.2676056338028169,0.9758203799654577,1.9433446455505279,0.13178899878535483
"single best (hybrid_dnn(64,)_conv(8, 16)_gbdt100-5-0.05_gbdt_heavy)",0.1483194233194728,190,566,519,14,0.4134988363072149,0.586501163692785,0.9313725490196079,0.5216589861751152,0.2679830747531735,0.9758620689655172,1.9470890475650762,0.1315561560313171
"single best (hybrid_dnn(64,)_conv(8, 16)_gbdt100-5-0.05_gbdt_heavy)",0.14837199407015295,190,567,518,14,0.4127230411171451,0.5872769588828549,0.9313725490196079,0.5225806451612903,0.268361581920904,0.9759036144578314,1.9508479067302598,0.1313241345921084
"single best (hybrid_dnn(64,)_conv(8, 16)_gbdt100-5-0.05_gbdt_heavy)",0.14841078816068554,190,568,517,14,0.41194724592707527,0.5880527540729248,0.9313725490196079,0.5235023041474655,0.26874115983026875,0.9759450171821306,1.9546213069367013,0.13109293012979836
"single best (hybrid_dnn(64,)_conv(8, 16)_gbdt100-5-0.05_gbdt_heavy)",0.14863329910399994,190,569,516,14,0.41117145073700545,0.5888285492629945,0.9313725490196079,0.5244239631336406,0.26912181303116145,0.9759862778730704,1.9584093327253385,0.1308625383369516
"single best (hybrid_dnn(64,)_conv(8, 16)_gbdt100-5-0.05_gbdt_heavy)",0.14871756436762018,190,570,515,14,0.41039565554693563,0.5896043444530643,0.9313725490196079,0.5253456221198156,0.2695035460992908,0.976027397260274,1.9622120692937368,0.13063295493636048
"single best (hybrid_dnn(64,)_conv(8, 16)_gbdt100-5-0.05_gbdt_heavy)",0.14871783428788016,189,570,515,15,0.41117145073700545,0.5888285492629945,0.9264705882352942,0.5253456221198156,0.2684659090909091,0.9743589743589743,1.9518846373500855,0.13996388028895762
"single best (hybrid_dnn(64,)_conv(8, 16)_gbdt100-5-0.05_gbdt_heavy)",0.14933317247558486,189,571,514,15,0.41039565554693563,0.5896043444530643,0.9264705882352942,0.5262672811059907,0.26884779516358465,0.9744027303754266,1.9556820782787823,0.13971875965797872
"single best (hybrid_dnn(64,)_conv(8, 16)_gbdt100-5-0.05_gbdt_heavy)",0.14968839243367726,189,572,513,15,0.40961986035686576,0.5903801396431343,0.9264705882352942,0.5271889400921659,0.2692307692307692,0.9744463373083475,1.9594943240454077,0.13947449609214307
"single best (hybrid_dnn(64,)_conv(8, 16)_gbdt100-5-0.05_gbdt_heavy)",0.14983935044850472,188,572,513,16,0.41039565554693563,0.5896043444530643,0.9215686274509803,0.5271889400921659,0.268188302425107,0.9727891156462585,1.9491266292091884,0.14877279583161948
"single best (hybrid_dnn(64,)_conv(8, 16)_gbdt100-5-0.05_gbdt_heavy)",0.14986107698085396,188,573,512,16,0.40961986035686576,0.5903801396431343,0.9215686274509803,0.528110599078341,0.26857142857142857,0.9728353140916808,1.9529335171568627,0.14851315744447877
"single best (hybrid_dnn(64,)_conv(8, 16)_gbdt100-5-0.05_gbdt_heavy)",0.150031358317983,188,574,511,16,0.40884406516679594,0.591155934833204,0.9215686274509803,0.5290322580645161,0.26895565092989987,0.9728813559322034,1.9567553048616706,0.1482544237207079
"single best (hybrid_dnn(64,)_conv(8, 16)_gbdt100-5-0.05_gbdt_heavy)",0.15032640843680337,188,575,510,16,0.40806826997672613,0.5919317300232738,0.9215686274509803,0.5299539170506913,0.2693409742120344,0.9729272419627749,1.9605920799692427,0.14799658994032405
"single best (hybrid_dnn(64,)_conv(8, 16)_gbdt100-5-0.05_gbdt_heavy)",0.15046411185463723,188,576,509,16,0.4072924747866563,0.5927075252133437,0.9215686274509803,0.5308755760368664,0.2697274031563845,0.972972972972973,1.964443930813976,0.14773965141612208
"single best (hybrid_dnn(64,)_conv(8, 16)_gbdt100-5-0.05_gbdt_heavy)",0.15051995574689733,188,577,508,16,0.4065166795965865,0.5934833204034136,0.9215686274509803,0.5317972350230414,0.27011494252873564,0.9730185497470489,1.9683109464258142,0.14748360349339054
"single best (hybrid_dnn(64,)_conv(8, 16)_gbdt100-5-0.05_gbdt_heavy)",0.15069574840661254,188,578,507,16,0.4057408844065167,0.5942591155934833,0.9215686274509803,0.5327188940092166,0.27050359712230215,0.9730639730639731,1.9721932165371077,0.14722844154963033
"single best (hybrid_dnn(64,)_conv(8, 16)_gbdt100-5-0.05_gbdt_heavy)",0.15079550612351333,188,579,506,16,0.40496508921644686,0.5950349107835531,0.9215686274509803,0.5336405529953917,0.27089337175792505,0.973109243697479,1.9760908315895527,0.1469741609942769
"single best (hybrid_dnn(64,)_conv(8, 16)_gbdt100-5-0.05_gbdt_heavy)",0.1517144197132745,188,580,505,16,0.40418929402637704,0.595810705973623,0.9215686274509803,0.5345622119815668,0.2712842712842713,0.9731543624161074,1.9800038827412152,0.1467207572684247
"single best (hybrid_dnn(64,)_conv(8, 16)_gbdt100-5-0.05_gbdt_heavy)",0.15174452622935677,188,581,504,16,0.4034134988363072,0.5965865011636928,0.9215686274509803,0.535483870967742,0.27167630057803466,0.9731993299832495,1.9839324618736385,0.1464682258445548
"single best (hybrid_dnn(64,)_conv(8, 16)_gbdt100-5-0.05_gbdt_heavy)",0.15194601489073858,188,582,503,16,0.4026377036462374,0.5973622963537626,0.9215686274509803,0.5364055299539171,0.27206946454413894,0.9732441471571907,1.9878766615990333,0.14621656222626517
"single best (hybrid_dnn(64,)_conv(8, 16)_gbdt100-5-0.05_gbdt_heavy)",0.15209644497695313,188,583,502,16,0.4018619084561676,0.5981380915438324,0.9215686274509803,0.5373271889400921,0.27246376811594203,0.9732888146911519,1.9918365752675569,0.145965761948004
"single best (hybrid_dnn(64,)_conv(8, 16)_gbdt100-5-0.05_gbdt_heavy)",0.15215152004300858,188,584,501,16,0.4010861132660978,0.5989138867339022,0.9215686274509803,0.5382488479262673,0.2728592162554427,0.9733333333333334,1.9958122969746779,0.14571582057480537
"single best (hybrid_dnn(64,)_conv(8, 16)_gbdt100-5-0.05_gbdt_heavy)",0.15218344607246623,187,584,501,17,0.4018619084561676,0.5981380915438324,0.9166666666666666,0.5382488479262673,0.27180232558139533,0.9717138103161398,1.9851962741184297,0.15482305936073068
"single best (hybrid_dnn(64,)_conv(8, 16)_gbdt100-5-0.05_gbdt_heavy)",0.1522618944650374,187,585,500,17,0.4010861132660978,0.5989138867339022,0.9166666666666666,0.5391705069124424,0.27219796215429404,0.9717607973421927,1.9891666666666665,0.15455840455840464
"single best (hybrid_dnn(64,)_conv(8, 16)_gbdt100-5-0.05_gbdt_heavy)",0.15242696557303995,187,586,499,17,0.4003103180760279,0.5996896819239721,0.9166666666666666,0.5400921658986175,0.2725947521865889,0.9718076285240465,1.9931529726118904,0.1542946530147896
"single best (hybrid_dnn(64,)_conv(8, 16)_gbdt100-5-0.05_gbdt_heavy)",0.15242895515266583,187,587,498,17,0.3995345228859581,0.6004654771140419,0.9166666666666666,0.5410138248847927,0.272992700729927,0.9718543046357616,1.9971552878179384,0.1540318001135719
"single best (hybrid_dnn(64,)_conv(8, 16)_gbdt100-5-0.05_gbdt_heavy)",0.15261003797471362,187,588,497,17,0.39875872769588827,0.6012412723041117,0.9166666666666666,0.5419354838709678,0.2733918128654971,0.971900826446281,2.001173708920188,0.15376984126984133
"single best (hybrid_dnn(64,)_conv(8, 16)_gbdt100-5-0.05_gbdt_heavy)",0.15291124325816338,187,589,496,17,0.39798293250581845,0.6020170674941816,0.9166666666666666,0.5428571428571428,0.27379209370424595,0.971947194719472,2.005208333333333,0.15350877192982465
"single best (hybrid_dnn(64,)_conv(8, 16)_gbdt100-5-0.05_gbdt_heavy)",0.1530448355972682,187,590,495,17,0.39720713731574864,0.6027928626842514,0.9166666666666666,0.543778801843318,0.27419354838709675,0.9719934102141681,2.009259259259259,0.15324858757062154
"single best (hybrid_dnn(64,)_conv(8, 16)_gbdt100-5-0.05_gbdt_heavy)",0.15325362206336124,187,591,494,17,0.3964313421256788,0.6035686578743211,0.9166666666666666,0.5447004608294931,0.2745961820851689,0.9720394736842105,2.0133265856950064,0.15298928369994366
"single best (hybrid_dnn(64,)_conv(8, 16)_gbdt100-5-0.05_gbdt_heavy)",0.15332970195276405,187,592,493,17,0.395655546935609,0.604344453064391,0.9166666666666666,0.5456221198156682,0.275,0.9720853858784894,2.0174104124408383,0.1527308558558559
"single best (hybrid_dnn(64,)_conv(8, 16)_gbdt100-5-0.05_gbdt_heavy)",0.1533371318855426,186,592,493,18,0.3964313421256788,0.6035686578743211,0.9117647058823529,0.5456221198156682,0.27393225331369664,0.9704918032786886,2.006622121465219,0.16171502384737682
"single best (hybrid_dnn(64,)_conv(8, 16)_gbdt100-5-0.05_gbdt_heavy)",0.1537501047675093,186,593,492,18,0.395655546935609,0.604344453064391,0.9117647058823529,0.5465437788018433,0.2743362831858407,0.9705400981996727,2.0107006217120995,0.1614423172304335
"single best (hybrid_dnn(64,)_conv(8, 16)_gbdt100-5-0.05_gbdt_heavy)",0.15375215655761792,186,594,491,18,0.3948797517455392,0.6051202482544609,0.9117647058823529,0.5474654377880185,0.27474150664697194,0.9705882352941176,2.014795734994609,0.16117052881758767
"single best (hybrid_dnn(64,)_conv(8, 16)_gbdt100-5-0.05_gbdt_heavy)",0.15412254515524856,186,595,490,18,0.39410395655546937,0.6058960434445306,0.9117647058823529,0.5483870967741935,0.27514792899408286,0.9706362153344209,2.01890756302521,0.1608996539792388
"single best (hybrid_dnn(64,)_conv(8, 16)_gbdt100-5-0.05_gbdt_heavy)",0.15444616943634165,186,596,489,18,0.39332816136539955,0.6066718386346004,0.9117647058823529,0.5493087557603686,0.27555555555555555,0.9706840390879479,2.02303620834837,0.16062968811685752
"single best (hybrid_dnn(64,)_conv(8, 16)_gbdt100-5-0.05_gbdt_heavy)",0.15463482902552694,186,597,488,18,0.39255236617532974,0.6074476338246703,0.9117647058823529,0.5502304147465438,0.27596439169139464,0.9707317073170731,2.0271817743490836,0.16036062666272544
"single best (hybrid_dnn(64,)_conv(8, 16)_gbdt100-5-0.05_gbdt_heavy)",0.15499543062223486,186,598,487,18,0.39177657098525986,0.6082234290147401,0.9117647058823529,0.5511520737327189,0.2763744427934621,0.9707792207792207,2.031344365261505,0.1600924650796774
"single best (hybrid_dnn(64,)_conv(8, 16)_gbdt100-5-0.05_gbdt_heavy)",0.1553933281520794,186,599,486,18,0.39100077579519005,0.6089992242048099,0.9117647058823529,0.552073732718894,0.2767857142857143,0.9708265802269044,2.035524086177681,0.15982519886084653
"single best (hybrid_dnn(64,)_conv(8, 16)_gbdt100-5-0.05_gbdt_heavy)",0.15597475118904153,185,599,486,19,0.39177657098525986,0.6082234290147401,0.9068627450980392,0.552073732718894,0.2757078986587183,0.9692556634304207,2.024580408295005,0.168704376575338
"single best (hybrid_dnn(64,)_conv(8, 16)_gbdt100-5-0.05_gbdt_heavy)",0.15633754461338367,184,599,486,20,0.39255236617532974,0.6074476338246703,0.9019607843137255,0.552073732718894,0.2746268656716418,0.9676898222940227,2.0136367304123297,0.17758355428982942
"single best (hybrid_dnn(64,)_conv(8, 16)_gbdt100-5-0.05_gbdt_heavy)",0.15684724190057528,184,600,485,20,0.39177657098525986,0.6082234290147401,0.9019607843137255,0.5529953917050692,0.2750373692077728,0.967741935483871,2.0177885587224584,0.17728758169934636
"single best (hybrid_dnn(64,)_conv(8, 16)_gbdt100-5-0.05_gbdt_heavy)",0.1569626610387134,184,601,484,20,0.39100077579519005,0.6089992242048099,0.9019607843137255,0.5539170506912442,0.2754491017964072,0.9677938808373591,2.0219575433479173,0.1769925940426087
"single best (hybrid_dnn(64,)_conv(8, 16)_gbdt100-5-0.05_gbdt_heavy)",0.15706478674819416,183,601,484,21,0.39177657098525986,0.6082234290147401,0.8970588235294118,0.5539170506912442,0.27436281859070466,0.9662379421221865,2.010968643655809,0.1858422237447391
"single best (hybrid_dnn(64,)_conv(8, 16)_gbdt100-5-0.05_gbdt_heavy)",0.15735714127200015,183,602,483,21,0.39100077579519005,0.6089992242048099,0.8970588235294118,0.5548387096774193,0.2747747747747748,0.9662921348314607,2.015132139812447,0.1855335157318741
"single best (hybrid_dnn(64,)_conv(8, 16)_gbdt100-5-0.05_gbdt_heavy)",0.15746346298705677,183,603,482,21,0.39022498060512023,0.6097750193948798,0.8970588235294118,0.5557603686635945,0.27518796992481204,0.9663461538461539,2.0193129118867463,0.18522583162618275
"single best (hybrid_dnn(64,)_conv(8, 16)_gbdt100-5-0.05_gbdt_heavy)",0.15766537774416423,183,604,481,21,0.3894491854150504,0.6105508145849496,0.8970588235294118,0.5566820276497696,0.2756024096385542,0.9664,2.0235110676287147,0.18491916634203345
"single best (hybrid_dnn(64,)_conv(8, 16)_gbdt100-5-0.05_gbdt_heavy)",0.157954267417724,183,605,480,21,0.3886733902249806,0.6113266097750194,0.8970588235294118,0.5576036866359447,0.27601809954751133,0.9664536741214057,2.0277267156862746,0.1846135148274185
"single best (hybrid_dnn(64,)_conv(8, 16)_gbdt100-5-0.05_gbdt_heavy)",0.15842162086204864,183,606,479,21,0.3878975950349108,0.6121024049650892,0.8970588235294118,0.5585253456221199,0.2764350453172205,0.9665071770334929,2.0319599656146385,0.18430887206367688
"single best (hybrid_dnn(64,)_conv(8, 16)_gbdt100-5-0.05_gbdt_heavy)",0.15845328050998803,183,607,478,21,0.38712179984484096,0.612878200155159,0.8970588235294118,0.5594470046082949,0.27685325264750377,0.9665605095541401,2.0362109278857985,0.18400523306521946
"single best (hybrid_dnn(64,)_conv(8, 16)_gbdt100-5-0.05_gbdt_heavy)",0.15905810202582135,183,608,477,21,0.38634600465477115,0.6136539953452289,0.8970588235294118,0.56036866359447,0.2772727272727273,0.9666136724960255,2.040479713898138,0.18370259287925692
"single best (hybrid_dnn(64,)_conv(8, 16)_gbdt100-5-0.05_gbdt_heavy)",0.15915895178674777,183,609,476,21,0.38557020946470133,0.6144297905352987,0.8970588235294118,0.5612903225806452,0.27769347496206376,0.9666666666666667,2.0447664359861593,0.18340094658553072
"single best (hybrid_dnn(64,)_conv(8, 16)_gbdt100-5-0.05_gbdt_heavy)",0.1594699021405661,183,610,475,21,0.3847944142746315,0.6152055857253684,0.8970588235294118,0.5622119815668203,0.27811550151975684,0.9667194928684627,2.0490712074303405,0.18310028929604621
"single best (hybrid_dnn(64,)_conv(8, 16)_gbdt100-5-0.05_gbdt_heavy)",0.15947178737502143,183,611,474,21,0.3840186190845617,0.6159813809154383,0.8970588235294118,0.5631336405529954,0.2785388127853881,0.9667721518987342,2.0533941424671136,0.18280061615480883
"single best (hybrid_dnn(64,)_conv(8, 16)_gbdt100-5-0.05_gbdt_heavy)",0.15988131249719234,183,612,473,21,0.3832428238944919,0.6167571761055082,0.8970588235294118,0.5640552995391706,0.27896341463414637,0.966824644549763,2.057735356298968,0.1825019223375624
"single best (hybrid_dnn(64,)_conv(8, 16)_gbdt100-5-0.05_gbdt_heavy)",0.1598923929881965,183,613,472,21,0.382467028704422,0.6175329712955779,0.8970588235294118,0.5649769585253456,0.27938931297709924,0.9668769716088328,2.0620949651046856,0.1822042030515305
"single best (hybrid_dnn(64,)_conv(8, 16)_gbdt100-5-0.05_gbdt_heavy)",0.16029857062375544,183,614,471,21,0.3816912335143522,0.6183087664856478,0.8970588235294118,0.5658986175115207,0.2798165137614679,0.9669291338582677,2.0664730860497063,0.18190745353515994
"single best (hybrid_dnn(64,)_conv(8, 16)_gbdt100-5-0.05_gbdt_heavy)",0.16068038636490253,183,615,470,21,0.3809154383242824,0.6190845616757177,0.8970588235294118,0.5668202764976958,0.28024502297090353,0.9669811320754716,2.070869837296621,0.181611669057867
"single best (hybrid_dnn(64,)_conv(8, 16)_gbdt100-5-0.05_gbdt_heavy)",0.16107743570898506,183,616,469,21,0.38013964313421256,0.6198603568657874,0.8970588235294118,0.567741935483871,0.28067484662576686,0.967032967032967,2.0752853380158034,0.18131684491978603
"single best (hybrid_dnn(64,)_conv(8, 16)_gbdt100-5-0.05_gbdt_heavy)",0.1616051441761292,183,617,468,21,0.37936384794414274,0.6206361520558572,0.8970588235294118,0.5686635944700461,0.28110599078341014,0.9670846394984326,2.0797197083961794,0.18102297645152057
"single best (hybrid_dnn(64,)_conv(8, 16)_gbdt100-5-0.05_gbdt_heavy)",0.1622147682317057,183,618,467,21,0.3785880527540729,0.6214119472459271,0.8970588235294118,0.5695852534562212,0.2815384615384615,0.9671361502347418,2.0841730696561283,0.18073005901389674
"single best (hybrid_dnn(64,)_conv(8, 16)_gbdt100-5-0.05_gbdt_heavy)",0.162518639885052,183,619,466,21,0.3778122575640031,0.622187742435997,0.8970588235294118,0.5705069124423963,0.28197226502311246,0.9671875,2.0886455440545317,0.18043808799771924
"single best (hybrid_dnn(64,)_conv(8, 16)_gbdt100-5-0.05_gbdt_heavy)",0.16264302375825912,183,620,465,21,0.3770364623739333,0.6229635376260667,0.8970588235294118,0.5714285714285714,0.2824074074074074,0.9672386895475819,2.093137254901961,0.18014705882352935
"single best (hybrid_dnn(64,)_conv(8, 16)_gbdt100-5-0.05_gbdt_heavy)",0.1628850283396729,183,621,464,21,0.3762606671838635,0.6237393328161365,0.8970588235294118,0.5723502304147465,0.2828438948995363,0.9672897196261683,2.097648326572008,0.17985696694136585
"single best (hybrid_dnn(64,)_conv(8, 16)_gbdt100-5-0.05_gbdt_heavy)",0.16292730035954617,182,621,464,22,0.3770364623739333,0.6229635376260667,0.8921568627450981,0.5723502304147465,0.28173374613003094,0.9657853810264385,2.0861857674104125,0.18842158441476423
"single best (hybrid_dnn(64,)_conv(8, 16)_gbdt100-5-0.05_gbdt_heavy)",0.1633727518205757,182,622,463,22,0.3762606671838635,0.6237393328161365,0.8921568627450981,0.5732718894009217,0.28217054263565894,0.9658385093167702,2.0906915682039555,0.18811865582245751
"single best (hybrid_dnn(64,)_conv(8, 16)_gbdt100-5-0.05_gbdt_heavy)",0.16340621827584773,182,623,462,22,0.37548487199379366,0.6245151280062063,0.8921568627450981,0.5741935483870968,0.2826086956521739,0.9658914728682171,2.0952168746286395,0.18781669971359322
"single best (hybrid_dnn(64,)_conv(8, 16)_gbdt100-5-0.05_gbdt_heavy)",0.16355323063333224,182,624,461,22,0.37470907680372384,0.6252909231962762,0.8921568627450981,0.5751152073732719,0.28304821150855364,0.9659442724458205,2.0997618136191574,0.18751571141277013
"single best (hybrid_dnn(64,)_conv(8, 16)_gbdt100-5-0.05_gbdt_heavy)",0.16366386812686623,182,625,460,22,0.373933281613654,0.626066718386346,0.8921568627450981,0.576036866359447,0.2834890965732087,0.9659969088098919,2.104326513213981,0.18721568627450974
"single best (hybrid_dnn(64,)_conv(8, 16)_gbdt100-5-0.05_gbdt_heavy)",0.16428918446080992,182,626,459,22,0.37315748642358415,0.6268425135764158,0.8921568627450981,0.5769585253456221,0.2839313572542902,0.9660493827160493,2.108911102567389,0.1869166196830169
"single best (hybrid_dnn(64,)_conv(8, 16)_gbdt100-5-0.05_gbdt_heavy)",0.16485616599089678,182,627,458,22,0.37238169123351433,0.6276183087664857,0.8921568627450981,0.5778801843317972,0.284375,0.9661016949152542,2.113515711961641,0.1866185070519435
"single best (hybrid_dnn(64,)_conv(8, 16)_gbdt100-5-0.05_gbdt_heavy)",0.16527687577480565,182,628,457,22,0.3716058960434445,0.6283941039565555,0.8921568627450981,0.5788018433179724,0.28482003129890454,0.9661538461538461,2.118140472819325,0.18632134382415377
"single best (hybrid_dnn(64,)_conv(8, 16)_gbdt100-5-0.05_gbdt_heavy)",0.16534203944607562,182,629,456,22,0.3708301008533747,0.6291698991466252,0.8921568627450981,0.5797235023041475,0.2852664576802508,0.9662058371735791,2.1227855177158585,0.18602512547149216
"single best (hybrid_dnn(64,)_conv(8, 16)_gbdt100-5-0.05_gbdt_heavy)",0.16567355972831305,182,630,455,22,0.3700543056633049,0.6299456943366951,0.8921568627450981,0.5806451612903226,0.2857142857142857,0.9662576687116564,2.1274509803921573,0.1857298474945533
"single best (hybrid_dnn(64,)_conv(8, 16)_gbdt100-5-0.05_gbdt_heavy)",0.16579627284213494,182,631,454,22,0.36927851047323507,0.630721489526765,0.8921568627450981,0.5815668202764976,0.2861635220125786,0.9663093415007658,2.13213699576747,0.18543550542245418
"single best (hybrid_dnn(64,)_conv(8, 16)_gbdt100-5-0.05_gbdt_heavy)",0.16586589520495884,182,632,453,22,0.36850271528316525,0.6314972847168348,0.8921568627450981,0.5824884792626728,0.2866141732283465,0.9663608562691132,2.136843699952387,0.18514209481260852
"single best (hybrid_dnn(64,)_conv(8, 16)_gbdt100-5-0.05_gbdt_heavy)",0.16676425158119576,182,633,452,22,0.36772692009309543,0.6322730799069045,0.8921568627450981,0.5834101382488479,0.2870662460567823,0.966412213740458,2.1415712302620165,0.18484961125050328
"single best (hybrid_dnn(64,)_conv(8, 16)_gbdt100-5-0.05_gbdt_heavy)",0.16676640378432314,182,634,451,22,0.3669511249030256,0.6330488750969744,0.8921568627450981,0.584331797235023,0.28751974723538704,0.9664634146341463,2.146319725229338,0.18455805034947725
"single best (hybrid_dnn(64,)_conv(8, 16)_gbdt100-5-0.05_gbdt_heavy)",0.16680734870934288,182,635,450,22,0.3661753297129558,0.6338246702870443,0.8921568627450981,0.5852534562211982,0.2879746835443038,0.9665144596651446,2.1510893246187366,0.18426740775050168
"single best (hybrid_dnn(64,)_conv(8, 16)_gbdt100-5-0.05_gbdt_heavy)",0.1668948044496475,182,636,449,22,0.365399534522886,0.634600465477114,0.8921568627450981,0.5861751152073733,0.2884310618066561,0.9665653495440729,2.155880169439714,0.18397767912196317
"single best (hybrid_dnn(64,)_conv(8, 16)_gbdt100-5-0.05_gbdt_heavy)",0.16719454396115843,182,637,448,22,0.3646237393328161,0.6353762606671839,0.8921568627450981,0.5870967741935483,0.28888888888888886,0.9666160849772383,2.1606924019607843,0.18368886015944833
"single best (hybrid_dnn(64,)_conv(8, 16)_gbdt100-5-0.05_gbdt_heavy)",0.16738110832127584,182,638,447,22,0.3638479441427463,0.6361520558572538,0.8921568627450981,0.5880184331797235,0.2893481717011129,0.9666666666666667,2.16552616572356,0.1834009465855307
"single best (hybrid_dnn(64,)_conv(8, 16)_gbdt100-5-0.05_gbdt_heavy)",0.16786577552899284,182,639,446,22,0.3630721489526765,0.6369278510473235,0.8921568627450981,0.5889400921658986,0.2898089171974522,0.9667170953101362,2.170381605557021,0.1831139341495596
"single best (hybrid_dnn(64,)_conv(8, 16)_gbdt100-5-0.05_gbdt_heavy)",0.16827898889648474,182,640,445,22,0.36229635376260666,0.6377036462373933,0.8921568627450981,0.5898617511520737,0.2902711323763955,0.9667673716012085,2.175258867591981,0.1828278186274509
"single best (hybrid_dnn(64,)_conv(8, 16)_gbdt100-5-0.05_gbdt_heavy)",0.16853476683555557,182,641,444,22,0.36152055857253684,0.6384794414274632,0.8921568627450981,0.5907834101382489,0.29073482428115016,0.9668174962292609,2.1801580992757463,0.18254259582147983
"single best (hybrid_dnn(64,)_conv(8, 16)_gbdt100-5-0.05_gbdt_heavy)",0.1699298988069865,182,642,443,22,0.360744763382467,0.639255236617533,0.8921568627450981,0.591705069124424,0.2912,0.9668674698795181,2.1850794493869787,0.18225826156007566
"single best (hybrid_dnn(64,)_conv(8, 16)_gbdt100-5-0.05_gbdt_heavy)",0.1699474343602982,182,643,442,22,0.3599689681923972,0.6400310318076028,0.8921568627450981,0.5926267281105991,0.2916666666666667,0.9669172932330827,2.19002306805075,0.18197481169761828
"single best (hybrid_dnn(64,)_conv(8, 16)_gbdt100-5-0.05_gbdt_heavy)",0.1701198694288284,182,644,441,22,0.3591931730023274,0.6408068269976726,0.8921568627450981,0.5935483870967742,0.29213483146067415,0.9669669669669669,2.1949891067538125,0.18169224211423693
"single best (hybrid_dnn(64,)_conv(8, 16)_gbdt100-5-0.05_gbdt_heavy)",0.17049735161886476,182,645,440,22,0.3584173778122576,0.6415826221877424,0.8921568627450981,0.5944700460829493,0.29260450160771706,0.967016491754123,2.1999777183600715,0.1814105487156102
"single best (hybrid_dnn(64,)_conv(8, 16)_gbdt100-5-0.05_gbdt_heavy)",0.17053120543944195,182,646,439,22,0.35764158262218776,0.6423584173778123,0.8921568627450981,0.5953917050691244,0.29307568438003223,0.9670658682634731,2.2049890571262676,0.1811297274327687
"single best (hybrid_dnn(64,)_conv(8, 16)_gbdt100-5-0.05_gbdt_heavy)",0.17084980418596724,182,647,438,22,0.35686578743211794,0.6431342125678821,0.8921568627450981,0.5963133640552996,0.29354838709677417,0.9671150971599403,2.21002327871788,0.18084977422189888
"single best (hybrid_dnn(64,)_conv(8, 16)_gbdt100-5-0.05_gbdt_heavy)",0.17091043922260185,181,647,438,23,0.35764158262218776,0.6423584173778123,0.8872549019607843,0.5963133640552996,0.2924071082390953,0.9656716417910448,2.1978802936699795,0.18907021850471262
"single best (hybrid_dnn(64,)_conv(8, 16)_gbdt100-5-0.05_gbdt_heavy)",0.1725344659394174,181,648,437,23,0.35686578743211794,0.6431342125678821,0.8872549019607843,0.5972350230414747,0.2928802588996764,0.9657228017883756,2.2029097680262035,0.18877844347615597
"single best (hybrid_dnn(64,)_conv(8, 16)_gbdt100-5-0.05_gbdt_heavy)",0.17257891749507204,181,649,436,23,0.3560899922420481,0.6439100077579518,0.8872549019607843,0.5981566820276498,0.293354943273906,0.9657738095238095,2.2079623133657136,0.18848756760022967
"single best (hybrid_dnn(64,)_conv(8, 16)_gbdt100-5-0.05_gbdt_heavy)",0.17260830593640944,181,650,435,23,0.35531419705197825,0.6446858029480218,0.8872549019607843,0.5990783410138248,0.29383116883116883,0.9658246656760773,2.2130380887987378,0.18819758672699857
"single best (hybrid_dnn(64,)_conv(8, 16)_gbdt100-5-0.05_gbdt_heavy)",0.17292172657797708,181,651,434,23,0.35453840186190844,0.6454615981380916,0.8872549019607843,0.6,0.2943089430894309,0.9658753709198813,2.2181372549019605,0.18790849673202623
"single best (hybrid_dnn(64,)_conv(8, 16)_gbdt100-5-0.05_gbdt_heavy)",0.17301833997846455,181,652,433,23,0.3537626066718386,0.6462373933281613,0.8872549019607843,0.6009216589861751,0.2947882736156352,0.965925925925926,2.2232599737354524,0.18762029351617956
"single best (hybrid_dnn(64,)_conv(8, 16)_gbdt100-5-0.05_gbdt_heavy)",0.17352480004245605,181,653,432,23,0.3529868114817688,0.6470131885182312,0.8872549019607843,0.6018433179723502,0.29526916802610115,0.9659763313609467,2.2284064088598403,0.18733297300543503
"single best (hybrid_dnn(64,)_conv(8, 16)_gbdt100-5-0.05_gbdt_heavy)",0.17356430524523841,181,654,431,23,0.352211016291699,0.6477889837083011,0.8872549019607843,0.6027649769585254,0.2957516339869281,0.96602658788774,2.2335767253537147,0.18704653115068665
"single best (hybrid_dnn(64,)_conv(8, 16)_gbdt100-5-0.05_gbdt_heavy)",0.17429412939807132,181,655,430,23,0.35143522110162917,0.6485647788983708,0.8872549019607843,0.6036866359447005,0.29623567921440264,0.9660766961651918,2.2387710898312814,0.1867609639275558
"single best (hybrid_dnn(64,)_conv(8, 16)_gbdt100-5-0.05_gbdt_heavy)",0.17447497183470612,181,656,429,23,0.35065942591155935,0.6493405740884406,0.8872549019607843,0.6046082949308755,0.2967213114754098,0.9661266568483063,2.2439896704602584,0.18647626733620287
"single best (hybrid_dnn(64,)_conv(8, 16)_gbdt100-5-0.05_gbdt_heavy)",0.17468371691099116,181,657,428,23,0.34988363072148954,0.6501163692785105,0.8872549019607843,0.6055299539170507,0.29720853858784896,0.9661764705882353,2.2492326369800253,0.18619243740114014
"single best (hybrid_dnn(64,)_conv(8, 16)_gbdt100-5-0.05_gbdt_heavy)",0.17479259260944663,181,658,427,23,0.3491078355314197,0.6508921644685803,0.8872549019607843,0.6064516129032258,0.29769736842105265,0.9662261380323054,2.2545001607200255,0.18590947017104723
"single best (hybrid_dnn(64,)_conv(8, 16)_gbdt100-5-0.05_gbdt_heavy)",0.17500142455853812,181,659,426,23,0.3483320403413499,0.6516679596586501,0.8872549019607843,0.6073732718894009,0.2981878088962109,0.966275659824047,2.2597924146184294,0.18562736171858735
"single best (hybrid_dnn(64,)_conv(8, 16)_gbdt100-5-0.05_gbdt_heavy)",0.17538500548548872,181,660,425,23,0.3475562451512801,0.6524437548487199,0.8872549019607843,0.6082949308755761,0.2986798679867987,0.9663250366032211,2.265109573241061,0.18534610814022584
"single best (hybrid_dnn(64,)_conv(8, 16)_gbdt100-5-0.05_gbdt_heavy)",0.17561351341279885,181,661,424,23,0.3467804499612102,0.6532195500387898,0.8872549019607843,0.6092165898617512,0.2991735537190083,0.966374269005848,2.270451812800592,0.18506570555605
"single best (hybrid_dnn(64,)_conv(8, 16)_gbdt100-5-0.05_gbdt_heavy)",0.17585169790936903,181,662,423,23,0.3460046547711404,0.6539953452288596,0.8872549019607843,0.6101382488479262,0.2996688741721854,0.9664233576642336,2.2758193111760066,0.18478615010959074
"single best (hybrid_dnn(64,)_conv(8, 16)_gbdt100-5-0.05_gbdt_heavy)",0.1758678999869089,181,663,422,23,0.3452288595810706,0.6547711404189294,0.8872549019607843,0.6110599078341014,0.30016583747927034,0.9664723032069971,2.281212247932348,0.18450743796764565
"single best (hybrid_dnn(64,)_conv(8, 16)_gbdt100-5-0.05_gbdt_heavy)",0.1758963768588698,181,664,421,23,0.34445306439100076,0.6555469356089992,0.8872549019607843,0.6119815668202765,0.30066445182724255,0.9665211062590975,2.2866308043407386,0.184229565320104
"single best (hybrid_dnn(64,)_conv(8, 16)_gbdt100-5-0.05_gbdt_heavy)",0.17620649074237457,181,665,420,23,0.34367726920093095,0.6563227307990691,0.8872549019607843,0.6129032258064516,0.3011647254575707,0.9665697674418605,2.292075163398693,0.18395252837977302
"single best (hybrid_dnn(64,)_conv(8, 16)_gbdt100-5-0.05_gbdt_heavy)",0.17684429858251471,181,666,419,23,0.34290147401086113,0.6570985259891389,0.8872549019607843,0.6138248847926268,0.3016666666666667,0.9666182873730044,2.2975455098507185,0.1836763233822058
"single best (hybrid_dnn(64,)_conv(8, 16)_gbdt100-5-0.05_gbdt_heavy)",0.176927168231729,181,667,418,23,0.3421256788207913,0.6578743211792086,0.8872549019607843,0.6147465437788019,0.3021702838063439,0.9666666666666667,2.303042030209213,0.18340094658553083
"single best (hybrid_dnn(64,)_conv(8, 16)_gbdt100-5-0.05_gbdt_heavy)",0.17732876342467643,180,667,418,24,0.34290147401086113,0.6570985259891389,0.8823529411764706,0.6147465437788019,0.3010033444816054,0.9652677279305355,2.290318041092035,0.19137490078490169
"single best (hybrid_dnn(64,)_conv(8, 16)_gbdt100-5-0.05_gbdt_heavy)",0.1778063193275306,180,668,417,24,0.3421256788207913,0.6578743211792086,0.8823529411764706,0.6156682027649769,0.3015075376884422,0.9653179190751445,2.295810410495133,0.19108841141246924
"single best (hybrid_dnn(64,)_conv(8, 16)_gbdt100-5-0.05_gbdt_heavy)",0.1779523844992983,180,669,416,24,0.3413498836307215,0.6586501163692785,0.8823529411764706,0.616589861751152,0.30201342281879195,0.9653679653679653,2.3013291855203617,0.1908027785105074
"single best (hybrid_dnn(64,)_conv(8, 16)_gbdt100-5-0.05_gbdt_heavy)",0.17799270973729847,180,670,415,24,0.3405740884406517,0.6594259115593484,0.8823529411764706,0.6175115207373272,0.3025210084033613,0.9654178674351584,2.3068745570517364,0.19051799824407378
"single best (hybrid_dnn(64,)_conv(8, 16)_gbdt100-5-0.05_gbdt_heavy)",0.17812285859274224,180,671,414,24,0.33979829325058186,0.6602017067494181,0.8823529411764706,0.6184331797235023,0.30303030303030304,0.9654676258992806,2.312446717817562,0.1902340668010871
"single best (hybrid_dnn(64,)_conv(8, 16)_gbdt100-5-0.05_gbdt_heavy)",0.1783816333913404,180,672,413,24,0.33902249806051205,0.6609775019394879,0.8823529411764706,0.6193548387096774,0.30354131534569984,0.9655172413793104,2.318045862412762,0.1899509803921569
"single best (hybrid_dnn(64,)_conv(8, 16)_gbdt100-5-0.05_gbdt_heavy)",0.17880412696724363,180,673,412,24,0.33824670287044223,0.6617532971295578,0.8823529411764706,0.6202764976958526,0.30405405405405406,0.9655667144906743,2.323672187321531,0.1896687352504152
"single best (hybrid_dnn(64,)_conv(8, 16)_gbdt100-5-0.05_gbdt_heavy)",0.1790888461097737,180,674,411,24,0.33747090768037236,0.6625290923196276,0.8823529411764706,0.6211981566820276,0.30456852791878175,0.9656160458452722,2.3293258909403174,0.18938732763134933
"single best (hybrid_dnn(64,)_conv(8, 16)_gbdt100-5-0.05_gbdt_heavy)",0.1791255821438381,180,675,410,24,0.33669511249030254,0.6633048875096974,0.8823529411764706,0.6221198156682027,0.3050847457627119,0.9656652360515021,2.3350071736011477,0.18910675381263622
"single best (hybrid_dnn(64,)_conv(8, 16)_gbdt100-5-0.05_gbdt_heavy)",0.17939267499258757,180,676,409,24,0.3359193173002327,0.6640806826997673,0.8823529411764706,0.6230414746543779,0.30560271646859083,0.9657142857142857,2.3407162375952826,0.18882701009397845
"single best (hybrid_dnn(64,)_conv(8, 16)_gbdt100-5-0.05_gbdt_heavy)",0.17942736979349805,180,677,408,24,0.3351435221101629,0.6648564778898371,0.8823529411764706,0.623963133640553,0.30612244897959184,0.9657631954350927,2.3464532871972317,0.18854809279694157
"single best (hybrid_dnn(64,)_conv(8, 16)_gbdt100-5-0.05_gbdt_heavy)",0.18006628665163155,180,678,407,24,0.3343677269200931,0.6656322730799069,0.8823529411764706,0.6248847926267281,0.30664395229982966,0.9658119658119658,2.352218528689117,0.18826999826479268
"single best (hybrid_dnn(64,)_conv(8, 16)_gbdt100-5-0.05_gbdt_heavy)",0.18023478738958934,180,679,406,24,0.3335919317300233,0.6664080682699767,0.8823529411764706,0.6258064516129033,0.30716723549488056,0.9658605974395448,2.3580121703853956,0.18799272286234084
"single best (hybrid_dnn(64,)_conv(8, 16)_gbdt100-5-0.05_gbdt_heavy)",0.18044033495746944,180,680,405,24,0.33281613653995346,0.6671838634600465,0.8823529411764706,0.6267281105990783,0.3076923076923077,0.9659090909090909,2.3638344226579515,0.1877162629757786
"single best (hybrid_dnn(64,)_conv(8, 16)_gbdt100-5-0.05_gbdt_heavy)",0.1806741803288026,180,681,404,24,0.33204034134988364,0.6679596586501164,0.8823529411764706,0.6276497695852534,0.3082191780821918,0.9659574468085106,2.3696854979615605,0.18744061501252487
"single best (hybrid_dnn(64,)_conv(8, 16)_gbdt100-5-0.05_gbdt_heavy)",0.1808838556606367,180,682,403,24,0.3312645461598138,0.6687354538401862,0.8823529411764706,0.6285714285714286,0.30874785591766724,0.9660056657223796,2.3755656108597285,0.18716577540106957
"single best (hybrid_dnn(64,)_conv(8, 16)_gbdt100-5-0.05_gbdt_heavy)",0.1816326365333788,180,683,402,24,0.330488750969744,0.6695112490302559,0.8823529411764706,0.6294930875576037,0.30927835051546393,0.9660537482319661,2.381474978050922,0.1868917405908191
"single best (hybrid_dnn(64,)_conv(8, 16)_gbdt100-5-0.05_gbdt_heavy)",0.18167827478352164,180,684,401,24,0.3297129557796742,0.6702870442203258,0.8823529411764706,0.6304147465437788,0.3098106712564544,0.9661016949152542,2.3874138183951885,0.1866185070519436
"single best (hybrid_dnn(64,)_conv(8, 16)_gbdt100-5-0.05_gbdt_heavy)",0.18169706875157682,180,685,400,24,0.32893716058960437,0.6710628394103957,0.8823529411764706,0.631336405529954,0.3103448275862069,0.9661495063469676,2.3933823529411766,0.18634607127522546
"single best (hybrid_dnn(64,)_conv(8, 16)_gbdt100-5-0.05_gbdt_heavy)",0.18205037534465407,180,686,399,24,0.3281613653995345,0.6718386346004654,0.8823529411764706,0.632258064516129,0.31088082901554404,0.9661971830985916,2.39938080495356,0.18607442977190883
"single best (hybrid_dnn(64,)_conv(8, 16)_gbdt100-5-0.05_gbdt_heavy)",0.1820568284334393,180,687,398,24,0.3273855702094647,0.6726144297905353,0.8823529411764706,0.6331797235023041,0.31141868512110726,0.9662447257383966,2.4054093999408805,0.18580357907355086
"single best (hybrid_dnn(64,)_conv(8, 16)_gbdt100-5-0.05_gbdt_heavy)",0.18223865544335105,180,688,397,24,0.32660977501939487,0.6733902249806052,0.8823529411764706,0.6341013824884792,0.3119584055459272,0.9662921348314607,2.4114683656838047,0.18553351573187418
"single best (hybrid_dnn(64,)_conv(8, 16)_gbdt100-5-0.05_gbdt_heavy)",0.18284621218485003,180,689,396,24,0.32583397982932505,0.674166020170675,0.8823529411764706,0.6350230414746544,0.3125,0.9663394109396914,2.4175579322638145,0.18526423631862038
"single best (hybrid_dnn(64,)_conv(8, 16)_gbdt100-5-0.05_gbdt_heavy)",0.18327142178632325,180,690,395,24,0.32505818463925523,0.6749418153607447,0.8823529411764706,0.6359447004608295,0.3130434782608696,0.9663865546218487,2.4236783320923307,0.18499573742540498
"single best (hybrid_dnn(64,)_conv(8, 16)_gbdt100-5-0.05_gbdt_heavy)",0.1833541245745398,180,691,394,24,0.3242823894491854,0.6757176105508146,0.8823529411764706,0.6368663594470046,0.313588850174216,0.9664335664335665,2.429829799940281,0.18472801566357372
"single best (hybrid_dnn(64,)_conv(8, 16)_gbdt100-5-0.05_gbdt_heavy)",0.1837830281799101,180,692,393,24,0.3235065942591156,0.6764934057408845,0.8823529411764706,0.6377880184331797,0.31413612565445026,0.9664804469273743,2.436012572968118,0.1844610676640599
"single best (hybrid_dnn(64,)_conv(8, 16)_gbdt100-5-0.05_gbdt_heavy)",0.1842496745655267,180,693,392,24,0.3227307990690458,0.6772692009309542,0.8823529411764706,0.6387096774193548,0.3146853146853147,0.9665271966527197,2.4422268907563023,0.18419489007724307
"single best (hybrid_dnn(64,)_conv(8, 16)_gbdt100-5-0.05_gbdt_heavy)",0.18426758263786636,179,693,392,25,0.3235065942591156,0.6764934057408845,0.8774509803921569,0.6387096774193548,0.3134851138353765,0.9651810584958217,2.428658963585434,0.19186967716379483
"single best (hybrid_dnn(64,)_conv(8, 16)_gbdt100-5-0.05_gbdt_heavy)",0.18505679897050575,179,694,391,25,0.3227307990690458,0.6772692009309542,0.8774509803921569,0.6396313364055299,0.3140350877192982,0.9652294853963839,2.4348703675843737,0.19159320788834266
"single best (hybrid_dnn(64,)_conv(8, 16)_gbdt100-5-0.05_gbdt_heavy)",0.18513173039788489,179,695,390,25,0.32195500387897596,0.678044996121024,0.8774509803921569,0.6405529953917051,0.3145869947275923,0.9652777777777778,2.4411136249371546,0.1913175342079278
"single best (hybrid_dnn(64,)_conv(8, 16)_gbdt100-5-0.05_gbdt_heavy)",0.18546002633611094,179,696,389,25,0.32117920868890615,0.6788207913110939,0.8774509803921569,0.6414746543778802,0.31514084507042256,0.9653259361997226,2.447388981299461,0.19104265269326123
"single best (hybrid_dnn(64,)_conv(8, 16)_gbdt100-5-0.05_gbdt_heavy)",0.18597543836847505,178,696,389,26,0.32195500387897596,0.678044996121024,0.8725490196078431,0.6414746543778802,0.31393298059964725,0.96398891966759,2.433716417158123,0.19868435880099164
"single best (hybrid_dnn(64,)_conv(8, 16)_gbdt100-5-0.05_gbdt_heavy)",0.1862596469843505,178,697,388,26,0.32117920868890615,0.6788207913110939,0.8725490196078431,0.6423963133640553,0.31448763250883394,0.9640387275242047,2.4399888821507987,0.19839930233212363
"single best (hybrid_dnn(64,)_conv(8, 16)_gbdt100-5-0.05_gbdt_heavy)",0.18681909266169755,178,698,387,26,0.32040341349883633,0.6795965865011637,0.8725490196078431,0.6433179723502304,0.31504424778761064,0.9640883977900553,2.4462937629832293,0.19811506264396878
"single best (hybrid_dnn(64,)_conv(8, 16)_gbdt100-5-0.05_gbdt_heavy)",0.1868365990103247,178,699,386,26,0.31962761830876646,0.6803723816912335,0.8725490196078431,0.6442396313364055,0.31560283687943264,0.9641379310344828,2.452631311591994,0.1978316362310303
"single best (hybrid_dnn(64,)_conv(8, 16)_gbdt100-5-0.05_gbdt_heavy)",0.18716713034537305,178,700,385,26,0.31885182311869664,0.6811481768813034,0.8725490196078431,0.6451612903225806,0.31616341030195383,0.9641873278236914,2.4590017825311943,0.19754901960784313
"single best (hybrid_dnn(64,)_conv(8, 16)_gbdt100-5-0.05_gbdt_heavy)",0.1882012459474646,178,701,384,26,0.3180760279286268,0.6819239720713732,0.8725490196078431,0.6460829493087558,0.3167259786476868,0.9642365887207703,2.465405433006536,0.19726720930883052
"single best (hybrid_dnn(64,)_conv(8, 16)_gbdt100-5-0.05_gbdt_heavy)",0.18831850265581296,178,702,383,26,0.317300232738557,0.682699767261443,0.8725490196078431,0.6470046082949309,0.3172905525846702,0.9642857142857143,2.4718425229099474,0.19698620188816265
"single best (hybrid_dnn(64,)_conv(8, 16)_gbdt100-5-0.05_gbdt_heavy)",0.18847484202980247,177,702,383,27,0.3180760279286268,0.6819239720713732,0.8676470588235294,0.6470046082949309,0.31607142857142856,0.9629629629629629,2.4579557671632624,0.2045625942684766
"single best (hybrid_dnn(64,)_conv(8, 16)_gbdt100-5-0.05_gbdt_heavy)",0.1891821705919768,177,703,382,27,0.317300232738557,0.682699767261443,0.8676470588235294,0.647926267281106,0.31663685152057247,0.963013698630137,2.4643902063443184,0.20427160907037062
"single best (hybrid_dnn(64,)_conv(8, 16)_gbdt100-5-0.05_gbdt_heavy)",0.1892364270932317,177,704,381,27,0.3165244375484872,0.6834755624515128,0.8676470588235294,0.6488479262672812,0.3172043010752688,0.9630642954856361,2.4708584221090018,0.2039814505347593
"single best (hybrid_dnn(64,)_conv(8, 16)_gbdt100-5-0.05_gbdt_heavy)",0.18925058360964642,176,704,381,28,0.317300232738557,0.682699767261443,0.8627450980392157,0.6488479262672812,0.31597845601436264,0.9617486338797814,2.4568987700066907,0.2115363190730837
"single best (hybrid_dnn(64,)_conv(8, 16)_gbdt100-5-0.05_gbdt_heavy)",0.1894828703105317,176,705,380,28,0.3165244375484872,0.6834755624515128,0.8627450980392157,0.6497695852534562,0.31654676258992803,0.9618008185538881,2.463364293085655,0.211236267556668
"single best (hybrid_dnn(64,)_conv(8, 16)_gbdt100-5-0.05_gbdt_heavy)",0.18961059181561116,176,706,379,28,0.3157486423584174,0.6842513576415826,0.8627450980392157,0.6506912442396313,0.3171171171171171,0.9618528610354223,2.469863935019918,0.21093706604454807
"single best (hybrid_dnn(64,)_conv(8, 16)_gbdt100-5-0.05_gbdt_heavy)",0.19012020275746966,176,707,378,28,0.31497284716834756,0.6850271528316525,0.8627450980392157,0.6516129032258065,0.3176895306859206,0.9619047619047619,2.476397966594045,0.21063871092991646
"single best (hybrid_dnn(64,)_conv(8, 16)_gbdt100-5-0.05_gbdt_heavy)",0.19142576759969981,176,708,377,28,0.31419705197827774,0.6858029480217223,0.8627450980392157,0.6525345622119816,0.3182640144665461,0.9619565217391305,2.4829666614656474,0.21034119862634312
"single best (hybrid_dnn(64,)_conv(8, 16)_gbdt100-5-0.05_gbdt_heavy)",0.19186398754006256,176,709,376,28,0.3134212567882079,0.686578743211792,0.8627450980392157,0.6534562211981567,0.3188405797101449,0.9620081411126187,2.4895702962035884,0.21004452556763176
"single best (hybrid_dnn(64,)_conv(8, 16)_gbdt100-5-0.05_gbdt_heavy)",0.1921647854339063,176,710,375,28,0.3126454615981381,0.6873545384018619,0.8627450980392157,0.6543778801843319,0.3194192377495463,0.962059620596206,2.496209150326798,0.20974868820767736
"single best (hybrid_dnn(64,)_conv(8, 16)_gbdt100-5-0.05_gbdt_heavy)",0.19248781132645204,176,711,374,28,0.3118696664080683,0.6881303335919318,0.8627450980392157,0.6552995391705069,0.32,0.9621109607577808,2.502883506343714,0.20945368302032483
"single best (hybrid_dnn(64,)_conv(8, 16)_gbdt100-5-0.05_gbdt_heavy)",0.1926380262276571,176,712,373,28,0.3110938712179985,0.6889061287820015,0.8627450980392157,0.656221198156682,0.3205828779599271,0.9621621621621622,2.5095936497923566,0.20915950649922885
"single best (hybrid_dnn(64,)_conv(8, 16)_gbdt100-5-0.05_gbdt_heavy)",0.19341583089858944,176,713,372,28,0.3103180760279286,0.6896819239720714,0.8627450980392157,0.6571428571428571,0.32116788321167883,0.9622132253711201,2.5163398692810457,0.2088661551577152
"single best (hybrid_dnn(64,)_conv(8, 16)_gbdt100-5-0.05_gbdt_heavy)",0.19344995500348494,175,713,372,29,0.3110938712179985,0.6889061287820015,0.8578431372549019,0.6571428571428571,0.31992687385740404,0.9609164420485176,2.5020424836601305,0.2163256606990623
"single best (hybrid_dnn(64,)_conv(8, 16)_gbdt100-5-0.05_gbdt_heavy)",0.19353396590472538,175,714,371,29,0.3103180760279286,0.6896819239720714,0.8578431372549019,0.6580645161290323,0.32051282051282054,0.9609690444145357,2.508786533481317,0.21602268358323728
"single best (hybrid_dnn(64,)_conv(8, 16)_gbdt100-5-0.05_gbdt_heavy)",0.1935543516762474,175,715,370,29,0.3095422808378588,0.6904577191621413,0.8578431372549019,0.6589861751152074,0.3211009174311927,0.9610215053763441,2.5155670376258614,0.21572055395584813
"single best (hybrid_dnn(64,)_conv(8, 16)_gbdt100-5-0.05_gbdt_heavy)",0.19642692624277233,175,716,369,29,0.30876648564778897,0.691233514352211,0.8578431372549019,0.6599078341013825,0.32169117647058826,0.9610738255033557,2.522384292470376,0.21541926826596566
"single best (hybrid_dnn(64,)_conv(8, 16)_gbdt100-5-0.05_gbdt_heavy)",0.19647926586263997,175,717,368,29,0.30799069045771915,0.6920093095422808,0.8578431372549019,0.6608294930875576,0.32228360957642727,0.9611260053619303,2.5292385976129577,0.21511882298247062
"single best (hybrid_dnn(64,)_conv(8, 16)_gbdt100-5-0.05_gbdt_heavy)",0.1967662955189336,175,718,367,29,0.30721489526764933,0.6927851047323507,0.8578431372549019,0.6617511520737327,0.32287822878228783,0.9611780455153949,2.5361302559170804,0.21481921459391565
"single best (hybrid_dnn(64,)_conv(8, 16)_gbdt100-5-0.05_gbdt_heavy)",0.19720714535799308,175,719,366,29,0.3064391000775795,0.6935608999224205,0.8578431372549019,0.6626728110599078,0.3234750462107209,0.9612299465240641,2.543059573556198,0.21452043960838862
"single best (hybrid_dnn(64,)_conv(8, 16)_gbdt100-5-0.05_gbdt_heavy)",0.19741837809932156,175,720,365,29,0.3056633048875097,0.6943366951124903,0.8578431372549019,0.663594470046083,0.32407407407407407,0.9612817089452603,2.5500268600590923,0.21422249455337697
"single best (hybrid_dnn(64,)_conv(8, 16)_gbdt100-5-0.05_gbdt_heavy)",0.19744167144735286,175,721,364,29,0.3048875096974399,0.6951124903025601,0.8578431372549019,0.6645161290322581,0.3246753246753247,0.9613333333333334,2.557032428355958,0.21392537597563305
"single best (hybrid_dnn(64,)_conv(8, 16)_gbdt100-5-0.05_gbdt_heavy)",0.19804652958890404,175,722,363,29,0.30411171450737007,0.6958882854926299,0.8578431372549019,0.6654377880184332,0.3252788104089219,0.9613848202396804,2.564076594825258,0.21362908044104073
"single best (hybrid_dnn(64,)_conv(8, 16)_gbdt100-5-0.05_gbdt_heavy)",0.19894378137387217,174,722,363,30,0.3048875096974399,0.6951124903025601,0.8529411764705882,0.6654377880184332,0.3240223463687151,0.9601063829787234,2.549424728569114,0.22099560045624903
"single best (hybrid_dnn(64,)_conv(8, 16)_gbdt100-5-0.05_gbdt_heavy)",0.19906901961304663,174,723,362,30,0.30411171450737007,0.6958882854926299,0.8529411764705882,0.6663594470046083,0.3246268656716418,0.9601593625498008,2.5564673383165415,0.22068993572532755
"single best (hybrid_dnn(64,)_conv(8, 16)_gbdt100-5-0.05_gbdt_heavy)",0.19915011018071724,174,724,361,30,0.30333591931730025,0.6966640806826998,0.8529411764705882,0.6672811059907834,0.3252336448598131,0.9602122015915119,2.563548965292488,0.22038511537211575
"single best (hybrid_dnn(64,)_conv(8, 16)_gbdt100-5-0.05_gbdt_heavy)",0.19927688767563906,174,725,360,30,0.30256012412723043,0.6974398758727696,0.8529411764705882,0.6682027649769585,0.3258426966292135,0.9602649006622517,2.570669934640523,0.22008113590263698
"single best (hybrid_dnn(64,)_conv(8, 16)_gbdt100-5-0.05_gbdt_heavy)",0.19964105172118024,174,726,359,30,0.30178432893716056,0.6982156710628394,0.8529411764705882,0.6691244239631337,0.32645403377110693,0.9603174603174603,2.5778305751269865,0.219777993842165
"single best (hybrid_dnn(64,)_conv(8, 16)_gbdt100-5-0.05_gbdt_heavy)",0.19986986826257488,174,727,358,30,0.30100853374709075,0.6989914662529093,0.8529411764705882,0.6700460829493088,0.32706766917293234,0.9603698811096433,2.5850312191915874,0.21947568573509188
"single best (hybrid_dnn(64,)_conv(8, 16)_gbdt100-5-0.05_gbdt_heavy)",0.19987538603605404,174,728,357,30,0.30023273855702093,0.6997672614429791,0.8529411764705882,0.6709677419354839,0.327683615819209,0.9604221635883905,2.592272202998847,0.2191742081447964
"single best (hybrid_dnn(64,)_conv(8, 16)_gbdt100-5-0.05_gbdt_heavy)",0.20032173078134435,174,729,356,30,0.2994569433669511,0.7005430566330488,0.8529411764705882,0.6718894009216589,0.3283018867924528,0.9604743083003953,2.599553866490416,0.21887355765351416
"single best (hybrid_dnn(64,)_conv(8, 16)_gbdt100-5-0.05_gbdt_heavy)",0.20051333297357793,174,730,355,30,0.2986811481768813,0.7013188518231187,0.8529411764705882,0.6728110599078341,0.32892249527410206,0.9605263157894737,2.6068765534382763,0.21857373086220797
"single best (hybrid_dnn(64,)_conv(8, 16)_gbdt100-5-0.05_gbdt_heavy)",0.2006568931708284,174,731,354,30,0.2979053529868115,0.7020946470131886,0.8529411764705882,0.6737327188940092,0.32954545454545453,0.9605781865965834,2.6142406114988366,0.2182747243904402
"single best (hybrid_dnn(64,)_conv(8, 16)_gbdt100-5-0.05_gbdt_heavy)",0.20107587855765327,173,731,354,31,0.2986811481768813,0.7013188518231187,0.8480392156862745,0.6737327188940092,0.32827324478178366,0.9593175853018373,2.5992162401683836,0.22555054853678821
"single best (hybrid_dnn(64,)_conv(8, 16)_gbdt100-5-0.05_gbdt_heavy)",0.2016896691349227,173,732,353,31,0.2979053529868115,0.7020946470131886,0.8480392156862745,0.6746543778801843,0.3288973384030418,0.9593709043250328,2.606579458979059,0.22524241937212044
"single best (hybrid_dnn(64,)_conv(8, 16)_gbdt100-5-0.05_gbdt_heavy)",0.2017199860138952,173,733,352,31,0.29712955779674166,0.7028704422032583,0.8480392156862745,0.6755760368663595,0.3295238095238095,0.9594240837696335,2.61398451426025,0.22493513094187198
"single best (hybrid_dnn(64,)_conv(8, 16)_gbdt100-5-0.05_gbdt_heavy)",0.20325045678421194,173,734,351,31,0.29635376260667184,0.7036462373933281,0.8480392156862745,0.6764976958525346,0.3301526717557252,0.9594771241830066,2.621431763588627,0.2246286798097986
"single best (hybrid_dnn(64,)_conv(8, 16)_gbdt100-5-0.05_gbdt_heavy)",0.2032863420019775,173,735,350,31,0.295577967416602,0.704422032583398,0.8480392156862745,0.6774193548387096,0.33078393881453155,0.9595300261096605,2.6289215686274505,0.2243230625583567
"single best (hybrid_dnn(64,)_conv(8, 16)_gbdt100-5-0.05_gbdt_heavy)",0.2033874942632692,173,736,349,31,0.2948021722265322,0.7051978277734678,0.8480392156862745,0.6783410138248848,0.3314176245210728,0.9595827900912647,2.6364542951851226,0.22401827578857633
"single best (hybrid_dnn(64,)_conv(8, 16)_gbdt100-5-0.05_gbdt_heavy)",0.2039127052853277,173,737,348,31,0.2940263770364624,0.7059736229635376,0.8480392156862745,0.6792626728110599,0.33205374280230326,0.9596354166666666,2.644030313274735,0.2237143161199351
"single best (hybrid_dnn(64,)_conv(8, 16)_gbdt100-5-0.05_gbdt_heavy)",0.20417831674561404,173,738,347,31,0.2932505818463926,0.7067494181536074,0.8480392156862745,0.680184331797235,0.3326923076923077,0.9596879063719116,2.6516499971746623,0.2234111801902333
"single best (hybrid_dnn(64,)_conv(8, 16)_gbdt100-5-0.05_gbdt_heavy)",0.20542732668188474,173,739,346,31,0.2924747866563227,0.7075252133436774,0.8480392156862745,0.6811059907834102,0.3333333333333333,0.9597402597402598,2.6593137254901964,0.22310886465546978
"single best (hybrid_dnn(64,)_conv(8, 16)_gbdt100-5-0.05_gbdt_heavy)",0.20544565162195677,173,740,345,31,0.2916989914662529,0.7083010085337471,0.8480392156862745,0.6820276497695853,0.333976833976834,0.959792477302205,2.667021881216255,0.22280736618971914
"single best (hybrid_dnn(64,)_conv(8, 16)_gbdt100-5-0.05_gbdt_heavy)",0.20583211704758814,173,741,344,31,0.29092319627618307,0.7090768037238169,0.8480392156862745,0.6829493087557603,0.3346228239845261,0.9598445595854922,2.6747748518011853,0.22250668148500968
"single best (hybrid_dnn(64,)_conv(8, 16)_gbdt100-5-0.05_gbdt_heavy)",0.20622152766806612,172,741,344,32,0.2916989914662529,0.7083010085337471,0.8431372549019608,0.6829493087557603,0.3333333333333333,0.9586028460543338,2.6593137254901955,0.2296843163716229
"single best (hybrid_dnn(64,)_conv(8, 16)_gbdt100-5-0.05_gbdt_heavy)",0.2081347833973387,172,742,343,32,0.29092319627618307,0.7090768037238169,0.8431372549019608,0.6838709677419355,0.3339805825242718,0.958656330749354,2.667066826730692,0.2293747687754347
"single best (hybrid_dnn(64,)_conv(8, 16)_gbdt100-5-0.05_gbdt_heavy)",0.20889448185598009,172,743,342,32,0.29014740108611325,0.7098525989138867,0.8431372549019608,0.6847926267281106,0.3346303501945525,0.9587096774193549,2.674865267744525,0.22906605441638297
"single best (hybrid_dnn(64,)_conv(8, 16)_gbdt100-5-0.05_gbdt_heavy)",0.2092402035660467,172,744,341,32,0.28937160589604344,0.7106283941039566,0.8431372549019608,0.6857142857142857,0.33528265107212474,0.9587628865979382,2.6827094474153297,0.22875816993464052
"single best (hybrid_dnn(64,)_conv(8, 16)_gbdt100-5-0.05_gbdt_heavy)",0.210725189159114,172,745,340,32,0.2885958107059736,0.7114041892940264,0.8431372549019608,0.6866359447004609,0.3359375,0.9588159588159588,2.6905997693194927,0.22845111198841953
"single best (hybrid_dnn(64,)_conv(8, 16)_gbdt100-5-0.05_gbdt_heavy)",0.21127581825901132,171,745,340,33,0.28937160589604344,0.7106283941039566,0.8382352941176471,0.6866359447004609,0.33463796477495106,0.9575835475578406,2.6749567474048446,0.2355902092380576
"single best (hybrid_dnn(64,)_conv(8, 16)_gbdt100-5-0.05_gbdt_heavy)",0.21128511459437105,171,746,339,33,0.2885958107059736,0.7114041892940264,0.8382352941176471,0.687557603686636,0.3352941176470588,0.9576379974326059,2.6828474752732956,0.2352744046680334
"single best (hybrid_dnn(64,)_conv(8, 16)_gbdt100-5-0.05_gbdt_heavy)",0.21148804454591966,171,747,338,33,0.2878200155159038,0.7121799844840961,0.8382352941176471,0.688479262672811,0.33595284872298625,0.9576923076923077,2.6907848938391923,0.2349594456256398
"single best (hybrid_dnn(64,)_conv(8, 16)_gbdt100-5-0.05_gbdt_heavy)",0.2121938384147799,171,748,337,33,0.287044220325834,0.712955779674166,0.8382352941176471,0.6894009216589861,0.33661417322834647,0.9577464788732394,2.698769418746727,0.23464532871972316
"single best (hybrid_dnn(64,)_conv(8, 16)_gbdt100-5-0.05_gbdt_heavy)",0.21252086336490617,170,748,337,34,0.2878200155159038,0.7121799844840961,0.8333333333333334,0.6894009216589861,0.33530571992110453,0.9565217391304348,2.6829871414441144,0.2417557932263814
"single best (hybrid_dnn(64,)_conv(8, 16)_gbdt100-5-0.05_gbdt_heavy)",0.21283487959982808,170,749,336,34,0.287044220325834,0.712955779674166,0.8333333333333334,0.6903225806451613,0.3359683794466403,0.9565772669220945,2.6909722222222223,0.24143302180685353
"single best (hybrid_dnn(64,)_conv(8, 16)_gbdt100-5-0.05_gbdt_heavy)",0.21328000603806668,170,750,335,34,0.28626842513576417,0.7137315748642359,0.8333333333333334,0.6912442396313364,0.33663366336633666,0.9566326530612245,2.699004975124378,0.24111111111111105
"single best (hybrid_dnn(64,)_conv(8, 16)_gbdt100-5-0.05_gbdt_heavy)",0.21331447265360579,170,751,334,34,0.28549262994569435,0.7145073700543056,0.8333333333333334,0.6921658986175115,0.3373015873015873,0.956687898089172,2.7070858283433137,0.24079005770084325
"single best (hybrid_dnn(64,)_conv(8, 16)_gbdt100-5-0.05_gbdt_heavy)",0.2139795029074244,170,752,333,34,0.28471683475562454,0.7152831652443754,0.8333333333333334,0.6930875576036867,0.3379721669980119,0.9567430025445293,2.7152152152152156,0.2404698581560283
"single best (hybrid_dnn(64,)_conv(8, 16)_gbdt100-5-0.05_gbdt_heavy)",0.2139922304451196,170,753,332,34,0.2839410395655547,0.7160589604344453,0.8333333333333334,0.6940092165898617,0.3386454183266932,0.9567979669631512,2.723393574297188,0.24015050907481184
"single best (hybrid_dnn(64,)_conv(8, 16)_gbdt100-5-0.05_gbdt_heavy)",0.21417251745239713,170,754,331,34,0.28316524437548485,0.7168347556245152,0.8333333333333334,0.6949308755760368,0.3393213572854291,0.9568527918781726,2.731621349446123,0.23983200707338634
"single best (hybrid_dnn(64,)_conv(8, 16)_gbdt100-5-0.05_gbdt_heavy)",0.21498324414764955,170,755,330,34,0.28238944918541503,0.7176105508145849,0.8333333333333334,0.695852534562212,0.34,0.9569074778200254,2.73989898989899,0.2395143487858719
"single best (hybrid_dnn(64,)_conv(8, 16)_gbdt100-5-0.05_gbdt_heavy)",0.2152866562033136,170,756,329,34,0.2816136539953452,0.7183863460046548,0.8333333333333334,0.6967741935483871,0.3406813627254509,0.9569620253164557,2.74822695035461,0.23919753086419748
"single best (hybrid_dnn(64,)_conv(8, 16)_gbdt100-5-0.05_gbdt_heavy)",0.21548429509323774,170,757,328,34,0.2808378588052754,0.7191621411947247,0.8333333333333334,0.6976958525345622,0.3413654618473896,0.9570164348925411,2.756605691056911,0.23888154997798322
"single best (hybrid_dnn(64,)_conv(8, 16)_gbdt100-5-0.05_gbdt_heavy)",0.2158950081748912,170,758,327,34,0.2800620636152056,0.7199379363847944,0.8333333333333334,0.6986175115207374,0.3420523138832998,0.9570707070707071,2.765035677879715,0.23856640281442384
"single best (hybrid_dnn(64,)_conv(8, 16)_gbdt100-5-0.05_gbdt_heavy)",0.21596183302003358,169,758,327,35,0.2808378588052754,0.7191621411947247,0.8284313725490197,0.6986175115207374,0.3407258064516129,0.9558638083228247,2.7487707621274815,0.2455830617207304
"single best (hybrid_dnn(64,)_conv(8, 16)_gbdt100-5-0.05_gbdt_heavy)",0.2160826289004089,169,759,326,35,0.2800620636152056,0.7199379363847944,0.8284313725490197,0.6995391705069124,0.3414141414141414,0.9559193954659949,2.757202574281246,0.24525950037458982
"single best (hybrid_dnn(64,)_conv(8, 16)_gbdt100-5-0.05_gbdt_heavy)",0.21653424642498187,169,760,325,35,0.27928626842513576,0.7207137315748642,0.8284313725490197,0.7004608294930875,0.34210526315789475,0.9559748427672956,2.765686274509804,0.24493679050567588
"single best (hybrid_dnn(64,)_conv(8, 16)_gbdt100-5-0.05_gbdt_heavy)",0.21668763994900306,168,760,325,36,0.2800620636152056,0.7199379363847944,0.8235294117647058,0.7004608294930875,0.3407707910750507,0.9547738693467337,2.7493212669683254,0.2519349845201239
"single best (hybrid_dnn(64,)_conv(8, 16)_gbdt100-5-0.05_gbdt_heavy)",0.21697131189409474,168,761,324,36,0.27928626842513576,0.7207137315748642,0.8235294117647058,0.7013824884792627,0.34146341463414637,0.9548306148055207,2.757806826434277,0.25160392672180576
"single best (hybrid_dnn(64,)_conv(8, 16)_gbdt100-5-0.05_gbdt_heavy)",0.21731571379189304,168,762,323,36,0.27851047323506595,0.721489526764934,0.8235294117647058,0.7023041474654378,0.3421588594704684,0.9548872180451128,2.766344928064105,0.2512737378415934
"single best (hybrid_dnn(64,)_conv(8, 16)_gbdt100-5-0.05_gbdt_heavy)",0.21795562928481305,168,763,322,36,0.27773467804499613,0.7222653219550039,0.8235294117647058,0.7032258064516129,0.34285714285714286,0.9549436795994993,2.7749360613810743,0.25094441446303295
"single best (hybrid_dnn(64,)_conv(8, 16)_gbdt100-5-0.05_gbdt_heavy)",0.218200254786313,168,764,321,36,0.2769588828549263,0.7230411171450737,0.8235294117647058,0.7041474654377881,0.34355828220858897,0.955,2.7835807220084297,0.2506159531875578
"single best (hybrid_dnn(64,)_conv(8, 16)_gbdt100-5-0.05_gbdt_heavy)",0.2182276708149274,168,765,320,36,0.2761830876648565,0.7238169123351434,0.8235294117647058,0.7050691244239631,0.3442622950819672,0.9550561797752809,2.792279411764705,0.2502883506343715
"single best (hybrid_dnn(64,)_conv(8, 16)_gbdt100-5-0.05_gbdt_heavy)",0.2184276823278744,168,766,319,36,0.2754072924747867,0.7245927075252133,0.8235294117647058,0.7059907834101382,0.34496919917864477,0.9551122194513716,2.801032638760833,0.2499616034403318
"single best (hybrid_dnn(64,)_conv(8, 16)_gbdt100-5-0.05_gbdt_heavy)",0.21931197671695432,168,767,318,36,0.2746314972847168,0.7253685027152832,0.8235294117647058,0.7069124423963133,0.345679012345679,0.9551681195516812,2.809840917499075,0.24963570825983594
"single best (hybrid_dnn(64,)_conv(8, 16)_gbdt100-5-0.05_gbdt_heavy)",0.21961575278095602,168,768,317,36,0.273855702094647,0.726144297905353,0.8235294117647058,0.7078341013824885,0.3463917525773196,0.9552238805970149,2.8187047689738356,0.24931066176470593
"single best (hybrid_dnn(64,)_conv(8, 16)_gbdt100-5-0.05_gbdt_heavy)",0.22031367408587568,168,769,316,36,0.2730799069045772,0.7269200930954228,0.8235294117647058,0.7087557603686636,0.34710743801652894,0.9552795031055901,2.8276247207743856,0.24898646064407562
"single best (hybrid_dnn(64,)_conv(8, 16)_gbdt100-5-0.05_gbdt_heavy)",0.22104352486647155,168,770,315,36,0.27230411171450736,0.7276958882854927,0.8235294117647058,0.7096774193548387,0.34782608695652173,0.9553349875930521,2.8366013071895426,0.24866310160427813
"single best (hybrid_dnn(64,)_conv(8, 16)_gbdt100-5-0.05_gbdt_heavy)",0.22127527486387139,168,771,314,36,0.27152831652443754,0.7284716834755625,0.8235294117647058,0.7105990783410139,0.34854771784232363,0.9553903345724907,2.8456350693143504,0.2483405813687343
"single best (hybrid_dnn(64,)_conv(8, 16)_gbdt100-5-0.05_gbdt_heavy)",0.22146880980560657,167,771,314,37,0.27230411171450736,0.7276958882854927,0.8186274509803921,0.7105990783410139,0.3471933471933472,0.9542079207920792,2.8286967653303363,0.25523893085119914
"single best (hybrid_dnn(64,)_conv(8, 16)_gbdt100-5-0.05_gbdt_heavy)",0.22162259126183084,167,772,313,37,0.27152831652443754,0.7284716834755625,0.8186274509803921,0.7115207373271889,0.34791666666666665,0.9542645241038319,2.837734135187621,0.2549083104744489
"single best (hybrid_dnn(64,)_conv(8, 16)_gbdt100-5-0.05_gbdt_heavy)",0.22255938326071784,166,772,313,38,0.27230411171450736,0.7276958882854927,0.8137254901960784,0.7115207373271889,0.3465553235908142,0.9530864197530864,2.8207417152164376,0.2617977242710556
"single best (hybrid_dnn(64,)_conv(8, 16)_gbdt100-5-0.05_gbdt_heavy)",0.22289120235639906,166,773,312,38,0.27152831652443754,0.7284716834755625,0.8137254901960784,0.712442396313364,0.3472803347280335,0.9531442663378545,2.82978255404726,0.26145904674935955
"single best (hybrid_dnn(64,)_conv(8, 16)_gbdt100-5-0.05_gbdt_heavy)",0.22295726428400192,166,774,311,38,0.2707525213343677,0.7292474786656322,0.8137254901960784,0.7133640552995392,0.3480083857442348,0.9532019704433498,2.838881533320724,0.2611212443633784
"single best (hybrid_dnn(64,)_conv(8, 16)_gbdt100-5-0.05_gbdt_heavy)",0.22434058077975164,165,774,311,39,0.27152831652443754,0.7284716834755625,0.8088235294117647,0.7133640552995392,0.34663865546218486,0.9520295202952029,2.821779837336864,0.2679928560571515
"single best (hybrid_dnn(64,)_conv(8, 16)_gbdt100-5-0.05_gbdt_heavy)",0.22477081345267025,165,775,310,39,0.2707525213343677,0.7292474786656322,0.8088235294117647,0.7142857142857143,0.3473684210526316,0.952088452088452,2.8308823529411766,0.2676470588235294
"single best (hybrid_dnn(64,)_conv(8, 16)_gbdt100-5-0.05_gbdt_heavy)",0.22484595626910583,165,776,309,39,0.2699767261442979,0.7300232738557021,0.8088235294117647,0.7152073732718894,0.34810126582278483,0.9521472392638037,2.8400437845040933,0.26730215281989084
"single best (hybrid_dnn(64,)_conv(8, 16)_gbdt100-5-0.05_gbdt_heavy)",0.22499742506072168,165,777,308,39,0.2692009309542281,0.730799069045772,0.8088235294117647,0.7161290322580646,0.3488372093023256,0.9522058823529411,2.8492647058823537,0.2669581346051934
"single best (hybrid_dnn(64,)_conv(8, 16)_gbdt100-5-0.05_gbdt_heavy)",0.22508953895799466,165,778,307,39,0.2684251357641583,0.7315748642358417,0.8088235294117647,0.7170506912442396,0.3495762711864407,0.9522643818849449,2.8585456984096567,0.2666150007560865
"single best (hybrid_dnn(64,)_conv(8, 16)_gbdt100-5-0.05_gbdt_heavy)",0.22515087674104803,165,779,306,39,0.26764934057408846,0.7323506594259115,0.8088235294117647,0.7179723502304147,0.3503184713375796,0.9523227383863081,2.8678873510188385,0.26627274786679755
"single best (hybrid_dnn(64,)_conv(8, 16)_gbdt100-5-0.05_gbdt_heavy)",0.22540182755638177,165,780,305,39,0.26687354538401864,0.7331264546159814,0.8088235294117647,0.7188940092165899,0.35106382978723405,0.9523809523809523,2.8772902603664416,0.2659313725490196
"single best (hybrid_dnn(64,)_conv(8, 16)_gbdt100-5-0.05_gbdt_heavy)",0.2259370196585653,164,780,305,40,0.26764934057408846,0.7323506594259115,0.803921568627451,0.7188940092165899,0.34968017057569295,0.9512195121951219,2.859852137576342,0.27275012569130214
"single best (hybrid_dnn(64,)_conv(8, 16)_gbdt100-5-0.05_gbdt_heavy)",0.22708975371475695,164,781,304,40,0.26687354538401864,0.7331264546159814,0.803921568627451,0.719815668202765,0.3504273504273504,0.951278928136419,2.869259545923633,0.2724008937762044
"single best (hybrid_dnn(64,)_conv(8, 16)_gbdt100-5-0.05_gbdt_heavy)",0.22801169255772963,164,782,303,40,0.2660977501939488,0.7339022498060512,0.803921568627451,0.7207373271889401,0.3511777301927195,0.9513381995133819,2.878729049375526,0.27205255503736014
"single best (hybrid_dnn(64,)_conv(8, 16)_gbdt100-5-0.05_gbdt_heavy)",0.22958658321907208,164,783,302,40,0.26532195500387895,0.734678044996121,0.803921568627451,0.7216589861751153,0.351931330472103,0.951397326852977,2.8882612647708097,0.2717051060526381
"single best (hybrid_dnn(64,)_conv(8, 16)_gbdt100-5-0.05_gbdt_heavy)",0.23033024976175698,164,784,301,40,0.26454615981380913,0.7354538401861909,0.803921568627451,0.7225806451612903,0.35268817204301073,0.9514563106796117,2.8978568171454624,0.2713585434173669
"single best (hybrid_dnn(64,)_conv(8, 16)_gbdt100-5-0.05_gbdt_heavy)",0.23100331545667818,164,785,300,40,0.2637703646237393,0.7362296353762607,0.803921568627451,0.7235023041474654,0.35344827586206895,0.9515151515151515,2.907516339869281,0.2710128637442238
"single best (hybrid_dnn(64,)_conv(8, 16)_gbdt100-5-0.05_gbdt_heavy)",0.23118182373983745,164,786,299,40,0.2629945694336695,0.7370054305663305,0.803921568627451,0.7244239631336405,0.3542116630669546,0.9515738498789347,2.917240474785232,0.27066806366312424
"single best (hybrid_dnn(64,)_conv(8, 16)_gbdt100-5-0.05_gbdt_heavy)",0.23125481195740538,164,787,298,40,0.2622187742435997,0.7377812257564003,0.803921568627451,0.7253456221198157,0.354978354978355,0.9516324062877872,2.9270298723516253,0.27032413982111264
"single best (hybrid_dnn(64,)_conv(8, 16)_gbdt100-5-0.05_gbdt_heavy)",0.2313292673371314,163,787,298,41,0.2629945694336695,0.7370054305663305,0.7990196078431373,0.7253456221198157,0.35357917570498915,0.9504830917874396,2.9091821292275304,0.27708224331664044
"single best (hybrid_dnn(64,)_conv(8, 16)_gbdt100-5-0.05_gbdt_heavy)",0.23135052128815883,163,788,297,41,0.2622187742435997,0.7377812257564003,0.7990196078431373,0.7262672811059908,0.35434782608695653,0.9505428226779252,2.9189773552518656,0.27673061610430966
"single best (hybrid_dnn(64,)_conv(8, 16)_gbdt100-5-0.05_gbdt_heavy)",0.2313932500635522,163,789,296,41,0.26144297905352987,0.7385570209464701,0.7990196078431373,0.727188940092166,0.355119825708061,0.9506024096385542,2.9288387652358248,0.276379880215711
"single best (hybrid_dnn(64,)_conv(8, 16)_gbdt100-5-0.05_gbdt_heavy)",0.2315955037821464,162,789,296,42,0.2622187742435997,0.7377812257564003,0.7941176470588235,0.727188940092166,0.3537117903930131,0.9494584837545126,2.9108704292527827,0.28312085290389927
"single best (hybrid_dnn(64,)_conv(8, 16)_gbdt100-5-0.05_gbdt_heavy)",0.23172986173249277,162,790,295,42,0.26144297905352987,0.7385570209464701,0.7941176470588235,0.728110599078341,0.3544857768052516,0.9495192307692307,2.920737786640079,0.28276247207743865
"single best (hybrid_dnn(64,)_conv(8, 16)_gbdt100-5-0.05_gbdt_heavy)",0.23175196299245102,162,791,294,42,0.26066718386346005,0.73933281613654,0.7941176470588235,0.7290322580645161,0.35526315789473684,0.9495798319327731,2.9306722689075624,0.28240499739718905
"single best (hybrid_dnn(64,)_conv(8, 16)_gbdt100-5-0.05_gbdt_heavy)",0.23214354060126935,162,792,293,42,0.25989138867339023,0.7401086113266098,0.7941176470588235,0.7299539170506912,0.35604395604395606,0.9496402877697842,2.9406745633406945,0.28204842543077846
"single best (hybrid_dnn(64,)_conv(8, 16)_gbdt100-5-0.05_gbdt_heavy)",0.23268318160564241,161,792,293,43,0.26066718386346005,0.73933281613654,0.7892156862745098,0.7299539170506912,0.35462555066079293,0.948502994011976,2.9225222512213076,0.2887638641315112
"single best (hybrid_dnn(64,)_conv(8, 16)_gbdt100-5-0.05_gbdt_heavy)",0.23285238492966245,161,793,292,43,0.25989138867339023,0.7401086113266098,0.7892156862745098,0.7308755760368664,0.3554083885209713,0.9485645933014354,2.932530889067956,0.28839972306703265
"single best (hybrid_dnn(64,)_conv(8, 16)_gbdt100-5-0.05_gbdt_heavy)",0.2339043003294545,161,794,291,43,0.2591155934833204,0.7408844065166795,0.7892156862745098,0.7317972350230415,0.3561946902654867,0.948626045400239,2.942608314803585,0.2880364992344545
"single best (hybrid_dnn(64,)_conv(8, 16)_gbdt100-5-0.05_gbdt_heavy)",0.2344208422436229,160,794,291,44,0.25989138867339023,0.7401086113266098,0.7843137254901961,0.7317972350230415,0.35476718403547675,0.9474940334128878,2.924331244525302,0.2947350224724651
"single best (hybrid_dnn(64,)_conv(8, 16)_gbdt100-5-0.05_gbdt_heavy)",0.23466348103344728,160,795,290,44,0.2591155934833204,0.7408844065166795,0.7843137254901961,0.7327188940092166,0.35555555555555557,0.9475566150178785,2.934415145368493,0.2943642865951412
"single best (hybrid_dnn(64,)_conv(8, 16)_gbdt100-5-0.05_gbdt_heavy)",0.23476307626609375,160,796,289,44,0.2583397982932506,0.7416602017067494,0.7843137254901961,0.7336405529953917,0.35634743875278396,0.9476190476190476,2.944568830992604,0.2939944822149966
"single best (hybrid_dnn(64,)_conv(8, 16)_gbdt100-5-0.05_gbdt_heavy)",0.23577976754545715,160,797,288,44,0.2575640031031808,0.7424359968968193,0.7843137254901961,0.7345622119815668,0.35714285714285715,0.9476813317479191,2.95479302832244,0.29362560582576824
"single best (hybrid_dnn(64,)_conv(8, 16)_gbdt100-5-0.05_gbdt_heavy)",0.23673118724909767,160,798,287,44,0.25678820791311097,0.743211792086889,0.7843137254901961,0.7354838709677419,0.3579418344519016,0.9477434679334917,2.9650884744141557,0.2932576539387685
"single best (hybrid_dnn(64,)_conv(8, 16)_gbdt100-5-0.05_gbdt_heavy)",0.23719021019325387,160,799,286,44,0.2560124127230411,0.7439875872769589,0.7843137254901961,0.7364055299539171,0.35874439461883406,0.9478054567022538,2.975455916632387,0.292890623082775
"single best (hybrid_dnn(64,)_conv(8, 16)_gbdt100-5-0.05_gbdt_heavy)",0.23737125500727088,160,800,285,44,0.2552366175329713,0.7447633824670288,0.7843137254901961,0.7373271889400922,0.3595505617977528,0.9478672985781991,2.9858961128310977,0.2925245098039216
"single best (hybrid_dnn(64,)_conv(8, 16)_gbdt100-5-0.05_gbdt_heavy)",0.23741699254768187,160,801,284,44,0.25446082234290146,0.7455391776570985,0.7843137254901961,0.7382488479262673,0.36036036036036034,0.9479289940828403,2.9964098315382497,0.2921593106655896
"single best (hybrid_dnn(64,)_conv(8, 16)_gbdt100-5-0.05_gbdt_heavy)",0.2377127417140365,160,802,283,44,0.25368502715283164,0.7463149728471683,0.7843137254901961,0.7391705069124423,0.3611738148984199,0.9479905437352246,3.0069978521443907,0.29179502224830084
"single best (hybrid_dnn(64,)_conv(8, 16)_gbdt100-5-0.05_gbdt_heavy)",0.23794890524253415,160,803,282,44,0.2529092319627618,0.7470907680372382,0.7843137254901961,0.7400921658986175,0.36199095022624433,0.948051948051948,3.0176609650952577,0.29143164114961057
"single best (hybrid_dnn(64,)_conv(8, 16)_gbdt100-5-0.05_gbdt_heavy)",0.23813600391125941,160,804,281,44,0.252133436772692,0.747866563227308,0.7843137254901961,0.7410138248847926,0.36281179138321995,0.9481132075471698,3.0283999720884793,0.29106916398400157
"single best (hybrid_dnn(64,)_conv(8, 16)_gbdt100-5-0.05_gbdt_heavy)",0.2387546546623738,160,805,280,44,0.2513576415826222,0.7486423584173778,0.7843137254901961,0.7419354838709677,0.36363636363636365,0.9481743227326266,3.0392156862745097,0.2907075873827792
"single best (hybrid_dnn(64,)_conv(8, 16)_gbdt100-5-0.05_gbdt_heavy)",0.23926600875956522,159,805,280,45,0.252133436772692,0.747866563227308,0.7794117647058824,0.7419354838709677,0.3621867881548975,0.9470588235294117,3.0202205882352944,0.29731457800511507
"single best (hybrid_dnn(64,)_conv(8, 16)_gbdt100-5-0.05_gbdt_heavy)",0.23938930611487955,159,806,279,45,0.2513576415826222,0.7486423584173778,0.7794117647058824,0.7428571428571429,0.363013698630137,0.9471210340775558,3.0310457516339873,0.29694570135746606
"single best (hybrid_dnn(64,)_conv(8, 16)_gbdt100-5-0.05_gbdt_heavy)",0.2396217780473523,159,807,278,45,0.2505818463925524,0.7494181536074476,0.7794117647058824,0.743778801843318,0.36384439359267734,0.9471830985915493,3.041948793906052,0.2965777389022523
"single best (hybrid_dnn(64,)_conv(8, 16)_gbdt100-5-0.05_gbdt_heavy)",0.23971376312119952,159,808,277,45,0.24980605120248253,0.7501939487975174,0.7794117647058824,0.744700460829493,0.3646788990825688,0.9472450175849941,3.0529305585049897,0.2962106872451951
"single best (hybrid_dnn(64,)_conv(8, 16)_gbdt100-5-0.05_gbdt_heavy)",0.2404976791091828,159,809,276,45,0.24903025601241272,0.7509697439875873,0.7794117647058824,0.7456221198156682,0.36551724137931035,0.9473067915690867,3.063991901108269,0.2958445430087981
"single best (hybrid_dnn(64,)_conv(8, 16)_gbdt100-5-0.05_gbdt_heavy)",0.2410437498292975,159,810,275,45,0.2482544608223429,0.7517455391776571,0.7794117647058824,0.7465437788018433,0.3663594470046083,0.9473684210526315,3.0751336898395722,0.295479302832244
"single best (hybrid_dnn(64,)_conv(8, 16)_gbdt100-5-0.05_gbdt_heavy)",0.24180182573621029,159,811,274,45,0.24747866563227308,0.752521334367727,0.7794117647058824,0.7474654377880184,0.3672055427251732,0.947429906542056,3.086356805495921,0.2951149633712918
"single best (hybrid_dnn(64,)_conv(8, 16)_gbdt100-5-0.05_gbdt_heavy)",0.24221766480351625,159,812,273,45,0.24670287044220326,0.7532971295577967,0.7794117647058824,0.7483870967741936,0.3680555555555556,0.9474912485414235,3.097662141779789,0.29475152129817445
"single best (hybrid_dnn(64,)_conv(8, 16)_gbdt100-5-0.05_gbdt_heavy)",0.2428533178150784,158,812,273,46,0.24747866563227308,0.752521334367727,0.7745098039215687,0.7483870967741936,0.3665893271461717,0.9463869463869464,3.078179989944696,0.3013015551048005
"single best (hybrid_dnn(64,)_conv(8, 16)_gbdt100-5-0.05_gbdt_heavy)",0.24288602614462276,157,812,273,47,0.2482544608223429,0.7517455391776571,0.7696078431372549,0.7483870967741936,0.36511627906976746,0.9452852153667055,3.058697838109603,0.30785158891142655
"single best (hybrid_dnn(64,)_conv(8, 16)_gbdt100-5-0.05_gbdt_heavy)",0.24366827949824588,157,813,272,47,0.24747866563227308,0.752521334367727,0.7696078431372549,0.7493087557603687,0.36596736596736595,0.9453488372093023,3.0699430507497123,0.3074729276704531
"single best (hybrid_dnn(64,)_conv(8, 16)_gbdt100-5-0.05_gbdt_heavy)",0.2439527465607984,157,814,271,47,0.24670287044220326,0.7532971295577967,0.7696078431372549,0.7502304147465437,0.36682242990654207,0.9454123112659698,3.081271253889009,0.3070951968010791
"single best (hybrid_dnn(64,)_conv(8, 16)_gbdt100-5-0.05_gbdt_heavy)",0.24473311824554128,157,815,270,47,0.24592707525213345,0.7540729247478666,0.7696078431372549,0.7511520737327189,0.36768149882903983,0.9454756380510441,3.0926833696441536,0.3067183928786238
"single best (hybrid_dnn(64,)_conv(8, 16)_gbdt100-5-0.05_gbdt_heavy)",0.2449634837695687,157,816,269,47,0.2451512800620636,0.7548487199379363,0.7696078431372549,0.752073732718894,0.3685446009389671,0.9455388180764774,3.1041803338435745,0.3063425124951941
"single best (hybrid_dnn(64,)_conv(8, 16)_gbdt100-5-0.05_gbdt_heavy)",0.2455412194772242,157,817,268,47,0.2443754848719938,0.7556245151280062,0.7696078431372549,0.7529953917050691,0.36941176470588233,0.9456018518518519,3.1157630962832896,0.3059675522595819
"single best (hybrid_dnn(64,)_conv(8, 16)_gbdt100-5-0.05_gbdt_heavy)",0.24568557905409807,157,818,267,47,0.24359968968192397,0.7564003103180761,0.7696078431372549,0.7539170506912443,0.37028301886792453,0.945664739884393,3.1274326209884706,0.30559350879716185
"single best (hybrid_dnn(64,)_conv(8, 16)_gbdt100-5-0.05_gbdt_heavy)",0.24630556920683278,157,819,266,47,0.24282389449185415,0.7571761055081458,0.7696078431372549,0.7548387096774194,0.37115839243498816,0.9457274826789839,3.1391898864809087,0.30522037874979047
"single best (hybrid_dnn(64,)_conv(8, 16)_gbdt100-5-0.05_gbdt_heavy)",0.2463217796836144,157,820,265,47,0.24204809930178434,0.7579519006982156,0.7696078431372549,0.7557603686635944,0.37203791469194314,0.9457900807381776,3.151035886052534,0.30484815877570537
"single best (hybrid_dnn(64,)_conv(8, 16)_gbdt100-5-0.05_gbdt_heavy)",0.24642863442936846,157,821,264,47,0.24127230411171452,0.7587276958882855,0.7696078431372549,0.7566820276497696,0.37292161520190026,0.945852534562212,3.162971628045157,0.30447684554942556
"single best (hybrid_dnn(64,)_conv(8, 16)_gbdt100-5-0.05_gbdt_heavy)",0.24664214427141617,157,822,263,47,0.24049650892164467,0.7595034910783554,0.7696078431372549,0.7576036866359447,0.3738095238095238,0.9459148446490219,3.1749981361365838,0.3041064357616525
"single best (hybrid_dnn(64,)_conv(8, 16)_gbdt100-5-0.05_gbdt_heavy)",0.24693002028287017,157,823,262,47,0.23972071373157486,0.7602792862684251,0.7696078431372549,0.7585253456221198,0.3747016706443914,0.9459770114942528,3.1871164496332884,0.3037369261191718
"single best (hybrid_dnn(64,)_conv(8, 16)_gbdt100-5-0.05_gbdt_heavy)",0.24712102735072888,157,824,261,47,0.23894491854150504,0.761055081458495,0.7696078431372549,0.759447004608295,0.37559808612440193,0.9460390355912744,3.1993276237698147,0.30336831334475534
"single best (hybrid_dnn(64,)_conv(8, 16)_gbdt100-5-0.05_gbdt_heavy)",0.24723993378957593,157,825,260,47,0.23816912335143522,0.7618308766485647,0.7696078431372549,0.7603686635944701,0.3764988009592326,0.9461009174311926,3.2116327300150838,0.3030005941770647
"single best (hybrid_dnn(64,)_conv(8, 16)_gbdt100-5-0.05_gbdt_heavy)",0.24783917510727643,157,826,259,47,0.2373933281613654,0.7626066718386346,0.7696078431372549,0.7612903225806451,0.37740384615384615,0.9461626575028637,3.224032856385797,0.302633765370555
"single best (hybrid_dnn(64,)_conv(8, 16)_gbdt100-5-0.05_gbdt_heavy)",0.2485086803376397,157,827,258,47,0.2366175329712956,0.7633824670287044,0.7696078431372549,0.7622119815668202,0.3783132530120482,0.9462242562929062,3.2365291077671374,0.30226782369537897
"single best (hybrid_dnn(64,)_conv(8, 16)_gbdt100-5-0.05_gbdt_heavy)",0.24852377112169735,156,827,258,48,0.2373933281613654,0.7626066718386346,0.7647058823529411,0.7622119815668202,0.37681159420289856,0.9451428571428572,3.2159142726858176,0.3086990539867701
"single best (hybrid_dnn(64,)_conv(8, 16)_gbdt100-5-0.05_gbdt_heavy)",0.24882075580988022,156,828,257,48,0.2366175329712956,0.7633824670287044,0.7647058823529411,0.7631336405529954,0.37772397094430993,0.9452054794520548,3.228427557793545,0.30832622904234164
"single best (hybrid_dnn(64,)_conv(8, 16)_gbdt100-5-0.05_gbdt_heavy)",0.24900778332075957,156,829,256,48,0.23584173778122575,0.7641582622187743,0.7647058823529411,0.7640552995391705,0.3786407766990291,0.9452679589509693,3.241038602941176,0.30795430355495645
"single best (hybrid_dnn(64,)_conv(8, 16)_gbdt100-5-0.05_gbdt_heavy)",0.24909903611872308,156,830,255,48,0.23506594259115593,0.7649340574088441,0.7647058823529411,0.7649769585253456,0.3795620437956204,0.9453302961275627,3.253748558246828,0.3075832742735649
"single best (hybrid_dnn(64,)_conv(8, 16)_gbdt100-5-0.05_gbdt_heavy)",0.24952229819437305,156,831,254,48,0.2342901474010861,0.7657098525989139,0.7647058823529411,0.7658986175115208,0.3804878048780488,0.9453924914675768,3.2665585919407136,0.3072131379627664
"single best (hybrid_dnn(64,)_conv(8, 16)_gbdt100-5-0.05_gbdt_heavy)",0.24989292528613533,156,832,253,48,0.2335143522110163,0.7664856477889836,0.7647058823529411,0.7668202764976959,0.38141809290953543,0.9454545454545454,3.2794698907230884,0.30684389140271495
"single best (hybrid_dnn(64,)_conv(8, 16)_gbdt100-5-0.05_gbdt_heavy)",0.2505105318224204,156,833,252,48,0.23273855702094648,0.7672614429790535,0.7647058823529411,0.7677419354838709,0.38235294117647056,0.945516458569807,3.2924836601307184,0.3064755313890263
"single best (hybrid_dnn(64,)_conv(8, 16)_gbdt100-5-0.05_gbdt_heavy)",0.2510349545166945,156,834,251,48,0.23196276183087663,0.7680372381691234,0.7647058823529411,0.7686635944700461,0.3832923832923833,0.9455782312925171,3.3056011249121156,0.30610805473268454
"single best (hybrid_dnn(64,)_conv(8, 16)_gbdt100-5-0.05_gbdt_heavy)",0.25103856662431634,156,835,250,48,0.23118696664080682,0.7688130333591932,0.7647058823529411,0.7695852534562212,0.3842364532019704,0.9456398640996603,3.3188235294117643,0.30574145825995075
"single best (hybrid_dnn(64,)_conv(8, 16)_gbdt100-5-0.05_gbdt_heavy)",0.2529164534729132,156,836,249,48,0.230411171450737,0.769588828549263,0.7647058823529411,0.7705069124423963,0.3851851851851852,0.9457013574660633,3.332152137963619,0.30537573881227137
"single best (hybrid_dnn(64,)_conv(8, 16)_gbdt100-5-0.05_gbdt_heavy)",0.2532942511696088,156,837,248,48,0.22963537626066718,0.7703646237393328,0.7647058823529411,0.7714285714285715,0.38613861386138615,0.9457627118644067,3.3455882352941178,0.3050108932461874
"single best (hybrid_dnn(64,)_conv(8, 16)_gbdt100-5-0.05_gbdt_heavy)",0.2543700745940269,156,838,247,48,0.22885958107059737,0.7711404189294027,0.7647058823529411,0.7723502304147466,0.3870967741935484,0.945823927765237,3.359133126934985,0.3046469184332445
"single best (hybrid_dnn(64,)_conv(8, 16)_gbdt100-5-0.05_gbdt_heavy)",0.2545789583130418,155,838,247,49,0.22963537626066718,0.7703646237393328,0.7598039215686274,0.7723502304147466,0.3855721393034826,0.9447576099210823,3.3376002222751455,0.31099372923393703
"single best (hybrid_dnn(64,)_conv(8, 16)_gbdt100-5-0.05_gbdt_heavy)",0.2557297722695051,155,839,246,49,0.22885958107059737,0.7711404189294027,0.7598039215686274,0.7732718894009216,0.3865336658354115,0.9448198198198198,3.3511677028534983,0.310623057327818
"single best (hybrid_dnn(64,)_conv(8, 16)_gbdt100-5-0.05_gbdt_heavy)",0.25583937269566565,155,840,245,49,0.22808378588052755,0.7719162141194724,0.7598039215686274,0.7741935483870968,0.3875,0.9448818897637795,3.3648459383753497,0.3102532679738563
"single best (hybrid_dnn(64,)_conv(8, 16)_gbdt100-5-0.05_gbdt_heavy)",0.2559074508294347,155,841,244,49,0.2273079906904577,0.7726920093095423,0.7598039215686274,0.7751152073732719,0.38847117794486213,0.9449438202247191,3.3786362905818064,0.3098843580238279
"single best (hybrid_dnn(64,)_conv(8, 16)_gbdt100-5-0.05_gbdt_heavy)",0.25601231478756525,155,842,243,49,0.2265321955003879,0.7734678044996122,0.7598039215686274,0.776036866359447,0.38944723618090454,0.9450056116722784,3.392540143629468,0.3095163243444647
"single best (hybrid_dnn(64,)_conv(8, 16)_gbdt100-5-0.05_gbdt_heavy)",0.25667635631208446,155,843,242,49,0.22575640031031807,0.7742435996896819,0.7598039215686274,0.7769585253456222,0.3904282115869018,0.945067264573991,3.4065589045535574,0.3091491638173656
"single best (hybrid_dnn(64,)_conv(8, 16)_gbdt100-5-0.05_gbdt_heavy)",0.2568839968334011,155,844,241,49,0.22498060512024826,0.7750193948797517,0.7598039215686274,0.7778801843317973,0.39141414141414144,0.9451287793952967,3.4206940037425766,0.308782873338909
"single best (hybrid_dnn(64,)_conv(8, 16)_gbdt100-5-0.05_gbdt_heavy)",0.257304658454127,155,845,240,49,0.22420480993017844,0.7757951900698216,0.7598039215686274,0.7788018433179723,0.3924050632911392,0.9451901565995525,3.4349468954248357,0.30841744982016484
"single best (hybrid_dnn(64,)_conv(8, 16)_gbdt100-5-0.05_gbdt_heavy)",0.2577172882987639,155,846,239,49,0.22342901474010862,0.7765709852598914,0.7598039215686274,0.7797235023041474,0.3934010152284264,0.9452513966480447,3.4493190581671995,0.30805289018680765
"single best (hybrid_dnn(64,)_conv(8, 16)_gbdt100-5-0.05_gbdt_heavy)",0.2581981719263518,154,846,239,50,0.22420480993017844,0.7757951900698216,0.7549019607843137,0.7797235023041474,0.39185750636132316,0.9441964285714286,3.4270653868241854,0.3143396838640894
"single best (hybrid_dnn(64,)_conv(8, 16)_gbdt100-5-0.05_gbdt_heavy)",0.25820592693643335,154,847,238,50,0.22342901474010862,0.7765709852598914,0.7549019607843137,0.7806451612903226,0.39285714285714285,0.9442586399108138,3.4414648212226067,0.3139685626316643
"single best (hybrid_dnn(64,)_conv(8, 16)_gbdt100-5-0.05_gbdt_heavy)",0.2582136582808254,153,847,238,51,0.22420480993017844,0.7757951900698216,0.75,0.7806451612903226,0.391304347826087,0.9432071269487751,3.4191176470588234,0.3202479338842975
"single best (hybrid_dnn(64,)_conv(8, 16)_gbdt100-5-0.05_gbdt_heavy)",0.25829929943700985,153,848,237,51,0.22342901474010862,0.7765709852598914,0.75,0.7815668202764977,0.3923076923076923,0.9432703003337041,3.4335443037974684,0.31987028301886794
"single best (hybrid_dnn(64,)_conv(8, 16)_gbdt100-5-0.05_gbdt_heavy)",0.2584809717171671,153,849,236,51,0.22265321955003878,0.7773467804499612,0.75,0.7824884792626728,0.39331619537275064,0.9433333333333334,3.4480932203389836,0.3194935217903416
"single best (hybrid_dnn(64,)_conv(8, 16)_gbdt100-5-0.05_gbdt_heavy)",0.26222759138005125,153,850,235,51,0.22187742435996896,0.7781225756400311,0.75,0.783410138248848,0.3943298969072165,0.9433962264150944,3.4627659574468095,0.3191176470588235
"single best (hybrid_dnn(64,)_conv(8, 16)_gbdt100-5-0.05_gbdt_heavy)",0.26511275767673975,153,851,234,51,0.22110162916989914,0.7788983708301008,0.75,0.784331797235023,0.3953488372093023,0.9434589800443459,3.4775641025641018,0.3187426556991775
"single best (hybrid_dnn(64,)_conv(8, 16)_gbdt100-5-0.05_gbdt_heavy)",0.2653350624434133,153,852,233,51,0.22032583397982933,0.7796741660201707,0.75,0.7852534562211981,0.3963730569948187,0.9435215946843853,3.4924892703862658,0.318368544600939
"single best (hybrid_dnn(64,)_conv(8, 16)_gbdt100-5-0.05_gbdt_heavy)",0.2653891443366803,152,852,233,52,0.22110162916989914,0.7788983708301008,0.7450980392156863,0.7852534562211981,0.3948051948051948,0.9424778761061947,3.4696625431288393,0.32461106508331034
"single best (hybrid_dnn(64,)_conv(8, 16)_gbdt100-5-0.05_gbdt_heavy)",0.2656443838163266,152,853,232,52,0.22032583397982933,0.7796741660201707,0.7450980392156863,0.7861751152073733,0.3958333333333333,0.9425414364640884,3.4846179851250847,0.32423051283819504
"single best (hybrid_dnn(64,)_conv(8, 16)_gbdt100-5-0.05_gbdt_heavy)",0.2657875547595515,151,853,232,53,0.22110162916989914,0.7788983708301008,0.7401960784313726,0.7861751152073733,0.39425587467362927,0.9415011037527594,3.461692866801893,0.3304657150081603
"single best (hybrid_dnn(64,)_conv(8, 16)_gbdt100-5-0.05_gbdt_heavy)",0.2658076904615023,151,854,231,53,0.22032583397982933,0.7796741660201707,0.7401960784313726,0.7870967741935484,0.39528795811518325,0.9415656008820287,3.4766785502079625,0.3300787528126004
"single best (hybrid_dnn(64,)_conv(8, 16)_gbdt100-5-0.05_gbdt_heavy)",0.2673255770621469,151,855,230,53,0.2195500387897595,0.7804499612102405,0.7401960784313726,0.7880184331797235,0.3963254593175853,0.9416299559471366,3.491794543904519,0.32969269579176697
"single best (hybrid_dnn(64,)_conv(8, 16)_gbdt100-5-0.05_gbdt_heavy)",0.2673313706601038,151,856,229,53,0.2187742435996897,0.7812257564003103,0.7401960784313726,0.7889400921658987,0.3973684210526316,0.9416941694169417,3.5070425550132724,0.3293075407733186
"single best (hybrid_dnn(64,)_conv(8, 16)_gbdt100-5-0.05_gbdt_heavy)",0.2679562948067461,151,857,228,53,0.21799844840961985,0.7820015515903802,0.7401960784313726,0.7898617511520737,0.39841688654353563,0.9417582417582417,3.5224243206054346,0.32892328459972087
"single best (hybrid_dnn(64,)_conv(8, 16)_gbdt100-5-0.05_gbdt_heavy)",0.2682452238834167,151,858,227,53,0.21722265321955003,0.78277734678045,0.7401960784313726,0.7907834101382488,0.3994708994708995,0.9418221734357849,3.537941608361406,0.3285399241281594
"single best (hybrid_dnn(64,)_conv(8, 16)_gbdt100-5-0.05_gbdt_heavy)",0.2687234637167414,151,859,226,53,0.21644685802948022,0.7835531419705197,0.7401960784313726,0.791705069124424,0.4005305039787798,0.9418859649122807,3.553596217247961,0.3281574562304549
"single best (hybrid_dnn(64,)_conv(8, 16)_gbdt100-5-0.05_gbdt_heavy)",0.26901595071837847,151,860,225,53,0.2156710628394104,0.7843289371605896,0.7401960784313726,0.7926267281105991,0.4015957446808511,0.9419496166484118,3.569389978213508,0.3277758777929776
"single best (hybrid_dnn(64,)_conv(8, 16)_gbdt100-5-0.05_gbdt_heavy)",0.26913716072724375,151,861,224,53,0.21489526764934058,0.7851047323506595,0.7401960784313726,0.7935483870967742,0.4026666666666667,0.9420131291028446,3.5853247549019613,0.327395185716563
"single best (hybrid_dnn(64,)_conv(8, 16)_gbdt100-5-0.05_gbdt_heavy)",0.2693084134208661,151,862,223,53,0.21411947245927077,0.7858805275407292,0.7401960784313726,0.7944700460829494,0.4037433155080214,0.9420765027322404,3.601402444385827,0.32701537691642774
"single best (hybrid_dnn(64,)_conv(8, 16)_gbdt100-5-0.05_gbdt_heavy)",0.2699650865845861,151,863,222,53,0.21334367726920092,0.7866563227307991,0.7401960784313726,0.7953917050691244,0.40482573726541554,0.9421397379912664,3.6176249779190948,0.32663644832208666
"single best (hybrid_dnn(64,)_conv(8, 16)_gbdt100-5-0.05_gbdt_heavy)",0.2700097524728564,151,864,221,53,0.2125678820791311,0.7874321179208689,0.7401960784313726,0.7963133640552995,0.40591397849462363,0.9422028353326063,3.6339943217105843,0.3262583968772694
"single best (hybrid_dnn(64,)_conv(8, 16)_gbdt100-5-0.05_gbdt_heavy)",0.27045645323674167,151,865,220,53,0.2117920868890613,0.7882079131109387,0.7401960784313726,0.7972350230414746,0.40700808625336926,0.9422657952069716,3.65051247771836,0.325881219539839
"single best (hybrid_dnn(64,)_conv(8, 16)_gbdt100-5-0.05_gbdt_heavy)",0.27082428889731625,151,866,219,53,0.21101629169899147,0.7889837083010085,0.7401960784313726,0.7981566820276498,0.4081081081081081,0.9423286180631121,3.667181484465933,0.3255049132817099
"single best (hybrid_dnn(64,)_conv(8, 16)_gbdt100-5-0.05_gbdt_heavy)",0.27250970459840956,151,867,218,53,0.21024049650892165,0.7897595034910784,0.7401960784313726,0.7990783410138249,0.4092140921409214,0.9423913043478261,3.6840034178809145,0.3251294750887667
"single best (hybrid_dnn(64,)_conv(8, 16)_gbdt100-5-0.05_gbdt_heavy)",0.2726560167291088,151,868,217,53,0.20946470131885184,0.7905352986811481,0.7401960784313726,0.8,0.41032608695652173,0.9424538545059717,3.700980392156864,0.32475490196078427
"single best (hybrid_dnn(64,)_conv(8, 16)_gbdt100-5-0.05_gbdt_heavy)",0.27302005350544933,150,868,217,54,0.21024049650892165,0.7897595034910784,0.7352941176470589,0.8,0.4087193460490463,0.9414316702819957,3.6764705882352953,0.3308823529411764
"single best (hybrid_dnn(64,)_conv(8, 16)_gbdt100-5-0.05_gbdt_heavy)",0.2733666801961847,150,869,216,54,0.20946470131885184,0.7905352986811481,0.7352941176470589,0.8009216589861751,0.4098360655737705,0.9414951245937161,3.6934912854030495,0.33050159073986324
"single best (hybrid_dnn(64,)_conv(8, 16)_gbdt100-5-0.05_gbdt_heavy)",0.2736061917139908,150,870,215,54,0.208688906128782,0.791311093871218,0.7352941176470589,0.8018433179723502,0.410958904109589,0.9415584415584416,3.7106703146374826,0.33012170385395534
"single best (hybrid_dnn(64,)_conv(8, 16)_gbdt100-5-0.05_gbdt_heavy)",0.27398892519809814,150,871,214,54,0.20791311093871218,0.7920868890612878,0.7352941176470589,0.8027649769585253,0.41208791208791207,0.9416216216216217,3.728009895547004,0.32974268926858913
"single best (hybrid_dnn(64,)_conv(8, 16)_gbdt100-5-0.05_gbdt_heavy)",0.2744270290286956,150,872,213,54,0.20713731574864236,0.7928626842513576,0.7352941176470589,0.8036866359447005,0.4132231404958678,0.9416846652267818,3.7455122894228117,0.32936454398273063
"single best (hybrid_dnn(64,)_conv(8, 16)_gbdt100-5-0.05_gbdt_heavy)",0.2744540854627111,150,873,212,54,0.20636152055857254,0.7936384794414275,0.7352941176470589,0.8046082949308756,0.4143646408839779,0.941747572815534,3.7631798002219763,0.32898726500909636
"single best (hybrid_dnn(64,)_conv(8, 16)_gbdt100-5-0.05_gbdt_heavy)",0.27451633717342183,149,873,212,55,0.20713731574864236,0.7928626842513576,0.7303921568627451,0.8046082949308756,0.41274238227146814,0.9407327586206896,3.7380919348871626,0.3350796217685242
"single best (hybrid_dnn(64,)_conv(8, 16)_gbdt100-5-0.05_gbdt_heavy)",0.275106554422119,149,874,211,55,0.20636152055857254,0.7936384794414275,0.7303921568627451,0.8055299539170507,0.41388888888888886,0.9407965554359526,3.7558080104079554,0.3346962354735945
"single best (hybrid_dnn(64,)_conv(8, 16)_gbdt100-5-0.05_gbdt_heavy)",0.2752464532850458,149,875,210,55,0.20558572536850273,0.7944142746314973,0.7303921568627451,0.8064516129032258,0.415041782729805,0.9408602150537635,3.7736928104575154,0.33431372549019617
"single best (hybrid_dnn(64,)_conv(8, 16)_gbdt100-5-0.05_gbdt_heavy)",0.2756882549865268,148,875,210,56,0.20636152055857254,0.7936384794414275,0.7254901960784313,0.8064516129032258,0.4134078212290503,0.9398496240601504,3.7483660130718945,0.34039215686274515
"single best (hybrid_dnn(64,)_conv(8, 16)_gbdt100-5-0.05_gbdt_heavy)",0.2767621131393349,148,876,209,56,0.20558572536850273,0.7944142746314973,0.7254901960784313,0.8073732718894009,0.41456582633053224,0.9399141630901288,3.7663007786846787,0.34000358134121234
"single best (hybrid_dnn(64,)_conv(8, 16)_gbdt100-5-0.05_gbdt_heavy)",0.27734211063010183,147,876,209,57,0.20636152055857254,0.7936384794414275,0.7205882352941176,0.8073732718894009,0.41292134831460675,0.9389067524115756,3.740852800450323,0.3460750738651625
"single best (hybrid_dnn(64,)_conv(8, 16)_gbdt100-5-0.05_gbdt_heavy)",0.27814981400062605,147,877,208,57,0.20558572536850273,0.7944142746314973,0.7205882352941176,0.808294930875576,0.4140845070422535,0.9389721627408993,3.7588376696832575,0.34568046146622844
"single best (hybrid_dnn(64,)_conv(8, 16)_gbdt100-5-0.05_gbdt_heavy)",0.2795768298582846,147,878,207,57,0.20480993017843288,0.7951900698215671,0.7205882352941176,0.8092165898617512,0.4152542372881356,0.9390374331550803,3.776996305768684,0.3452867479565858
"single best (hybrid_dnn(64,)_conv(8, 16)_gbdt100-5-0.05_gbdt_heavy)",0.27987619315746814,147,879,206,57,0.20403413498836306,0.7959658650116369,0.7205882352941176,0.8101382488479263,0.4164305949008499,0.9391025641025641,3.7953312392918335,0.3448939302683531
"single best (hybrid_dnn(64,)_conv(8, 16)_gbdt100-5-0.05_gbdt_heavy)",0.2803317560485397,147,880,205,57,0.20325833979829325,0.7967416602017068,0.7205882352941176,0.8110599078341014,0.41761363636363635,0.9391675560298826,3.813845050215209,0.34450200534759357
"single best (hybrid_dnn(64,)_conv(8, 16)_gbdt100-5-0.05_gbdt_heavy)",0.2813091272323689,147,881,204,57,0.20248254460822343,0.7975174553917765,0.7205882352941176,0.8119815668202764,0.4188034188034188,0.9392324093816631,3.832540369088811,0.34411097015423653
"single best (hybrid_dnn(64,)_conv(8, 16)_gbdt100-5-0.05_gbdt_heavy)",0.2830230177040417,146,881,204,58,0.20325833979829325,0.7967416602017068,0.7156862745098039,0.8119815668202764,0.41714285714285715,0.9382321618743344,3.8064686658977305,0.3501480047183459
"single best (hybrid_dnn(64,)_conv(8, 16)_gbdt100-5-0.05_gbdt_heavy)",0.28355465404226815,146,882,203,58,0.20248254460822343,0.7975174553917765,0.7156862745098039,0.8129032258064516,0.4183381088825215,0.9382978723404255,3.825219743069641,0.3497510115157174
"single best (hybrid_dnn(64,)_conv(8, 16)_gbdt100-5-0.05_gbdt_heavy)",0.2835609025149646,145,882,203,59,0.20325833979829325,0.7967416602017068,0.7107843137254902,0.8129032258064516,0.4166666666666667,0.9373007438894793,3.7990196078431366,0.35578120136943664
"single best (hybrid_dnn(64,)_conv(8, 16)_gbdt100-5-0.05_gbdt_heavy)",0.2837840466679268,145,883,202,59,0.20248254460822343,0.7975174553917765,0.7107843137254902,0.8138248847926267,0.41786743515850144,0.9373673036093418,3.8178266356047366,0.3553782781515777
"single best (hybrid_dnn(64,)_conv(8, 16)_gbdt100-5-0.05_gbdt_heavy)",0.28475571805713595,145,884,201,59,0.2017067494181536,0.7982932505818464,0.7107843137254902,0.8147465437788018,0.4190751445086705,0.9374337221633086,3.8368207979709297,0.35497626652470937
"single best (hybrid_dnn(64,)_conv(8, 16)_gbdt100-5-0.05_gbdt_heavy)",0.28567395749808944,144,884,201,60,0.20248254460822343,0.7975174553917765,0.7058823529411765,0.8147465437788018,0.41739130434782606,0.9364406779661016,3.810359964881475,0.3609928134149587
"single best (hybrid_dnn(64,)_conv(8, 16)_gbdt100-5-0.05_gbdt_heavy)",0.28585982379165803,144,885,200,60,0.2017067494181536,0.7982932505818464,0.7058823529411765,0.815668202764977,0.4186046511627907,0.9365079365079365,3.829411764705883,0.360584911930874
"single best (hybrid_dnn(64,)_conv(8, 16)_gbdt100-5-0.05_gbdt_heavy)",0.28616235394264716,144,886,199,60,0.2009309542280838,0.7990690457719162,0.7058823529411765,0.8165898617511521,0.4198250728862974,0.9365750528541226,3.8486550399054105,0.3601779312176337
"single best (hybrid_dnn(64,)_conv(8, 16)_gbdt100-5-0.05_gbdt_heavy)",0.28643676669812035,143,886,199,61,0.2017067494181536,0.7982932505818464,0.7009803921568627,0.8165898617511521,0.41812865497076024,0.9355860612460402,3.821928268794956,0.3661808967379277
"single best (hybrid_dnn(64,)_conv(8, 16)_gbdt100-5-0.05_gbdt_heavy)",0.28692915316313183,143,887,198,61,0.2009309542280838,0.7990690457719162,0.7009803921568627,0.8175115207373271,0.41935483870967744,0.9356540084388185,3.8412309368191706,0.36576806596370237
"single best (hybrid_dnn(64,)_conv(8, 16)_gbdt100-5-0.05_gbdt_heavy)",0.28740253328303506,143,888,197,61,0.20015515903801395,0.799844840961986,0.7009803921568627,0.8184331797235023,0.42058823529411765,0.9357218124341412,3.860729571016223,0.36535616498851803
"single best (hybrid_dnn(64,)_conv(8, 16)_gbdt100-5-0.05_gbdt_heavy)",0.28750978257605575,143,889,196,61,0.19937936384794414,0.8006206361520558,0.7009803921568627,0.8193548387096774,0.4218289085545723,0.9357894736842105,3.8804271708683467,0.36494519067469516
"single best (hybrid_dnn(64,)_conv(8, 16)_gbdt100-5-0.05_gbdt_heavy)",0.2882965907424362,143,890,195,61,0.19860356865787432,0.8013964313421257,0.7009803921568627,0.8202764976958525,0.4230769230769231,0.935856992639327,3.900326797385621,0.36453513989865616
"single best (hybrid_dnn(64,)_conv(8, 16)_gbdt100-5-0.05_gbdt_heavy)",0.28840017030284704,143,891,194,61,0.1978277734678045,0.8021722265321956,0.7009803921568627,0.8211981566820277,0.42433234421364985,0.9359243697478992,3.9204315746917326,0.3641260095508462
"single best (hybrid_dnn(64,)_conv(8, 16)_gbdt100-5-0.05_gbdt_heavy)",0.2885258002240821,143,892,193,61,0.19705197827773469,0.8029480217222653,0.7009803921568627,0.8221198156682028,0.4255952380952381,0.9359916054564533,3.9407446916590474,0.36371779653565467
"single best (hybrid_dnn(64,)_conv(8, 16)_gbdt100-5-0.05_gbdt_heavy)",0.2892630669842384,143,893,192,61,0.19627618308766487,0.8037238169123351,0.7009803921568627,0.8230414746543778,0.42686567164179107,0.9360587002096437,3.9612694035947698,0.36331049777133706
"single best (hybrid_dnn(64,)_conv(8, 16)_gbdt100-5-0.05_gbdt_heavy)",0.2896959529278522,142,893,192,62,0.19705197827773469,0.8029480217222653,0.696078431372549,0.8230414746543778,0.4251497005988024,0.9350785340314136,3.933568218954247,0.36926640757086715
"single best (hybrid_dnn(64,)_conv(8, 16)_gbdt100-5-0.05_gbdt_heavy)",0.2900379919881996,142,894,191,62,0.19627618308766487,0.8037238169123351,0.696078431372549,0.823963133640553,0.4264264264264264,0.9351464435146444,3.9541628169592435,0.3688533578979691
"single best (hybrid_dnn(64,)_conv(8, 16)_gbdt100-5-0.05_gbdt_heavy)",0.29034570912224367,142,895,190,62,0.19550038789759502,0.804499612102405,0.696078431372549,0.8248847926267281,0.42771084337349397,0.93521421107628,3.9749742002063977,0.36844123124109984
"single best (hybrid_dnn(64,)_conv(8, 16)_gbdt100-5-0.05_gbdt_heavy)",0.29037470703095447,142,896,189,62,0.1947245927075252,0.8052754072924748,0.696078431372549,0.8258064516129032,0.42900302114803623,0.9352818371607515,3.9960058097312996,0.36803002450980393
"single best (hybrid_dnn(64,)_conv(8, 16)_gbdt100-5-0.05_gbdt_heavy)",0.2907347844886164,141,896,189,63,0.19550038789759502,0.804499612102405,0.6911764705882353,0.8258064516129032,0.42727272727272725,0.9343065693430657,3.9678649237472765,0.3739659926470588
"single best (hybrid_dnn(64,)_conv(8, 16)_gbdt100-5-0.05_gbdt_heavy)",0.2909626849165669,141,897,188,63,0.1947245927075252,0.8052754072924748,0.6911764705882353,0.8267281105990784,0.42857142857142855,0.934375,3.9889705882352944,0.37354908518591384
"single best (hybrid_dnn(64,)_conv(8, 16)_gbdt100-5-0.05_gbdt_heavy)",0.2910561033004193,141,898,187,63,0.1939487975174554,0.8060512024825446,0.6911764705882353,0.8276497695852535,0.4298780487804878,0.9344432882414152,4.01030198175527,0.37313310624918117
"single best (hybrid_dnn(64,)_conv(8, 16)_gbdt100-5-0.05_gbdt_heavy)",0.29108487643327163,141,899,186,63,0.19317300232738557,0.8068269976726145,0.6911764705882353,0.8285714285714286,0.43119266055045874,0.9345114345114345,4.03186274509804,0.3727180527383367
"single best (hybrid_dnn(64,)_conv(8, 16)_gbdt100-5-0.05_gbdt_heavy)",0.2916162537112587,141,900,185,63,0.19239720713731576,0.8076027928626842,0.6911764705882353,0.8294930875576036,0.4325153374233129,0.9345794392523364,4.053656597774244,0.37230392156862746
"single best (hybrid_dnn(64,)_conv(8, 16)_gbdt100-5-0.05_gbdt_heavy)",0.2929947696679256,141,901,184,63,0.19162141194724594,0.8083785880527541,0.6911764705882353,0.8304147465437788,0.4338461538461538,0.9346473029045643,4.075687340153452,0.37189070966899523
"single best (hybrid_dnn(64,)_conv(8, 16)_gbdt100-5-0.05_gbdt_heavy)",0.29322894934424376,140,901,184,64,0.19239720713731576,0.8076027928626842,0.6862745098039216,0.8304147465437788,0.43209876543209874,0.933678756476684,4.046781756180732,0.37779373680659833
"single best (hybrid_dnn(64,)_conv(8, 16)_gbdt100-5-0.05_gbdt_heavy)",0.295318623510023,140,902,183,64,0.19162141194724594,0.8083785880527541,0.6862745098039216,0.8313364055299539,0.43343653250773995,0.9337474120082816,4.068895317689917,0.37737489674361985
"single best (hybrid_dnn(64,)_conv(8, 16)_gbdt100-5-0.05_gbdt_heavy)",0.2962810247802018,140,903,182,64,0.1908456167571761,0.8091543832428238,0.6862745098039216,0.832258064516129,0.43478260869565216,0.9338159255429163,4.091251885369533,0.3769569843441252
"single best (hybrid_dnn(64,)_conv(8, 16)_gbdt100-5-0.05_gbdt_heavy)",0.2964873844178462,140,904,181,64,0.19006982156710628,0.8099301784328937,0.6862745098039216,0.8331797235023042,0.43613707165109034,0.9338842975206612,4.113855486946161,0.37653999652958525
"single best (hybrid_dnn(64,)_conv(8, 16)_gbdt100-5-0.05_gbdt_heavy)",0.29667278541556824,139,904,181,65,0.1908456167571761,0.8091543832428238,0.6813725490196079,0.8331797235023042,0.434375,0.932920536635707,4.0844708048965455,0.38242343397536
"single best (hybrid_dnn(64,)_conv(8, 16)_gbdt100-5-0.05_gbdt_heavy)",0.2974097949045278,139,905,180,65,0.19006982156710628,0.8099301784328937,0.6813725490196079,0.8341013824884793,0.43573667711598746,0.9329896907216495,4.107162309368193,0.3820008666450005
"single best (hybrid_dnn(64,)_conv(8, 16)_gbdt100-5-0.05_gbdt_heavy)",0.29753443029744825,139,906,179,65,0.18929402637703646,0.8107059736229636,0.6813725490196079,0.8350230414746543,0.4371069182389937,0.933058702368692,4.13010735020265,0.38157923213435485
"single best (hybrid_dnn(64,)_conv(8, 16)_gbdt100-5-0.05_gbdt_heavy)",0.30246935863322766,138,906,179,66,0.19006982156710628,0.8099301784328937,0.6764705882352942,0.8350230414746543,0.4353312302839117,0.9320987654320988,4.100394347683206,0.38744968185949874
"single best (hybrid_dnn(64,)_conv(8, 16)_gbdt100-5-0.05_gbdt_heavy)",0.30407767272705405,137,906,179,67,0.1908456167571761,0.8091543832428238,0.6715686274509803,0.8350230414746543,0.43354430379746833,0.9311408016443987,4.070681345163763,0.3933201315846428
"single best (hybrid_dnn(64,)_conv(8, 16)_gbdt100-5-0.05_gbdt_heavy)",0.30440796139348975,137,907,178,67,0.19006982156710628,0.8099301784328937,0.6715686274509803,0.8359447004608295,0.43492063492063493,0.9312114989733059,4.0935503414849075,0.39288648204596066
"single best (hybrid_dnn(64,)_conv(8, 16)_gbdt100-5-0.05_gbdt_heavy)",0.3045620228256395,137,908,177,67,0.18929402637703646,0.8107059736229636,0.6715686274509803,0.8368663594470046,0.43630573248407645,0.9312820512820513,4.116677744544145,0.39245378768247396
"single best (hybrid_dnn(64,)_conv(8, 16)_gbdt100-5-0.05_gbdt_heavy)",0.30456482155437314,137,909,176,67,0.18851823118696664,0.8114817688130334,0.6715686274509803,0.8377880184331797,0.43769968051118213,0.9313524590163934,4.140067959001782,0.39202204534178914
"single best (hybrid_dnn(64,)_conv(8, 16)_gbdt100-5-0.05_gbdt_heavy)",0.3050283850418825,137,910,175,67,0.18774243599689683,0.8122575640031031,0.6715686274509803,0.8387096774193549,0.4391025641025641,0.9314227226202662,4.163725490196079,0.3915912518853696
"single best (hybrid_dnn(64,)_conv(8, 16)_gbdt100-5-0.05_gbdt_heavy)",0.30529006749505005,137,911,174,67,0.186966640806827,0.813033359193173,0.6715686274509803,0.83963133640553,0.4405144694533762,0.9314928425357873,4.187654947036287,0.3911614041884592
"single best (hybrid_dnn(64,)_conv(8, 16)_gbdt100-5-0.05_gbdt_heavy)",0.3059362878152013,136,911,174,68,0.18774243599689683,0.8122575640031031,0.6666666666666666,0.83963133640553,0.43870967741935485,0.9305413687436159,4.157088122605365,0.39699963410171973
"single best (hybrid_dnn(64,)_conv(8, 16)_gbdt100-5-0.05_gbdt_heavy)",0.30611623327340326,136,912,173,68,0.186966640806827,0.813033359193173,0.6666666666666666,0.840552995391705,0.4401294498381877,0.9306122448979591,4.181117533718688,0.3965643274853802
"single best (hybrid_dnn(64,)_conv(8, 16)_gbdt100-5-0.05_gbdt_heavy)",0.3063666674483548,136,913,172,68,0.18619084561675717,0.8138091543832429,0.6666666666666666,0.8414746543778802,0.44155844155844154,0.9306829765545361,4.205426356589147,0.3961299744432275
"single best (hybrid_dnn(64,)_conv(8, 16)_gbdt100-5-0.05_gbdt_heavy)",0.30730306909102323,136,914,171,68,0.18541505042668735,0.8145849495733126,0.6666666666666666,0.8423963133640553,0.44299674267100975,0.9307535641547862,4.230019493177387,0.3956965718453684
"single best (hybrid_dnn(64,)_conv(8, 16)_gbdt100-5-0.05_gbdt_heavy)",0.30789169043332465,136,915,170,68,0.18463925523661753,0.8153607447633825,0.6666666666666666,0.8433179723502304,0.4444444444444444,0.930824008138352,4.254901960784314,0.395264116575592
"single best (hybrid_dnn(64,)_conv(8, 16)_gbdt100-5-0.05_gbdt_heavy)",0.30804891118046623,135,915,170,69,0.18541505042668735,0.8145849495733126,0.6617647058823529,0.8433179723502304,0.4426229508196721,0.9298780487804879,4.223615916955017,0.4010768241722919
"single best (hybrid_dnn(64,)_conv(8, 16)_gbdt100-5-0.05_gbdt_heavy)",0.3094659239337769,135,916,169,69,0.18463925523661753,0.8153607447633825,0.6617647058823529,0.8442396313364056,0.4440789473684211,0.9299492385786802,4.248607727114515,0.40063896737734395
"single best (hybrid_dnn(64,)_conv(8, 16)_gbdt100-5-0.05_gbdt_heavy)",0.31162521740262195,134,916,169,70,0.18541505042668735,0.8145849495733126,0.6568627450980392,0.8442396313364056,0.44224422442244227,0.9290060851926978,4.217136558765519,0.4064453292233924
"single best (hybrid_dnn(64,)_conv(8, 16)_gbdt100-5-0.05_gbdt_heavy)",0.3130573262829016,133,916,169,71,0.18619084561675717,0.8138091543832429,0.6519607843137255,0.8442396313364056,0.44039735099337746,0.92806484295846,4.185665390416522,0.4122516910694408
"single best (hybrid_dnn(64,)_conv(8, 16)_gbdt100-5-0.05_gbdt_heavy)",0.31312926052030743,132,916,169,72,0.186966640806827,0.813033359193173,0.6470588235294118,0.8442396313364056,0.43853820598006643,0.9271255060728745,4.1541942220675265,0.4180580529154893
"single best (hybrid_dnn(64,)_conv(8, 16)_gbdt100-5-0.05_gbdt_heavy)",0.3133945198522563,132,917,168,72,0.18619084561675717,0.8138091543832429,0.6470588235294118,0.8451612903225807,0.44,0.9271991911021233,4.178921568627453,0.4176021553659631
"single best (hybrid_dnn(64,)_conv(8, 16)_gbdt100-5-0.05_gbdt_heavy)",0.31549330662116626,132,918,167,72,0.18541505042668735,0.8145849495733126,0.6470588235294118,0.8460829493087557,0.4414715719063545,0.9272727272727272,4.203945051074321,0.4171472510572856
"single best (hybrid_dnn(64,)_conv(8, 16)_gbdt100-5-0.05_gbdt_heavy)",0.3161538526770028,132,919,166,72,0.18463925523661753,0.8153607447633825,0.6470588235294118,0.8470046082949308,0.4429530201342282,0.9273461150353178,4.229270021261516,0.4166933367471036
"single best (hybrid_dnn(64,)_conv(8, 16)_gbdt100-5-0.05_gbdt_heavy)",0.3163733865719387,132,920,165,72,0.18386346004654772,0.8161365399534523,0.6470588235294118,0.847926267281106,0.4444444444444444,0.9274193548387096,4.254901960784314,0.4162404092071611
"single best (hybrid_dnn(64,)_conv(8, 16)_gbdt100-5-0.05_gbdt_heavy)",0.3170285735775599,131,920,165,73,0.18463925523661753,0.8153607447633825,0.6421568627450981,0.847926267281106,0.44256756756756754,0.9264853977844915,4.222667855020796,0.42202152600170495
"single best (hybrid_dnn(64,)_conv(8, 16)_gbdt100-5-0.05_gbdt_heavy)",0.31756411435727583,131,921,164,73,0.18386346004654772,0.8161365399534523,0.6421568627450981,0.8488479262672811,0.4440677966101695,0.9265593561368209,4.248415829746533,0.4215633050179898
"single best (hybrid_dnn(64,)_conv(8, 16)_gbdt100-5-0.05_gbdt_heavy)",0.31759606912241745,131,922,163,73,0.1830876648564779,0.8169123351435221,0.6421568627450981,0.8497695852534562,0.445578231292517,0.9266331658291457,4.274479730542525,0.42110607800603966
"single best (hybrid_dnn(64,)_conv(8, 16)_gbdt100-5-0.05_gbdt_heavy)",0.3177565406663994,131,923,162,73,0.18231186966640806,0.8176881303335919,0.6421568627450981,0.8506912442396314,0.447098976109215,0.9267068273092369,4.300865407891553,0.4206498417351772
"single best (hybrid_dnn(64,)_conv(8, 16)_gbdt100-5-0.05_gbdt_heavy)",0.31809436577463013,130,923,162,74,0.1830876648564779,0.8169123351435221,0.6372549019607843,0.8506912442396314,0.4452054794520548,0.925777331995988,4.268034374243526,0.4264121683342893
"single best (hybrid_dnn(64,)_conv(8, 16)_gbdt100-5-0.05_gbdt_heavy)",0.31873167713827694,130,924,161,74,0.18231186966640806,0.8176881303335919,0.6372549019607843,0.8516129032258064,0.44673539518900346,0.9258517034068137,4.294543904518328,0.42595068330362457
"single best (hybrid_dnn(64,)_conv(8, 16)_gbdt100-5-0.05_gbdt_heavy)",0.3193658248320945,130,925,160,74,0.18153607447633824,0.8184639255236618,0.6372549019607843,0.8525345622119815,0.4482758620689655,0.9259259259259259,4.321384803921568,0.4254901960784314
"single best (hybrid_dnn(64,)_conv(8, 16)_gbdt100-5-0.05_gbdt_heavy)",0.3194874496264766,130,926,159,74,0.18076027928626842,0.8192397207137316,0.6372549019607843,0.8534562211981567,0.44982698961937717,0.926,4.348563324700949,0.4250307034260789
"single best (hybrid_dnn(64,)_conv(8, 16)_gbdt100-5-0.05_gbdt_heavy)",0.3197047693649579,130,927,158,74,0.1799844840961986,0.8200155159038014,0.6372549019607843,0.8543778801843318,0.4513888888888889,0.926073926073926,4.37608587738893,0.42457220212788466
"single best (hybrid_dnn(64,)_conv(8, 16)_gbdt100-5-0.05_gbdt_heavy)",0.32010254116794556,130,928,157,74,0.1792086889061288,0.8207913110938712,0.6372549019607843,0.8552995391705069,0.4529616724738676,0.9261477045908184,4.403959035843637,0.4241146889790399
"single best (hybrid_dnn(64,)_conv(8, 16)_gbdt100-5-0.05_gbdt_heavy)",0.321231811322792,130,929,156,74,0.17843289371605897,0.821567106283941,0.6372549019607843,0.8562211981566821,0.45454545454545453,0.9262213359920239,4.432189542483661,0.423658160788535
"single best (hybrid_dnn(64,)_conv(8, 16)_gbdt100-5-0.05_gbdt_heavy)",0.3232666436201648,130,930,155,74,0.17765709852598913,0.8223429014740109,0.6372549019607843,0.8571428571428571,0.45614035087719296,0.9262948207171314,4.460784313725489,0.423202614379085
"single best (hybrid_dnn(64,)_conv(8, 16)_gbdt100-5-0.05_gbdt_heavy)",0.32409324318027877,130,931,154,74,0.1768813033359193,0.8231186966640807,0.6372549019607843,0.8580645161290322,0.45774647887323944,0.9263681592039801,4.489750445632797,0.42274804658705595
"single best (hybrid_dnn(64,)_conv(8, 16)_gbdt100-5-0.05_gbdt_heavy)",0.325017575170986,130,932,153,74,0.1761055081458495,0.8238944918541505,0.6372549019607843,0.8589861751152074,0.45936395759717313,0.9264413518886679,4.5190952197872605,0.4222944542623917
"single best (hybrid_dnn(64,)_conv(8, 16)_gbdt100-5-0.05_gbdt_heavy)",0.3283647989199605,130,933,152,74,0.17532971295577968,0.8246702870442203,0.6372549019607843,0.8599078341013825,0.46099290780141844,0.9265143992055611,4.548826109391125,0.4218418342685413
"single best (hybrid_dnn(64,)_conv(8, 16)_gbdt100-5-0.05_gbdt_heavy)",0.32887764134294506,130,934,151,74,0.17455391776570986,0.8254460822342902,0.6372549019607843,0.8608294930875576,0.4626334519572954,0.9265873015873016,4.578950785612259,0.42139018348238655
"single best (hybrid_dnn(64,)_conv(8, 16)_gbdt100-5-0.05_gbdt_heavy)",0.3289807355214901,130,935,150,74,0.17377812257564004,0.8262218774243599,0.6372549019607843,0.8617511520737328,0.4642857142857143,0.9266600594648167,4.609477124183008,0.4209394987941701
"single best (hybrid_dnn(64,)_conv(8, 16)_gbdt100-5-0.05_gbdt_heavy)",0.32980015872563184,129,935,150,75,0.17455391776570986,0.8254460822342902,0.6323529411764706,0.8617511520737328,0.46236559139784944,0.9257425742574258,4.574019607843138,0.4266278703994967
"single best (hybrid_dnn(64,)_conv(8, 16)_gbdt100-5-0.05_gbdt_heavy)",0.3324192570658665,129,936,149,75,0.17377812257564004,0.8262218774243599,0.6323529411764706,0.8626728110599078,0.46402877697841727,0.9258160237388724,4.604717726016579,0.42617207139265967
"single best (hybrid_dnn(64,)_conv(8, 16)_gbdt100-5-0.05_gbdt_heavy)",0.3328748474716201,129,937,148,75,0.1730023273855702,0.8269976726144298,0.6323529411764706,0.8635944700460829,0.4657039711191336,0.9258893280632411,4.6358306836248,0.4257172452759119
"single best (hybrid_dnn(64,)_conv(8, 16)_gbdt100-5-0.05_gbdt_heavy)",0.3351033245731897,129,938,147,75,0.17222653219550038,0.8277734678044997,0.6323529411764706,0.864516129032258,0.4673913043478261,0.9259624876604146,4.667366946778711,0.42526338893766463
"single best (hybrid_dnn(64,)_conv(8, 16)_gbdt100-5-0.05_gbdt_heavy)",0.3368048998533614,129,939,146,75,0.17145073700543056,0.8285492629945694,0.6323529411764706,0.8654377880184332,0.4690909090909091,0.9260355029585798,4.69933521353747,0.4248104992795841
"single best (hybrid_dnn(64,)_conv(8, 16)_gbdt100-5-0.05_gbdt_heavy)",0.33680679820910375,129,940,145,75,0.17067494181536075,0.8293250581846392,0.6323529411764706,0.8663594470046083,0.4708029197080292,0.9261083743842364,4.731744421906694,0.42435857321652065
"single best (hybrid_dnn(64,)_conv(8, 16)_gbdt100-5-0.05_gbdt_heavy)",0.33857664583020036,128,940,145,76,0.17145073700543056,0.8285492629945694,0.6274509803921569,0.8663594470046083,0.46886446886446886,0.9251968503937008,4.695064232589588,0.43001668752607425
"single best (hybrid_dnn(64,)_conv(8, 16)_gbdt100-5-0.05_gbdt_heavy)",0.3393487405413744,128,941,144,76,0.17067494181536075,0.8293250581846392,0.6274509803921569,0.8672811059907835,0.47058823529411764,0.9252704031465093,4.727668845315906,0.42955970911212515
"single best (hybrid_dnn(64,)_conv(8, 16)_gbdt100-5-0.05_gbdt_heavy)",0.33963158217627987,128,942,143,76,0.16989914662529093,0.8301008533747091,0.6274509803921569,0.8682027649769585,0.47232472324723246,0.925343811394892,4.760729466611818,0.42910370092835437
"single best (hybrid_dnn(64,)_conv(8, 16)_gbdt100-5-0.05_gbdt_heavy)",0.34178280582802506,127,942,143,77,0.17067494181536075,0.8293250581846392,0.6225490196078431,0.8682027649769585,0.4703703703703704,0.9244357212953876,4.7235362676539125,0.434749802256359
"single best (hybrid_dnn(64,)_conv(8, 16)_gbdt100-5-0.05_gbdt_heavy)",0.3425031901308591,126,942,143,78,0.17145073700543056,0.8285492629945694,0.6176470588235294,0.8682027649769585,0.4684014869888476,0.9235294117647059,4.686343068696008,0.4403959035843637
"single best (hybrid_dnn(64,)_conv(8, 16)_gbdt100-5-0.05_gbdt_heavy)",0.3430327496358476,126,943,142,78,0.17067494181536075,0.8293250581846392,0.6176470588235294,0.8691244239631336,0.4701492537313433,0.9236043095004897,4.719345484672742,0.4399288877799264
"single best (hybrid_dnn(64,)_conv(8, 16)_gbdt100-5-0.05_gbdt_heavy)",0.3445894940315192,125,943,142,79,0.17145073700543056,0.8285492629945694,0.6127450980392157,0.8691244239631336,0.4681647940074906,0.9227005870841487,4.681890361778513,0.44556900172582287
"single best (hybrid_dnn(64,)_conv(8, 16)_gbdt100-5-0.05_gbdt_heavy)",0.3512479513768286,125,944,141,79,0.17067494181536075,0.8293250581846392,0.6127450980392157,0.8700460829493087,0.4699248120300752,0.9227761485826002,4.71509525796134,0.4450970006646726
"single best (hybrid_dnn(64,)_conv(8, 16)_gbdt100-5-0.05_gbdt_heavy)",0.35174390032775366,125,945,140,79,0.16989914662529093,0.8301008533747091,0.6127450980392157,0.8709677419354839,0.4716981132075472,0.9228515625,4.748774509803922,0.4446259985475671
"single best (hybrid_dnn(64,)_conv(8, 16)_gbdt100-5-0.05_gbdt_heavy)",0.3522898480679293,125,946,139,79,0.16912335143522111,0.8308766485647789,0.6127450980392157,0.871889400921659,0.4734848484848485,0.9229268292682927,4.782938355198196,0.44415599220660773
"single best (hybrid_dnn(64,)_conv(8, 16)_gbdt100-5-0.05_gbdt_heavy)",0.3524503334452189,125,947,138,79,0.16834755624515127,0.8316524437548487,0.6127450980392157,0.8728110599078341,0.4752851711026616,0.9230019493177388,4.817597328786589,0.44368697848727656
"single best (hybrid_dnn(64,)_conv(8, 16)_gbdt100-5-0.05_gbdt_heavy)",0.35262305360458124,124,947,138,80,0.16912335143522111,0.8308766485647789,0.6078431372549019,0.8728110599078341,0.4732824427480916,0.9221032132424537,4.779056550156295,0.4493032693542042
"single best (hybrid_dnn(64,)_conv(8, 16)_gbdt100-5-0.05_gbdt_heavy)",0.3534944307790251,123,947,138,81,0.16989914662529093,0.8301008533747091,0.6029411764705882,0.8728110599078341,0.47126436781609193,0.9212062256809338,4.740515771526003,0.4549195602211318
"single best (hybrid_dnn(64,)_conv(8, 16)_gbdt100-5-0.05_gbdt_heavy)",0.3542165045315091,123,948,137,81,0.16912335143522111,0.8308766485647789,0.6029411764705882,0.8737327188940092,0.47307692307692306,0.9212827988338192,4.775118076427649,0.45443968726731204
"single best (hybrid_dnn(64,)_conv(8, 16)_gbdt100-5-0.05_gbdt_heavy)",0.3561766072416116,123,949,136,81,0.16834755624515127,0.8316524437548487,0.6029411764705882,0.8746543778801843,0.4749034749034749,0.9213592233009709,4.8102292387543235,0.4539608256368934
"single best (hybrid_dnn(64,)_conv(8, 16)_gbdt100-5-0.05_gbdt_heavy)",0.3564083472348005,123,950,135,81,0.16757176105508145,0.8324282389449186,0.6029411764705882,0.8755760368663594,0.47674418604651164,0.9214354995150339,4.845860566448801,0.45348297213622296
"single best (hybrid_dnn(64,)_conv(8, 16)_gbdt100-5-0.05_gbdt_heavy)",0.35710215280890306,122,950,135,82,0.16834755624515127,0.8316524437548487,0.5980392156862745,0.8755760368663594,0.47470817120622566,0.9205426356589147,4.806463326071168,0.45908152734778124
"single best (hybrid_dnn(64,)_conv(8, 16)_gbdt100-5-0.05_gbdt_heavy)",0.3601466886565839,121,950,135,83,0.16912335143522111,0.8308766485647789,0.5931372549019608,0.8755760368663594,0.47265625,0.9196515004840271,4.767066085693536,0.4646800825593395
"single best (hybrid_dnn(64,)_conv(8, 16)_gbdt100-5-0.05_gbdt_heavy)",0.3602061498574392,121,951,134,83,0.16834755624515127,0.8316524437548487,0.5931372549019608,0.8764976958525346,0.4745098039215686,0.9197292069632496,4.802641205736026,0.4641914599698975
"single best (hybrid_dnn(64,)_conv(8, 16)_gbdt100-5-0.05_gbdt_heavy)",0.36227434566566163,120,951,134,84,0.16912335143522111,0.8308766485647789,0.5882352941176471,0.8764976958525346,0.47244094488188976,0.9188405797101449,4.762949956101844,0.4697841281623059
"single best (hybrid_dnn(64,)_conv(8, 16)_gbdt100-5-0.05_gbdt_heavy)",0.36256398679904106,120,952,133,84,0.16834755624515127,0.8316524437548487,0.5882352941176471,0.8774193548387097,0.4743083003952569,0.918918918918919,4.798761609907122,0.4692906574394463
"single best (hybrid_dnn(64,)_conv(8, 16)_gbdt100-5-0.05_gbdt_heavy)",0.36290442782411786,120,953,132,84,0.16757176105508145,0.8324282389449186,0.5882352941176471,0.8783410138248848,0.47619047619047616,0.9189971070395371,4.835115864527631,0.4687982223319548
"single best (hybrid_dnn(64,)_conv(8, 16)_gbdt100-5-0.05_gbdt_heavy)",0.3651940127764086,120,954,131,84,0.16679596586501164,0.8332040341349883,0.5882352941176471,0.8792626728110599,0.47808764940239046,0.9190751445086706,4.872025145936235,0.4683068195831792
"single best (hybrid_dnn(64,)_conv(8, 16)_gbdt100-5-0.05_gbdt_heavy)",0.3662576726076161,119,954,131,85,0.16757176105508145,0.8324282389449186,0.5833333333333334,0.8792626728110599,0.476,0.9181905678537055,4.8314249363867665,0.4738819007686932
"single best (hybrid_dnn(64,)_conv(8, 16)_gbdt100-5-0.05_gbdt_heavy)",0.36746455680742995,119,955,130,85,0.16679596586501164,0.8332040341349883,0.5833333333333334,0.880184331797235,0.4779116465863454,0.9182692307692307,4.868589743589743,0.4733856893542757
"single best (hybrid_dnn(64,)_conv(8, 16)_gbdt100-5-0.05_gbdt_heavy)",0.3675293878181953,119,956,129,85,0.16602017067494182,0.8339798293250582,0.5833333333333334,0.8811059907834101,0.4798387096774194,0.9183477425552353,4.906330749354005,0.4728905160390516
"single best (hybrid_dnn(64,)_conv(8, 16)_gbdt100-5-0.05_gbdt_heavy)",0.3682257755131966,118,956,129,86,0.16679596586501164,0.8332040341349883,0.5784313725490197,0.8811059907834101,0.4777327935222672,0.9174664107485605,4.8651010791913665,0.4784539338748051
"single best (hybrid_dnn(64,)_conv(8, 16)_gbdt100-5-0.05_gbdt_heavy)",0.3687309229259307,118,957,128,86,0.16602017067494182,0.8339798293250582,0.5784313725490197,0.8820276497695853,0.4796747967479675,0.9175455417066155,4.903109681372549,0.4779539820107771
"single best (hybrid_dnn(64,)_conv(8, 16)_gbdt100-5-0.05_gbdt_heavy)",0.3690965382745428,118,958,127,86,0.165244375484872,0.834755624515128,0.5784313725490197,0.8829493087557604,0.4816326530612245,0.9176245210727969,4.9417168442180035,0.47745507388759256
"single best (hybrid_dnn(64,)_conv(8, 16)_gbdt100-5-0.05_gbdt_heavy)",0.37012685932347444,118,959,126,86,0.16446858029480219,0.8355314197051978,0.5784313725490197,0.8838709677419355,0.48360655737704916,0.9177033492822967,4.980936819172116,0.4769572062401602
"single best (hybrid_dnn(64,)_conv(8, 16)_gbdt100-5-0.05_gbdt_heavy)",0.3703453198663639,118,960,125,86,0.16369278510473234,0.8363072148952677,0.5784313725490197,0.8847926267281107,0.48559670781893005,0.9177820267686424,5.0207843137254935,0.47646037581699335
"single best (hybrid_dnn(64,)_conv(8, 16)_gbdt100-5-0.05_gbdt_heavy)",0.370471813539921,118,961,124,86,0.16291698991466252,0.8370830100853375,0.5784313725490197,0.8857142857142857,0.48760330578512395,0.9178605539637058,5.06127450980392,0.4759645793801391
"single best (hybrid_dnn(64,)_conv(8, 16)_gbdt100-5-0.05_gbdt_heavy)",0.3712917000065403,117,961,124,87,0.16369278510473234,0.8363072148952677,0.5735294117647058,0.8857142857142857,0.4854771784232365,0.9169847328244275,5.018382352941175,0.48149905123339665
"single best (hybrid_dnn(64,)_conv(8, 16)_gbdt100-5-0.05_gbdt_heavy)",0.3720310559396185,117,962,123,87,0.16291698991466252,0.8370830100853375,0.5735294117647058,0.8866359447004608,0.4875,0.9170638703527169,5.059182209469152,0.4809985324691208
"single best (hybrid_dnn(64,)_conv(8, 16)_gbdt100-5-0.05_gbdt_heavy)",0.37241574431408503,117,963,122,87,0.1621411947245927,0.8378588052754072,0.5735294117647058,0.8875576036866359,0.4895397489539749,0.9171428571428571,5.100650916104146,0.4804990532038361
"single best (hybrid_dnn(64,)_conv(8, 16)_gbdt100-5-0.05_gbdt_heavy)",0.3759191176343444,117,964,121,87,0.1613653995345229,0.8386346004654771,0.5735294117647058,0.8884792626728111,0.49159663865546216,0.917221693625119,5.142805055906661,0.4800006102025873
"single best (hybrid_dnn(64,)_conv(8, 16)_gbdt100-5-0.05_gbdt_heavy)",0.3769072950174802,116,964,121,88,0.1621411947245927,0.8378588052754072,0.5686274509803921,0.8884792626728111,0.48945147679324896,0.9163498098859315,5.098849457138228,0.48551785859572044
"single best (hybrid_dnn(64,)_conv(8, 16)_gbdt100-5-0.05_gbdt_heavy)",0.3773399790459888,116,965,120,88,0.1613653995345229,0.8386346004654771,0.5686274509803921,0.8894009216589862,0.4915254237288136,0.9164292497625831,5.1413398692810475,0.4850147312811135
"single best (hybrid_dnn(64,)_conv(8, 16)_gbdt100-5-0.05_gbdt_heavy)",0.37902517703330196,116,966,119,88,0.16058960434445307,0.839410395655547,0.5686274509803921,0.8903225806451613,0.49361702127659574,0.9165085388994307,5.184544405997696,0.4845126456379653
"single best (hybrid_dnn(64,)_conv(8, 16)_gbdt100-5-0.05_gbdt_heavy)",0.3795698414164319,116,967,118,88,0.15981380915438323,0.8401861908456167,0.5686274509803921,0.8912442396313364,0.49572649572649574,0.9165876777251185,5.228481222997671,0.4840115984346169
"single best (hybrid_dnn(64,)_conv(8, 16)_gbdt100-5-0.05_gbdt_heavy)",0.37967573139871136,116,968,117,88,0.1590380139643134,0.8409619860356866,0.5686274509803921,0.8921658986175115,0.4978540772532189,0.9166666666666666,5.273169096698507,0.483511586452763
"single best (hybrid_dnn(64,)_conv(8, 16)_gbdt100-5-0.05_gbdt_heavy)",0.37996441416608295,115,968,117,89,0.15981380915438323,0.8401861908456167,0.5637254901960784,0.8921658986175115,0.4956896551724138,0.9157994323557237,5.227710742416623,0.48900603629881706
"single best (hybrid_dnn(64,)_conv(8, 16)_gbdt100-5-0.05_gbdt_heavy)",0.3807289682489564,114,968,117,90,0.16058960434445307,0.839410395655547,0.5588235294117647,0.8921658986175115,0.4935064935064935,0.9149338374291115,5.18225238813474,0.4945004861448712
"single best (hybrid_dnn(64,)_conv(8, 16)_gbdt100-5-0.05_gbdt_heavy)",0.3808041865100724,114,969,116,90,0.15981380915438323,0.8401861908456167,0.5588235294117647,0.8930875576036866,0.4956521739130435,0.9150141643059491,5.226926977687627,0.493990165725733
"single best (hybrid_dnn(64,)_conv(8, 16)_gbdt100-5-0.05_gbdt_heavy)",0.3829613038146595,114,970,115,90,0.1590380139643134,0.8409619860356866,0.5588235294117647,0.8940092165898618,0.4978165938864629,0.9150943396226415,5.272378516624042,0.4934808975136446
"single best (hybrid_dnn(64,)_conv(8, 16)_gbdt100-5-0.05_gbdt_heavy)",0.3839561539836961,114,971,114,90,0.1582622187742436,0.8417377812257564,0.5588235294117647,0.8949308755760369,0.5,0.9151743638077285,5.318627450980394,0.4929726782577088
"single best (hybrid_dnn(64,)_conv(8, 16)_gbdt100-5-0.05_gbdt_heavy)",0.38398804863171687,114,972,113,90,0.15748642358417378,0.8425135764158262,0.5588235294117647,0.895852534562212,0.5022026431718062,0.9152542372881356,5.365694950546593,0.4924655047204066
"single best (hybrid_dnn(64,)_conv(8, 16)_gbdt100-5-0.05_gbdt_heavy)",0.3844133530273356,114,973,112,90,0.15671062839410396,0.843289371605896,0.5588235294117647,0.896774193548387,0.504424778761062,0.9153339604891816,5.413602941176468,0.49195937367752857
"single best (hybrid_dnn(64,)_conv(8, 16)_gbdt100-5-0.05_gbdt_heavy)",0.38540372649893123,114,974,111,90,0.15593483320403415,0.8440651667959659,0.5588235294117647,0.8976958525345622,0.5066666666666667,0.9154135338345865,5.462374138844726,0.49145428191810603
"single best (hybrid_dnn(64,)_conv(8, 16)_gbdt100-5-0.05_gbdt_heavy)",0.38804535036359344,114,975,110,90,0.1551590380139643,0.8448409619860358,0.5588235294117647,0.8986175115207373,0.5089285714285714,0.9154929577464789,5.512032085561497,0.49095022624434387
"single best (hybrid_dnn(64,)_conv(8, 16)_gbdt100-5-0.05_gbdt_heavy)",0.38811603266286976,114,976,109,90,0.15438324282389448,0.8456167571761055,0.5588235294117647,0.8995391705069125,0.5112107623318386,0.9155722326454033,5.562601187263898,0.4904472034715525
"single best (hybrid_dnn(64,)_conv(8, 16)_gbdt100-5-0.05_gbdt_heavy)",0.3888897865647645,113,976,109,91,0.1551590380139643,0.8448409619860358,0.553921568627451,0.8995391705069125,0.509009009009009,0.9147141518275539,5.513806440007197,0.49589661684345865
"single best (hybrid_dnn(64,)_conv(8, 16)_gbdt100-5-0.05_gbdt_heavy)",0.3890852077768395,113,977,108,91,0.15438324282389448,0.8456167571761055,0.553921568627451,0.9004608294930876,0.5113122171945701,0.9147940074906367,5.564860203340597,0.49538904609950424
"single best (hybrid_dnn(64,)_conv(8, 16)_gbdt100-5-0.05_gbdt_heavy)",0.3898518267028517,113,978,107,91,0.15360744763382467,0.8463925523661753,0.553921568627451,0.9013824884792627,0.5136363636363637,0.9148737137511693,5.616868242624156,0.4948825133325313
"single best (hybrid_dnn(64,)_conv(8, 16)_gbdt100-5-0.05_gbdt_heavy)",0.39148560608737026,113,979,106,91,0.15283165244375485,0.8471683475562451,0.553921568627451,0.9023041474654377,0.5159817351598174,0.9149532710280374,5.669857565667774,0.4943770153618138
"single best (hybrid_dnn(64,)_conv(8, 16)_gbdt100-5-0.05_gbdt_heavy)",0.3921677806579564,113,980,105,91,0.15205585725368503,0.847944142746315,0.553921568627451,0.9032258064516129,0.518348623853211,0.9150326797385621,5.723856209150326,0.4938725490196078
"single best (hybrid_dnn(64,)_conv(8, 16)_gbdt100-5-0.05_gbdt_heavy)",0.393900299308271,113,981,104,91,0.15128006206361522,0.8487199379363848,0.553921568627451,0.904147465437788,0.5207373271889401,0.9151119402985075,5.778893288084465,0.4933691111510863
"single best (hybrid_dnn(64,)_conv(8, 16)_gbdt100-5-0.05_gbdt_heavy)",0.39433517773527327,113,982,103,91,0.15050426687354537,0.8494957331264547,0.553921568627451,0.9050691244239631,0.5231481481481481,0.9151910531220876,5.834999048162955,0.49286669861427257
"single best (hybrid_dnn(64,)_conv(8, 16)_gbdt100-5-0.05_gbdt_heavy)",0.39582122195341235,113,983,102,91,0.14972847168347556,0.8502715283165244,0.553921568627451,0.9059907834101383,0.5255813953488372,0.9152700186219739,5.892204921184162,0.4923653082799752
"single best (hybrid_dnn(64,)_conv(8, 16)_gbdt100-5-0.05_gbdt_heavy)",0.3965014223119173,113,984,101,91,0.14895267649340574,0.8510473235065943,0.553921568627451,0.9069124423963134,0.5280373831775701,0.9153488372093024,5.950543583770145,0.4918649370317232
"single best (hybrid_dnn(64,)_conv(8, 16)_gbdt100-5-0.05_gbdt_heavy)",0.3967650739409585,113,985,100,91,0.14817688130333592,0.851823118696664,0.553921568627451,0.9078341013824884,0.5305164319248826,0.9154275092936803,6.01004901960784,0.4913655817657012
"single best (hybrid_dnn(64,)_conv(8, 16)_gbdt100-5-0.05_gbdt_heavy)",0.3972521075958163,112,985,100,92,0.14895267649340574,0.8510473235065943,0.5490196078431373,0.9078341013824884,0.5283018867924528,0.914577530176416,5.956862745098037,0.49676520354334625
"single best (hybrid_dnn(64,)_conv(8, 16)_gbdt100-5-0.05_gbdt_heavy)",0.3974573413266381,112,986,99,92,0.14817688130333592,0.851823118696664,0.5490196078431373,0.9087557603686636,0.5308056872037915,0.9146567717996289,6.017033075856604,0.49626138487849497
"single best (hybrid_dnn(64,)_conv(8, 16)_gbdt100-5-0.05_gbdt_heavy)",0.398678333878495,111,986,99,93,0.14895267649340574,0.8510473235065943,0.5441176470588235,0.9087557603686636,0.5285714285714286,0.9138090824837812,5.96330956625074,0.5016555303663048
"single best (hybrid_dnn(64,)_conv(8, 16)_gbdt100-5-0.05_gbdt_heavy)",0.39871550804279293,111,987,98,93,0.14817688130333592,0.851823118696664,0.5441176470588235,0.9096774193548387,0.5311004784688995,0.9138888888888889,6.024159663865545,0.5011472674176054
"single best (hybrid_dnn(64,)_conv(8, 16)_gbdt100-5-0.05_gbdt_heavy)",0.40160045373272335,111,988,97,93,0.1474010861132661,0.8525989138867339,0.5441176470588235,0.9105990783410138,0.5336538461538461,0.913968547641073,6.086264402668284,0.5006400333412718
"single best (hybrid_dnn(64,)_conv(8, 16)_gbdt100-5-0.05_gbdt_heavy)",0.4018510813575008,111,989,96,93,0.1466252909231963,0.8533747090768037,0.5441176470588235,0.911520737327189,0.5362318840579711,0.9140480591497228,6.14966299019608,0.5001338250163564
"single best (hybrid_dnn(64,)_conv(8, 16)_gbdt100-5-0.05_gbdt_heavy)",0.40217082252661734,111,990,95,93,0.14584949573312644,0.8541505042668736,0.5441176470588235,0.9124423963133641,0.5388349514563107,0.9141274238227147,6.214396284829724,0.49962863933452173
"single best (hybrid_dnn(64,)_conv(8, 16)_gbdt100-5-0.05_gbdt_heavy)",0.4028384658071502,111,991,94,93,0.14507370054305663,0.8549262994569433,0.5441176470588235,0.9133640552995391,0.5414634146341464,0.9142066420664207,6.2805068836045015,0.4991244731999763
"single best (hybrid_dnn(64,)_conv(8, 16)_gbdt100-5-0.05_gbdt_heavy)",0.40405848748791484,111,992,93,93,0.1442979053529868,0.8557020946470132,0.5441176470588235,0.9142857142857143,0.5441176470588235,0.9142857142857143,6.3480392156862715,0.49862132352941185
"single best (hybrid_dnn(64,)_conv(8, 16)_gbdt100-5-0.05_gbdt_heavy)",0.4041625838625,111,993,92,93,0.143522110162917,0.8564778898370831,0.5441176470588235,0.9152073732718894,0.5467980295566502,0.914364640883978,6.417039641943733,0.4981191872519401
"single best (hybrid_dnn(64,)_conv(8, 16)_gbdt100-5-0.05_gbdt_heavy)",0.40759218486528137,111,994,91,93,0.14274631497284718,0.8572536850271528,0.5441176470588235,0.9161290322580645,0.5495049504950495,0.9144434222631095,6.487556561085973,0.4976180613090307
"single best (hybrid_dnn(64,)_conv(8, 16)_gbdt100-5-0.05_gbdt_heavy)",0.4120700473618733,110,994,91,94,0.143522110162917,0.8564778898370831,0.5392156862745098,0.9161290322580645,0.5472636815920398,0.9136029411764706,6.429110105580694,0.5029687931510632
"single best (hybrid_dnn(64,)_conv(8, 16)_gbdt100-5-0.05_gbdt_heavy)",0.4124267529652328,109,994,91,95,0.1442979053529868,0.8557020946470132,0.5343137254901961,0.9161290322580645,0.545,0.9127640036730946,6.370663650075415,0.5083195249930959
"single best (hybrid_dnn(64,)_conv(8, 16)_gbdt100-5-0.05_gbdt_heavy)",0.41292134095232746,109,995,90,95,0.143522110162917,0.8564778898370831,0.5343137254901961,0.9170506912442397,0.5477386934673367,0.9128440366972477,6.441448801742921,0.5078086510986304
"single best (hybrid_dnn(64,)_conv(8, 16)_gbdt100-5-0.05_gbdt_heavy)",0.41716190308195866,109,996,89,95,0.14274631497284718,0.8572536850271528,0.5343137254901961,0.9179723502304148,0.5505050505050505,0.9129239230064161,6.513824630975989,0.5072988030553587
"single best (hybrid_dnn(64,)_conv(8, 16)_gbdt100-5-0.05_gbdt_heavy)",0.42033239920514087,109,997,88,95,0.14197051978277736,0.8580294802172226,0.5343137254901961,0.9188940092165898,0.5532994923857868,0.913003663003663,6.58784536541889,0.5067899777764667
"single best (hybrid_dnn(64,)_conv(8, 16)_gbdt100-5-0.05_gbdt_heavy)",0.4284165981243083,108,997,88,96,0.14274631497284718,0.8572536850271528,0.5294117647058824,0.9188940092165898,0.5510204081632653,0.9121683440073193,6.527406417112296,0.5121246091214822
"single best (hybrid_dnn(64,)_conv(8, 16)_gbdt100-5-0.05_gbdt_heavy)",0.4349752856726775,108,998,87,96,0.14197051978277736,0.8580294802172226,0.5294117647058824,0.919815668202765,0.5538461538461539,0.9122486288848263,6.6024340770791055,0.5116114582105388
"single best (hybrid_dnn(64,)_conv(8, 16)_gbdt100-5-0.05_gbdt_heavy)",0.43679488997158467,108,999,86,96,0.14119472459270752,0.8588052754072925,0.5294117647058824,0.9207373271889401,0.5567010309278351,0.9123287671232877,6.679206566347468,0.5110993346287463
"single best (hybrid_dnn(64,)_conv(8, 16)_gbdt100-5-0.05_gbdt_heavy)",0.43833236515923363,108,1000,85,96,0.1404189294026377,0.8595810705973623,0.5294117647058824,0.9216589861751152,0.5595854922279793,0.9124087591240876,6.757785467128028,0.5105882352941177
"single best (hybrid_dnn(64,)_conv(8, 16)_gbdt100-5-0.05_gbdt_heavy)",0.4393350935887034,108,1001,84,96,0.13964313421256788,0.8603568657874321,0.5294117647058824,0.9225806451612903,0.5625,0.9124886052871468,6.838235294117649,0.5100781571369807
"single best (hybrid_dnn(64,)_conv(8, 16)_gbdt100-5-0.05_gbdt_heavy)",0.440363484368623,107,1001,84,97,0.1404189294026377,0.8595810705973623,0.5245098039215687,0.9225806451612903,0.5602094240837696,0.9116575591985429,6.774918300653598,0.5153914712738241
"single best (hybrid_dnn(64,)_conv(8, 16)_gbdt100-5-0.05_gbdt_heavy)",0.44107697764414044,107,1002,83,97,0.13964313421256788,0.8603568657874321,0.5245098039215687,0.9235023041474655,0.5631578947368421,0.9117379435850773,6.856543822348221,0.5148771085280419
"single best (hybrid_dnn(64,)_conv(8, 16)_gbdt100-5-0.05_gbdt_heavy)",0.44381026164603826,107,1003,82,97,0.13886733902249807,0.861132660977502,0.5245098039215687,0.9244239631336405,0.5661375661375662,0.9118181818181819,6.9401602104256295,0.5143637714308056
"single best (hybrid_dnn(64,)_conv(8, 16)_gbdt100-5-0.05_gbdt_heavy)",0.4455144910082509,107,1004,81,97,0.13809154383242825,0.8619084561675717,0.5245098039215687,0.9253456221198156,0.5691489361702128,0.9118982742960945,7.0258412006777995,0.5138514569174283
"single best (hybrid_dnn(64,)_conv(8, 16)_gbdt100-5-0.05_gbdt_heavy)",0.44611306672258844,107,1005,80,97,0.1373157486423584,0.8626842513576416,0.5245098039215687,0.9262672811059908,0.5721925133689839,0.911978221415608,7.113664215686273,0.5133401619354209
"single best (hybrid_dnn(64,)_conv(8, 16)_gbdt100-5-0.05_gbdt_heavy)",0.44878962780643084,107,1006,79,97,0.1365399534522886,0.8634600465477114,0.5245098039215687,0.9271889400921659,0.5752688172043011,0.9120580235720761,7.203710598163317,0.5128298834444314
"single best (hybrid_dnn(64,)_conv(8, 16)_gbdt100-5-0.05_gbdt_heavy)",0.44901150149465674,106,1006,79,98,0.1373157486423584,0.8626842513576416,0.5196078431372549,0.9271889400921659,0.572972972972973,0.9112318840579711,7.136386200049641,0.5181167894593225
"single best (hybrid_dnn(64,)_conv(8, 16)_gbdt100-5-0.05_gbdt_heavy)",0.44977667439784036,105,1006,79,99,0.13809154383242825,0.8619084561675717,0.5147058823529411,0.9271889400921659,0.5706521739130435,0.9104072398190045,7.069061801935964,0.5234036954742136
"single best (hybrid_dnn(64,)_conv(8, 16)_gbdt100-5-0.05_gbdt_heavy)",0.45027108188152054,105,1007,78,99,0.1373157486423584,0.8626842513576416,0.5147058823529411,0.928110599078341,0.5737704918032787,0.9104882459312839,7.159690799396683,0.5228839301361061
"single best (hybrid_dnn(64,)_conv(8, 16)_gbdt100-5-0.05_gbdt_heavy)",0.45049186611816117,105,1008,77,99,0.1365399534522886,0.8634600465477114,0.5147058823529411,0.9290322580645162,0.5769230769230769,0.9105691056910569,7.252673796791448,0.5223651960784315
"single best (hybrid_dnn(64,)_conv(8, 16)_gbdt100-5-0.05_gbdt_heavy)",0.45616634321614646,105,1009,76,99,0.13576415826221877,0.8642358417377812,0.5147058823529411,0.9299539170506912,0.580110497237569,0.9106498194945848,7.348103715170272,0.5218474902349444
"single best (hybrid_dnn(64,)_conv(8, 16)_gbdt100-5-0.05_gbdt_heavy)",0.45639585077365297,104,1009,76,100,0.1365399534522886,0.8634600465477114,0.5098039215686274,0.9299539170506912,0.5777777777777777,0.9098286744815148,7.278121775025794,0.5271186770049944
"single best (hybrid_dnn(64,)_conv(8, 16)_gbdt100-5-0.05_gbdt_heavy)",0.45671706930050526,104,1010,75,100,0.13576415826221877,0.8642358417377812,0.5098039215686274,0.9308755760368663,0.5810055865921788,0.9099099099099099,7.3751633986928065,0.5265967773247914
"single best (hybrid_dnn(64,)_conv(8, 16)_gbdt100-5-0.05_gbdt_heavy)",0.45713977006627693,104,1011,74,100,0.13498836307214895,0.8650116369278511,0.5098039215686274,0.9317972350230415,0.5842696629213483,0.90999099909991,7.4748277689454135,0.5260759100870813
"single best (hybrid_dnn(64,)_conv(8, 16)_gbdt100-5-0.05_gbdt_heavy)",0.45825827104037836,104,1012,73,100,0.13421256788207914,0.8657874321179209,0.5098039215686274,0.9327188940092166,0.5875706214689266,0.9100719424460432,7.577222669889873,0.5255560722312641
"single best (hybrid_dnn(64,)_conv(8, 16)_gbdt100-5-0.05_gbdt_heavy)",0.45870157388476823,104,1013,72,100,0.13343677269200932,0.8665632273079906,0.5098039215686274,0.9336405529953917,0.5909090909090909,0.9101527403414196,7.6824618736383465,0.5250372607088245
"single best (hybrid_dnn(64,)_conv(8, 16)_gbdt100-5-0.05_gbdt_heavy)",0.46000546376858403,103,1013,72,101,0.13421256788207914,0.8657874321179209,0.5049019607843137,0.9336405529953917,0.5885714285714285,0.9093357271095153,7.608592047930285,0.5302876333159128
"single best (hybrid_dnn(64,)_conv(8, 16)_gbdt100-5-0.05_gbdt_heavy)",0.4681762600383925,103,1014,71,101,0.13343677269200932,0.8665632273079906,0.5049019607843137,0.9345622119815669,0.5919540229885057,0.9094170403587444,7.715755316210996,0.5297646672081061
"single best (hybrid_dnn(64,)_conv(8, 16)_gbdt100-5-0.05_gbdt_heavy)",0.47058947624697295,103,1015,70,101,0.13266097750193948,0.8673390224980605,0.5049019607843137,0.9354838709677419,0.5953757225433526,0.9094982078853047,7.825980392156856,0.5292427315753888
"single best (hybrid_dnn(64,)_conv(8, 16)_gbdt100-5-0.05_gbdt_heavy)",0.47134686764301736,103,1016,69,101,0.13188518231186966,0.8681148176881304,0.5049019607843137,0.936405529953917,0.5988372093023255,0.909579230080573,7.9394003978402905,0.5287218233750194
"single best (hybrid_dnn(64,)_conv(8, 16)_gbdt100-5-0.05_gbdt_heavy)",0.4722545987971347,103,1017,68,101,0.13110938712179984,0.8688906128782001,0.5049019607843137,0.9373271889400921,0.6023391812865497,0.909660107334526,8.056156286043826,0.5282019395762239
"single best (hybrid_dnn(64,)_conv(8, 16)_gbdt100-5-0.05_gbdt_heavy)",0.4750504518443497,103,1018,67,101,0.13033359193173003,0.86966640806827,0.5049019607843137,0.9382488479262673,0.6058823529411764,0.9097408400357462,8.176397424641499,0.5276830771601372
"single best (hybrid_dnn(64,)_conv(8, 16)_gbdt100-5-0.05_gbdt_heavy)",0.4803209090844478,103,1019,66,101,0.1295577967416602,0.8704422032583398,0.5049019607843137,0.9391705069124424,0.6094674556213018,0.9098214285714286,8.300282234105765,0.5271652331197445
"single best (hybrid_dnn(64,)_conv(8, 16)_gbdt100-5-0.05_gbdt_heavy)",0.4808732988031068,103,1020,65,101,0.1287820015515904,0.8712179984484096,0.5049019607843137,0.9400921658986175,0.6130952380952381,0.9099018733273863,8.427978883861241,0.5266484044598232
"single best (hybrid_dnn(64,)_conv(8, 16)_gbdt100-5-0.05_gbdt_heavy)",0.4813447464855324,103,1021,64,101,0.12800620636152055,0.8719937936384794,0.5049019607843137,0.9410138248847926,0.6167664670658682,0.9099821746880571,8.55966605392156,0.526132588196885
"single best (hybrid_dnn(64,)_conv(8, 16)_gbdt100-5-0.05_gbdt_heavy)",0.48313182479475186,103,1022,63,101,0.12723041117145073,0.8727695888285493,0.5049019607843137,0.9419354838709677,0.6204819277108434,0.9100623330365093,8.695533769063175,0.5256177813591191
"single best (hybrid_dnn(64,)_conv(8, 16)_gbdt100-5-0.05_gbdt_heavy)",0.4855006358083548,103,1023,62,101,0.1264546159813809,0.8735453840186191,0.5049019607843137,0.9428571428571428,0.6242424242424243,0.9101423487544484,8.835784313725487,0.5251039809863339
"single best (hybrid_dnn(64,)_conv(8, 16)_gbdt100-5-0.05_gbdt_heavy)",0.4868006262702054,102,1023,62,102,0.12723041117145073,0.8727695888285493,0.5,0.9428571428571428,0.6219512195121951,0.9093333333333333,8.749999999999996,0.5303030303030303
"single best (hybrid_dnn(64,)_conv(8, 16)_gbdt100-5-0.05_gbdt_heavy)",0.4874070380689989,101,1023,62,103,0.12800620636152055,0.8719937936384794,0.4950980392156863,0.9428571428571428,0.6196319018404908,0.9085257548845471,8.664215686274508,0.5355020796197266
"single best (hybrid_dnn(64,)_conv(8, 16)_gbdt100-5-0.05_gbdt_heavy)",0.4956987394006893,100,1023,62,104,0.1287820015515904,0.8712179984484096,0.49019607843137253,0.9428571428571428,0.6172839506172839,0.9077196095829636,8.578431372549016,0.5407011289364231
"single best (hybrid_dnn(64,)_conv(8, 16)_gbdt100-5-0.05_gbdt_heavy)",0.4962309259602841,100,1024,61,104,0.12800620636152055,0.8719937936384794,0.49019607843137253,0.943778801843318,0.6211180124223602,0.9078014184397163,8.719061395049822,0.5401731004901961
"single best (hybrid_dnn(64,)_conv(8, 16)_gbdt100-5-0.05_gbdt_heavy)",0.49638961264945203,100,1025,60,104,0.12723041117145073,0.8727695888285493,0.49019607843137253,0.9447004608294931,0.625,0.9078830823737821,8.864379084967323,0.5396461023433763
"single best (hybrid_dnn(64,)_conv(8, 16)_gbdt100-5-0.05_gbdt_heavy)",0.4989791553813129,100,1026,59,104,0.1264546159813809,0.8735453840186191,0.49019607843137253,0.9456221198156682,0.6289308176100629,0.9079646017699115,9.014622798271857,0.5391201314833926
"single best (hybrid_dnn(64,)_conv(8, 16)_gbdt100-5-0.05_gbdt_heavy)",0.5004984894214255,99,1026,59,105,0.12723041117145073,0.8727695888285493,0.4852941176470588,0.9456221198156682,0.6265822784810127,0.9071618037135278,8.924476570289139,0.5443039789015021
"single best (hybrid_dnn(64,)_conv(8, 16)_gbdt100-5-0.05_gbdt_heavy)",0.5026350467489458,99,1027,58,105,0.1264546159813809,0.8735453840186191,0.4852941176470588,0.9465437788018434,0.6305732484076433,0.907243816254417,9.078346855983781,0.5437739847643048
"single best (hybrid_dnn(64,)_conv(8, 16)_gbdt100-5-0.05_gbdt_heavy)",0.5084597829056176,98,1027,58,106,0.12723041117145073,0.8727695888285493,0.4803921568627451,0.9465437788018434,0.6282051282051282,0.9064430714916152,8.986646382691017,0.5489527846192029
"single best (hybrid_dnn(64,)_conv(8, 16)_gbdt100-5-0.05_gbdt_heavy)",0.5095831840320987,98,1028,57,106,0.1264546159813809,0.8735453840186191,0.4803921568627451,0.9474654377880184,0.632258064516129,0.9065255731922398,9.144306845545229,0.5484187838559548
"single best (hybrid_dnn(64,)_conv(8, 16)_gbdt100-5-0.05_gbdt_heavy)",0.51048696381578,97,1028,57,107,0.12723041117145073,0.8727695888285493,0.47549019607843135,0.9474654377880184,0.6298701298701299,0.905726872246696,9.050997592019257,0.5535925459678035
"single best (hybrid_dnn(64,)_conv(8, 16)_gbdt100-5-0.05_gbdt_heavy)",0.510949778880704,97,1029,56,107,0.1264546159813809,0.8735453840186191,0.47549019607843135,0.9483870967741935,0.6339869281045751,0.9058098591549296,9.212622549019605,0.5530545551553955
"single best (hybrid_dnn(64,)_conv(8, 16)_gbdt100-5-0.05_gbdt_heavy)",0.5110936358855562,97,1030,55,107,0.1256788207913111,0.8743211792086889,0.47549019607843135,0.9493087557603687,0.6381578947368421,0.9058927000879508,9.3801247771836,0.5525176089853417
"single best (hybrid_dnn(64,)_conv(8, 16)_gbdt100-5-0.05_gbdt_heavy)",0.512008080679978,97,1031,54,107,0.12490302560124127,0.8750969743987588,0.47549019607843135,0.9502304147465438,0.6423841059602649,0.9059753954305799,9.553830791575892,0.5519817044179457
"single best (hybrid_dnn(64,)_conv(8, 16)_gbdt100-5-0.05_gbdt_heavy)",0.5169291318701863,97,1032,53,107,0.12412723041117145,0.8758727695888285,0.47549019607843135,0.9511520737327189,0.6466666666666666,0.9060579455662863,9.734091749907517,0.5514468384252926
"single best (hybrid_dnn(64,)_conv(8, 16)_gbdt100-5-0.05_gbdt_heavy)",0.5179851025001097,97,1033,52,107,0.12335143522110163,0.8766485647788984,0.47549019607843135,0.9520737327188941,0.6510067114093959,0.906140350877193,9.921285822021126,0.5509130079911926
"single best (hybrid_dnn(64,)_conv(8, 16)_gbdt100-5-0.05_gbdt_heavy)",0.5217432125120138,97,1034,51,107,0.1225756400310318,0.8774243599689682,0.47549019607843135,0.9529953917050691,0.6554054054054054,0.9062226117440841,10.115820838139168,0.5503802101111238
"single best (hybrid_dnn(64,)_conv(8, 16)_gbdt100-5-0.05_gbdt_heavy)",0.5244335525000735,96,1034,51,108,0.12335143522110163,0.8766485647788984,0.47058823529411764,0.9529953917050691,0.6530612244897959,0.9054290718038529,10.011534025374846,0.5555239503925361
"single best (hybrid_dnn(64,)_conv(8, 16)_gbdt100-5-0.05_gbdt_heavy)",0.5302789054912632,96,1035,50,108,0.1225756400310318,0.8774243599689682,0.47058823529411764,0.9539170506912442,0.6575342465753424,0.905511811023622,10.211764705882349,0.5549872122762148
"single best (hybrid_dnn(64,)_conv(8, 16)_gbdt100-5-0.05_gbdt_heavy)",0.5313143001521967,96,1036,49,108,0.12179984484096198,0.878200155159038,0.47058823529411764,0.9548387096774194,0.6620689655172414,0.9055944055944056,10.42016806722689,0.5544515103338633
"single best (hybrid_dnn(64,)_conv(8, 16)_gbdt100-5-0.05_gbdt_heavy)",0.5332863404957616,95,1036,49,109,0.1225756400310318,0.8774243599689682,0.46568627450980393,0.9548387096774194,0.6597222222222222,0.9048034934497816,10.311624649859944,0.5595853206147323
"single best (hybrid_dnn(64,)_conv(8, 16)_gbdt100-5-0.05_gbdt_heavy)",0.5392524688808306,95,1037,48,109,0.12179984484096198,0.878200155159038,0.46568627450980393,0.9557603686635945,0.6643356643356644,0.9048865619546248,10.526450163398696,0.559045701212018
"single best (hybrid_dnn(64,)_conv(8, 16)_gbdt100-5-0.05_gbdt_heavy)",0.5405672283353735,94,1037,48,110,0.1225756400310318,0.8774243599689682,0.46078431372549017,0.9557603686635945,0.6619718309859155,0.9040976460331299,10.415645424836605,0.5641745608561651
"single best (hybrid_dnn(64,)_conv(8, 16)_gbdt100-5-0.05_gbdt_heavy)",0.5428607815521965,94,1038,47,110,0.12179984484096198,0.878200155159038,0.46078431372549017,0.9566820276497696,0.6666666666666666,0.9041811846689896,10.637254901960791,0.5636310400846274
"single best (hybrid_dnn(64,)_conv(8, 16)_gbdt100-5-0.05_gbdt_heavy)",0.5523015886058724,93,1038,47,111,0.1225756400310318,0.8774243599689682,0.45588235294117646,0.9566820276497696,0.6642857142857143,0.9033942558746736,10.52409261576972,0.5687549586308512
"single best (hybrid_dnn(64,)_conv(8, 16)_gbdt100-5-0.05_gbdt_heavy)",0.5533926863536186,92,1038,47,112,0.12335143522110163,0.8766485647788984,0.45098039215686275,0.9566820276497696,0.6618705035971223,0.9026086956521739,10.410930329578648,0.5738788771770751
"single best (hybrid_dnn(64,)_conv(8, 16)_gbdt100-5-0.05_gbdt_heavy)",0.5558397090570572,91,1038,47,113,0.12412723041117145,0.8758727695888285,0.44607843137254904,0.9566820276497696,0.6594202898550725,0.9018245004344049,10.297768043387576,0.5790027957232989
"single best (hybrid_dnn(64,)_conv(8, 16)_gbdt100-5-0.05_gbdt_heavy)",0.5603955193772918,90,1038,47,114,0.12490302560124127,0.8750969743987588,0.4411764705882353,0.9566820276497696,0.656934306569343,0.9010416666666666,10.184605757196502,0.5841267142695228
"single best (hybrid_dnn(64,)_conv(8, 16)_gbdt100-5-0.05_gbdt_heavy)",0.562644970746758,90,1039,46,114,0.12412723041117145,0.8758727695888285,0.4411764705882353,0.9576036866359448,0.6617647058823529,0.9011274934952298,10.40601023017904,0.5835645133895714
"single best (hybrid_dnn(64,)_conv(8, 16)_gbdt100-5-0.05_gbdt_heavy)",0.5641158612413768,90,1040,45,114,0.12335143522110163,0.8766485647788984,0.4411764705882353,0.9585253456221198,0.6666666666666666,0.901213171577123,10.637254901960773,0.5830033936651584
"single best (hybrid_dnn(64,)_conv(8, 16)_gbdt100-5-0.05_gbdt_heavy)",0.5646211396801801,90,1041,44,114,0.1225756400310318,0.8774243599689682,0.4411764705882353,0.9594470046082949,0.6716417910447762,0.9012987012987013,10.879010695187159,0.5824433519805617
"single best (hybrid_dnn(64,)_conv(8, 16)_gbdt100-5-0.05_gbdt_heavy)",0.5658483827572,90,1042,43,114,0.12179984484096198,0.878200155159038,0.4411764705882353,0.96036866359447,0.6766917293233082,0.9013840830449827,11.132010943912446,0.5818843852320199
"single best (hybrid_dnn(64,)_conv(8, 16)_gbdt100-5-0.05_gbdt_heavy)",0.5667420725244601,89,1042,43,115,0.1225756400310318,0.8774243599689682,0.4362745098039216,0.96036866359447,0.6742424242424242,0.9006050129645635,11.008321933424531,0.5869886342252832
"single best (hybrid_dnn(64,)_conv(8, 16)_gbdt100-5-0.05_gbdt_heavy)",0.5689238066304791,88,1042,43,116,0.12335143522110163,0.8766485647788984,0.43137254901960786,0.96036866359447,0.6717557251908397,0.8998272884283247,10.884632922936616,0.5920928832185465
"single best (hybrid_dnn(64,)_conv(8, 16)_gbdt100-5-0.05_gbdt_heavy)",0.5695910924972624,87,1042,43,117,0.12412723041117145,0.8758727695888285,0.4264705882352941,0.96036866359447,0.6692307692307692,0.8990509059534081,10.760943912448699,0.5971971322118098
"single best (hybrid_dnn(64,)_conv(8, 16)_gbdt100-5-0.05_gbdt_heavy)",0.5701873775686972,87,1043,42,117,0.12335143522110163,0.8766485647788984,0.4264705882352941,0.9612903225806452,0.6744186046511628,0.8991379310344828,11.0171568627451,0.5966245558626134
"single best (hybrid_dnn(64,)_conv(8, 16)_gbdt100-5-0.05_gbdt_heavy)",0.5722780643428218,87,1044,41,117,0.1225756400310318,0.8774243599689682,0.4264705882352941,0.9622119815668203,0.6796875,0.8992248062015504,11.28586800573889,0.5960530764029749
"single best (hybrid_dnn(64,)_conv(8, 16)_gbdt100-5-0.05_gbdt_heavy)",0.5745089654863031,86,1044,41,118,0.12335143522110163,0.8766485647788984,0.4215686274509804,0.9622119815668203,0.6771653543307087,0.8984509466437177,11.15614538498327,0.6011475471414619
"single best (hybrid_dnn(64,)_conv(8, 16)_gbdt100-5-0.05_gbdt_heavy)",0.5757075072843645,86,1045,40,118,0.1225756400310318,0.8774243599689682,0.4215686274509804,0.9631336405529954,0.6825396825396826,0.8985382631126397,11.435049019607858,0.6005722863308002
"single best (hybrid_dnn(64,)_conv(8, 16)_gbdt100-5-0.05_gbdt_heavy)",0.5765361264179214,86,1046,39,118,0.12179984484096198,0.878200155159038,0.4215686274509804,0.9640552995391705,0.688,0.8986254295532646,11.728255404725978,0.5999981254452067
"single best (hybrid_dnn(64,)_conv(8, 16)_gbdt100-5-0.05_gbdt_heavy)",0.5766005698078602,86,1047,38,118,0.12102404965089217,0.8789759503491078,0.4215686274509804,0.9649769585253456,0.6935483870967742,0.8987124463519314,12.036893704850351,0.5994250613330336
"single best (hybrid_dnn(64,)_conv(8, 16)_gbdt100-5-0.05_gbdt_heavy)",0.5785325030483017,85,1047,38,119,0.12179984484096198,0.878200155159038,0.4166666666666667,0.9649769585253456,0.6910569105691057,0.8979416809605489,11.896929824561395,0.604504934734161
"single best (hybrid_dnn(64,)_conv(8, 16)_gbdt100-5-0.05_gbdt_heavy)",0.5803110809500478,85,1048,37,119,0.12102404965089217,0.8789759503491078,0.4166666666666667,0.9658986175115207,0.6967213114754098,0.8980291345329906,12.218468468468465,0.603928117048346
"single best (hybrid_dnn(64,)_conv(8, 16)_gbdt100-5-0.05_gbdt_heavy)",0.5805500127385665,85,1049,36,119,0.12024825446082234,0.8797517455391777,0.4166666666666667,0.9668202764976959,0.7024793388429752,0.8981164383561644,12.557870370370376,0.6033523991102636
"single best (hybrid_dnn(64,)_conv(8, 16)_gbdt100-5-0.05_gbdt_heavy)",0.5827101802448544,84,1049,36,120,0.12102404965089217,0.8789759503491078,0.4117647058823529,0.9668202764976959,0.7,0.8973481608212147,12.410130718954251,0.6084225873380811
"single best (hybrid_dnn(64,)_conv(8, 16)_gbdt100-5-0.05_gbdt_heavy)",0.5829834819264648,84,1050,35,120,0.12024825446082234,0.8797517455391777,0.4117647058823529,0.967741935483871,0.7058823529411765,0.8974358974358975,12.764705882352953,0.6078431372549019
"single best (hybrid_dnn(64,)_conv(8, 16)_gbdt100-5-0.05_gbdt_heavy)",0.5838526710387539,83,1050,35,121,0.12102404965089217,0.8789759503491078,0.4068627450980392,0.967741935483871,0.7033898305084746,0.89666951323655,12.612745098039227,0.6129084967320261
"single best (hybrid_dnn(64,)_conv(8, 16)_gbdt100-5-0.05_gbdt_heavy)",0.5895572477267474,83,1051,34,121,0.12024825446082234,0.8797517455391777,0.4068627450980392,0.9686635944700461,0.7094017094017094,0.8967576791808873,12.983708189158035,0.6123253297513106
"single best (hybrid_dnn(64,)_conv(8, 16)_gbdt100-5-0.05_gbdt_heavy)",0.5898198188435838,82,1051,34,122,0.12102404965089217,0.8789759503491078,0.4019607843137255,0.9686635944700461,0.7068965517241379,0.8959931798806479,12.827277970011554,0.6173858696666107
"single best (hybrid_dnn(64,)_conv(8, 16)_gbdt100-5-0.05_gbdt_heavy)",0.593384849299927,81,1051,34,123,0.12179984484096198,0.878200155159038,0.39705882352941174,0.9686635944700461,0.7043478260869566,0.8952299829642248,12.67084775086507,0.6224464095819109
"single best (hybrid_dnn(64,)_conv(8, 16)_gbdt100-5-0.05_gbdt_heavy)",0.5966357827447866,80,1051,34,124,0.1225756400310318,0.8774243599689682,0.39215686274509803,0.9686635944700461,0.7017543859649122,0.894468085106383,12.514417531718589,0.6275069494972109
"single best (hybrid_dnn(64,)_conv(8, 16)_gbdt100-5-0.05_gbdt_heavy)",0.6000165928074296,80,1052,33,124,0.12179984484096198,0.878200155159038,0.39215686274509803,0.9695852534562212,0.7079646017699115,0.8945578231292517,12.893642305406992,0.6269104600014912
"single best (hybrid_dnn(64,)_conv(8, 16)_gbdt100-5-0.05_gbdt_heavy)",0.6035243048494308,79,1052,33,125,0.1225756400310318,0.8774243599689682,0.3872549019607843,0.9695852534562212,0.7053571428571429,0.8937977909940527,12.732471776589405,0.6319661895176322
"single best (hybrid_dnn(64,)_conv(8, 16)_gbdt100-5-0.05_gbdt_heavy)",0.604675621063143,78,1052,33,126,0.12335143522110163,0.8766485647788984,0.38235294117647056,0.9695852534562212,0.7027027027027027,0.8930390492359932,12.571301247771816,0.6370219190337733
"single best (hybrid_dnn(64,)_conv(8, 16)_gbdt100-5-0.05_gbdt_heavy)",0.6057488626800543,78,1053,32,126,0.1225756400310318,0.8774243599689682,0.38235294117647056,0.9705069124423963,0.7090909090909091,0.8931297709923665,12.964154411764692,0.6364169599463717
"single best (hybrid_dnn(64,)_conv(8, 16)_gbdt100-5-0.05_gbdt_heavy)",0.6064286479765572,77,1053,32,127,0.12335143522110163,0.8766485647788984,0.37745098039215685,0.9705069124423963,0.7064220183486238,0.8923728813559322,12.797947303921557,0.6414678881999144
"single best (hybrid_dnn(64,)_conv(8, 16)_gbdt100-5-0.05_gbdt_heavy)",0.6115029675608514,76,1053,32,128,0.12412723041117145,0.8758727695888285,0.37254901960784315,0.9705069124423963,0.7037037037037037,0.8916172734970365,12.63174019607842,0.646518816453457
"single best (hybrid_dnn(64,)_conv(8, 16)_gbdt100-5-0.05_gbdt_heavy)",0.6124052478662219,75,1053,32,129,0.12490302560124127,0.8750969743987588,0.36764705882352944,0.9705069124423963,0.7009345794392523,0.8908629441624365,12.465533088235283,0.6515697447069996
"single best (hybrid_dnn(64,)_conv(8, 16)_gbdt100-5-0.05_gbdt_heavy)",0.6131761908924062,74,1053,32,130,0.1256788207913111,0.8743211792086889,0.3627450980392157,0.9705069124423963,0.6981132075471698,0.8901098901098901,12.299325980392146,0.6566206729605422
"single best (hybrid_dnn(64,)_conv(8, 16)_gbdt100-5-0.05_gbdt_heavy)",0.6160118456020364,74,1054,31,130,0.12490302560124127,0.8750969743987588,0.3627450980392157,0.9714285714285714,0.7047619047619048,0.8902027027027027,12.696078431372545,0.655997693194925
"single best (hybrid_dnn(64,)_conv(8, 16)_gbdt100-5-0.05_gbdt_heavy)",0.6229629150211979,73,1054,31,131,0.1256788207913111,0.8743211792086889,0.35784313725490197,0.9714285714285714,0.7019230769230769,0.889451476793249,12.524509803921564,0.6610438292964244
"single best (hybrid_dnn(64,)_conv(8, 16)_gbdt100-5-0.05_gbdt_heavy)",0.6246672572469903,72,1054,31,132,0.1264546159813809,0.8735453840186191,0.35294117647058826,0.9714285714285714,0.6990291262135923,0.8887015177065767,12.352941176470585,0.6660899653979238
"single best (hybrid_dnn(64,)_conv(8, 16)_gbdt100-5-0.05_gbdt_heavy)",0.63069983526835,71,1054,31,133,0.12723041117145073,0.8727695888285493,0.3480392156862745,0.9714285714285714,0.696078431372549,0.8879528222409435,12.181372549019603,0.6711361014994234
"single best (hybrid_dnn(64,)_conv(8, 16)_gbdt100-5-0.05_gbdt_heavy)",0.6336334953282063,70,1054,31,134,0.12800620636152055,0.8719937936384794,0.3431372549019608,0.9714285714285714,0.693069306930693,0.8872053872053872,12.009803921568624,0.6761822376009228
"single best (hybrid_dnn(64,)_conv(8, 16)_gbdt100-5-0.05_gbdt_heavy)",0.6354293859603262,70,1055,30,134,0.12723041117145073,0.8727695888285493,0.3431372549019608,0.9723502304147466,0.7,0.8873002523128679,12.410130718954253,0.6755413065700213
"single best (hybrid_dnn(64,)_conv(8, 16)_gbdt100-5-0.05_gbdt_heavy)",0.6379377049573329,69,1055,30,135,0.12800620636152055,0.8719937936384794,0.3382352941176471,0.9723502304147466,0.696969696969697,0.8865546218487395,12.232843137254907,0.680582659604126
"single best (hybrid_dnn(64,)_conv(8, 16)_gbdt100-5-0.05_gbdt_heavy)",0.642488960426335,69,1056,29,135,0.12723041117145073,0.8727695888285493,0.3382352941176471,0.9732718894009217,0.7040816326530612,0.8866498740554156,12.654665314401637,0.6799381684491979
"single best (hybrid_dnn(64,)_conv(8, 16)_gbdt100-5-0.05_gbdt_heavy)",0.6441267718081405,69,1057,28,135,0.1264546159813809,0.8735453840186191,0.3382352941176471,0.9741935483870968,0.711340206185567,0.886744966442953,13.106617647058847,0.6792948967666537
"single best (hybrid_dnn(64,)_conv(8, 16)_gbdt100-5-0.05_gbdt_heavy)",0.6467929111717943,69,1058,27,135,0.1256788207913111,0.8743211792086889,0.3382352941176471,0.9751152073732718,0.71875,0.8868398994132439,13.592047930283199,0.6786528410986323
"single best (hybrid_dnn(64,)_conv(8, 16)_gbdt100-5-0.05_gbdt_heavy)",0.6497540739537437,69,1059,26,135,0.12490302560124127,0.8750969743987588,0.3382352941176471,0.976036866359447,0.7263157894736842,0.8869346733668342,14.11481900452487,0.6780119980003333
"single best (hybrid_dnn(64,)_conv(8, 16)_gbdt100-5-0.05_gbdt_heavy)",0.6520983889911407,69,1060,25,135,0.12412723041117145,0.8758727695888285,0.3382352941176471,0.9769585253456221,0.7340425531914894,0.8870292887029289,14.679411764705875,0.6773723640399556
"single best (hybrid_dnn(64,)_conv(8, 16)_gbdt100-5-0.05_gbdt_heavy)",0.6566620662974662,68,1060,25,136,0.12490302560124127,0.8750969743987588,0.3333333333333333,0.9769585253456221,0.7311827956989247,0.8862876254180602,14.46666666666666,0.6823899371069183
"single best (hybrid_dnn(64,)_conv(8, 16)_gbdt100-5-0.05_gbdt_heavy)",0.6577783487220229,68,1061,24,136,0.12412723041117145,0.8758727695888285,0.3333333333333333,0.9778801843317972,0.7391304347826086,0.8863826232247285,15.069444444444448,0.681746779767515
"single best (hybrid_dnn(64,)_conv(8, 16)_gbdt100-5-0.05_gbdt_heavy)",0.6591428936416818,68,1062,23,136,0.12335143522110163,0.8766485647788984,0.3333333333333333,0.9788018433179724,0.7472527472527473,0.8864774624373957,15.724637681159438,0.6811048336472065
"single best (hybrid_dnn(64,)_conv(8, 16)_gbdt100-5-0.05_gbdt_heavy)",0.6664052222412531,67,1062,23,137,0.12412723041117145,0.8758727695888285,0.3284313725490196,0.9788018433179724,0.7444444444444445,0.8857381150959133,15.493393009377682,0.6861129574240242
"single best (hybrid_dnn(64,)_conv(8, 16)_gbdt100-5-0.05_gbdt_heavy)",0.6678818586296409,66,1062,23,138,0.12490302560124127,0.8750969743987588,0.3235294117647059,0.9788018433179724,0.7415730337078652,0.885,15.262148337595926,0.6911210812008419
"single best (hybrid_dnn(64,)_conv(8, 16)_gbdt100-5-0.05_gbdt_heavy)",0.6714288704713252,65,1062,23,139,0.1256788207913111,0.8743211792086889,0.31862745098039214,0.9788018433179724,0.7386363636363636,0.884263114071607,15.030903665814169,0.6961292049776596
"single best (hybrid_dnn(64,)_conv(8, 16)_gbdt100-5-0.05_gbdt_heavy)",0.6719999678063544,64,1062,23,140,0.1264546159813809,0.8735453840186191,0.3137254901960784,0.9788018433179724,0.735632183908046,0.8835274542429284,14.799658994032413,0.7011373287544773
"single best (hybrid_dnn(64,)_conv(8, 16)_gbdt100-5-0.05_gbdt_heavy)",0.6747814200667901,64,1063,22,140,0.1256788207913111,0.8743211792086889,0.3137254901960784,0.9797235023041475,0.7441860465116279,0.8836242726517041,15.472370766488446,0.700477745190268
"single best (hybrid_dnn(64,)_conv(8, 16)_gbdt100-5-0.05_gbdt_heavy)",0.6748282648154398,63,1063,22,141,0.1264546159813809,0.8735453840186191,0.3088235294117647,0.9797235023041475,0.7411764705882353,0.882890365448505,15.230614973262066,0.7054811576559128
"single best (hybrid_dnn(64,)_conv(8, 16)_gbdt100-5-0.05_gbdt_heavy)",0.679374651009728,62,1063,22,142,0.12723041117145073,0.8727695888285493,0.30392156862745096,0.9797235023041475,0.7380952380952381,0.8821576763485477,14.988859180035682,0.7104845701215575
"single best (hybrid_dnn(64,)_conv(8, 16)_gbdt100-5-0.05_gbdt_heavy)",0.6800984393764454,61,1063,22,143,0.12800620636152055,0.8719937936384794,0.29901960784313725,0.9797235023041475,0.7349397590361446,0.8814262023217247,14.7471033868093,0.7154879825872023
"single best (hybrid_dnn(64,)_conv(8, 16)_gbdt100-5-0.05_gbdt_heavy)",0.6809928330141649,61,1064,21,143,0.12723041117145073,0.8727695888285493,0.29901960784313725,0.9806451612903225,0.7439024390243902,0.8815244407622204,15.449346405228718,0.7148155314757482
"single best (hybrid_dnn(64,)_conv(8, 16)_gbdt100-5-0.05_gbdt_heavy)",0.6827927646228469,60,1064,21,144,0.12800620636152055,0.8719937936384794,0.29411764705882354,0.9806451612903225,0.7407407407407407,0.8807947019867549,15.196078431372511,0.7198142414860681
"single best (hybrid_dnn(64,)_conv(8, 16)_gbdt100-5-0.05_gbdt_heavy)",0.6850991738453975,60,1065,20,144,0.12723041117145073,0.8727695888285493,0.29411764705882354,0.9815668202764977,0.75,0.8808933002481389,15.95588235294115,0.7191383595691797
"single best (hybrid_dnn(64,)_conv(8, 16)_gbdt100-5-0.05_gbdt_heavy)",0.6864054614499238,60,1066,19,144,0.1264546159813809,0.8735453840186191,0.29411764705882354,0.9824884792626728,0.759493670886076,0.8809917355371901,16.79566563467491,0.7184637457234301
"single best (hybrid_dnn(64,)_conv(8, 16)_gbdt100-5-0.05_gbdt_heavy)",0.6872370080403432,59,1066,19,145,0.12723041117145073,0.8727695888285493,0.28921568627450983,0.9824884792626728,0.7564102564102564,0.8802642444260942,16.515737874096995,0.7234530772909539
"single best (hybrid_dnn(64,)_conv(8, 16)_gbdt100-5-0.05_gbdt_heavy)",0.6909542569120453,59,1067,18,145,0.1264546159813809,0.8735453840186191,0.28921568627450983,0.9834101382488479,0.7662337662337663,0.8803630363036303,17.433278867102402,0.7227750519139239
"single best (hybrid_dnn(64,)_conv(8, 16)_gbdt100-5-0.05_gbdt_heavy)",0.6934540086294283,59,1068,17,145,0.1256788207913111,0.8743211792086889,0.28921568627450983,0.9843317972350231,0.7763157894736842,0.8804616652926628,18.45876585928492,0.7220982962473378
"single best (hybrid_dnn(64,)_conv(8, 16)_gbdt100-5-0.05_gbdt_heavy)",0.6944817332596653,58,1068,17,146,0.1264546159813809,0.8735453840186191,0.28431372549019607,0.9843317972350231,0.7733333333333333,0.8797364085667215,18.14590542099195,0.7270782844973195
"single best (hybrid_dnn(64,)_conv(8, 16)_gbdt100-5-0.05_gbdt_heavy)",0.6954028930635419,58,1069,16,146,0.1256788207913111,0.8743211792086889,0.28431372549019607,0.9852534562211982,0.7837837837837838,0.8798353909465021,19.280024509803976,0.7263981364295016
"single best (hybrid_dnn(64,)_conv(8, 16)_gbdt100-5-0.05_gbdt_heavy)",0.6965136695598972,57,1069,16,147,0.1264546159813809,0.8735453840186191,0.27941176470588236,0.9852534562211982,0.7808219178082192,0.8791118421052632,18.947610294117702,0.7313734661310736
"single best (hybrid_dnn(64,)_conv(8, 16)_gbdt100-5-0.05_gbdt_heavy)",0.6972683344182058,56,1069,16,148,0.12723041117145073,0.8727695888285493,0.27450980392156865,0.9852534562211982,0.7777777777777778,0.8783894823336073,18.615196078431428,0.7363487958326455
"single best (hybrid_dnn(64,)_conv(8, 16)_gbdt100-5-0.05_gbdt_heavy)",0.7014653190933388,56,1070,15,148,0.1264546159813809,0.8735453840186191,0.27450980392156865,0.9861751152073732,0.7887323943661971,0.8784893267651889,19.856209150326727,0.7356606193879421
"single best (hybrid_dnn(64,)_conv(8, 16)_gbdt100-5-0.05_gbdt_heavy)",0.7037431720416647,56,1071,14,148,0.1256788207913111,0.8743211792086889,0.27450980392156865,0.9870967741935484,0.8,0.8785890073831009,21.274509803921518,0.7349737280533128
"single best (hybrid_dnn(64,)_conv(8, 16)_gbdt100-5-0.05_gbdt_heavy)",0.7048983101253627,55,1071,14,149,0.1264546159813809,0.8735453840186191,0.2696078431372549,0.9870967741935484,0.7971014492753623,0.8778688524590164,20.8946078431372,0.7399397667563758
"single best (hybrid_dnn(64,)_conv(8, 16)_gbdt100-5-0.05_gbdt_heavy)",0.7052763619694435,54,1071,14,150,0.12723041117145073,0.8727695888285493,0.2647058823529412,0.9870967741935484,0.7941176470588235,0.8771498771498771,20.51470588235289,0.7449058054594387
"single best (hybrid_dnn(64,)_conv(8, 16)_gbdt100-5-0.05_gbdt_heavy)",0.7101299924973574,53,1071,14,151,0.12800620636152055,0.8719937936384794,0.25980392156862747,0.9870967741935484,0.7910447761194029,0.8764320785597381,20.134803921568576,0.7498718441625016
"single best (hybrid_dnn(64,)_conv(8, 16)_gbdt100-5-0.05_gbdt_heavy)",0.7107771094383089,52,1071,14,152,0.1287820015515904,0.8712179984484096,0.2549019607843137,0.9870967741935484,0.7878787878787878,0.8757154538021259,19.754901960784263,0.7548378828655645
"single best (hybrid_dnn(64,)_conv(8, 16)_gbdt100-5-0.05_gbdt_heavy)",0.7110283935435144,51,1071,14,153,0.1295577967416602,0.8704422032583398,0.25,0.9870967741935484,0.7846153846153846,0.875,19.37499999999995,0.7598039215686275
"single best (hybrid_dnn(64,)_conv(8, 16)_gbdt100-5-0.05_gbdt_heavy)",0.7134771109642233,50,1071,14,154,0.13033359193173003,0.86966640806827,0.24509803921568626,0.9870967741935484,0.78125,0.8742857142857143,18.995098039215637,0.7647699602716904
"single best (hybrid_dnn(64,)_conv(8, 16)_gbdt100-5-0.05_gbdt_heavy)",0.7182776700904498,49,1071,14,155,0.13110938712179984,0.8688906128782001,0.24019607843137256,0.9870967741935484,0.7777777777777778,0.8735725938009788,18.615196078431325,0.7697359989747533
"single best (hybrid_dnn(64,)_conv(8, 16)_gbdt100-5-0.05_gbdt_heavy)",0.7187117316223408,48,1071,14,156,0.13188518231186966,0.8681148176881304,0.23529411764705882,0.9870967741935484,0.7741935483870968,0.8728606356968215,18.235294117647012,0.7747020376778162
"single best (hybrid_dnn(64,)_conv(8, 16)_gbdt100-5-0.05_gbdt_heavy)",0.7191542047097679,47,1071,14,157,0.13266097750193948,0.8673390224980605,0.23039215686274508,0.9870967741935484,0.7704918032786885,0.8721498371335505,17.8553921568627,0.7796680763808792
"single best (hybrid_dnn(64,)_conv(8, 16)_gbdt100-5-0.05_gbdt_heavy)",0.7246257285700144,47,1072,13,157,0.13188518231186966,0.8681148176881304,0.23039215686274508,0.9880184331797235,0.7833333333333333,0.8722538649308381,19.228883861236778,0.7789407740708224
"single best (hybrid_dnn(64,)_conv(8, 16)_gbdt100-5-0.05_gbdt_heavy)",0.733968279764722,47,1073,12,157,0.13110938712179984,0.8688906128782001,0.23039215686274508,0.9889400921658986,0.7966101694915254,0.8723577235772357,20.83129084967321,0.7782148274034684
"single best (hybrid_dnn(64,)_conv(8, 16)_gbdt100-5-0.05_gbdt_heavy)",0.7372798795071775,46,1073,12,158,0.13188518231186966,0.8681148176881304,0.22549019607843138,0.9889400921658986,0.7931034482758621,0.8716490658001624,20.388071895424844,0.7831716097436179
"single best (hybrid_dnn(64,)_conv(8, 16)_gbdt100-5-0.05_gbdt_heavy)",0.7378659006952055,45,1073,12,159,0.13266097750193948,0.8673390224980605,0.22058823529411764,0.9889400921658986,0.7894736842105263,0.8709415584415584,19.944852941176475,0.7881283920837674
"single best (hybrid_dnn(64,)_conv(8, 16)_gbdt100-5-0.05_gbdt_heavy)",0.7579208306888943,44,1073,12,160,0.13343677269200932,0.8665632273079906,0.21568627450980393,0.9889400921658986,0.7857142857142857,0.870235198702352,19.501633986928113,0.7930851744239168
"single best (hybrid_dnn(64,)_conv(8, 16)_gbdt100-5-0.05_gbdt_heavy)",0.7598652524950442,44,1074,11,160,0.13266097750193948,0.8673390224980605,0.21568627450980393,0.9898617511520738,0.8,0.8703403565640194,21.274509803921614,0.7923467338518275
"single best (hybrid_dnn(64,)_conv(8, 16)_gbdt100-5-0.05_gbdt_heavy)",0.7609833532777039,44,1075,10,160,0.13188518231186966,0.8681148176881304,0.21568627450980393,0.9907834101382489,0.8148148148148148,0.8704453441295547,23.40196078431383,0.791609667122663
"single best (hybrid_dnn(64,)_conv(8, 16)_gbdt100-5-0.05_gbdt_heavy)",0.7640507510050956,43,1075,10,161,0.13266097750193948,0.8673390224980605,0.2107843137254902,0.9907834101382489,0.8113207547169812,0.8697411003236246,22.870098039215787,0.7965572275421796
"single best (hybrid_dnn(64,)_conv(8, 16)_gbdt100-5-0.05_gbdt_heavy)",0.7653835965205378,42,1075,10,162,0.13343677269200932,0.8665632273079906,0.20588235294117646,0.9907834101382489,0.8076923076923077,0.8690379951495554,22.338235294117744,0.8015047879616963
"single best (hybrid_dnn(64,)_conv(8, 16)_gbdt100-5-0.05_gbdt_heavy)",0.7708588274081027,41,1075,10,163,0.13421256788207914,0.8657874321179209,0.20098039215686275,0.9907834101382489,0.803921568627451,0.8683360258481422,21.806372549019702,0.8064523483812129
"single best (hybrid_dnn(64,)_conv(8, 16)_gbdt100-5-0.05_gbdt_heavy)",0.7853145873193843,40,1075,10,164,0.13498836307214895,0.8650116369278511,0.19607843137254902,0.9907834101382489,0.8,0.8676351896690879,21.27450980392166,0.8113999088007295
"single best (hybrid_dnn(64,)_conv(8, 16)_gbdt100-5-0.05_gbdt_heavy)",0.7930242759582772,39,1075,10,165,0.13576415826221877,0.8642358417377812,0.19117647058823528,0.9907834101382489,0.7959183673469388,0.8669354838709677,20.742647058823618,0.8163474692202463
"single best (hybrid_dnn(64,)_conv(8, 16)_gbdt100-5-0.05_gbdt_heavy)",0.8020462475132843,39,1076,9,165,0.13498836307214895,0.8650116369278511,0.19117647058823528,0.9917050691244239,0.8125,0.8670427074939565,23.047385620914884,0.815588781981194
"single best (hybrid_dnn(64,)_conv(8, 16)_gbdt100-5-0.05_gbdt_heavy)",0.8022533890325976,38,1076,9,166,0.13576415826221877,0.8642358417377812,0.18627450980392157,0.9917050691244239,0.8085106382978723,0.8663446054750402,22.4564270152504,0.8205317442962315
"single best (hybrid_dnn(64,)_conv(8, 16)_gbdt100-5-0.05_gbdt_heavy)",0.8052161670542277,38,1077,8,166,0.13498836307214895,0.8650116369278511,0.18627450980392157,0.992626728110599,0.8260869565217391,0.8664521319388576,25.263480392156744,0.819769876381379
"single best (hybrid_dnn(64,)_conv(8, 16)_gbdt100-5-0.05_gbdt_heavy)",0.8067306226843908,37,1077,8,167,0.13576415826221877,0.8642358417377812,0.18137254901960784,0.992626728110599,0.8222222222222222,0.8657556270096463,24.598651960784196,0.8247082491306643
"single best (hybrid_dnn(64,)_conv(8, 16)_gbdt100-5-0.05_gbdt_heavy)",0.8078644849452484,36,1077,8,168,0.1365399534522886,0.8634600465477114,0.17647058823529413,0.992626728110599,0.8181818181818182,0.8650602409638555,23.933823529411654,0.8296466218799498
"single best (hybrid_dnn(64,)_conv(8, 16)_gbdt100-5-0.05_gbdt_heavy)",0.810872238085592,35,1077,8,169,0.1373157486423584,0.8626842513576416,0.1715686274509804,0.992626728110599,0.813953488372093,0.8643659711075441,23.268995098039106,0.8345849946292352
"single best (hybrid_dnn(64,)_conv(8, 16)_gbdt100-5-0.05_gbdt_heavy)",0.8116168337256403,34,1077,8,170,0.13809154383242825,0.8619084561675717,0.16666666666666666,0.992626728110599,0.8095238095238095,0.863672814755413,22.604166666666558,0.8395233673785206
"single best (hybrid_dnn(64,)_conv(8, 16)_gbdt100-5-0.05_gbdt_heavy)",0.8118651664038443,34,1078,7,170,0.1373157486423584,0.8626842513576416,0.16666666666666666,0.9935483870967742,0.8292682926829268,0.8637820512820513,25.833333333333265,0.8387445887445888
"single best (hybrid_dnn(64,)_conv(8, 16)_gbdt100-5-0.05_gbdt_heavy)",0.8124094860125377,33,1078,7,171,0.13809154383242825,0.8619084561675717,0.16176470588235295,0.9935483870967742,0.825,0.8630904723779024,25.073529411764643,0.8436783804430864
"single best (hybrid_dnn(64,)_conv(8, 16)_gbdt100-5-0.05_gbdt_heavy)",0.8189910823944901,33,1079,6,171,0.1373157486423584,0.8626842513576416,0.16176470588235295,0.9944700460829493,0.8461538461538461,0.8632,29.25245098039217,0.8428964727689037
"single best (hybrid_dnn(64,)_conv(8, 16)_gbdt100-5-0.05_gbdt_heavy)",0.8206874393177688,32,1079,6,172,0.13809154383242825,0.8619084561675717,0.1568627450980392,0.9944700460829493,0.8421052631578947,0.8625099920063949,28.366013071895434,0.8478256919079031
"single best (hybrid_dnn(64,)_conv(8, 16)_gbdt100-5-0.05_gbdt_heavy)",0.8241271416117446,31,1079,6,173,0.13886733902249807,0.861132660977502,0.15196078431372548,0.9944700460829493,0.8378378378378378,0.8618210862619808,27.4795751633987,0.8527549110469025
"single best (hybrid_dnn(64,)_conv(8, 16)_gbdt100-5-0.05_gbdt_heavy)",0.8268261574348312,30,1079,6,174,0.13964313421256788,0.8603568657874321,0.14705882352941177,0.9944700460829493,0.8333333333333334,0.8611332801276935,26.59313725490197,0.857684130185902
"single best (hybrid_dnn(64,)_conv(8, 16)_gbdt100-5-0.05_gbdt_heavy)",0.8272796214525132,29,1079,6,175,0.1404189294026377,0.8595810705973623,0.14215686274509803,0.9944700460829493,0.8285714285714286,0.8604465709728868,25.706699346405237,0.8626133493249015
"single best (hybrid_dnn(64,)_conv(8, 16)_gbdt100-5-0.05_gbdt_heavy)",0.8296210111223103,28,1079,6,176,0.14119472459270752,0.8588052754072925,0.13725490196078433,0.9944700460829493,0.8235294117647058,0.8597609561752988,24.820261437908506,0.8675425684639009
"single best (hybrid_dnn(64,)_conv(8, 16)_gbdt100-5-0.05_gbdt_heavy)",0.8300838766407543,28,1080,5,176,0.1404189294026377,0.8595810705973623,0.13725490196078433,0.9953917050691244,0.8484848484848485,0.8598726114649682,29.78431372549033,0.8667392883079158
"single best (hybrid_dnn(64,)_conv(8, 16)_gbdt100-5-0.05_gbdt_heavy)",0.8315864362428718,27,1080,5,177,0.14119472459270752,0.8588052754072925,0.1323529411764706,0.9953917050691244,0.84375,0.8591885441527446,28.720588235294244,0.8716639433551199
"single best (hybrid_dnn(64,)_conv(8, 16)_gbdt100-5-0.05_gbdt_heavy)",0.8330090436080864,26,1080,5,178,0.14197051978277736,0.8580294802172226,0.12745098039215685,0.9953917050691244,0.8387096774193549,0.8585055643879174,27.656862745098156,0.8765885984023238
"single best (hybrid_dnn(64,)_conv(8, 16)_gbdt100-5-0.05_gbdt_heavy)",0.8341193920429134,25,1080,5,179,0.14274631497284718,0.8572536850271528,0.12254901960784313,0.9953917050691244,0.8333333333333334,0.857823669579031,26.593137254902075,0.8815132534495279
"single best (hybrid_dnn(64,)_conv(8, 16)_gbdt100-5-0.05_gbdt_heavy)",0.8408964540936283,24,1080,5,180,0.143522110162917,0.8564778898370831,0.11764705882352941,0.9953917050691244,0.8275862068965517,0.8571428571428571,25.529411764705994,0.886437908496732
"single best (hybrid_dnn(64,)_conv(8, 16)_gbdt100-5-0.05_gbdt_heavy)",0.8483607201163794,24,1081,4,180,0.14274631497284718,0.8572536850271528,0.11764705882352941,0.9963133640552996,0.8571428571428571,0.8572561459159397,31.911764705882682,0.88561789193013
"single best (hybrid_dnn(64,)_conv(8, 16)_gbdt100-5-0.05_gbdt_heavy)",0.8491459997094712,23,1081,4,181,0.143522110162917,0.8564778898370831,0.11274509803921569,0.9963133640552996,0.8518518518518519,0.8565768621236133,30.58210784313757,0.8905379913297418
"single best (hybrid_dnn(64,)_conv(8, 16)_gbdt100-5-0.05_gbdt_heavy)",0.8515914151165155,22,1081,4,182,0.1442979053529868,0.8557020946470132,0.10784313725490197,0.9963133640552996,0.8461538461538461,0.8558986539984165,29.25245098039246,0.8954580907293537
"single best (hybrid_dnn(64,)_conv(8, 16)_gbdt100-5-0.05_gbdt_heavy)",0.854184200969021,21,1081,4,183,0.14507370054305663,0.8549262994569433,0.10294117647058823,0.9963133640552996,0.84,0.8552215189873418,27.922794117647346,0.9003781901289656
"single best (hybrid_dnn(64,)_conv(8, 16)_gbdt100-5-0.05_gbdt_heavy)",0.8562443017449031,21,1082,3,183,0.1442979053529868,0.8557020946470132,0.10294117647058823,0.9972350230414746,0.875,0.8553359683794466,37.23039215686201,0.8995460476242254
"single best (hybrid_dnn(64,)_conv(8, 16)_gbdt100-5-0.05_gbdt_heavy)",0.8580639005427236,20,1082,3,184,0.14507370054305663,0.8549262994569433,0.09803921568627451,0.9972350230414746,0.8695652173913043,0.8546603475513428,35.45751633986858,0.9044615997970353
"single best (hybrid_dnn(64,)_conv(8, 16)_gbdt100-5-0.05_gbdt_heavy)",0.8697761914866792,19,1082,3,185,0.14584949573312644,0.8541505042668736,0.09313725490196079,0.9972350230414746,0.8636363636363636,0.8539857932123125,33.68464052287515,0.9093771519698453
"single best (hybrid_dnn(64,)_conv(8, 16)_gbdt100-5-0.05_gbdt_heavy)",0.8703957829192619,19,1083,2,185,0.14507370054305663,0.8549262994569433,0.09313725490196079,0.9981566820276497,0.9047619047619048,0.8541009463722398,50.52696078431273,0.908537468542357
"single best (hybrid_dnn(64,)_conv(8, 16)_gbdt100-5-0.05_gbdt_heavy)",0.8741512280554266,18,1083,2,186,0.14584949573312644,0.8541505042668736,0.08823529411764706,0.9981566820276497,0.9,0.8534278959810875,47.867647058822584,0.9134484818858292
"single best (hybrid_dnn(64,)_conv(8, 16)_gbdt100-5-0.05_gbdt_heavy)",0.8752470032750284,17,1083,2,187,0.1466252909231963,0.8533747090768037,0.08333333333333333,0.9981566820276497,0.8947368421052632,0.852755905511811,45.20833333333244,0.9183594952293013
"single best (hybrid_dnn(64,)_conv(8, 16)_gbdt100-5-0.05_gbdt_heavy)",0.8772642722812511,16,1083,2,188,0.1474010861132661,0.8525989138867339,0.0784313725490196,0.9981566820276497,0.8888888888888888,0.8520849724626278,42.5490196078423,0.9232705085727736
"single best (hybrid_dnn(64,)_conv(8, 16)_gbdt100-5-0.05_gbdt_heavy)",0.8789447470121959,15,1083,2,189,0.14817688130333592,0.851823118696664,0.07352941176470588,0.9981566820276497,0.8823529411764706,0.8514150943396226,39.88970588235215,0.9281815219162458
"single best (hybrid_dnn(64,)_conv(8, 16)_gbdt100-5-0.05_gbdt_heavy)",0.8836897341151576,14,1083,2,190,0.14895267649340574,0.8510473235065943,0.06862745098039216,0.9981566820276497,0.875,0.8507462686567164,37.23039215686201,0.933092535259718
"single best (hybrid_dnn(64,)_conv(8, 16)_gbdt100-5-0.05_gbdt_heavy)",0.8901984891463702,13,1083,2,191,0.14972847168347556,0.8502715283165244,0.06372549019607843,0.9981566820276497,0.8666666666666667,0.8500784929356358,34.571078431371866,0.9380035486031901
"single best (hybrid_dnn(64,)_conv(8, 16)_gbdt100-5-0.05_gbdt_heavy)",0.8922270249695735,12,1083,2,192,0.15050426687354537,0.8494957331264547,0.058823529411764705,0.9981566820276497,0.8571428571428571,0.8494117647058823,31.911764705881723,0.9429145619466623
"single best (hybrid_dnn(64,)_conv(8, 16)_gbdt100-5-0.05_gbdt_heavy)",0.8936394350988519,12,1084,1,192,0.14972847168347556,0.8502715283165244,0.058823529411764705,0.9990783410138249,0.9230769230769231,0.8495297805642633,63.823529411763445,0.9420447145647927
"single best (hybrid_dnn(64,)_conv(8, 16)_gbdt100-5-0.05_gbdt_heavy)",0.8941831052497657,11,1084,1,193,0.15050426687354537,0.8494957331264547,0.05392156862745098,0.9990783410138249,0.9166666666666666,0.8488645262333594,58.50490196078316,0.946951197453151
"single best (hybrid_dnn(64,)_conv(8, 16)_gbdt100-5-0.05_gbdt_heavy)",0.8997914742800809,10,1084,1,194,0.15128006206361522,0.8487199379363848,0.049019607843137254,0.9990783410138249,0.9090909090909091,0.8482003129890454,53.18627450980287,0.9518576803415093
"single best (hybrid_dnn(64,)_conv(8, 16)_gbdt100-5-0.05_gbdt_heavy)",0.9031045312910844,9,1084,1,195,0.15205585725368503,0.847944142746315,0.04411764705882353,0.9990783410138249,0.9,0.8475371383893667,47.867647058822584,0.9567641632298677
"single best (hybrid_dnn(64,)_conv(8, 16)_gbdt100-5-0.05_gbdt_heavy)",0.9045264250070404,8,1084,1,196,0.15283165244375485,0.8471683475562451,0.0392156862745098,0.9990783410138249,0.8888888888888888,0.846875,42.5490196078423,0.961670646118226
"single best (hybrid_dnn(64,)_conv(8, 16)_gbdt100-5-0.05_gbdt_heavy)",0.9060639856465899,7,1084,1,197,0.15360744763382467,0.8463925523661753,0.03431372549019608,0.9990783410138249,0.875,0.8462138953942233,37.23039215686201,0.9665771290065842
"single best (hybrid_dnn(64,)_conv(8, 16)_gbdt100-5-0.05_gbdt_heavy)",0.9239901805795903,6,1084,1,198,0.15438324282389448,0.8456167571761055,0.029411764705882353,0.9990783410138249,0.8571428571428571,0.8455538221528861,31.911764705881723,0.9714836118949425
"single best (hybrid_dnn(64,)_conv(8, 16)_gbdt100-5-0.05_gbdt_heavy)",0.9329998867964296,5,1084,1,199,0.1551590380139643,0.8448409619860358,0.024509803921568627,0.9990783410138249,0.8333333333333334,0.8448947778643804,26.593137254901436,0.9763900947833007
"single best (hybrid_dnn(64,)_conv(8, 16)_gbdt100-5-0.05_gbdt_heavy)",0.9365024034261064,4,1084,1,200,0.15593483320403415,0.8440651667959659,0.0196078431372549,0.9990783410138249,0.8,0.8442367601246106,21.27450980392115,0.981296577671659
"single best (hybrid_dnn(64,)_conv(8, 16)_gbdt100-5-0.05_gbdt_heavy)",0.9369506380551125,3,1084,1,201,0.15671062839410396,0.843289371605896,0.014705882352941176,0.9990783410138249,0.75,0.843579766536965,15.955882352940861,0.9862030605600174
"single best (hybrid_dnn(64,)_conv(8, 16)_gbdt100-5-0.05_gbdt_heavy)",0.9396552387983343,2,1084,1,202,0.15748642358417378,0.8425135764158262,0.00980392156862745,0.9990783410138249,0.6666666666666666,0.8429237947122862,10.637254901960574,0.9911095434483758
"single best (hybrid_dnn(64,)_conv(8, 16)_gbdt100-5-0.05_gbdt_heavy)",0.9486688117336758,1,1084,1,203,0.1582622187742436,0.8417377812257564,0.004901960784313725,0.9990783410138249,0.5,0.8422688422688422,5.318627450980287,0.996016026336734
"single best (hybrid_dnn(64,)_conv(8, 16)_gbdt100-5-0.05_gbdt_heavy)",0.9583450786117761,1,1085,0,203,0.15748642358417378,0.8425135764158262,0.004901960784313725,1.0,1.0,0.842391304347826,inf,0.9950980392156863
"single best (hybrid_dnn(64,)_conv(8, 16)_gbdt100-5-0.05_gbdt_heavy)",1.0,0,1085,0,204,0.1582622187742436,0.8417377812257564,0.0,1.0,,0.8417377812257564,inf,1.0
ensemble (top 15),0.0,204,0,1085,0,0.8417377812257564,0.15826221877424362,1.0,0.0,0.1582622187742436,,1.0,inf
ensemble (top 15),0.008326330296703634,204,0,1085,0,0.8417377812257564,0.15826221877424362,1.0,0.0,0.1582622187742436,,1.0,inf
ensemble (top 15),0.00920024143817314,204,1,1084,0,0.8409619860356866,0.15903801396431338,1.0,0.0009216589861751152,0.15838509316770186,1.0,1.0009225092250922,0.0
ensemble (top 15),0.009457630143578054,204,2,1083,0,0.8401861908456167,0.15981380915438326,1.0,0.0018433179723502304,0.1585081585081585,1.0,1.0018467220683287,0.0
ensemble (top 15),0.013221897444777371,204,3,1082,0,0.839410395655547,0.16058960434445302,1.0,0.0027649769585253456,0.15863141524105753,1.0,1.002772643253235,0.0
ensemble (top 15),0.014275498714067032,204,4,1081,0,0.8386346004654771,0.1613653995345229,1.0,0.003686635944700461,0.15875486381322956,1.0,1.003700277520814,0.0
ensemble (top 15),0.015289824955318844,204,5,1080,0,0.8378588052754073,0.16214119472459265,1.0,0.004608294930875576,0.1588785046728972,1.0,1.0046296296296295,0.0
ensemble (top 15),0.015323387732256648,204,6,1079,0,0.8370830100853375,0.16291698991466252,1.0,0.005529953917050691,0.15900233826968044,1.0,1.0055607043558852,0.0
ensemble (top 15),0.016214016651011895,204,7,1078,0,0.8363072148952676,0.1636927851047324,1.0,0.0064516129032258064,0.15912636505460218,1.0,1.0064935064935066,0.0
ensemble (top 15),0.016888201461829823,204,8,1077,0,0.8355314197051978,0.16446858029480216,1.0,0.007373271889400922,0.1592505854800937,1.0,1.0074280408542247,0.0
ensemble (top 15),0.017343522116884908,204,9,1076,0,0.834755624515128,0.16524437548487203,1.0,0.008294930875576038,0.159375,1.0,1.008364312267658,0.0
ensemble (top 15),0.017410350517529146,204,10,1075,0,0.8339798293250582,0.1660201706749418,1.0,0.009216589861751152,0.1594996090695856,1.0,1.0093023255813953,0.0
ensemble (top 15),0.01756384028599694,204,11,1074,0,0.8332040341349883,0.16679596586501166,1.0,0.010138248847926268,0.1596244131455399,1.0,1.01024208566108,0.0
ensemble (top 15),0.017872709590471835,204,12,1073,0,0.8324282389449186,0.16757176105508143,1.0,0.011059907834101382,0.15974941268598278,1.0,1.011183597390494,0.0
ensemble (top 15),0.01845962596331844,204,13,1072,0,0.8316524437548487,0.1683475562451513,1.0,0.011981566820276499,0.15987460815047022,1.0,1.0121268656716418,0.0
ensemble (top 15),0.018613617764391275,204,14,1071,0,0.8308766485647789,0.16912335143522106,1.0,0.012903225806451613,0.16,1.0,1.0130718954248366,0.0
ensemble (top 15),0.018966568779771955,204,15,1070,0,0.8301008533747091,0.16989914662529093,1.0,0.013824884792626729,0.16012558869701726,1.0,1.014018691588785,0.0
ensemble (top 15),0.019068110481699332,204,16,1069,0,0.8293250581846393,0.1706749418153607,1.0,0.014746543778801843,0.16025137470542028,1.0,1.0149672591206735,0.0
ensemble (top 15),0.019208486125495257,204,17,1068,0,0.8285492629945694,0.17145073700543056,1.0,0.01566820276497696,0.16037735849056603,1.0,1.0159176029962547,0.0
ensemble (top 15),0.01924595547207087,204,18,1067,0,0.8277734678044996,0.17222653219550044,1.0,0.016589861751152075,0.16050354051927615,1.0,1.0168697282099344,0.0
ensemble (top 15),0.019296410965986003,204,19,1066,0,0.8269976726144298,0.1730023273855702,1.0,0.017511520737327188,0.16062992125984252,1.0,1.0178236397748592,0.0
ensemble (top 15),0.019464545056313766,204,20,1065,0,0.8262218774243599,0.17377812257564007,1.0,0.018433179723502304,0.1607565011820331,1.0,1.0187793427230047,0.0
ensemble (top 15),0.01966637318272529,204,21,1064,0,0.8254460822342902,0.17455391776570983,1.0,0.01935483870967742,0.1608832807570978,1.0,1.0197368421052633,0.0
ensemble (top 15),0.01978998024283059,204,22,1063,0,0.8246702870442203,0.1753297129557797,1.0,0.020276497695852536,0.16101026045777428,1.0,1.0206961429915333,0.0
ensemble (top 15),0.019852369568368965,204,23,1062,0,0.8238944918541505,0.17610550814584947,1.0,0.02119815668202765,0.16113744075829384,1.0,1.0216572504708097,0.0
ensemble (top 15),0.020364406054344104,204,24,1061,0,0.8231186966640807,0.17688130333591934,1.0,0.022119815668202765,0.16126482213438736,1.0,1.0226201696512724,0.0
ensemble (top 15),0.020621609849895355,204,25,1060,0,0.8223429014740109,0.1776570985259891,1.0,0.02304147465437788,0.16139240506329114,1.0,1.0235849056603774,0.0
ensemble (top 15),0.02101740978027914,204,26,1059,0,0.821567106283941,0.17843289371605897,1.0,0.023963133640552997,0.16152019002375298,1.0,1.0245514636449482,0.0
ensemble (top 15),0.021168379068601553,204,27,1058,0,0.8207913110938713,0.17920868890612873,1.0,0.02488479262672811,0.16164817749603805,1.0,1.0255198487712667,0.0
ensemble (top 15),0.021216190748880745,204,28,1057,0,0.8200155159038014,0.1799844840961986,1.0,0.025806451612903226,0.16177636796193498,1.0,1.0264900662251655,0.0
ensemble (top 15),0.02121759910947192,204,29,1056,0,0.8192397207137315,0.18076027928626848,1.0,0.026728110599078342,0.1619047619047619,1.0,1.027462121212121,0.0
ensemble (top 15),0.021371441971224543,204,30,1055,0,0.8184639255236618,0.18153607447633824,1.0,0.027649769585253458,0.16203335980937253,1.0,1.028436018957346,0.0
ensemble (top 15),0.021932740364059334,204,31,1054,0,0.8176881303335919,0.1823118696664081,1.0,0.02857142857142857,0.16216216216216217,1.0,1.0294117647058825,0.0
ensemble (top 15),0.022089648735654794,204,32,1053,0,0.8169123351435221,0.18308766485647787,1.0,0.029493087557603687,0.162291169451074,1.0,1.030389363722697,0.0
ensemble (top 15),0.022238518551447647,204,33,1052,0,0.8161365399534523,0.18386346004654774,1.0,0.030414746543778803,0.1624203821656051,1.0,1.0313688212927756,0.0
ensemble (top 15),0.02223927285686839,204,34,1051,0,0.8153607447633825,0.1846392552366175,1.0,0.03133640552995392,0.16254980079681275,1.0,1.0323501427212178,0.0
ensemble (top 15),0.022344449942595494,204,35,1050,0,0.8145849495733126,0.18541505042668738,1.0,0.03225806451612903,0.16267942583732056,1.0,1.0333333333333332,0.0
ensemble (top 15),0.022493768051872438,204,36,1049,0,0.8138091543832429,0.18619084561675714,1.0,0.03317972350230415,0.16280925778132482,1.0,1.034318398474738,0.0
ensemble (top 15),0.022705248549215108,204,37,1048,0,0.813033359193173,0.186966640806827,1.0,0.034101382488479264,0.16293929712460065,1.0,1.0353053435114503,0.0
ensemble (top 15),0.02293789980977946,204,38,1047,0,0.8122575640031032,0.18774243599689677,1.0,0.035023041474654376,0.1630695443645084,1.0,1.0362941738299905,0.0
ensemble (top 15),0.023143047869472095,204,39,1046,0,0.8114817688130334,0.18851823118696664,1.0,0.035944700460829496,0.1632,1.0,1.0372848948374762,0.0
ensemble (top 15),0.023618789453708152,204,40,1045,0,0.8107059736229635,0.18929402637703652,1.0,0.03686635944700461,0.1633306645316253,1.0,1.0382775119617225,0.0
ensemble (top 15),0.023663010046389092,204,41,1044,0,0.8099301784328937,0.19006982156710628,1.0,0.03778801843317972,0.16346153846153846,1.0,1.039272030651341,0.0
ensemble (top 15),0.02406237851555971,204,42,1043,0,0.8091543832428238,0.19084561675717615,1.0,0.03870967741935484,0.1635926222935044,1.0,1.0402684563758389,0.0
ensemble (top 15),0.024281836061760785,204,43,1042,0,0.8083785880527541,0.1916214119472459,1.0,0.03963133640552995,0.1637239165329053,1.0,1.0412667946257197,0.0
ensemble (top 15),0.024315933113210005,204,44,1041,0,0.8076027928626842,0.19239720713731578,1.0,0.04055299539170507,0.163855421686747,1.0,1.042267050912584,0.0
ensemble (top 15),0.024583610532876558,204,45,1040,0,0.8068269976726145,0.19317300232738555,1.0,0.041474654377880185,0.1639871382636656,1.0,1.0432692307692308,0.0
ensemble (top 15),0.024888359481273624,204,46,1039,0,0.8060512024825446,0.19394879751745542,1.0,0.0423963133640553,0.16411906677393404,1.0,1.0442733397497592,0.0
ensemble (top 15),0.025065210455913846,204,47,1038,0,0.8052754072924748,0.19472459270752518,1.0,0.04331797235023042,0.1642512077294686,1.0,1.0452793834296723,0.0
ensemble (top 15),0.025111395559985036,204,48,1037,0,0.804499612102405,0.19550038789759505,1.0,0.04423963133640553,0.1643835616438356,1.0,1.0462873674059787,0.0
ensemble (top 15),0.025117586207488322,204,49,1036,0,0.8037238169123352,0.1962761830876648,1.0,0.04516129032258064,0.16451612903225807,1.0,1.0472972972972974,0.0
ensemble (top 15),0.025268920138099914,204,50,1035,0,0.8029480217222653,0.19705197827773469,1.0,0.04608294930875576,0.16464891041162227,1.0,1.0483091787439613,0.0
ensemble (top 15),0.02554368746465408,204,51,1034,0,0.8021722265321956,0.19782777346780445,1.0,0.047004608294930875,0.16478190630048464,1.0,1.0493230174081238,0.0
ensemble (top 15),0.02569020883069186,204,52,1033,0,0.8013964313421257,0.19860356865787432,1.0,0.047926267281105994,0.16491511721907842,1.0,1.0503388189738625,0.0
ensemble (top 15),0.02581378898654385,204,53,1032,0,0.8006206361520558,0.1993793638479442,1.0,0.04884792626728111,0.1650485436893204,1.0,1.0513565891472867,0.0
ensemble (top 15),0.025955154954430494,204,54,1031,0,0.799844840961986,0.20015515903801395,1.0,0.04976958525345622,0.1651821862348178,1.0,1.052376333656644,0.0
ensemble (top 15),0.02616196020097041,204,55,1030,0,0.7990690457719162,0.20093095422808382,1.0,0.05069124423963134,0.16531604538087522,1.0,1.0533980582524272,0.0
ensemble (top 15),0.026305726878003904,204,56,1029,0,0.7982932505818464,0.20170674941815359,1.0,0.05161290322580645,0.1654501216545012,1.0,1.054421768707483,0.0
ensemble (top 15),0.026313258124302723,204,57,1028,0,0.7975174553917765,0.20248254460822346,1.0,0.052534562211981564,0.16558441558441558,1.0,1.0554474708171206,0.0
ensemble (top 15),0.026400699507745002,204,58,1027,0,0.7967416602017068,0.20325833979829322,1.0,0.053456221198156684,0.16571892770105606,1.0,1.056475170399221,0.0
ensemble (top 15),0.026416460346716346,204,59,1026,0,0.7959658650116369,0.2040341349883631,1.0,0.054377880184331796,0.16585365853658537,1.0,1.0575048732943468,0.0
ensemble (top 15),0.02657253928802877,204,60,1025,0,0.7951900698215671,0.20480993017843285,1.0,0.055299539170506916,0.16598860862489828,1.0,1.0585365853658537,0.0
ensemble (top 15),0.02675655745679655,204,61,1024,0,0.7944142746314973,0.20558572536850273,1.0,0.05622119815668203,0.16612377850162866,1.0,1.0595703125,0.0
ensemble (top 15),0.026938746277961525,204,62,1023,0,0.7936384794414275,0.2063615205585725,1.0,0.05714285714285714,0.16625916870415647,1.0,1.0606060606060606,0.0
ensemble (top 15),0.026943933755141054,204,63,1022,0,0.7928626842513576,0.20713731574864236,1.0,0.05806451612903226,0.16639477977161501,1.0,1.0616438356164384,0.0
ensemble (top 15),0.0269481025932498,203,63,1022,1,0.7936384794414275,0.2063615205585725,0.9950980392156863,0.05806451612903226,0.1657142857142857,0.984375,1.0564396991673382,0.08442265795206941
ensemble (top 15),0.027145070322532404,203,64,1021,1,0.7928626842513576,0.20713731574864236,0.9950980392156863,0.05898617511520737,0.16584967320261437,0.9846153846153847,1.057474409940274,0.08310355392156833
ensemble (top 15),0.02744255035869294,203,65,1020,1,0.7920868890612878,0.20791311093871223,0.9950980392156863,0.059907834101382486,0.16598528209321342,0.9848484848484849,1.0585111495578623,0.08182503770739036
ensemble (top 15),0.027844406817031785,203,66,1019,1,0.791311093871218,0.208688906128782,0.9950980392156863,0.060829493087557605,0.16612111292962356,0.9850746268656716,1.0595499239931498,0.08058526440879353
ensemble (top 15),0.02802073785013802,203,67,1018,1,0.7905352986811481,0.20946470131885186,0.9950980392156863,0.06175115207373272,0.16625716625716624,0.9852941176470589,1.060590739242652,0.07938249926836378
ensemble (top 15),0.02809334489070128,203,68,1017,1,0.7897595034910784,0.21024049650892163,0.9950980392156863,0.06267281105990784,0.16639344262295083,0.9855072463768116,1.0616336013264696,0.07821510957324078
ensemble (top 15),0.028169327027709558,203,69,1016,1,0.7889837083010085,0.2110162916989915,0.9950980392156863,0.06359447004608294,0.16652994257588188,0.9857142857142858,1.0626785162884052,0.07708155726058513
ensemble (top 15),0.028581386625227224,203,70,1015,1,0.7882079131109387,0.21179208688906126,0.9950980392156863,0.06451612903225806,0.16666666666666666,0.9859154929577465,1.0637254901960784,0.07598039215686248
ensemble (top 15),0.028691924924597316,203,71,1014,1,0.7874321179208689,0.21256788207913113,0.9950980392156863,0.06543778801843318,0.16680361544782252,0.9861111111111112,1.0647745291410449,0.07491024578845595
ensemble (top 15),0.02880908166920164,203,72,1013,1,0.7866563227307991,0.2133436772692009,0.9950980392156863,0.0663594470046083,0.1669407894736842,0.9863013698630136,1.0658256392389138,0.07386982570806074
ensemble (top 15),0.028872010065971492,203,73,1012,1,0.7858805275407292,0.21411947245927077,0.9950980392156863,0.06728110599078341,0.16707818930041152,0.9864864864864865,1.066878826629466,0.07285791028740238
ensemble (top 15),0.02892521291550553,203,74,1011,1,0.7851047323506595,0.21489526764934053,0.9950980392156863,0.06820276497695853,0.1672158154859967,0.9866666666666667,1.067934097476775,0.07187334393216721
ensemble (top 15),0.028934039049219085,203,75,1010,1,0.7843289371605896,0.2156710628394104,0.9950980392156863,0.06912442396313365,0.16735366859027206,0.9868421052631579,1.0689914579693265,0.07091503267973831
ensemble (top 15),0.02901728209009663,203,76,1009,1,0.7835531419705197,0.21644685802948027,0.9950980392156863,0.07004608294930875,0.1674917491749175,0.987012987012987,1.0700509143201384,0.0699819401444786
ensemble (top 15),0.02902608631165504,203,77,1008,1,0.78277734678045,0.21722265321955003,0.9950980392156863,0.07096774193548387,0.1676300578034682,0.9871794871794872,1.0711124727668846,0.06907308377896589
ensemble (top 15),0.029304381133673996,203,78,1007,1,0.7820015515903801,0.2179984484096199,0.9950980392156863,0.07188940092165899,0.16776859504132233,0.9873417721518988,1.0721761395720155,0.0681875314228253
ensemble (top 15),0.029360163267018673,203,79,1006,1,0.7812257564003103,0.21877424359968967,0.9950980392156863,0.0728110599078341,0.16790736145574855,0.9875,1.0732419210228823,0.06732439811367562
ensemble (top 15),0.029565555078180865,203,80,1005,1,0.7804499612102405,0.21955003878975954,0.9950980392156863,0.07373271889400922,0.16804635761589404,0.9876543209876543,1.0743098234318604,0.06648284313725467
ensemble (top 15),0.029590034763383077,203,81,1004,1,0.7796741660201707,0.2203258339798293,0.9950980392156863,0.07465437788018434,0.16818558409279205,0.9878048780487805,1.0753798531364738,0.06566206729605399
ensemble (top 15),0.029600133711167723,203,82,1003,1,0.7788983708301008,0.22110162916989917,0.9950980392156863,0.07557603686635944,0.16832504145936983,0.9879518072289156,1.076452016499521,0.06486131037780943
ensemble (top 15),0.029908039312858844,203,83,1002,1,0.7781225756400311,0.22187742435996893,0.9950980392156863,0.07649769585253456,0.16846473029045644,0.9880952380952381,1.0775263199092011,0.06407984880699245
ensemble (top 15),0.030059889823308754,203,84,1001,1,0.7773467804499612,0.2226532195500388,0.9950980392156863,0.07741935483870968,0.1686046511627907,0.9882352941176471,1.0786027697792404,0.06331699346405206
ensemble (top 15),0.0301216559320429,203,85,1000,1,0.7765709852598914,0.22342901474010857,0.9950980392156863,0.07834101382488479,0.16874480465502908,0.9883720930232558,1.0796813725490195,0.06257208765859264
ensemble (top 15),0.030165798051682687,203,86,999,1,0.7757951900698216,0.22420480993017844,0.9950980392156863,0.0792626728110599,0.16888519134775373,0.9885057471264368,1.0807621346837033,0.06184450524395783
ensemble (top 15),0.03017955339167107,203,87,998,1,0.7750193948797518,0.2249806051202482,0.9950980392156863,0.08018433179723503,0.16902581182348042,0.9886363636363636,1.0818450626743683,0.061133648861843366
ensemble (top 15),0.030332532078834358,203,88,997,1,0.7742435996896819,0.22575640031031807,0.9950980392156863,0.08110599078341015,0.16916666666666666,0.9887640449438202,1.082930163038134,0.060438948306595144
ensemble (top 15),0.030378192316928655,203,89,996,1,0.773467804499612,0.22653219550038795,0.9950980392156863,0.08202764976958525,0.16930775646371976,0.9888888888888889,1.0840174423182927,0.059759858999779474
ensemble (top 15),0.030498691664640386,203,90,995,1,0.7726920093095423,0.2273079906904577,0.9950980392156863,0.08294930875576037,0.169449081803005,0.989010989010989,1.085106907084442,0.05909586056644859
ensemble (top 15),0.030668368860255365,203,91,994,1,0.7719162141194724,0.22808378588052758,0.9950980392156863,0.08387096774193549,0.1695906432748538,0.9891304347826086,1.0861985639326153,0.05844645550527882
ensemble (top 15),0.030713679929211,203,92,993,1,0.7711404189294027,0.22885958107059734,0.9950980392156863,0.0847926267281106,0.1697324414715719,0.989247311827957,1.0872924194854177,0.05781116794543884
ensemble (top 15),0.03081331793084605,203,93,992,1,0.7703646237393328,0.2296353762606672,0.9950980392156863,0.08571428571428572,0.1698744769874477,0.9893617021276596,1.0883884803921569,0.05718954248365993
ensemble (top 15),0.030839361164891107,203,94,991,1,0.769588828549263,0.23041117145073697,0.9950980392156863,0.08663594470046083,0.17001675041876047,0.9894736842105263,1.0894867533289805,0.056581143095535885
ensemble (top 15),0.030845644159078513,203,95,990,1,0.7688130333591932,0.23118696664080685,0.9950980392156863,0.08755760368663594,0.17015926236378875,0.9895833333333334,1.0905872449990097,0.05598555211558288
ensemble (top 15),0.031085183471680926,203,96,989,1,0.7680372381691234,0.2319627618308766,0.9950980392156863,0.08847926267281106,0.17030201342281878,0.9896907216494846,1.091689962132477,0.055402369281045555
ensemble (top 15),0.03117740276840583,203,97,988,1,0.7672614429790535,0.23273855702094648,0.9950980392156863,0.08940092165898618,0.1704450041981528,0.9897959183673469,1.092794911486862,0.05483121083484921
ensemble (top 15),0.031245950523354722,203,98,987,1,0.7664856477889838,0.23351435221101624,0.9950980392156863,0.09032258064516129,0.17058823529411765,0.98989898989899,1.093902099847031,0.0542717086834732
ensemble (top 15),0.031401881241847715,203,99,986,1,0.7657098525989139,0.2342901474010861,0.9950980392156863,0.0912442396313364,0.17073170731707318,0.99,1.095011534025375,0.053723509605862356
ensemble (top 15),0.031411120083889625,203,100,985,1,0.764934057408844,0.23506594259115599,0.9950980392156863,0.09216589861751152,0.17087542087542087,0.9900990099009901,1.096123220861949,0.05318627450980373
ensemble (top 15),0.03151268347786691,203,101,984,1,0.7641582622187743,0.23584173778122575,0.9950980392156863,0.09308755760368663,0.17101937657961247,0.9901960784313726,1.0972371672246133,0.05265967773247895
ensemble (top 15),0.03159642900802482,203,102,983,1,0.7633824670287044,0.23661753297129562,0.9950980392156863,0.09400921658986175,0.1711635750421585,0.9902912621359223,1.0983533800091756,0.05214340638216052
ensemble (top 15),0.03166388974107688,203,103,982,1,0.7626066718386346,0.23739332816136538,0.9950980392156863,0.09493087557603687,0.17130801687763714,0.9903846153846154,1.099471866139531,0.05163715971825605
ensemble (top 15),0.03171601695984735,203,104,981,1,0.7618308766485647,0.23816912335143525,0.9950980392156863,0.09585253456221199,0.17145270270270271,0.9904761904761905,1.100592632567808,0.05114064856711897
ensemble (top 15),0.03177588042698259,203,105,980,1,0.761055081458495,0.238944918541505,0.9950980392156863,0.0967741935483871,0.17159763313609466,0.9905660377358491,1.1017156862745099,0.05065359477124165
ensemble (top 15),0.031909839717091694,203,106,979,1,0.7602792862684251,0.23972071373157489,0.9950980392156863,0.09769585253456221,0.17174280879864637,0.9906542056074766,1.1028410342686616,0.05017573066962616
ensemble (top 15),0.032013736356652486,203,107,978,1,0.7595034910783554,0.24049650892164465,0.9950980392156863,0.09861751152073733,0.1718882303132938,0.9907407407407407,1.1039686835879545,0.049706798607293205
ensemble (top 15),0.032167573160911275,203,108,977,1,0.7587276958882855,0.24127230411171452,0.9950980392156863,0.09953917050691244,0.17203389830508475,0.9908256880733946,1.1050986412988941,0.0492465504720405
ensemble (top 15),0.03218085249130451,203,109,976,1,0.7579519006982157,0.24204809930178428,0.9950980392156863,0.10046082949308756,0.17217981340118746,0.990909090909091,1.1062309144969462,0.048794747256700674
ensemble (top 15),0.03246438606231745,203,110,975,1,0.7571761055081458,0.24282389449185415,0.9950980392156863,0.10138248847926268,0.17232597623089982,0.990990990990991,1.1073655103066868,0.048351158645276116
ensemble (top 15),0.032690977268921416,203,111,974,1,0.756400310318076,0.24359968968192403,0.9950980392156863,0.10230414746543778,0.17247238742565846,0.9910714285714286,1.1085024358819504,0.04791556262144481
ensemble (top 15),0.03311395598749166,203,112,973,1,0.7556245151280062,0.2443754848719938,0.9950980392156863,0.1032258064516129,0.17261904761904762,0.9911504424778761,1.1096416984059811,0.04748774509803905
ensemble (top 15),0.033115752965949166,203,113,972,1,0.7548487199379363,0.24515128006206366,0.9950980392156863,0.10414746543778802,0.1727659574468085,0.9912280701754386,1.110783305091584,0.04706749956619799
ensemble (top 15),0.03325880605541437,203,114,971,1,0.7540729247478666,0.24592707525213342,0.9950980392156863,0.10506912442396313,0.17291311754684838,0.991304347826087,1.1119272631812767,0.046654626762985735
ensemble (top 15),0.03331541615852644,203,115,970,1,0.7532971295577967,0.2467028704422033,0.9950980392156863,0.10599078341013825,0.17306052855924978,0.9913793103448276,1.113073579947443,0.04624893435635107
ensemble (top 15),0.03350236927298288,203,116,969,1,0.752521334367727,0.24747866563227305,0.9950980392156863,0.10691244239631337,0.17320819112627986,0.9914529914529915,1.1142222626924867,0.045850236646382526
ensemble (top 15),0.03364282098857703,203,117,968,1,0.7517455391776571,0.24825446082234293,0.9950980392156863,0.10783410138248847,0.17335610589239966,0.9915254237288136,1.1153733187489872,0.04545835428188354
ensemble (top 15),0.03365533975684827,203,118,967,1,0.7509697439875873,0.2490302560124127,0.9950980392156863,0.10875576036866359,0.1735042735042735,0.9915966386554622,1.1165267554798548,0.0450731139913591
ensemble (top 15),0.033686364535395905,203,119,966,1,0.7501939487975174,0.24980605120248256,0.9950980392156863,0.10967741935483871,0.17365269461077845,0.9916666666666667,1.1176825802784882,0.044694348327566163
ensemble (top 15),0.03379332843093076,203,120,965,1,0.7494181536074477,0.2505818463925523,0.9950980392156863,0.11059907834101383,0.1738013698630137,0.9917355371900827,1.1188408005689323,0.044321895424836444
ensemble (top 15),0.033891113254414455,203,121,964,1,0.7486423584173778,0.2513576415826222,0.9950980392156863,0.11152073732718894,0.17395029991431019,0.9918032786885246,1.120001423806037,0.04395559876843284
ensemble (top 15),0.03399539561847513,203,122,963,1,0.747866563227308,0.25213343677269195,0.9950980392156863,0.11244239631336406,0.17409948542024015,0.991869918699187,1.1211644574756174,0.04359530697524896
ensemble (top 15),0.03403804258430122,203,123,962,1,0.7470907680372382,0.2529092319627618,0.9950980392156863,0.11336405529953918,0.1742489270386266,0.9919354838709677,1.122329909094615,0.043240873585206285
ensemble (top 15),0.03414724565530613,203,124,961,1,0.7463149728471683,0.2536850271528317,0.9950980392156863,0.11428571428571428,0.17439862542955326,0.992,1.1234977862112587,0.042892156862744946
ensemble (top 15),0.034275314135977016,203,125,960,1,0.7455391776570985,0.25446082234290146,0.9950980392156863,0.1152073732718894,0.17454858125537404,0.9920634920634921,1.124668096405229,0.042549019607842985
ensemble (top 15),0.034495232490422814,203,126,959,1,0.7447633824670287,0.25523661753297133,0.9950980392156863,0.11612903225806452,0.1746987951807229,0.9921259842519685,1.1258408472878203,0.042211328976034704
ensemble (top 15),0.034495407731409015,203,127,958,1,0.7439875872769589,0.2560124127230411,0.9950980392156863,0.11705069124423963,0.1748492678725237,0.9921875,1.1270160465021082,0.04187895630693207
ensemble (top 15),0.03449677521149263,203,128,957,1,0.743211792086889,0.25678820791311097,0.9950980392156863,0.11797235023041475,0.175,0.9922480620155039,1.1281937017231136,0.041551776960784166
ensemble (top 15),0.03461900821818271,203,129,956,1,0.7424359968968193,0.2575640031031807,0.9950980392156863,0.11889400921658987,0.17515099223468508,0.9923076923076923,1.1293738206579704,0.04122967016263855
ensemble (top 15),0.0346873988882542,203,130,955,1,0.7416602017067494,0.2583397982932506,0.9950980392156863,0.11981566820276497,0.17530224525043178,0.9923664122137404,1.130556411046094,0.04091251885369518
ensemble (top 15),0.03471596572583508,203,131,954,1,0.7408844065166796,0.25911559348332036,0.9950980392156863,0.12073732718894009,0.17545375972342264,0.9924242424242424,1.1317414806593495,0.0406002095494685
ensemble (top 15),0.03487593256382416,203,132,953,1,0.7401086113266098,0.25989138867339023,0.9950980392156863,0.12165898617511521,0.17560553633217993,0.9924812030075187,1.132929037302224,0.040292632204396765
ensemble (top 15),0.03495398757192785,203,133,952,1,0.73933281613654,0.26066718386346,0.9950980392156863,0.12258064516129032,0.17575757575757575,0.9925373134328358,1.1341190888119954,0.0399896800825592
ensemble (top 15),0.03530009795066964,203,134,951,1,0.7385570209464701,0.26144297905352987,0.9950980392156863,0.12350230414746544,0.17590987868284227,0.9925925925925926,1.135311643058906,0.03969124963418189
ensemble (top 15),0.035302079209517896,203,135,950,1,0.7377812257564003,0.26221877424359974,0.9950980392156863,0.12442396313364056,0.17606244579358196,0.9926470588235294,1.1365067079463365,0.03939724037763239
ensemble (top 15),0.03541114156481232,203,136,949,1,0.7370054305663305,0.2629945694336695,0.9950980392156863,0.12534562211981568,0.1762152777777778,0.9927007299270073,1.1377042914109796,0.03910755478662039
ensemble (top 15),0.03559171620188601,203,137,948,1,0.7362296353762606,0.2637703646237394,0.9950980392156863,0.12626728110599078,0.17636837532580366,0.9927536231884058,1.1389044014230165,0.03882209818233849
ensemble (top 15),0.03564900170176041,203,138,947,1,0.7354538401861909,0.26454615981380913,0.9950980392156863,0.1271889400921659,0.17652173913043478,0.9928057553956835,1.1401070459862932,0.038540778630292566
ensemble (top 15),0.035710224362996305,203,139,946,1,0.734678044996121,0.265321955003879,0.9950980392156863,0.12811059907834102,0.17667536988685814,0.9928571428571429,1.1413122331384986,0.038263506841585415
ensemble (top 15),0.03577251776959044,203,140,945,1,0.7339022498060512,0.26609775019394877,0.9950980392156863,0.12903225806451613,0.17682926829268292,0.9929078014184397,1.1425199709513436,0.03799019607843124
ensemble (top 15),0.03577537090088652,203,141,944,1,0.7331264546159814,0.26687354538401864,0.9950980392156863,0.12995391705069123,0.17698343504795117,0.9929577464788732,1.1437302675307413,0.03772076206369059
ensemble (top 15),0.03580046875533118,203,142,943,1,0.7323506594259116,0.2676493405740884,0.9950980392156863,0.13087557603686636,0.17713787085514834,0.993006993006993,1.144943131016988,0.03745512289422798
ensemble (top 15),0.035976806140506565,203,143,942,1,0.7315748642358417,0.2684251357641583,0.9950980392156863,0.13179723502304147,0.17729257641921398,0.9930555555555556,1.1461585695849466,0.03719319895790471
ensemble (top 15),0.0360607406819086,203,144,941,1,0.730799069045772,0.26920093095422803,0.9950980392156863,0.1327188940092166,0.17744755244755245,0.993103448275862,1.147376591444229,0.03693491285403037
ensemble (top 15),0.03620815835549301,203,145,940,1,0.7300232738557021,0.2699767261442979,0.9950980392156863,0.1336405529953917,0.17760279965004375,0.9931506849315068,1.1485972048393827,0.036680189317106024
ensemble (top 15),0.036286858020071575,203,146,939,1,0.7292474786656322,0.2707525213343678,0.9950980392156863,0.13456221198156681,0.1777583187390543,0.9931972789115646,1.1498204180500742,0.03642895514370119
ensemble (top 15),0.03644024622880074,203,147,938,1,0.7284716834755625,0.27152831652443754,0.9950980392156863,0.13548387096774195,0.17791411042944785,0.9932432432432432,1.151046239391279,0.036181139122315464
ensemble (top 15),0.0365175711658975,203,148,937,1,0.7276958882854926,0.2723041117145074,0.9950980392156863,0.13640552995391705,0.1780701754385965,0.9932885906040269,1.1522746772134682,0.035936671966083605
ensemble (top 15),0.03655230252577835,203,149,936,1,0.7269200930954228,0.2730799069045772,0.9950980392156863,0.13732718894009216,0.17822651448639157,0.9933333333333333,1.1535057399027988,0.035695486248190425
ensemble (top 15),0.03657804102501849,203,150,935,1,0.726144297905353,0.27385570209464705,0.9950980392156863,0.1382488479262673,0.17838312829525482,0.9933774834437086,1.1547394358813046,0.035457516339869155
ensemble (top 15),0.03684829609312166,203,151,934,1,0.7253685027152832,0.2746314972847168,0.9950980392156863,0.1391705069124424,0.1785400175901495,0.993421052631579,1.1559757736070873,0.0352226983508634
ensemble (top 15),0.0370268200980874,203,152,933,1,0.7245927075252133,0.2754072924747867,0.9950980392156863,0.1400921658986175,0.17869718309859156,0.9934640522875817,1.1572147615745119,0.0349909700722393
ensemble (top 15),0.037290650455955095,203,153,932,1,0.7238169123351436,0.27618308766485644,0.9950980392156863,0.14101382488479264,0.17885462555066078,0.9935064935064936,1.1584564083143987,0.034762270921440346
ensemble (top 15),0.03749260870414173,203,154,931,1,0.7230411171450737,0.2769588828549263,0.9950980392156863,0.14193548387096774,0.17901234567901234,0.9935483870967742,1.1597007223942208,0.03453654188948294
ensemble (top 15),0.037721188487239536,203,155,930,1,0.7222653219550039,0.2777346780449961,0.9950980392156863,0.14285714285714285,0.17917034421888792,0.9935897435897436,1.1609477124183005,0.034313725490195957
ensemble (top 15),0.03772275147060961,203,156,929,1,0.721489526764934,0.27851047323506595,0.9950980392156863,0.14377880184331798,0.1793286219081272,0.9936305732484076,1.1621973870280082,0.03409376571141265
ensemble (top 15),0.03776959239639372,202,156,929,2,0.7222653219550039,0.2777346780449961,0.9901960784313726,0.14377880184331798,0.1786030061892131,0.9873417721518988,1.156472276747082,0.0681875314228253
ensemble (top 15),0.038000637105547685,202,157,928,2,0.721489526764934,0.27851047323506595,0.9901960784313726,0.1447004608294931,0.17876106194690267,0.9874213836477987,1.157718475321163,0.06775321593605571
ensemble (top 15),0.03805705255095907,202,158,927,2,0.7207137315748642,0.2792862684251358,0.9901960784313726,0.1456221198156682,0.17891939769707707,0.9875,1.1589673625653065,0.06732439811367562
ensemble (top 15),0.03835592291707893,202,159,926,2,0.7199379363847944,0.2800620636152056,0.9901960784313726,0.14654377880184333,0.17907801418439717,0.9875776397515528,1.1602189471901072,0.06690097422616821
ensemble (top 15),0.038384204042502486,202,160,925,2,0.7191621411947245,0.28083785880527545,0.9901960784313726,0.14746543778801843,0.17923691215616683,0.9876543209876543,1.1614732379438262,0.06648284313725467
ensemble (top 15),0.03849527594101245,202,161,924,2,0.7183863460046548,0.2816136539953452,0.9901960784313726,0.14838709677419354,0.17939609236234458,0.9877300613496932,1.1627302436125966,0.06606990622335868
ensemble (top 15),0.03854817946793008,202,162,923,2,0.7176105508145849,0.2823894491854151,0.9901960784313726,0.14930875576036867,0.17955555555555555,0.9878048780487805,1.1639899730206276,0.06566206729605399
ensemble (top 15),0.03856031650308659,202,163,922,2,0.7168347556245152,0.28316524437548485,0.9901960784313726,0.15023041474654378,0.1797153024911032,0.9878787878787879,1.1652524350304112,0.06525923252736654
ensemble (top 15),0.03860672730449785,202,164,921,2,0.7160589604344453,0.2839410395655547,0.9901960784313726,0.15115207373271888,0.1798753339269813,0.9879518072289156,1.1665176385429308,0.06486131037780943
ensemble (top 15),0.03874397409281257,202,165,920,2,0.7152831652443755,0.2847168347556245,0.9901960784313726,0.15207373271889402,0.1800356506238859,0.9880239520958084,1.1677855924978688,0.06446821152703483
ensemble (top 15),0.03884092759331934,202,166,919,2,0.7145073700543056,0.28549262994569435,0.9901960784313726,0.15299539170506912,0.1801962533452275,0.9880952380952381,1.1690563058738186,0.06407984880699245
ensemble (top 15),0.03885275301852042,202,167,918,2,0.7137315748642359,0.2862684251357641,0.9901960784313726,0.15391705069124423,0.18035714285714285,0.9881656804733728,1.170329787688496,0.0636961371374895
ensemble (top 15),0.03886057570383954,202,168,917,2,0.712955779674166,0.287044220325834,0.9901960784313726,0.15483870967741936,0.1805183199285076,0.9882352941176471,1.1716060469989522,0.06331699346405206
ensemble (top 15),0.03886658116575094,202,169,916,2,0.7121799844840963,0.28782001551590375,0.9901960784313726,0.15576036866359447,0.1806797853309481,0.9883040935672515,1.1728850929017895,0.06294233669799258
ensemble (top 15),0.038899032161630466,202,170,915,2,0.7114041892940264,0.2885958107059736,0.9901960784313726,0.15668202764976957,0.18084153983885407,0.9883720930232558,1.1741669345333763,0.06257208765859264
ensemble (top 15),0.03891087188970629,202,171,914,2,0.7106283941039565,0.2893716058960435,0.9901960784313726,0.1576036866359447,0.18100358422939067,0.9884393063583815,1.1754515810700648,0.0622061690173143
ensemble (top 15),0.03894105712803509,202,172,913,2,0.7098525989138867,0.29014740108611325,0.9901960784313726,0.1585253456221198,0.18116591928251122,0.9885057471264368,1.1767390417284112,0.06184450524395783
ensemble (top 15),0.038946404049223206,202,173,912,2,0.7090768037238169,0.2909231962761831,0.9901960784313726,0.15944700460829492,0.1813285457809695,0.9885714285714285,1.178029325765394,0.0614870225546864
ensemble (top 15),0.03908459988902513,202,174,911,2,0.7083010085337471,0.2916989914662529,0.9901960784313726,0.16036866359447005,0.18149146451033243,0.9886363636363636,1.1793224424786382,0.061133648861843366
ensemble (top 15),0.03910626779774276,202,175,910,2,0.7075252133436772,0.29247478665632276,0.9901960784313726,0.16129032258064516,0.18165467625899281,0.9887005649717514,1.1806184012066365,0.06078431372548998
ensemble (top 15),0.03937275032137368,202,176,909,2,0.7067494181536075,0.2932505818463925,0.9901960784313726,0.1622119815668203,0.18181818181818182,0.9887640449438202,1.181917211328976,0.060438948306595144
ensemble (top 15),0.03949040213122059,202,177,908,2,0.7059736229635376,0.2940263770364624,0.9901960784313726,0.1631336405529954,0.18198198198198198,0.9888268156424581,1.183218882266563,0.060097485321812125
ensemble (top 15),0.039616330435455954,202,178,907,2,0.7051978277734678,0.29480217222653216,0.9901960784313726,0.1640552995391705,0.18214607754733994,0.9888888888888889,1.1845234234818516,0.059759858999779474
ensemble (top 15),0.039714524785113066,202,179,906,2,0.704422032583398,0.295577967416602,0.9901960784313726,0.16497695852534563,0.18231046931407943,0.988950276243094,1.1858308444790722,0.05942600503888685
ensemble (top 15),0.03980131513309286,202,180,905,2,0.7036462373933282,0.2963537626066718,0.9901960784313726,0.16589861751152074,0.18247515808491419,0.989010989010989,1.1871411548044633,0.05909586056644859
ensemble (top 15),0.03984560626153855,202,181,904,2,0.7028704422032583,0.29712955779674166,0.9901960784313726,0.16682027649769585,0.18264014466546113,0.9890710382513661,1.1884543640465035,0.05876936409923065
ensemble (top 15),0.039875308620068876,202,182,903,2,0.7020946470131885,0.29790535298681153,0.9901960784313726,0.16774193548387098,0.18280542986425338,0.9891304347826086,1.1897704818361454,0.05844645550527882
ensemble (top 15),0.04004845677688577,202,183,902,2,0.7013188518231187,0.2986811481768813,0.9901960784313726,0.16866359447004609,0.18297101449275363,0.9891891891891892,1.1910895178470502,0.05812707596699861
ensemble (top 15),0.04015830511423905,202,184,901,2,0.7005430566330488,0.29945694336695117,0.9901960784313726,0.1695852534562212,0.18313689936536717,0.989247311827957,1.192411481795826,0.05781116794543884
ensemble (top 15),0.04025127672343147,202,185,900,2,0.6997672614429791,0.30023273855702093,0.9901960784313726,0.17050691244239632,0.18330308529945555,0.9893048128342246,1.1937363834422658,0.057498675145733764
ensemble (top 15),0.04032453865756614,202,186,899,2,0.6989914662529092,0.3010085337470908,0.9901960784313726,0.17142857142857143,0.18346957311534967,0.9893617021276596,1.1950642325895877,0.05718954248365993
ensemble (top 15),0.0404304043356218,202,187,898,2,0.6982156710628394,0.30178432893716056,0.9901960784313726,0.17235023041474654,0.18363636363636363,0.9894179894179894,1.1963950390846763,0.056883716053266024
ensemble (top 15),0.040445483177380705,202,188,897,2,0.6974398758727696,0.30256012412723043,0.9901960784313726,0.17327188940092167,0.18380345768880801,0.9894736842105263,1.197728812818327,0.056581143095535885
ensemble (top 15),0.04055494308635054,202,189,896,2,0.6966640806826998,0.3033359193173002,0.9901960784313726,0.17419354838709677,0.18397085610200364,0.9895287958115183,1.1990655637254903,0.056281771968046276
ensemble (top 15),0.04056944828098695,202,190,895,2,0.6958882854926299,0.30411171450737007,0.9901960784313726,0.17511520737327188,0.18413855970829535,0.9895833333333334,1.2004053017855187,0.05598555211558288
ensemble (top 15),0.040646812189661916,202,191,894,2,0.6951124903025602,0.30488750969743983,0.9901960784313726,0.17603686635944701,0.1843065693430657,0.9896373056994818,1.2017480370224154,0.0556924340416793
ensemble (top 15),0.04071560880087393,202,192,893,2,0.6943366951124903,0.3056633048875097,0.9901960784313726,0.17695852534562212,0.18447488584474886,0.9896907216494846,1.2030937795050831,0.055402369281045555
ensemble (top 15),0.04087455502055233,202,193,892,2,0.6935608999224204,0.3064391000775796,0.9901960784313726,0.17788018433179723,0.1846435100548446,0.9897435897435898,1.2044425393475775,0.05511531037285361
ensemble (top 15),0.040945511236337356,202,194,891,2,0.6927851047323507,0.30721489526764933,0.9901960784313726,0.17880184331797236,0.1848124428179323,0.9897959183673469,1.2057943267093594,0.05483121083484921
ensemble (top 15),0.04099253485631576,202,195,890,2,0.6920093095422808,0.3079906904577192,0.9901960784313726,0.17972350230414746,0.184981684981685,0.9898477157360406,1.2071491517955497,0.05455002513826024
ensemble (top 15),0.04107274216647941,202,196,889,2,0.691233514352211,0.30876648564778897,0.9901960784313726,0.18064516129032257,0.1851512373968836,0.98989898989899,1.208507024857187,0.0542717086834732
ensemble (top 15),0.04117181101777424,202,197,888,2,0.6904577191621412,0.30954228083785884,0.9901960784313726,0.1815668202764977,0.1853211009174312,0.9899497487437185,1.2098679561914858,0.053996217776450486
ensemble (top 15),0.04124591049320702,202,198,887,2,0.6896819239720714,0.3103180760279286,0.9901960784313726,0.1824884792626728,0.1854912764003673,0.99,1.2112319561420961,0.053723509605862356
ensemble (top 15),0.04129517509678967,202,199,886,2,0.6889061287820015,0.3110938712179985,0.9901960784313726,0.18341013824884791,0.18566176470588236,0.9900497512437811,1.212599035099367,0.05345354222090828
ensemble (top 15),0.04131572799423491,202,200,885,2,0.6881303335919318,0.31186966640806824,0.9901960784313726,0.18433179723502305,0.1858325666973321,0.9900990099009901,1.2139692035006093,0.05318627450980373
ensemble (top 15),0.041502450463062106,202,201,884,2,0.6873545384018619,0.3126454615981381,0.9901960784313726,0.18525345622119815,0.1860036832412523,0.9901477832512315,1.2153424718303611,0.052921666178909185
ensemble (top 15),0.04165707674415205,202,202,883,2,0.6865787432117921,0.31342125678820787,0.9901960784313726,0.18617511520737326,0.18617511520737326,0.9901960784313726,1.216718850620656,0.05265967773247895
ensemble (top 15),0.041733395834257864,202,203,882,2,0.6858029480217223,0.31419705197827774,0.9901960784313726,0.1870967741935484,0.1863468634686347,0.9902439024390244,1.2180983504512917,0.0524002704530086
ensemble (top 15),0.04174111884889276,202,204,881,2,0.6850271528316525,0.3149728471683475,0.9901960784313726,0.1880184331797235,0.18651892890120036,0.9902912621359223,1.2194809819501011,0.05214340638216052
ensemble (top 15),0.041921049864603814,202,205,880,2,0.6842513576415826,0.3157486423584174,0.9901960784313726,0.1889400921658986,0.1866913123844732,0.9903381642512077,1.2208667557932265,0.05188904830224755
ensemble (top 15),0.041940449470897916,202,206,879,2,0.6834755624515128,0.31652443754848725,0.9901960784313726,0.18986175115207374,0.1868640148011101,0.9903846153846154,1.2222556827053916,0.05163715971825605
ensemble (top 15),0.04210787304207215,202,207,878,2,0.682699767261443,0.317300232738557,0.9901960784313726,0.19078341013824884,0.18703703703703703,0.9904306220095693,1.2236477734601814,0.05138770484039008
ensemble (top 15),0.042195684361309126,202,208,877,2,0.6819239720713731,0.3180760279286269,0.9901960784313726,0.19170506912442398,0.1872103799814643,0.9904761904761905,1.2250430388803184,0.05114064856711897
ensemble (top 15),0.042490441035447225,202,209,876,2,0.6811481768813034,0.31885182311869664,0.9901960784313726,0.19262672811059908,0.18738404452690166,0.990521327014218,1.2264414898379443,0.05089595646871171
ensemble (top 15),0.04252092077594364,202,210,875,2,0.6803723816912335,0.3196276183087665,0.9901960784313726,0.1935483870967742,0.18755803156917364,0.9905660377358491,1.2278431372549021,0.05065359477124165
ensemble (top 15),0.04270649423174749,202,211,874,2,0.6795965865011637,0.3204034134988363,0.9901960784313726,0.19447004608294932,0.18773234200743494,0.9906103286384976,1.22924799210302,0.05041353034104619
ensemble (top 15),0.04282691601753561,202,212,873,2,0.6788207913110939,0.32117920868890615,0.9901960784313726,0.19539170506912443,0.18790697674418605,0.9906542056074766,1.2306560654043976,0.05017573066962616
ensemble (top 15),0.04283722566199387,202,213,872,2,0.6780449961210241,0.3219550038789759,0.9901960784313726,0.19631336405529953,0.18808193668528864,0.9906976744186047,1.2320673682316965,0.04994016385897064
ensemble (top 15),0.04283791058739116,202,214,871,2,0.6772692009309542,0.3227307990690458,0.9901960784313726,0.19723502304147467,0.18825722273998136,0.9907407407407407,1.2334819117084264,0.049706798607293205
ensemble (top 15),0.04310954923888213,202,215,870,2,0.6764934057408845,0.32350659425911554,0.9901960784313726,0.19815668202764977,0.1884328358208955,0.9907834101382489,1.2348997070092407,0.049475604195166265
ensemble (top 15),0.04314015687876964,202,216,869,2,0.6757176105508146,0.3242823894491854,0.9901960784313726,0.19907834101382488,0.18860877684407096,0.9908256880733946,1.2363207653602293,0.0492465504720405
ensemble (top 15),0.04324892621528978,202,217,868,2,0.6749418153607447,0.3250581846392553,0.9901960784313726,0.2,0.18878504672897195,0.9908675799086758,1.2377450980392157,0.04901960784313708
ensemble (top 15),0.0435111880303981,202,218,867,2,0.674166020170675,0.32583397982932505,0.9901960784313726,0.20092165898617512,0.18896164639850327,0.990909090909091,1.2391727163760544,0.048794747256700674
ensemble (top 15),0.043540865984049784,202,219,866,2,0.6733902249806051,0.3266097750193949,0.9901960784313726,0.20184331797235022,0.1891385767790262,0.9909502262443439,1.240603631752932,0.04857194019160158
ensemble (top 15),0.04394557558743551,202,220,865,2,0.6726144297905353,0.3273855702094647,0.9901960784313726,0.20276497695852536,0.1893158388003749,0.990990990990991,1.2420378556046696,0.048351158645276116
ensemble (top 15),0.04399818075219508,202,221,864,2,0.6718386346004654,0.32816136539953455,0.9901960784313726,0.20368663594470046,0.1894934333958724,0.9910313901345291,1.2434753994190269,0.04813237512199433
ensemble (top 15),0.044096062776462025,202,222,863,2,0.6710628394103957,0.3289371605896043,0.9901960784313726,0.20460829493087557,0.18967136150234742,0.9910714285714286,1.2449162747370097,0.04791556262144481
ensemble (top 15),0.044109609240303015,202,223,862,2,0.6702870442203258,0.3297129557796742,0.9901960784313726,0.2055299539170507,0.18984962406015038,0.9911111111111112,1.246360493153178,0.04770069462762666
ensemble (top 15),0.0444952371237801,202,224,861,2,0.669511249030256,0.33048875096974395,0.9901960784313726,0.2064516129032258,0.19002822201317027,0.9911504424778761,1.2478080663159572,0.04748774509803905
ensemble (top 15),0.04491577062680197,202,225,860,2,0.6687354538401862,0.3312645461598138,0.9901960784313726,0.2073732718894009,0.1902071563088512,0.9911894273127754,1.2492590059279527,0.047276688453158876
ensemble (top 15),0.04503032611568955,202,226,859,2,0.6679596586501164,0.3320403413498836,0.9901960784313726,0.20829493087557605,0.19038642789820923,0.9912280701754386,1.2507133237462622,0.04706749956619799
ensemble (top 15),0.045054860944763866,202,227,858,2,0.6671838634600465,0.33281613653995346,0.9901960784313726,0.20921658986175115,0.19056603773584907,0.9912663755458515,1.2521710315827963,0.046860153753131045
ensemble (top 15),0.04505754070918588,202,228,857,2,0.6664080682699767,0.33359193173002333,0.9901960784313726,0.21013824884792626,0.1907459867799811,0.991304347826087,1.2536321413045965,0.046654626762985735
ensemble (top 15),0.045154139031946025,202,229,856,2,0.6656322730799069,0.3343677269200931,0.9901960784313726,0.2110599078341014,0.19092627599243855,0.9913419913419913,1.255096664834158,0.04645089476838754
ensemble (top 15),0.045188890943089643,202,230,855,2,0.664856477889837,0.33514352211016296,0.9901960784313726,0.2119815668202765,0.19110690633869443,0.9913793103448276,1.2565646141497535,0.04624893435635107
ensemble (top 15),0.04528838255929181,202,231,854,2,0.6640806826997673,0.3359193173002327,0.9901960784313726,0.2129032258064516,0.19128787878787878,0.9914163090128756,1.2580360012857603,0.046048722519310595
ensemble (top 15),0.04533136464484173,202,232,853,2,0.6633048875096974,0.3366951124903026,0.9901960784313726,0.21382488479262673,0.19146919431279621,0.9914529914529915,1.2595108383329885,0.045850236646382526
ensemble (top 15),0.04535602374572692,202,233,852,2,0.6625290923196276,0.33747090768037236,0.9901960784313726,0.21474654377880184,0.19165085388994307,0.9914893617021276,1.2609891374390132,0.04565345451485299
ensemble (top 15),0.04541840818110849,202,234,851,2,0.6617532971295578,0.33824670287044223,0.9901960784313726,0.21566820276497695,0.19183285849952517,0.9915254237288136,1.2624709108085068,0.04545835428188354
ensemble (top 15),0.04555683652918554,202,235,850,2,0.660977501939488,0.339022498060512,0.9901960784313726,0.21658986175115208,0.1920152091254753,0.9915611814345991,1.2639561707035758,0.045264914476428705
ensemble (top 15),0.04558889825758117,202,236,849,2,0.6602017067494181,0.33979829325058186,0.9901960784313726,0.21751152073732719,0.192197906755471,0.9915966386554622,1.265444929444098,0.0450731139913591
ensemble (top 15),0.04592679155703936,202,237,848,2,0.6594259115593484,0.3405740884406516,0.9901960784313726,0.2184331797235023,0.19238095238095237,0.9916317991631799,1.2669371994080652,0.04488293207578374
ensemble (top 15),0.046039551764209784,202,238,847,2,0.6586501163692785,0.3413498836307215,0.9901960784313726,0.21935483870967742,0.19256434699714015,0.9916666666666667,1.2684329930319236,0.044694348327566163
ensemble (top 15),0.046079687678869566,202,239,846,2,0.6578743211792087,0.34212567882079126,0.9901960784313726,0.22027649769585253,0.19274809160305342,0.991701244813278,1.2699323228109212,0.044507342686028226
ensemble (top 15),0.046101130060063486,202,240,845,2,0.6570985259891389,0.34290147401086113,0.9901960784313726,0.22119815668202766,0.1929321872015282,0.9917355371900827,1.2714352012994548,0.044321895424836444
ensemble (top 15),0.04610809866865264,202,241,844,2,0.656322730799069,0.343677269200931,0.9901960784313726,0.22211981566820277,0.1931166347992352,0.9917695473251029,1.272941641111421,0.04413798714506534
ensemble (top 15),0.04615236002141878,202,242,843,2,0.6555469356089992,0.34445306439100076,0.9901960784313726,0.22304147465437787,0.19330143540669856,0.9918032786885246,1.2744516549205684,0.04395559876843284
ensemble (top 15),0.046273325224608024,202,243,842,2,0.6547711404189294,0.34522885958107064,0.9901960784313726,0.223963133640553,0.19348659003831417,0.9918367346938776,1.2759652554608543,0.043774711530702656
ensemble (top 15),0.046654234745328114,202,244,841,2,0.6539953452288596,0.3460046547711404,0.9901960784313726,0.2248847926267281,0.19367209971236818,0.991869918699187,1.2774824555268005,0.04359530697524896
ensemble (top 15),0.046712576283109576,202,245,840,2,0.6532195500387897,0.34678044996121027,0.9901960784313726,0.22580645161290322,0.19385796545105566,0.9919028340080972,1.2790032679738563,0.04341736694677856
ensemble (top 15),0.04676873444604899,202,246,839,2,0.65244375484872,0.34755624515128003,0.9901960784313726,0.22672811059907835,0.19404418828049952,0.9919354838709677,1.2805277057187596,0.043240873585206285
ensemble (top 15),0.04693430951978019,202,247,838,2,0.6516679596586501,0.3483320403413499,0.9901960784313726,0.22764976958525346,0.19423076923076923,0.9919678714859438,1.2820557817399036,0.043065809319679134
ensemble (top 15),0.04700401756568814,202,248,837,2,0.6508921644685803,0.34910783553141966,0.9901960784313726,0.22857142857142856,0.1944177093358999,0.992,1.2835875090777051,0.042892156862744946
ensemble (top 15),0.04700924107056946,202,249,836,2,0.6501163692785105,0.34988363072148954,0.9901960784313726,0.2294930875576037,0.19460500963391136,0.9920318725099602,1.2851229008349752,0.042719899204661634
ensemble (top 15),0.047016754435637576,202,250,835,2,0.6493405740884407,0.3506594259115593,0.9901960784313726,0.2304147465437788,0.19479267116682739,0.9920634920634921,1.2866619701772926,0.042549019607842985
ensemble (top 15),0.047045713142409386,202,251,834,2,0.6485647788983708,0.35143522110162917,0.9901960784313726,0.2313364055299539,0.19498069498069498,0.9920948616600791,1.2882047303333803,0.04237950160143724
ensemble (top 15),0.047112864281065384,202,252,833,2,0.647788983708301,0.35221101629169904,0.9901960784313726,0.23225806451612904,0.19516908212560385,0.9921259842519685,1.2897511945954854,0.042211328976034704
ensemble (top 15),0.047124836494695205,202,253,832,2,0.6470131885182312,0.3529868114817688,0.9901960784313726,0.23317972350230415,0.195357833655706,0.9921568627450981,1.2913013763197587,0.04204448577850097
ensemble (top 15),0.04726198158458368,202,254,831,2,0.6462373933281613,0.3537626066718387,0.9901960784313726,0.23410138248847925,0.19554695062923524,0.9921875,1.2928552889266416,0.04187895630693207
ensemble (top 15),0.047291353016411505,202,255,830,2,0.6454615981380916,0.35453840186190844,0.9901960784313726,0.2350230414746544,0.19573643410852712,0.9922178988326849,1.294412945901252,0.04171472510572841
ensemble (top 15),0.04737607801379979,202,256,829,2,0.6446858029480217,0.3553141970519783,0.9901960784313726,0.2359447004608295,0.1959262851600388,0.9922480620155039,1.2959743607937748,0.041551776960784166
ensemble (top 15),0.04740292780452442,202,257,828,2,0.6439100077579519,0.35608999224204807,0.9901960784313726,0.2368663594470046,0.19611650485436893,0.9922779922779923,1.297539547219854,0.0413900968947889
ensemble (top 15),0.047418849541635555,202,258,827,2,0.6431342125678821,0.35686578743211794,0.9901960784313726,0.23778801843317973,0.19630709426627793,0.9923076923076923,1.2991085188609908,0.04122967016263855
ensemble (top 15),0.0474202631459918,202,259,826,2,0.6423584173778123,0.3576415826221877,0.9901960784313726,0.23870967741935484,0.19649805447470817,0.9923371647509579,1.3006812894649387,0.04107048224695269
ensemble (top 15),0.047424332972082164,202,260,825,2,0.6415826221877424,0.3584173778122576,0.9901960784313726,0.23963133640552994,0.1966893865628043,0.9923664122137404,1.302257872846108,0.04091251885369518
ensemble (top 15),0.04749129686954148,202,261,824,2,0.6408068269976727,0.35919317300232734,0.9901960784313726,0.24055299539170508,0.1968810916179337,0.9923954372623575,1.30383828288597,0.04075576590789558
ensemble (top 15),0.04749162447833231,202,262,823,2,0.6400310318076028,0.3599689681923972,0.9901960784313726,0.24147465437788018,0.19707317073170733,0.9924242424242424,1.305422533533462,0.0406002095494685
ensemble (top 15),0.04758090075131095,202,263,822,2,0.6392552366175329,0.3607447633824671,0.9901960784313726,0.2423963133640553,0.197265625,0.9924528301886792,1.3070106388054006,0.04044583612912832
ensemble (top 15),0.04772494245226635,202,264,821,2,0.6384794414274632,0.36152055857253684,0.9901960784313726,0.24331797235023042,0.19745845552297164,0.9924812030075187,1.3086026127868933,0.040292632204396765
ensemble (top 15),0.047805215553226914,202,265,820,2,0.6377036462373933,0.3622963537626067,0.9901960784313726,0.24423963133640553,0.19765166340508805,0.9925093632958801,1.310198469631755,0.04014058453570093
ensemble (top 15),0.04793084729897605,202,266,819,2,0.6369278510473235,0.3630721489526765,0.9901960784313726,0.24516129032258063,0.197845249755142,0.9925373134328358,1.3117982235629295,0.0399896800825592
ensemble (top 15),0.04798787123231385,202,267,818,2,0.6361520558572537,0.36384794414274635,0.9901960784313726,0.24608294930875577,0.1980392156862745,0.9925650557620818,1.3134018888729087,0.03983990599985298
ensemble (top 15),0.04816819432091198,202,268,817,2,0.6353762606671839,0.3646237393328161,0.9901960784313726,0.24700460829493087,0.19823356231599606,0.9925925925925926,1.3150094799241607,0.03969124963418189
ensemble (top 15),0.048202505788586855,202,269,816,2,0.634600465477114,0.365399534522886,0.9901960784313726,0.24792626728110598,0.19842829076620824,0.992619926199262,1.316621011149558,0.03954369852030017
ensemble (top 15),0.048350349379216985,202,270,815,2,0.6338246702870443,0.36617532971295574,0.9901960784313726,0.2488479262672811,0.19862340216322516,0.9926470588235294,1.3182364970528089,0.03939724037763239
ensemble (top 15),0.0483890157341543,202,271,814,2,0.6330488750969744,0.3669511249030256,0.9901960784313726,0.24976958525345622,0.19881889763779528,0.9926739926739927,1.3198559522088935,0.03925186310686622
ensemble (top 15),0.04846688082554121,202,272,813,2,0.6322730799069046,0.3677269200930954,0.9901960784313726,0.25069124423963135,0.19901477832512315,0.9927007299270073,1.321479391264501,0.03910755478662039
ensemble (top 15),0.04854276994386167,202,273,812,2,0.6314972847168348,0.36850271528316525,0.9901960784313726,0.25161290322580643,0.1992110453648915,0.9927272727272727,1.323106828938472,0.03896430367018589
ensemble (top 15),0.04869342670306933,202,274,811,2,0.630721489526765,0.369278510473235,0.9901960784313726,0.25253456221198156,0.19940769990128332,0.9927536231884058,1.3247382800222431,0.03882209818233849
ensemble (top 15),0.048695331266654866,202,275,810,2,0.6299456943366951,0.3700543056633049,0.9901960784313726,0.2534562211981567,0.19960474308300397,0.9927797833935018,1.3263737593802953,0.038680926916220895
ensemble (top 15),0.04869580609281207,202,276,809,2,0.6291698991466252,0.37083010085337476,0.9901960784313726,0.2543778801843318,0.19980217606330367,0.9928057553956835,1.3280132819506045,0.038540778630292566
ensemble (top 15),0.04909875241564565,202,277,808,2,0.6283941039565555,0.3716058960434445,0.9901960784313726,0.2552995391705069,0.2,0.992831541218638,1.329656862745098,0.03840164224534565
ensemble (top 15),0.0491120384137544,202,278,807,2,0.6276183087664856,0.3723816912335144,0.9901960784313726,0.25622119815668204,0.2001982160555005,0.9928571428571429,1.3313045168501105,0.038263506841585415
ensemble (top 15),0.049196487488760085,202,279,806,2,0.6268425135764158,0.37315748642358415,0.9901960784313726,0.2571428571428571,0.2003968253968254,0.9928825622775801,1.3329562594268476,0.03812636165577329
ensemble (top 15),0.04941644435311432,202,280,805,2,0.626066718386346,0.373933281613654,0.9901960784313726,0.25806451612903225,0.2005958291956306,0.9929078014184397,1.33461210571185,0.03799019607843124
ensemble (top 15),0.049418751783484274,202,281,804,2,0.6252909231962762,0.3747090768037238,0.9901960784313726,0.2589861751152074,0.20079522862823063,0.9929328621908127,1.3362720710174618,0.03785499965110586
ensemble (top 15),0.049428174435869714,202,282,803,2,0.6245151280062063,0.37548487199379366,0.9901960784313726,0.25990783410138246,0.2009950248756219,0.9929577464788732,1.337936170732303,0.03772076206369059
ensemble (top 15),0.049538348742933516,202,283,802,2,0.6237393328161366,0.3762606671838634,0.9901960784313726,0.2608294930875576,0.20119521912350596,0.9929824561403509,1.3396044203217448,0.03758747315180476
ensemble (top 15),0.049538758515683186,202,284,801,2,0.6229635376260667,0.3770364623739333,0.9901960784313726,0.26175115207373273,0.20139581256231306,0.993006993006993,1.3412768353283886,0.03745512289422798
ensemble (top 15),0.049617259503369454,202,285,800,2,0.622187742435997,0.37781225756400305,0.9901960784313726,0.2626728110599078,0.20159680638722555,0.9930313588850174,1.342953431372549,0.037323701410388585
ensemble (top 15),0.0496253399901101,202,286,799,2,0.6214119472459271,0.3785880527540729,0.9901960784313726,0.26359447004608294,0.2017982017982018,0.9930555555555556,1.34463422415274,0.03719319895790471
ensemble (top 15),0.04982147967177819,202,287,798,2,0.6206361520558572,0.3793638479441428,0.9901960784313726,0.2645161290322581,0.202,0.9930795847750865,1.3463192294461646,0.03706360593017682
ensemble (top 15),0.04993245585079311,202,288,797,2,0.6198603568657874,0.38013964313421256,0.9901960784313726,0.2654377880184332,0.2022022022022022,0.993103448275862,1.3480084631092086,0.03693491285403037
ensemble (top 15),0.05011004655277341,202,289,796,2,0.6190845616757176,0.38091543832428243,0.9901960784313726,0.2663594470046083,0.20240480961923848,0.993127147766323,1.3497019410779387,0.03680711038740743
ensemble (top 15),0.050142042366579584,202,290,795,2,0.6183087664856478,0.3816912335143522,0.9901960784313726,0.2672811059907834,0.20260782347041123,0.9931506849315068,1.3513996793686027,0.036680189317106024
ensemble (top 15),0.05020408108318906,202,291,794,2,0.6175329712955779,0.38246702870442206,0.9901960784313726,0.26820276497695855,0.20281124497991967,0.9931740614334471,1.353101694078135,0.03655414055656613
ensemble (top 15),0.05026945625976066,202,292,793,2,0.6167571761055082,0.3832428238944918,0.9901960784313726,0.26912442396313363,0.20301507537688443,0.9931972789115646,1.3548080013846648,0.03642895514370119
ensemble (top 15),0.0502923278559535,202,293,792,2,0.6159813809154383,0.3840186190845617,0.9901960784313726,0.27004608294930876,0.20321931589537223,0.9932203389830508,1.3565186175480293,0.036304624238773876
ensemble (top 15),0.0502926137814038,202,294,791,2,0.6152055857253685,0.38479441427463146,0.9901960784313726,0.2709677419354839,0.20342396777442096,0.9932432432432432,1.3582335589102899,0.036181139122315464
ensemble (top 15),0.050490483655555814,202,295,790,2,0.6144297905352987,0.38557020946470133,0.9901960784313726,0.271889400921659,0.20362903225806453,0.9932659932659933,1.3599528418962523,0.03605849119308728
ensemble (top 15),0.05049775028066797,202,296,789,2,0.6136539953452289,0.3863460046547711,0.9901960784313726,0.2728110599078341,0.20383451059535823,0.9932885906040269,1.3616764830139916,0.035936671966083605
ensemble (top 15),0.050929872217198226,202,297,788,2,0.612878200155159,0.38712179984484096,0.9901960784313726,0.27373271889400924,0.20404040404040405,0.9933110367892977,1.36340449885538,0.0358156730705749
ensemble (top 15),0.05101646940356133,202,298,787,2,0.6121024049650892,0.38789759503491084,0.9901960784313726,0.2746543778801843,0.20424671385237614,0.9933333333333333,1.3651369060966192,0.035695486248190425
ensemble (top 15),0.051062481777867076,202,299,786,2,0.6113266097750194,0.3886733902249806,0.9901960784313726,0.27557603686635945,0.20445344129554655,0.9933554817275747,1.3668737214987776,0.035576103351039286
ensemble (top 15),0.051236995573404956,202,300,785,2,0.6105508145849495,0.38944918541505047,0.9901960784313726,0.2764976958525346,0.20466058763931105,0.9933774834437086,1.3686149619083303,0.035457516339869155
ensemble (top 15),0.05131750469871233,202,301,784,2,0.6097750193948798,0.39022498060512023,0.9901960784313726,0.27741935483870966,0.20486815415821502,0.9933993399339934,1.370360644257703,0.035339717282261617
ensemble (top 15),0.051454429601238805,202,302,783,2,0.6089992242048099,0.3910007757951901,0.9901960784313726,0.2783410138248848,0.2050761421319797,0.993421052631579,1.3721107855658228,0.0352226983508634
ensemble (top 15),0.05157681998123182,201,302,783,3,0.6097750193948798,0.39022498060512023,0.9852941176470589,0.2783410138248848,0.20426829268292682,0.9901639344262295,1.3653181579145068,0.0528340475262951
ensemble (top 15),0.051886996435985905,201,303,782,3,0.6089992242048099,0.3910007757951901,0.9852941176470589,0.27926267281105993,0.20447609359104782,0.9901960784313726,1.367064089062735,0.05265967773247894
ensemble (top 15),0.051913370253210266,201,304,781,3,0.6082234290147401,0.39177657098525986,0.9852941176470589,0.280184331797235,0.20468431771894094,0.990228013029316,1.3688144912254274,0.05248645510835895
ensemble (top 15),0.05204744434111496,201,305,780,3,0.6074476338246703,0.39255236617532974,0.9852941176470589,0.28110599078341014,0.20489296636085627,0.9902597402597403,1.3705693815987934,0.05231436837029875
ensemble (top 15),0.052190842562839374,201,306,779,3,0.6066718386346005,0.3933281613653995,0.9852941176470589,0.2820276497695853,0.20510204081632652,0.9902912621359223,1.3723287774673414,0.052143406382160515
ensemble (top 15),0.05222688416568537,201,307,778,3,0.6058960434445306,0.39410395655546937,0.9852941176470589,0.28294930875576035,0.20531154239019409,0.9903225806451613,1.374092696204446,0.05197355815290267
ensemble (top 15),0.05248442369337869,201,308,777,3,0.6051202482544609,0.39487975174553913,0.9852941176470589,0.2838709677419355,0.20552147239263804,0.9903536977491961,1.37586115527292,0.05180481283422442
ensemble (top 15),0.05261782371121978,201,309,776,3,0.604344453064391,0.395655546935609,0.9852941176470589,0.2847926267281106,0.20573183213920163,0.9903846153846154,1.3776341722255916,0.05163715971825605
ensemble (top 15),0.05263509322437703,201,310,775,3,0.6035686578743211,0.3964313421256789,0.9852941176470589,0.2857142857142857,0.20594262295081966,0.9904153354632588,1.3794117647058823,0.051470588235293935
ensemble (top 15),0.05264047615326357,201,311,774,3,0.6027928626842514,0.39720713731574864,0.9852941176470589,0.28663594470046083,0.20615384615384616,0.9904458598726115,1.3811939504483965,0.05130508795157916
ensemble (top 15),0.052841518428393686,201,312,773,3,0.6020170674941815,0.3979829325058185,0.9852941176470589,0.28755760368663597,0.20636550308008214,0.9904761904761905,1.382980747279507,0.05114064856711897
ensemble (top 15),0.05300794950020159,201,313,772,3,0.6012412723041117,0.39875872769588827,0.9852941176470589,0.28847926267281104,0.2065775950668037,0.990506329113924,1.3847721731179519,0.050977259913549906
ensemble (top 15),0.05312215803791233,201,314,771,3,0.6004654771140419,0.39953452288595814,0.9852941176470589,0.2894009216589862,0.20679012345679013,0.9905362776025236,1.386568245975433,0.05081491195204178
ensemble (top 15),0.05316955433514977,201,315,770,3,0.5996896819239721,0.4003103180760279,0.9852941176470589,0.2903225806451613,0.2070030895983522,0.9905660377358491,1.3883689839572193,0.05065359477124165
ensemble (top 15),0.053230794093050295,201,316,769,3,0.5989138867339022,0.4010861132660978,0.9852941176470589,0.2912442396313364,0.20721649484536084,0.9905956112852664,1.3901744052627554,0.05049329858525671
ensemble (top 15),0.053711085500830036,201,317,768,3,0.5981380915438325,0.40186190845616754,0.9852941176470589,0.2921658986175115,0.20743034055727555,0.990625,1.3919845281862746,0.05033401373167545
ensemble (top 15),0.05405102139197883,201,318,767,3,0.5973622963537626,0.4026377036462374,0.9852941176470589,0.29308755760368665,0.20764462809917356,0.9906542056074766,1.393799371117417,0.05017573066962616
ensemble (top 15),0.05409730735315953,201,319,766,3,0.5965865011636928,0.40341349883630717,0.9852941176470589,0.29400921658986173,0.2078593588417787,0.9906832298136646,1.3956189525418523,0.05001843997787185
ensemble (top 15),0.05411731468786599,201,320,765,3,0.595810705973623,0.40418929402637704,0.9852941176470589,0.29493087557603687,0.2080745341614907,0.9907120743034056,1.3974432910419072,0.049862132352941
ensemble (top 15),0.05416451474938564,201,321,764,3,0.5950349107835532,0.4049650892164468,0.9852941176470589,0.295852534562212,0.20829015544041452,0.9907407407407407,1.3992724052971977,0.049706798607293205
ensemble (top 15),0.05420440025788102,201,322,763,3,0.5942591155934833,0.4057408844065167,0.9852941176470589,0.2967741935483871,0.20850622406639005,0.9907692307692307,1.401106314085267,0.04955242966751901
ensemble (top 15),0.054238214965981066,201,323,762,3,0.5934833204034135,0.40651667959658655,0.9852941176470589,0.2976958525345622,0.2087227414330218,0.99079754601227,1.4029450362822296,0.049399016572573125
ensemble (top 15),0.054608934282353624,201,324,761,3,0.5927075252133437,0.4072924747866563,0.9852941176470589,0.29861751152073734,0.20893970893970895,0.9908256880733946,1.404788590863415,0.04924655047204049
ensemble (top 15),0.054709393304615314,201,325,760,3,0.5919317300232738,0.4080682699767262,0.9852941176470589,0.2995391705069124,0.20915712799167535,0.9908536585365854,1.4066369969040247,0.049095022624434215
ensemble (top 15),0.054994626169333004,201,326,759,3,0.591155934833204,0.40884406516679594,0.9852941176470589,0.30046082949308756,0.209375,0.9908814589665653,1.4084902735797875,0.048944424395524905
ensemble (top 15),0.055438603116329664,201,327,758,3,0.5903801396431342,0.4096198603568658,0.9852941176470589,0.3013824884792627,0.20959332638164754,0.990909090909091,1.4103484401676238,0.04879474725670067
ensemble (top 15),0.05549641700721613,201,328,757,3,0.5896043444530644,0.4103956555469356,0.9852941176470589,0.30230414746543777,0.20981210855949894,0.9909365558912386,1.412211516046313,0.04864598278335708
ensemble (top 15),0.05565287598896685,201,329,756,3,0.5888285492629945,0.41117145073700545,0.9852941176470589,0.3032258064516129,0.21003134796238246,0.9909638554216867,1.414079520697168,0.048498122653316475
ensemble (top 15),0.055865445829554036,201,330,755,3,0.5880527540729248,0.4119472459270752,0.9852941176470589,0.30414746543778803,0.2102510460251046,0.990990990990991,1.4159524737047138,0.048351158645276116
ensemble (top 15),0.05598010498978654,201,331,754,3,0.5872769588828549,0.4127230411171451,0.9852941176470589,0.3050691244239631,0.21047120418848167,0.9910179640718563,1.4178303947573725,0.048205082637284354
ensemble (top 15),0.055989302268896826,201,332,753,3,0.5865011636927852,0.41349883630721485,0.9852941176470589,0.30599078341013825,0.21069182389937108,0.991044776119403,1.4197133036481526,0.04805988660524434
ensemble (top 15),0.056180970622593265,201,333,752,3,0.5857253685027153,0.4142746314972847,0.9852941176470589,0.3069124423963134,0.21091290661070305,0.9910714285714286,1.4216012202753443,0.0479155626214448
ensemble (top 15),0.05620665877989654,201,334,751,3,0.5849495733126454,0.4150504266873546,0.9852941176470589,0.30783410138248846,0.2111344537815126,0.9910979228486647,1.4234941646432209,0.04777210285311713
ensemble (top 15),0.05651648276238262,201,335,750,3,0.5841737781225756,0.41582622187742435,0.9852941176470589,0.3087557603686636,0.2113564668769716,0.9911242603550295,1.4253921568627452,0.047629499561018265
ensemble (top 15),0.05654247172137987,201,336,749,3,0.5833979829325058,0.4166020170674942,0.9852941176470589,0.3096774193548387,0.21157894736842106,0.9911504424778761,1.4272952171522815,0.04748774509803905
ensemble (top 15),0.05654912458329411,201,337,748,3,0.582622187742436,0.417377812257564,0.9852941176470589,0.3105990783410138,0.21180189673340358,0.9911764705882353,1.4292033658383139,0.04734683190783715
ensemble (top 15),0.056594240591833246,201,338,747,3,0.5818463925523661,0.41815360744763386,0.9852941176470589,0.31152073732718893,0.2120253164556962,0.9912023460410557,1.4311166233561696,0.04720675252349444
ensemble (top 15),0.05671024249274188,201,339,746,3,0.5810705973622964,0.4189294026377036,0.9852941176470589,0.31244239631336407,0.2122492080253432,0.9912280701754386,1.433035010250749,0.04706749956619799
ensemble (top 15),0.056841529208022525,201,340,745,3,0.5802948021722265,0.4197051978277735,0.9852941176470589,0.31336405529953915,0.2124735729386892,0.9912536443148688,1.4349585471772601,0.046929065743944474
ensemble (top 15),0.05700418626007806,201,341,744,3,0.5795190069821567,0.42048099301784325,0.9852941176470589,0.3142857142857143,0.2126984126984127,0.9912790697674418,1.436887254901961,0.04679144385026721
ensemble (top 15),0.0570759912426727,201,342,743,3,0.5787432117920869,0.4212567882079131,0.9852941176470589,0.3152073732718894,0.2129237288135593,0.991304347826087,1.4388211543029057,0.04665462676298573
ensemble (top 15),0.05707690843294956,201,343,742,3,0.5779674166020171,0.4220325833979829,0.9852941176470589,0.3161290322580645,0.21314952279957583,0.9913294797687862,1.4407602663706993,0.04651860744297703
ensemble (top 15),0.05709095354652281,201,344,741,3,0.5771916214119472,0.42280837858805276,0.9852941176470589,0.3170506912442396,0.21337579617834396,0.9913544668587896,1.4427046122092564,0.04638337893296837
ensemble (top 15),0.057130971261121356,201,345,740,3,0.5764158262218774,0.42358417377812263,0.9852941176470589,0.31797235023041476,0.21360255047821466,0.9913793103448276,1.4446542130365663,0.04624893435635107
ensemble (top 15),0.057317500382250364,201,346,739,3,0.5756400310318076,0.4243599689681924,0.9852941176470589,0.31889400921658984,0.21382978723404256,0.9914040114613181,1.4466090901854654,0.0461152669160148
ensemble (top 15),0.057415851054310754,201,347,738,3,0.5748642358417377,0.42513576415826226,0.9852941176470589,0.31981566820276497,0.21405750798722045,0.9914285714285714,1.4485692651044157,0.04598236989320208
ensemble (top 15),0.057504469020853405,201,348,737,3,0.574088440651668,0.425911559348332,0.9852941176470589,0.3207373271889401,0.21428571428571427,0.9914529914529915,1.450534759358289,0.045850236646382526
ensemble (top 15),0.05751617257673791,201,349,736,3,0.5733126454615981,0.4266873545384019,0.9852941176470589,0.3216589861751152,0.21451440768409819,0.9914772727272727,1.4525055946291558,0.04571886061014648
ensemble (top 15),0.057643801073074784,201,350,735,3,0.5725368502715283,0.42746314972847166,0.9852941176470589,0.3225806451612903,0.21474358974358973,0.9915014164305949,1.4544817927170868,0.045588235294117485
ensemble (top 15),0.057718028197138116,201,351,734,3,0.5717610550814585,0.42823894491854153,0.9852941176470589,0.32350230414746545,0.21497326203208555,0.9915254237288136,1.456463375540952,0.04545835428188353
ensemble (top 15),0.057751578769829726,201,352,733,3,0.5709852598913887,0.4290147401086113,0.9852941176470589,0.3244239631336406,0.215203426124197,0.9915492957746479,1.4584503651392344,0.04532921122994636
ensemble (top 15),0.057875820641951944,201,353,732,3,0.5702094647013188,0.42979053529868116,0.9852941176470589,0.32534562211981566,0.21543408360128619,0.9915730337078652,1.4604427836708453,0.04520079986668873
ensemble (top 15),0.05792937971664785,201,354,731,3,0.5694336695112491,0.4305663304887509,0.9852941176470589,0.3262672811059908,0.21566523605150215,0.9915966386554622,1.4624406534159493,0.0450731139913591
ensemble (top 15),0.058105822092498115,201,355,730,3,0.5686578743211792,0.4313421256788208,0.9852941176470589,0.3271889400921659,0.2158968850698174,0.9916201117318436,1.464443996776793,0.04494614747307357
ensemble (top 15),0.05811829577676042,201,356,729,3,0.5678820791311094,0.43211792086889056,0.9852941176470589,0.328110599078341,0.2161290322580645,0.9916434540389972,1.4664528362785445,0.04481989424983461
ensemble (top 15),0.05819338597137847,201,357,728,3,0.5671062839410396,0.43289371605896043,0.9852941176470589,0.32903225806451614,0.2163616792249731,0.9916666666666667,1.468467194570136,0.044694348327566163
ensemble (top 15),0.05829164581438625,201,358,727,3,0.5663304887509697,0.4336695112490303,0.9852941176470589,0.32995391705069127,0.2165948275862069,0.9916897506925207,1.4704870944251156,0.04456950377916514
ensemble (top 15),0.05831985088224,201,359,726,3,0.5655546935608999,0.43444530643910007,0.9852941176470589,0.33087557603686635,0.2168284789644013,0.9917127071823204,1.4725125587425054,0.04444535474356858
ensemble (top 15),0.05834026637726267,201,360,725,3,0.5647788983708301,0.43522110162916994,0.9852941176470589,0.3317972350230415,0.21706263498920086,0.9917355371900827,1.4745436105476675,0.044321895424836444
ensemble (top 15),0.05849407599098207,201,361,724,3,0.5640031031807603,0.4359968968192397,0.9852941176470589,0.3327188940092166,0.2172972972972973,0.9917582417582418,1.4765802729931754,0.044199120091249634
ensemble (top 15),0.05892436993206088,201,362,723,3,0.5632273079906904,0.43677269200930957,0.9852941176470589,0.3336405529953917,0.21753246753246752,0.9917808219178083,1.478622569359694,0.04407702307442298
ensemble (top 15),0.05900372513298033,201,363,722,3,0.5624515128006207,0.43754848719937933,0.9852941176470589,0.3345622119815668,0.21776814734561215,0.9918032786885246,1.4806705230568682,0.04395559876843284
ensemble (top 15),0.059211400602430894,201,364,721,3,0.5616757176105508,0.4383242823894492,0.9852941176470589,0.33548387096774196,0.21800433839479394,0.9918256130790191,1.4827241576242147,0.04383484162895912
ensemble (top 15),0.059337370698273786,201,365,720,3,0.560899922420481,0.43910007757951897,0.9852941176470589,0.33640552995391704,0.2182410423452769,0.9918478260869565,1.4847834967320261,0.04371474617244143
ensemble (top 15),0.05945680511284309,201,366,719,3,0.5601241272304112,0.43987587276958884,0.9852941176470589,0.33732718894009217,0.2184782608695652,0.991869918699187,1.4868485641822795,0.04359530697524896
ensemble (top 15),0.05946474183912354,201,367,718,3,0.5593483320403414,0.4406516679596586,0.9852941176470589,0.3382488479262673,0.21871599564744287,0.9918918918918919,1.488919383909553,0.04347651867286408
ensemble (top 15),0.05962645069548359,201,368,717,3,0.5585725368502715,0.44142746314972847,0.9852941176470589,0.3391705069124424,0.21895424836601307,0.9919137466307277,1.4909959799819512,0.04335837595907913
ensemble (top 15),0.05988971827494002,201,369,716,3,0.5577967416602017,0.44220325833979834,0.9852941176470589,0.3400921658986175,0.21919302071973829,0.9919354838709677,1.4930783766020377,0.043240873585206285
ensemble (top 15),0.0600047288234377,201,370,715,3,0.5570209464701319,0.4429790535298681,0.9852941176470589,0.34101382488479265,0.21943231441048036,0.9919571045576407,1.4951665981077749,0.04312400635930032
ensemble (top 15),0.06031240165545519,201,371,714,3,0.556245151280062,0.443754848719938,0.9852941176470589,0.3419354838709677,0.21967213114754097,0.9919786096256684,1.4972606689734718,0.04300776914539386
ensemble (top 15),0.06037411374046162,201,372,713,3,0.5554693560899923,0.44453064391000774,0.9852941176470589,0.34285714285714286,0.21991247264770242,0.992,1.4993606138107418,0.042892156862744946
ensemble (top 15),0.060739414692630805,201,373,712,3,0.5546935608999224,0.4453064391000776,0.9852941176470589,0.343778801843318,0.22015334063526834,0.9920212765957447,1.5014664573694647,0.04277716448509683
ensemble (top 15),0.06087302605508963,201,374,711,3,0.5539177657098526,0.4460822342901474,0.9852941176470589,0.34470046082949307,0.22039473684210525,0.9920424403183024,1.5035782245387606,0.042662787039949523
ensemble (top 15),0.06104014473207818,201,375,710,3,0.5531419705197828,0.44685802948021724,0.9852941176470589,0.3456221198156682,0.22063666300768386,0.9920634920634921,1.5056959403479702,0.042549019607842985
ensemble (top 15),0.061494362353799646,201,376,709,3,0.552366175329713,0.447633824670287,0.9852941176470589,0.34654377880184334,0.22087912087912087,0.9920844327176781,1.507819629967643,0.042435857321651914
ensemble (top 15),0.06151598306537845,201,377,708,3,0.5515903801396431,0.4484096198603569,0.9852941176470589,0.3474654377880184,0.22112211221122113,0.9921052631578947,1.509949318710535,0.042323295365891564
ensemble (top 15),0.06153058753337419,201,378,707,3,0.5508145849495734,0.44918541505042664,0.9852941176470589,0.34838709677419355,0.22136563876651982,0.9921259842519685,1.5120850320326151,0.04221132897603471
ensemble (top 15),0.06168873461887405,201,379,706,3,0.5500387897595035,0.4499612102404965,0.9852941176470589,0.3493087557603687,0.22160970231532526,0.9921465968586387,1.5142267955340778,0.042099953437839364
ensemble (top 15),0.06169744066392556,201,380,705,3,0.5492629945694336,0.4507370054305664,0.9852941176470589,0.35023041474654376,0.22185430463576158,0.9921671018276762,1.5163746349603673,0.04198916408668716
ensemble (top 15),0.06174233267283027,201,381,704,3,0.5484871993793639,0.45151280062063615,0.9852941176470589,0.3511520737327189,0.22209944751381216,0.9921875,1.5185285762032088,0.04187895630693207
ensemble (top 15),0.06184473361916874,201,382,703,3,0.547711404189294,0.452288595810706,0.9852941176470589,0.35207373271889403,0.22234513274336284,0.9922077922077922,1.5206886453016486,0.04176932553125948
ensemble (top 15),0.06184713018970315,201,383,702,3,0.5469356089992242,0.4530643910007758,0.9852941176470589,0.3529953917050691,0.22259136212624583,0.9922279792746114,1.5228548684431038,0.04166026724005514
ensemble (top 15),0.06215079651803153,201,384,701,3,0.5461598138091543,0.45384018619084565,0.9852941176470589,0.35391705069124424,0.22283813747228381,0.9922480620155039,1.5250272719644207,0.041551776960784166
ensemble (top 15),0.06240464314361888,201,385,700,3,0.5453840186190846,0.4546159813809154,0.9852941176470589,0.3548387096774194,0.22308546059933407,0.9922680412371134,1.5272058823529413,0.04144385026737953
ensemble (top 15),0.06265365898676013,201,386,699,3,0.5446082234290147,0.4553917765709853,0.9852941176470589,0.35576036866359445,0.22333333333333333,0.9922879177377892,1.5293907262475805,0.04133648277964021
ensemble (top 15),0.0629726352195956,201,387,698,3,0.543832428238945,0.45616757176105505,0.9852941176470589,0.3566820276497696,0.2235817575083426,0.9923076923076923,1.5315818304399123,0.04122967016263855
ensemble (top 15),0.0629947335219552,201,388,697,3,0.5430566330488751,0.4569433669511249,0.9852941176470589,0.3576036866359447,0.22383073496659242,0.9923273657289002,1.5337792218752637,0.04112340812613691
ensemble (top 15),0.06317676277621391,201,389,696,3,0.5422808378588053,0.4577191621411947,0.9852941176470589,0.3585253456221198,0.22408026755852842,0.9923469387755102,1.5359829276538202,0.041017692424013166
ensemble (top 15),0.06324010553797338,201,390,695,3,0.5415050426687354,0.45849495733126455,0.9852941176470589,0.35944700460829493,0.22433035714285715,0.9923664122137404,1.5381929750317394,0.04091251885369518
ensemble (top 15),0.06328190369566425,201,391,694,3,0.5407292474786657,0.4592707525213343,0.9852941176470589,0.36036866359447006,0.2245810055865922,0.9923857868020305,1.5404093914222752,0.04080788325560389
ensemble (top 15),0.06336097063281129,201,392,693,3,0.5399534522885958,0.4600465477114042,0.9852941176470589,0.36129032258064514,0.22483221476510068,0.9924050632911392,1.5426322043969105,0.0407037815126049
ensemble (top 15),0.06396887094121126,201,393,692,3,0.5391776570985259,0.46082234290147406,0.9852941176470589,0.3622119815668203,0.22508398656215006,0.9924242424242424,1.5448614416865014,0.0406002095494685
ensemble (top 15),0.06408555081656465,201,394,691,3,0.5384018619084562,0.4615981380915438,0.9852941176470589,0.3631336405529954,0.22533632286995517,0.9924433249370277,1.5470971311824298,0.04049716333233787
ensemble (top 15),0.06409065563392354,201,395,690,3,0.5376260667183863,0.4623739332816137,0.9852941176470589,0.3640552995391705,0.2255892255892256,0.992462311557789,1.5493393009377665,0.04039463886820537
ensemble (top 15),0.06412235355165913,201,396,689,3,0.5368502715283165,0.46314972847168345,0.9852941176470589,0.3649769585253456,0.2258426966292135,0.9924812030075187,1.5515879791684455,0.040292632204396765
ensemble (top 15),0.06424881113432078,201,397,688,3,0.5360744763382467,0.4639255236617533,0.9852941176470589,0.36589861751152075,0.22609673790776152,0.9925,1.5538431942544462,0.04019113942806327
ensemble (top 15),0.06439588556864675,201,398,687,3,0.5352986811481769,0.4647013188518231,0.9852941176470589,0.36682027649769583,0.22635135135135134,0.9925187032418953,1.556104974740988,0.040090156665681206
ensemble (top 15),0.06441502012219498,201,399,686,3,0.534522885958107,0.46547711404189296,0.9852941176470589,0.36774193548387096,0.2266065388951522,0.9925373134328358,1.5583733493397358,0.039989680082559195
ensemble (top 15),0.06469709119296624,201,400,685,3,0.5337470907680373,0.4662529092319627,0.9852941176470589,0.3686635944700461,0.22686230248307,0.9925558312655087,1.5606483469300128,0.0398897058823528
ensemble (top 15),0.06472684517528979,201,401,684,3,0.5329712955779674,0.4670287044220326,0.9852941176470589,0.3695852534562212,0.2271186440677966,0.9925742574257426,1.5629299965600276,0.039790230306586336
ensemble (top 15),0.0649298554968432,201,402,683,3,0.5321955003878976,0.46780449961210235,0.9852941176470589,0.3705069124423963,0.22737556561085973,0.9925925925925926,1.5652183274481095,0.03969124963418189
ensemble (top 15),0.06513177702603744,201,403,682,3,0.5314197051978278,0.4685802948021722,0.9852941176470589,0.37142857142857144,0.2276330690826727,0.9926108374384236,1.5675133689839573,0.039592760180995334
ensemble (top 15),0.06518237139431626,201,404,681,3,0.5306439100077579,0.4693560899922421,0.9852941176470589,0.3723502304147465,0.22789115646258504,0.9926289926289926,1.5698151507298956,0.03949475829935921
ensemble (top 15),0.06528950949888543,201,405,680,3,0.5298681148176881,0.47013188518231186,0.9852941176470589,0.37327188940092165,0.22814982973893302,0.9926470588235294,1.5721237024221455,0.0393972403776324
ensemble (top 15),0.06531806827611775,201,406,679,3,0.5290923196276183,0.47090768037238173,0.9852941176470589,0.3741935483870968,0.22840909090909092,0.9926650366748166,1.5744390539721045,0.03930020283975645
ensemble (top 15),0.06538810829651628,201,407,678,3,0.5283165244375485,0.4716834755624515,0.9852941176470589,0.37511520737327186,0.22866894197952217,0.9926829268292683,1.5767612354676384,0.03920364214481848
ensemble (top 15),0.0654101223274334,201,408,677,3,0.5275407292474786,0.47245927075252137,0.9852941176470589,0.376036866359447,0.22892938496583143,0.9927007299270073,1.5790902771743853,0.03910755478662039
ensemble (top 15),0.06543665405297708,201,409,676,3,0.5267649340574089,0.4732350659425911,0.9852941176470589,0.37695852534562213,0.2291904218928164,0.9927184466019418,1.5814262095370695,0.03901193729325457
ensemble (top 15),0.06556658157908914,201,410,675,3,0.525989138867339,0.474010861132661,0.9852941176470589,0.3778801843317972,0.22945205479452055,0.9927360774818402,1.5837690631808277,0.03891678622668566
ensemble (top 15),0.0655807679341555,201,411,674,3,0.5252133436772692,0.47478665632273076,0.9852941176470589,0.37880184331797234,0.2297142857142857,0.9927536231884058,1.58611886891255,0.03882209818233849
ensemble (top 15),0.06565842988186302,201,412,673,3,0.5244375484871994,0.47556245151280063,0.9852941176470589,0.3797235023041475,0.2299771167048055,0.9927710843373494,1.588475657722227,0.03872786978869204
ensemble (top 15),0.06568555070284339,201,413,672,3,0.5236617532971296,0.4763382467028704,0.9852941176470589,0.38064516129032255,0.23024054982817868,0.9927884615384616,1.5908394607843137,0.03863409770687923
ensemble (top 15),0.06584482172117442,201,414,671,3,0.5228859581070597,0.47711404189294027,0.9852941176470589,0.3815668202764977,0.2305045871559633,0.9928057553956835,1.5932103094591041,0.03854077863029256
ensemble (top 15),0.06586225002109286,201,415,670,3,0.5221101629169899,0.47788983708301014,0.9852941176470589,0.3824884792626728,0.23076923076923078,0.992822966507177,1.5955882352941178,0.03844790928419547
ensemble (top 15),0.06596678862031226,201,416,669,3,0.5213343677269201,0.4786656322730799,0.9852941176470589,0.38341013824884795,0.23103448275862068,0.9928400954653938,1.5979732700254992,0.03835548642533923
ensemble (top 15),0.06600212739610072,201,417,668,3,0.5205585725368502,0.47944142746314977,0.9852941176470589,0.38433179723502303,0.23130034522439585,0.9928571428571429,1.6003654455794296,0.03826350684158542
ensemble (top 15),0.06680990237586609,201,418,667,3,0.5197827773467805,0.48021722265321953,0.9852941176470589,0.38525345622119817,0.2315668202764977,0.9928741092636579,1.6027647940735517,0.038171967351533775
ensemble (top 15),0.06686600458205741,201,419,666,3,0.5190069821567106,0.4809930178432894,0.9852941176470589,0.3861751152073733,0.23183391003460208,0.9928909952606635,1.6051713478184069,0.038080864804155415
ensemble (top 15),0.06693404212250523,201,420,665,3,0.5182311869666408,0.48176881303335917,0.9852941176470589,0.3870967741935484,0.23210161662817552,0.9929078014184397,1.6075851393188856,0.03799019607843124
ensemble (top 15),0.06717003280012683,201,421,664,3,0.517455391776571,0.48254460822342904,0.9852941176470589,0.3880184331797235,0.2323699421965318,0.9929245283018868,1.610006201275691,0.03789995808299553
ensemble (top 15),0.06719925732275508,201,422,663,3,0.5166795965865012,0.4833204034134988,0.9852941176470589,0.38894009216589864,0.2326388888888889,0.9929411764705882,1.6124345665868158,0.03781014775578464
ensemble (top 15),0.06728850627067905,201,423,662,3,0.5159038013964313,0.4840961986035687,0.9852941176470589,0.3898617511520737,0.23290845886442643,0.9929577464788732,1.6148702683490315,0.03772076206369059
ensemble (top 15),0.06743525723520076,201,424,661,3,0.5151280062063616,0.48487199379363843,0.9852941176470589,0.39078341013824885,0.23317865429234338,0.9929742388758782,1.617313339859393,0.03763179800221962
ensemble (top 15),0.0674878673391496,201,425,660,3,0.5143522110162917,0.4856477889837083,0.9852941176470589,0.391705069124424,0.23344947735191637,0.9929906542056075,1.619763814616756,0.03754325259515558
ensemble (top 15),0.06758373260562993,201,426,659,3,0.5135764158262219,0.48642358417377807,0.9852941176470589,0.39262672811059907,0.23372093023255813,0.993006993006993,1.6222217263233063,0.037455122894227984
ensemble (top 15),0.06760199880878585,201,427,658,3,0.5128006206361521,0.48719937936384794,0.9852941176470589,0.3935483870967742,0.2339930151338766,0.9930232558139535,1.6246871088861077,0.03736740597878482
ensemble (top 15),0.06762845374534023,201,428,657,3,0.5120248254460822,0.4879751745539178,0.9852941176470589,0.39447004608294933,0.23426573426573427,0.9930394431554525,1.627159996418659,0.0372800989554699
ensemble (top 15),0.0680125467184133,201,429,656,3,0.5112490302560124,0.4887509697439876,0.9852941176470589,0.3953917050691244,0.23453908984830804,0.9930555555555556,1.629640423242468,0.03719319895790471
ensemble (top 15),0.06825703127634007,201,430,655,3,0.5104732350659426,0.48952676493405745,0.9852941176470589,0.39631336405529954,0.23481308411214954,0.9930715935334873,1.6321284238886398,0.037106703146374695
ensemble (top 15),0.06840583583928067,201,431,654,3,0.5096974398758728,0.4903025601241272,0.9852941176470589,0.3972350230414747,0.23508771929824562,0.9930875576036866,1.6346240330994786,0.03702060870752
ensemble (top 15),0.0684374418683546,201,432,653,3,0.5089216446858029,0.4910783553141971,0.9852941176470589,0.39815668202764976,0.23536299765807964,0.993103448275862,1.6371272858301054,0.036934912854030374
ensemble (top 15),0.06867950225267844,201,433,652,3,0.5081458494957332,0.49185415050426684,0.9852941176470589,0.3990783410138249,0.23563892145369286,0.9931192660550459,1.6396382172500903,0.03684961282434439
ensemble (top 15),0.06868620801377337,201,434,651,3,0.5073700543056633,0.4926299456943367,0.9852941176470589,0.4,0.23591549295774647,0.9931350114416476,1.6421568627450982,0.03676470588235281
ensemble (top 15),0.06882584620989422,201,435,650,3,0.5065942591155935,0.4934057408844065,0.9852941176470589,0.4009216589861751,0.23619271445358403,0.9931506849315068,1.644683257918552,0.036680189317106024
ensemble (top 15),0.06907900389267434,201,436,649,3,0.5058184639255237,0.49418153607447635,0.9852941176470589,0.40184331797235023,0.23647058823529413,0.9931662870159453,1.647217438593311,0.0365960604425255
ensemble (top 15),0.06918649440151271,201,437,648,3,0.5050426687354539,0.4949573312645461,0.9852941176470589,0.40276497695852537,0.23674911660777384,0.9931818181818182,1.6497594408133625,0.03651231659711927
ensemble (top 15),0.06939849307151096,201,438,647,3,0.504266873545384,0.495733126454616,0.9852941176470589,0.40368663594470044,0.23702830188679244,0.9931972789115646,1.6523093008455314,0.03642895514370119
ensemble (top 15),0.06942961950337981,201,439,646,3,0.5034910783553141,0.49650892164468585,0.9852941176470589,0.4046082949308756,0.23730814639905548,0.9932126696832579,1.6548670551812057,0.03634597346911417
ensemble (top 15),0.06951195330771093,201,440,645,3,0.5027152831652444,0.4972847168347556,0.9852941176470589,0.4055299539170507,0.2375886524822695,0.9932279909706546,1.6574327405380758,0.03626336898395709
ensemble (top 15),0.06963224431480258,201,441,644,3,0.5019394879751745,0.4980605120248255,0.9852941176470589,0.4064516129032258,0.2378698224852071,0.9932432432432432,1.6600063938618927,0.036181139122315464
ensemble (top 15),0.06978673944007283,201,442,643,3,0.5011636927851048,0.49883630721489525,0.9852941176470589,0.4073732718894009,0.2381516587677725,0.9932584269662922,1.662588052328241,0.036099281341495745
ensemble (top 15),0.0698890997162178,201,443,642,3,0.5003878975950349,0.4996121024049651,0.9852941176470589,0.40829493087557606,0.23843416370106763,0.9932735426008968,1.6651777533443286,0.03601779312176325
ensemble (top 15),0.06993592372932687,201,444,641,3,0.49961210240496506,0.5003878975950349,0.9852941176470589,0.40921658986175113,0.23871733966745842,0.9932885906040269,1.6677755345507939,0.035936671966083605
ensemble (top 15),0.07002584874968786,201,445,640,3,0.49883630721489525,0.5011636927851048,0.9852941176470589,0.41013824884792627,0.2390011890606421,0.9933035714285714,1.6703814338235294,0.03585591539986768
ensemble (top 15),0.0701091946625074,201,446,639,3,0.49806051202482543,0.5019394879751746,0.9852941176470589,0.4110599078341014,0.2392857142857143,0.9933184855233853,1.6729954892755226,0.035775520970719996
ensemble (top 15),0.07023463889838157,200,446,639,4,0.49883630721489525,0.5011636927851048,0.9803921568627451,0.4110599078341014,0.23837902264600716,0.9911111111111112,1.6646721286323607,0.04770069462762693
ensemble (top 15),0.07027570780708428,200,447,638,4,0.49806051202482543,0.5019394879751746,0.9803921568627451,0.4119815668202765,0.2386634844868735,0.991130820399113,1.6672813325957339,0.04759398166425417
ensemble (top 15),0.07036526896058944,200,448,637,4,0.4972847168347556,0.5027152831652444,0.9803921568627451,0.4129032258064516,0.23894862604540024,0.9911504424778761,1.669898728722258,0.04748774509803932
ensemble (top 15),0.07068660739348999,200,449,636,4,0.4965089216446858,0.5034910783553141,0.9803921568627451,0.41382488479262675,0.23923444976076555,0.9911699779249448,1.672524355654211,0.047381981745927865
ensemble (top 15),0.07086612261639759,200,450,635,4,0.495733126454616,0.504266873545384,0.9803921568627451,0.4147465437788018,0.23952095808383234,0.9911894273127754,1.6751582522772888,0.047276688453159146
ensemble (top 15),0.07098693983363016,200,451,634,4,0.49495733126454616,0.5050426687354539,0.9803921568627451,0.41566820276497696,0.23980815347721823,0.9912087912087912,1.6778004577225212,0.04717186209295258
ensemble (top 15),0.07107375126947282,200,452,633,4,0.49418153607447635,0.5058184639255237,0.9803921568627451,0.4165898617511521,0.24009603841536614,0.9912280701754386,1.6804510113682123,0.04706749956619826
ensemble (top 15),0.0710748624244485,200,453,632,4,0.49340574088440653,0.5065942591155934,0.9803921568627451,0.41751152073732717,0.2403846153846154,0.9912472647702407,1.6831099528418962,0.04696359780115147
ensemble (top 15),0.07117044152234968,200,454,631,4,0.4926299456943367,0.5073700543056633,0.9803921568627451,0.4184331797235023,0.24067388688327315,0.9912663755458515,1.6857773220223113,0.04686015375313131
ensemble (top 15),0.07146733651725405,200,455,630,4,0.4918541505042669,0.5081458494957332,0.9803921568627451,0.41935483870967744,0.24096385542168675,0.9912854030501089,1.6884531590413945,0.046757164404223325
ensemble (top 15),0.07155900089250906,200,456,629,4,0.4910783553141971,0.5089216446858029,0.9803921568627451,0.4202764976958525,0.24125452352231605,0.991304347826087,1.691137504286293,0.046654626762986
ensemble (top 15),0.07157026535106767,200,457,628,4,0.4903025601241272,0.5096974398758728,0.9803921568627451,0.42119815668202765,0.24154589371980675,0.9913232104121475,1.6938303984013987,0.04655253786416108
ensemble (top 15),0.07157234597417923,200,458,627,4,0.4895267649340574,0.5104732350659427,0.9803921568627451,0.4221198156682028,0.2418379685610641,0.9913419913419913,1.696531882290396,0.0464508947683878
ensemble (top 15),0.07179387634355755,200,459,626,4,0.4887509697439876,0.5112490302560124,0.9803921568627451,0.42304147465437786,0.24213075060532688,0.9913606911447084,1.699241997118336,0.04634969456192073
ensemble (top 15),0.07194258224412695,199,459,626,5,0.4895267649340574,0.5104732350659427,0.9754901960784313,0.42304147465437786,0.2412121212121212,0.9892241379310345,1.6907457871327443,0.05793711820240085
ensemble (top 15),0.07218570678743406,199,460,625,5,0.4887509697439876,0.5112490302560124,0.9754901960784313,0.423963133640553,0.24150485436893204,0.989247311827957,1.6934509803921567,0.057811167945439106
ensemble (top 15),0.07231956099146684,199,461,624,5,0.48797517455391776,0.5120248254460822,0.9754901960784313,0.4248847926267281,0.24179829890643986,0.9892703862660944,1.6961648441427852,0.057685764110416454
ensemble (top 15),0.07243508383614913,199,462,623,5,0.48719937936384794,0.5128006206361521,0.9754901960784313,0.4258064516129032,0.24209245742092458,0.9892933618843683,1.6988874201365938,0.057560903149138504
ensemble (top 15),0.07243787901563187,199,463,622,5,0.4864235841737781,0.5135764158262219,0.9754901960784313,0.42672811059907834,0.24238733252131547,0.9893162393162394,1.7016187503940483,0.057436581544064766
ensemble (top 15),0.0724431352906592,199,464,621,5,0.4856477889837083,0.5143522110162917,0.9754901960784313,0.42764976958525347,0.2426829268292683,0.9893390191897654,1.704358877206277,0.05731279580797842
ensemble (top 15),0.07246382788452498,199,465,620,5,0.4848719937936385,0.5151280062063615,0.9754901960784313,0.42857142857142855,0.24297924297924298,0.9893617021276596,1.707107843137255,0.05718954248366019
ensemble (top 15),0.07272353258055159,199,466,619,5,0.4840961986035687,0.5159038013964313,0.9754901960784313,0.4294930875576037,0.24327628361858192,0.9893842887473461,1.7098656910260066,0.0570668181435665
ensemble (top 15),0.07272792698236041,199,467,618,5,0.48332040341349886,0.5166795965865012,0.9754901960784313,0.4304147465437788,0.24357405140758873,0.989406779661017,1.712632463988832,0.056944619389511744
ensemble (top 15),0.0729763169076996,199,468,617,5,0.48254460822342904,0.517455391776571,0.9754901960784313,0.4313364055299539,0.24387254901960784,0.9894291754756871,1.7154082054215527,0.056822942852354674
ensemble (top 15),0.07308959662270634,199,469,616,5,0.48176881303335917,0.5182311869666408,0.9754901960784313,0.432258064516129,0.2441717791411043,0.989451476793249,1.7181929590017824,0.05670178519168867
ensemble (top 15),0.07309269017465443,199,470,615,5,0.48099301784328935,0.5190069821567107,0.9754901960784313,0.43317972350230416,0.24447174447174447,0.9894736842105263,1.7209867686912164,0.05658114309553614
ensemble (top 15),0.0732740673599359,199,471,614,5,0.48021722265321953,0.5197827773467805,0.9754901960784313,0.43410138248847924,0.24477244772447723,0.9894957983193278,1.7237896787379443,0.056461013280046685
ensemble (top 15),0.07348323234158537,199,472,613,5,0.4794414274631497,0.5205585725368502,0.9754901960784313,0.43502304147465437,0.24507389162561577,0.989517819706499,1.7266017336787893,0.05634139248919912
ensemble (top 15),0.0735972015344719,199,473,612,5,0.4786656322730799,0.5213343677269201,0.9754901960784313,0.4359447004608295,0.24537607891491986,0.9895397489539749,1.7294229783416633,0.056222277494507374
ensemble (top 15),0.073610130596975,199,474,611,5,0.4778898370830101,0.52211016291699,0.9754901960784313,0.4368663594470046,0.24567901234567902,0.9895615866388309,1.732253457847951,0.056103665094729936
ensemble (top 15),0.07381794658847908,199,475,610,5,0.47711404189294027,0.5228859581070597,0.9754901960784313,0.4377880184331797,0.24598269468479605,0.9895833333333334,1.7350932176149148,0.055985552115583134
ensemble (top 15),0.0740411587909659,199,476,609,5,0.47633824670287045,0.5236617532971295,0.9754901960784313,0.43870967741935485,0.24628712871287128,0.9896049896049897,1.737942303358125,0.055867935409457954
ensemble (top 15),0.07453765724986033,199,477,608,5,0.47556245151280063,0.5244375484871994,0.9754901960784313,0.4396313364055299,0.24659231722428748,0.9896265560165975,1.7408007610939114,0.055750811855140435
ensemble (top 15),0.07461694023292806,199,478,607,5,0.4747866563227308,0.5252133436772692,0.9754901960784313,0.44055299539170506,0.24689826302729528,0.989648033126294,1.743668637141842,0.055634178357535535
ensemble (top 15),0.07485548667617846,198,478,607,6,0.47556245151280063,0.5244375484871994,0.9705882352941176,0.44055299539170506,0.24596273291925466,0.987603305785124,1.7349064831863554,0.0667610140290426
ensemble (top 15),0.07500883075095093,198,479,606,6,0.4747866563227308,0.5252133436772692,0.9705882352941176,0.4414746543778802,0.2462686567164179,0.9876288659793815,1.7377693651718116,0.0666216382168734
ensemble (top 15),0.0752322212629842,198,480,605,6,0.474010861132661,0.525989138867339,0.9705882352941176,0.4423963133640553,0.2465753424657534,0.9876543209876543,1.7406417112299468,0.06648284313725492
ensemble (top 15),0.07528074811541788,198,481,604,6,0.4732350659425912,0.5267649340574088,0.9705882352941176,0.4433179723502304,0.24688279301745636,0.9876796714579056,1.7435235683677444,0.06634462516815459
ensemble (top 15),0.07532966725682673,198,482,603,6,0.4724592707525213,0.5275407292474787,0.9705882352941176,0.44423963133640554,0.24719101123595505,0.9877049180327869,1.7464149839040093,0.06620698071759826
ensemble (top 15),0.0753953505812634,198,483,602,6,0.4716834755624515,0.5283165244375485,0.9705882352941176,0.44516129032258067,0.2475,0.9877300613496932,1.7493160054719563,0.06606990622335893
ensemble (top 15),0.07542080299379524,198,484,601,6,0.4709076803723817,0.5290923196276183,0.9705882352941176,0.44608294930875575,0.24780976220275344,0.9877551020408163,1.752226681021826,0.06593339815264951
ensemble (top 15),0.07543370921892345,197,484,601,7,0.4716834755624515,0.5283165244375485,0.9656862745098039,0.44608294930875575,0.24686716791979949,0.9857433808553971,1.7433770513196958,0.07692229784475771
ensemble (top 15),0.0755610684619336,196,484,601,8,0.4724592707525213,0.5275407292474787,0.9607843137254902,0.44608294930875575,0.24592220828105396,0.983739837398374,1.7345274216175652,0.08791119753686592
ensemble (top 15),0.07561296392229652,196,485,600,8,0.4716834755624515,0.5283165244375485,0.9607843137254902,0.4470046082949309,0.24623115577889448,0.9837728194726166,1.7374183006535946,0.08772993733575898
ensemble (top 15),0.07565299523552294,196,486,599,8,0.4709076803723817,0.5290923196276183,0.9607843137254902,0.447926267281106,0.24654088050314465,0.9838056680161943,1.7403188320403287,0.08754942306140556
ensemble (top 15),0.07596354237879499,196,487,598,8,0.47013188518231186,0.5298681148176881,0.9607843137254902,0.4488479262672811,0.24685138539042822,0.9838383838383838,1.7432290642009312,0.08736965011877434
ensemble (top 15),0.07620005898122557,196,488,597,8,0.46935608999224204,0.530643910007758,0.9607843137254902,0.4497695852534562,0.2471626733921816,0.9838709677419355,1.7461490458830098,0.08719061395049817
ensemble (top 15),0.07650359254506442,196,489,596,8,0.4685802948021722,0.5314197051978278,0.9607843137254902,0.45069124423963136,0.2474747474747475,0.9839034205231388,1.7490788261613373,0.08701231003648896
ensemble (top 15),0.07651205095250878,196,490,595,8,0.4678044996121024,0.5321955003878975,0.9607843137254902,0.45161290322580644,0.24778761061946902,0.9839357429718876,1.7520184544406,0.08683473389355736
ensemble (top 15),0.07677387867886235,196,491,594,8,0.4670287044220326,0.5329712955779674,0.9607843137254902,0.4525345622119816,0.2481012658227848,0.9839679358717435,1.7549679804581768,0.08665788107503687
ensemble (top 15),0.07684719954976581,196,492,593,8,0.4662529092319628,0.5337470907680373,0.9607843137254902,0.4534562211981567,0.24841571609632446,0.984,1.7579274542869427,0.08648174717041282
ensemble (top 15),0.07685304239976531,196,493,592,8,0.46547711404189296,0.534522885958107,0.9607843137254902,0.4543778801843318,0.24873096446700507,0.9840319361277445,1.760896926338103,0.08630632780495559
ensemble (top 15),0.07687019267222166,196,494,591,8,0.46470131885182314,0.5352986811481768,0.9607843137254902,0.4552995391705069,0.24904701397712833,0.9840637450199203,1.7638764473640556,0.08613161863935852
ensemble (top 15),0.07688368799920166,196,495,590,8,0.46392552366175327,0.5360744763382468,0.9607843137254902,0.45622119815668205,0.24936386768447838,0.9840954274353877,1.766866068461283,0.08595761536938001
ensemble (top 15),0.07691109219992778,196,496,589,8,0.46314972847168345,0.5368502715283165,0.9607843137254902,0.45714285714285713,0.24968152866242038,0.9841269841269841,1.7698658410732713,0.08578431372549014
ensemble (top 15),0.07695072533966642,196,497,588,8,0.46237393328161364,0.5376260667183863,0.9607843137254902,0.45806451612903226,0.25,0.9841584158415841,1.772875816993464,0.08561170947252134
ensemble (top 15),0.07708160381221554,196,498,587,8,0.4615981380915438,0.5384018619084562,0.9607843137254902,0.4589861751152074,0.2503192848020434,0.9841897233201581,1.77589604836824,0.0854397984093235
ensemble (top 15),0.07716535643065175,196,499,586,8,0.460822342901474,0.539177657098526,0.9607843137254902,0.4599078341013825,0.2506393861892583,0.9842209072978304,1.7789265876999263,0.08526857636842307
ensemble (top 15),0.07719528496508334,196,500,585,8,0.4600465477114042,0.5399534522885958,0.9607843137254902,0.4608294930875576,0.25096030729833546,0.984251968503937,1.7819674878498408,0.08509803921568622
ensemble (top 15),0.07720926725035777,196,501,584,8,0.45927075252133437,0.5407292474786656,0.9607843137254902,0.46175115207373274,0.2512820512820513,0.9842829076620825,1.7850188020413646,0.08492818284998624
ensemble (top 15),0.07743003602878004,196,502,583,8,0.45849495733126455,0.5415050426687354,0.9607843137254902,0.4626728110599078,0.251604621309371,0.984313725490196,1.788080583863048,0.08475900320287472
ensemble (top 15),0.07744424952961645,196,503,582,8,0.45771916214119474,0.5422808378588053,0.9607843137254902,0.46359447004608295,0.2519280205655527,0.9843444227005871,1.7911528872717475,0.08459049623825668
ensemble (top 15),0.07745088904554501,196,504,581,8,0.4569433669511249,0.5430566330488751,0.9607843137254902,0.4645161290322581,0.25225225225225223,0.984375,1.7942357665957953,0.08442265795206966
ensemble (top 15),0.07761267212101194,196,505,580,8,0.4561675717610551,0.5438324282389448,0.9607843137254902,0.46543778801843316,0.25257731958762886,0.9844054580896686,1.7973292765382014,0.08425548437196655
ensemble (top 15),0.0781102162315682,196,506,579,8,0.4553917765709853,0.5446082234290147,0.9607843137254902,0.4663594470046083,0.25290322580645164,0.9844357976653697,1.800433472179891,0.08408897155700219
ensemble (top 15),0.07836194092838475,196,507,578,8,0.4546159813809154,0.5453840186190846,0.9607843137254902,0.46728110599078343,0.2532299741602067,0.9844660194174757,1.8035484089829705,0.08392311559732368
ensemble (top 15),0.0784285791711997,196,508,577,8,0.4538401861908456,0.5461598138091543,0.9607843137254902,0.4682027649769585,0.2535575679172057,0.9844961240310077,1.8066741427940325,0.08375791261386438
ensemble (top 15),0.07851638998412222,196,509,576,8,0.4530643910007758,0.5469356089992242,0.9607843137254902,0.46912442396313364,0.2538860103626943,0.9845261121856866,1.8098107298474944,0.08359335875804147
ensemble (top 15),0.07856302109130821,196,510,575,8,0.45228859581070596,0.5477114041892941,0.9607843137254902,0.4700460829493088,0.25421530479896237,0.9845559845559846,1.8129582267689683,0.08342945021145706
ensemble (top 15),0.07866275459537414,196,511,574,8,0.45151280062063615,0.5484871993793639,0.9607843137254902,0.47096774193548385,0.2545454545454545,0.9845857418111753,1.8161166905786705,0.08326618318560296
ensemble (top 15),0.07911421629033573,196,512,573,8,0.45073700543056633,0.5492629945694336,0.9607843137254902,0.471889400921659,0.25487646293888166,0.9846153846153847,1.8192861786948638,0.08310355392156857
ensemble (top 15),0.07912399950000797,196,513,572,8,0.4499612102404965,0.5500387897595035,0.9607843137254902,0.4728110599078341,0.2552083333333333,0.9846449136276392,1.8224667489373372,0.08294155868975264
ensemble (top 15),0.0791724510366753,196,514,571,8,0.4491854150504267,0.5508145849495734,0.9607843137254902,0.4737327188940092,0.25554106910039115,0.9846743295019157,1.8256584595309229,0.08278019378957803
ensemble (top 15),0.07952804700009944,196,515,570,8,0.4484096198603569,0.5515903801396431,0.9607843137254902,0.47465437788018433,0.2558746736292428,0.9847036328871893,1.8288613691090474,0.08261945554920992
ensemble (top 15),0.07956727969257181,196,516,569,8,0.44763382467028706,0.5523661753297129,0.9607843137254902,0.47557603686635946,0.25620915032679736,0.9847328244274809,1.8320755367173234,0.08245934032527734
ensemble (top 15),0.07968442404692545,196,517,568,8,0.44685802948021724,0.5531419705197828,0.9607843137254902,0.47649769585253454,0.25654450261780104,0.9847619047619047,1.8353010218171775,0.08229984450259789
ensemble (top 15),0.07970865430244269,196,518,567,8,0.44608223429014743,0.5539177657098526,0.9607843137254902,0.4774193548387097,0.25688073394495414,0.9847908745247148,1.8385378842895184,0.08214096449390561
ensemble (top 15),0.07983159141282233,196,519,566,8,0.44530643910007756,0.5546935608999224,0.9607843137254902,0.4783410138248848,0.2572178477690289,0.9848197343453511,1.8417861844384398,0.0819826967395821
ensemble (top 15),0.08006411323405278,196,520,565,8,0.44453064391000774,0.5554693560899923,0.9607843137254902,0.4792626728110599,0.2575558475689882,0.9848484848484849,1.8450459829949677,0.0818250377073906
ensemble (top 15),0.08012592554568658,196,521,564,8,0.4437548487199379,0.5562451512800621,0.9607843137254902,0.480184331797235,0.2578947368421053,0.9848771266540642,1.8483173411208453,0.08166798389221326
ensemble (top 15),0.08014129816273244,196,522,563,8,0.4429790535298681,0.5570209464701319,0.9607843137254902,0.48110599078341015,0.25823451910408435,0.9849056603773585,1.8516003204123568,0.08151153181579139
ensemble (top 15),0.08015339542467707,196,523,562,8,0.4422032583397983,0.5577967416602017,0.9607843137254902,0.48202764976958523,0.25857519788918204,0.9849340866290018,1.8548949829041936,0.08135567802646866
ensemble (top 15),0.08021259931127293,196,524,561,8,0.44142746314972847,0.5585725368502715,0.9607843137254902,0.48294930875576036,0.25891677675033026,0.9849624060150376,1.8582013910733635,0.08120041909893723
ensemble (top 15),0.08025638108677811,196,525,560,8,0.44065166795965865,0.5593483320403414,0.9607843137254902,0.4838709677419355,0.25925925925925924,0.9849906191369606,1.8615196078431373,0.08104575163398686
ensemble (top 15),0.08049376154875162,196,526,559,8,0.43987587276958884,0.5601241272304112,0.9607843137254902,0.4847926267281106,0.2596026490066225,0.9850187265917603,1.864849696587043,0.08089167225825686
ensemble (top 15),0.08057822704410951,196,527,558,8,0.439100077579519,0.5608999224204809,0.9607843137254902,0.4857142857142857,0.259946949602122,0.9850467289719627,1.8681917211328978,0.08073817762399071
ensemble (top 15),0.08085068295589784,196,528,557,8,0.4383242823894492,0.5616757176105508,0.9607843137254902,0.48663594470046084,0.2602921646746348,0.9850746268656716,1.8715457457668887,0.08058526440879377
ensemble (top 15),0.08164776594767978,196,529,556,8,0.4375484871993794,0.5624515128006207,0.9607843137254902,0.4875576036866359,0.26063829787234044,0.9851024208566108,1.8749118352376921,0.0804329293153934
ensemble (top 15),0.08182459062687394,196,530,555,8,0.4367726920093095,0.5632273079906904,0.9607843137254902,0.48847926267281105,0.2609853528628495,0.9851301115241635,1.878290054760643,0.08028116907140209
ensemble (top 15),0.08191384612684309,196,531,554,8,0.4359968968192397,0.5640031031807603,0.9607843137254902,0.4894009216589862,0.2613333333333333,0.9851576994434137,1.8816804700219438,0.08012998042908306
ensemble (top 15),0.082034288411384,196,532,553,8,0.4352211016291699,0.5647788983708302,0.9607843137254902,0.49032258064516127,0.2616822429906542,0.9851851851851852,1.8850831471829235,0.07997936016511863
ensemble (top 15),0.08203790483351774,196,533,552,8,0.43444530643910007,0.5655546935608999,0.9607843137254902,0.4912442396313364,0.2620320855614973,0.9852125693160814,1.8884981528843419,0.07982930508038107
ensemble (top 15),0.08207687941997006,196,534,551,8,0.43366951124903025,0.5663304887509697,0.9607843137254902,0.49216589861751153,0.26238286479250333,0.985239852398524,1.8919255542507383,0.0796798119997062
ensemble (top 15),0.0823081399609257,196,535,550,8,0.43289371605896043,0.5671062839410396,0.9607843137254902,0.4930875576036866,0.26273458445040215,0.9852670349907919,1.8953654188948306,0.07953087777166937
ensemble (top 15),0.08238414833014283,196,536,549,8,0.4321179208688906,0.5678820791311094,0.9607843137254902,0.49400921658986174,0.26308724832214764,0.9852941176470589,1.8988178149219614,0.079382499268364
ensemble (top 15),0.08282801697575864,196,537,548,8,0.4313421256788208,0.5686578743211792,0.9607843137254902,0.4949308755760369,0.26344086021505375,0.9853211009174312,1.9022828109345928,0.0792346733851827
ensemble (top 15),0.08303125847559087,196,538,547,8,0.430566330488751,0.569433669511249,0.9607843137254902,0.49585253456221196,0.26379542395693134,0.9853479853479854,1.90576047603685,0.07908739704060057
ensemble (top 15),0.0830617820570185,196,539,546,8,0.42979053529868116,0.5702094647013188,0.9607843137254902,0.4967741935483871,0.2641509433962264,0.9853747714808044,1.9092508798391155,0.07894066717596124
ensemble (top 15),0.08331376044637556,196,540,545,8,0.42901474010861135,0.5709852598913887,0.9607843137254902,0.4976958525345622,0.26450742240215924,0.9854014598540146,1.9127540924626734,0.07879448075526502
ensemble (top 15),0.08346225061226814,196,541,544,8,0.42823894491854153,0.5717610550814585,0.9607843137254902,0.4986175115207373,0.2648648648648649,0.9854280510018215,1.916270184544406,0.07864883476495954
ensemble (top 15),0.08352405774977596,196,542,543,8,0.42746314972847166,0.5725368502715283,0.9607843137254902,0.49953917050691243,0.2652232746955345,0.9854545454545455,1.9197992272415412,0.07850372621373267
ensemble (top 15),0.08377355392652332,196,543,542,8,0.42668735453840184,0.5733126454615982,0.9607843137254902,0.5004608294930876,0.26558265582655827,0.985480943738657,1.923341292236452,0.07835915213230775
ensemble (top 15),0.08380213548675891,196,544,541,8,0.425911559348332,0.574088440651668,0.9607843137254902,0.5013824884792627,0.26594301221166894,0.9855072463768116,1.9268964517415101,0.078215109573241
ensemble (top 15),0.08380738326774347,196,545,540,8,0.4251357641582622,0.5748642358417377,0.9607843137254902,0.5023041474654378,0.266304347826087,0.9855334538878843,1.9304647785039943,0.07807159561072129
ensemble (top 15),0.08386575412501336,196,546,539,8,0.4243599689681924,0.5756400310318076,0.9607843137254902,0.5032258064516129,0.26666666666666666,0.9855595667870036,1.9340463458110515,0.07792860734037199
ensemble (top 15),0.08389431802837291,196,547,538,8,0.4235841737781226,0.5764158262218775,0.9607843137254902,0.504147465437788,0.2670299727520436,0.9855855855855856,1.9376412274947152,0.07778614187905504
ensemble (top 15),0.08443329179971999,196,548,537,8,0.42280837858805276,0.5771916214119472,0.9607843137254902,0.5050691244239631,0.2673942701227831,0.9856115107913669,1.9412494979369774,0.0776441963646772
ensemble (top 15),0.08452788590789802,196,549,536,8,0.42203258339798294,0.577967416602017,0.9607843137254902,0.5059907834101383,0.2677595628415301,0.9856373429084381,1.9448712320749195,0.07750276795599838
ensemble (top 15),0.08472139888322415,195,549,536,9,0.42280837858805276,0.5771916214119472,0.9558823529411765,0.5059907834101383,0.2667578659370725,0.9838709677419355,1.9349484196663742,0.08719061395049814
ensemble (top 15),0.08486966450449793,194,549,536,10,0.4235841737781226,0.5764158262218775,0.9509803921568627,0.5059907834101383,0.26575342465753427,0.9821109123434705,1.9250256072578285,0.09687845994499814
ensemble (top 15),0.0848802821550778,194,550,535,10,0.42280837858805276,0.5771916214119472,0.9509803921568627,0.5069124423963134,0.2661179698216735,0.9821428571428571,1.9286237859629833,0.09670231729055268
ensemble (top 15),0.08492941267997069,194,551,534,10,0.42203258339798294,0.577967416602017,0.9509803921568627,0.5078341013824885,0.2664835164835165,0.982174688057041,1.9322354409928766,0.0965268139923847
ensemble (top 15),0.08511362088322239,194,552,533,10,0.4212567882079131,0.5787432117920869,0.9509803921568627,0.5087557603686635,0.2668500687757909,0.9822064056939501,1.935860648199242,0.09635194657573184
ensemble (top 15),0.08515107367135201,194,553,532,10,0.4204809930178433,0.5795190069821567,0.9509803921568627,0.5096774193548387,0.26721763085399447,0.9822380106571936,1.9394994840041277,0.0961777115909656
ensemble (top 15),0.08521525493929728,194,554,531,10,0.4197051978277735,0.5802948021722265,0.9509803921568627,0.5105990783410138,0.2675862068965517,0.9822695035460993,1.9431520254052654,0.09600410561336457
ensemble (top 15),0.08526000221602695,194,555,530,10,0.4189294026377037,0.5810705973622963,0.9509803921568627,0.511520737327189,0.26795580110497236,0.9823008849557522,1.946818349981502,0.09583112524289004
ensemble (top 15),0.08552109339189586,194,556,529,10,0.4181536074476338,0.5818463925523663,0.9509803921568627,0.5124423963133641,0.26832641770401106,0.9823321554770318,1.9504985358982914,0.09565876710396398
ensemble (top 15),0.08552335871514696,194,557,528,10,0.417377812257564,0.582622187742436,0.9509803921568627,0.5133640552995392,0.26869806094182824,0.982363315696649,1.9541926619132501,0.0954870278452495
ensemble (top 15),0.08560948649975542,194,558,527,10,0.41660201706749417,0.5833979829325058,0.9509803921568627,0.5142857142857142,0.26907073509015256,0.9823943661971831,1.9579008073817759,0.09531590413943365
ensemble (top 15),0.08569351272950997,194,559,526,10,0.41582622187742435,0.5841737781225756,0.9509803921568627,0.5152073732718894,0.26944444444444443,0.9824253075571178,1.96162305226273,0.09514539268301248
ensemble (top 15),0.08589923186257334,194,560,525,10,0.41505042668735453,0.5849495733126455,0.9509803921568627,0.5161290322580645,0.2698191933240612,0.9824561403508771,1.965359477124183,0.09497549019607852
ensemble (top 15),0.08625868340215664,194,561,524,10,0.4142746314972847,0.5857253685027153,0.9509803921568627,0.5170506912442396,0.27019498607242337,0.9824868651488616,1.9691101631492292,0.09480619342211047
ensemble (top 15),0.08627575431992314,194,562,523,10,0.4134988363072149,0.586501163692785,0.9509803921568627,0.5179723502304148,0.2705718270571827,0.9825174825174825,1.9728751921418664,0.09463749912776508
ensemble (top 15),0.08635842446589312,194,563,522,10,0.4127230411171451,0.5872769588828549,0.9509803921568627,0.5188940092165899,0.2709497206703911,0.9825479930191972,1.9766546465329426,0.09446940410267135
ensemble (top 15),0.08648159725028576,194,564,521,10,0.41194724592707527,0.5880527540729248,0.9509803921568627,0.5198156682027649,0.27132867132867133,0.9825783972125436,1.9804486093861726,0.09430190515922691
ensemble (top 15),0.08661442660348641,194,565,520,10,0.41117145073700545,0.5888285492629945,0.9509803921568627,0.5207373271889401,0.27170868347338933,0.9826086956521739,1.984257164404223,0.09413499913239642
ensemble (top 15),0.08668564261857403,194,566,519,10,0.41039565554693563,0.5896043444530643,0.9509803921568627,0.5216589861751152,0.2720897615708275,0.9826388888888888,1.988080395934867,0.09396868287951232
ensemble (top 15),0.08668591586007719,194,567,518,10,0.40961986035686576,0.5903801396431343,0.9509803921568627,0.5225806451612903,0.27247191011235955,0.9826689774696707,1.9919183889772125,0.09380295328007755
ensemble (top 15),0.08692857568614337,193,567,518,11,0.41039565554693563,0.5896043444530643,0.946078431372549,0.5225806451612903,0.2714486638537271,0.9809688581314879,1.9816507684154743,0.10318324860808527
ensemble (top 15),0.08714461385442557,193,568,517,11,0.40961986035686576,0.5903801396431343,0.946078431372549,0.5235023041474655,0.271830985915493,0.9810017271157168,1.9854837486251755,0.10300158795912737
ensemble (top 15),0.08721716077974626,193,569,516,11,0.40884406516679594,0.591155934833204,0.946078431372549,0.5244239631336406,0.27221438645980256,0.9810344827586207,1.9893315853473172,0.10282056583617635
ensemble (top 15),0.0872332684106539,193,570,515,11,0.40806826997672613,0.5919317300232738,0.946078431372549,0.5253456221198156,0.2725988700564972,0.9810671256454389,1.9931943651246904,0.10264017887856904
ensemble (top 15),0.08736998696771416,193,571,514,11,0.4072924747866563,0.5927075252133437,0.946078431372549,0.5262672811059907,0.272984441301273,0.9810996563573883,1.9970721751735712,0.1024604237491845
ensemble (top 15),0.0874971981635067,193,572,513,11,0.4065166795965865,0.5934833204034136,0.946078431372549,0.5271889400921659,0.273371104815864,0.9811320754716981,2.0009651033902838,0.10228129713423838
ensemble (top 15),0.08759839450961884,193,573,512,11,0.4057408844065167,0.5942591155934833,0.946078431372549,0.528110599078341,0.27375886524822696,0.9811643835616438,2.004873238357843,0.10210279574307914
ensemble (top 15),0.08762845011983901,193,574,511,11,0.40496508921644686,0.5950349107835531,0.946078431372549,0.5290322580645161,0.2741477272727273,0.9811965811965812,2.0087966693526726,0.10192491630798667
ensemble (top 15),0.08769053259628908,193,575,510,11,0.40418929402637704,0.595810705973623,0.946078431372549,0.5299539170506913,0.27453769559032715,0.9812286689419796,2.0127354863514033,0.10174765558397277
ensemble (top 15),0.08772353593869332,193,576,509,11,0.4034134988363072,0.5965865011636928,0.946078431372549,0.5308755760368664,0.27492877492877493,0.9812606473594548,2.016689780037752,0.10157101034858393
ensemble (top 15),0.08779005951105565,193,577,508,11,0.4026377036462374,0.5973622963537626,0.946078431372549,0.5317972350230414,0.275320970042796,0.9812925170068028,2.0206596418094795,0.10139497740170599
ensemble (top 15),0.08782398831926855,193,578,507,11,0.4018619084561676,0.5981380915438324,0.946078431372549,0.5327188940092166,0.2757142857142857,0.9813242784380306,2.024645163785435,0.10121955356537085
ensemble (top 15),0.08835111894365448,193,579,506,11,0.4010861132660978,0.5989138867339022,0.946078431372549,0.5336405529953917,0.2761087267525036,0.9813559322033898,2.0286464388126793,0.10104473568356537
ensemble (top 15),0.08905306822765376,193,580,505,11,0.4003103180760279,0.5996896819239721,0.946078431372549,0.5345622119815668,0.27650429799426934,0.9813874788494078,2.0326635604736945,0.10087052062204198
ensemble (top 15),0.08933116451792135,193,581,504,11,0.3995345228859581,0.6004654771140419,0.946078431372549,0.535483870967742,0.2769010043041607,0.981418918918919,2.036696623093682,0.1006969052681314
ensemble (top 15),0.089343270529965,192,581,504,12,0.4003103180760279,0.5996896819239721,0.9411764705882353,0.535483870967742,0.27586206896551724,0.9797639123102867,2.026143790849673,0.10985116938341603
ensemble (top 15),0.08938066638361251,192,582,503,12,0.3995345228859581,0.6004654771140419,0.9411764705882353,0.5364055299539171,0.2762589928057554,0.9797979797979798,2.030171909718162,0.10966242166969882
ensemble (top 15),0.09004503475821142,192,583,502,12,0.39875872769588827,0.6012412723041117,0.9411764705882353,0.5373271889400921,0.276657060518732,0.9798319327731092,2.0342160768689945,0.10947432146100296
ensemble (top 15),0.09021603751237449,192,584,501,12,0.39798293250581845,0.6020170674941816,0.9411764705882353,0.5382488479262673,0.27705627705627706,0.9798657718120806,2.0382763883996713,0.10928686543110398
ensemble (top 15),0.0904024292669694,192,585,500,12,0.39720713731574864,0.6027928626842514,0.9411764705882353,0.5391705069124424,0.2774566473988439,0.9798994974874372,2.0423529411764707,0.1091000502765209
ensemble (top 15),0.09054054433092504,192,586,499,12,0.3964313421256788,0.6035686578743211,0.9411764705882353,0.5400921658986175,0.2778581765557164,0.979933110367893,2.046445832842155,0.10891387271632204
ensemble (top 15),0.09060724548879326,192,587,498,12,0.395655546935609,0.604344453064391,0.9411764705882353,0.5410138248847927,0.2782608695652174,0.9799666110183639,2.0505551618237656,0.10872832949193308
ensemble (top 15),0.0910665254811732,192,588,497,12,0.3948797517455392,0.6051202482544609,0.9411764705882353,0.5419354838709678,0.27866473149492016,0.98,2.054681027340514,0.1085434173669468
ensemble (top 15),0.0910679352297534,192,589,496,12,0.39410395655546937,0.6058960434445306,0.9411764705882353,0.5428571428571428,0.27906976744186046,0.9800332778702163,2.0588235294117645,0.10835913312693501
ensemble (top 15),0.09146822021132413,192,590,495,12,0.39332816136539955,0.6066718386346004,0.9411764705882353,0.543778801843318,0.2794759825327511,0.9800664451827242,2.0629827688651217,0.10817547357926224
ensemble (top 15),0.09187045540627707,192,591,494,12,0.39255236617532974,0.6074476338246703,0.9411764705882353,0.5447004608294931,0.27988338192419826,0.9800995024875622,2.0671588473446056,0.10799243555290139
ensemble (top 15),0.09193921710385664,192,592,493,12,0.39177657098525986,0.6082234290147401,0.9411764705882353,0.5456221198156682,0.28029197080291973,0.9801324503311258,2.0713518673189357,0.10781001589825122
ensemble (top 15),0.09228920582964383,192,593,492,12,0.39100077579519005,0.6089992242048099,0.9411764705882353,0.5465437788018433,0.2807017543859649,0.9801652892561984,2.0755619320899092,0.10762821148695567
ensemble (top 15),0.09247236846681024,192,594,491,12,0.39022498060512023,0.6097750193948798,0.9411764705882353,0.5474654377880185,0.28111273792093705,0.9801980198019802,2.079789145800887,0.10744701921172511
ensemble (top 15),0.0927304364467283,192,595,490,12,0.3894491854150504,0.6105508145849496,0.9411764705882353,0.5483870967741935,0.28152492668621704,0.9802306425041186,2.084033613445378,0.1072664359861592
ensemble (top 15),0.09293207987392231,192,596,489,12,0.3886733902249806,0.6113266097750194,0.9411764705882353,0.5493087557603686,0.28193832599118945,0.9802631578947368,2.088295440875737,0.10708645874457168
ensemble (top 15),0.09317706323415502,192,597,488,12,0.3878975950349108,0.6121024049650892,0.9411764705882353,0.5502304147465438,0.2823529411764706,0.9802955665024631,2.0925747348119574,0.10690708444181696
ensemble (top 15),0.09370820127823423,192,598,487,12,0.38712179984484096,0.612878200155159,0.9411764705882353,0.5511520737327189,0.28276877761413843,0.980327868852459,2.096871602850586,0.10672831005311825
ensemble (top 15),0.09391573989381678,192,599,486,12,0.38634600465477115,0.6136539953452289,0.9411764705882353,0.552073732718894,0.2831858407079646,0.9803600654664485,2.1011861534737353,0.10655013257389769
ensemble (top 15),0.09392632070325625,192,600,485,12,0.38557020946470133,0.6144297905352987,0.9411764705882353,0.5529953917050692,0.28360413589364847,0.9803921568627451,2.105518496058217,0.10637254901960785
ensemble (top 15),0.094723130102054,192,601,484,12,0.3847944142746315,0.6152055857253684,0.9411764705882353,0.5539170506912442,0.28402366863905326,0.9804241435562806,2.1098687408847834,0.10619555642556526
ensemble (top 15),0.09477054289416716,192,602,483,12,0.3840186190845617,0.6159813809154383,0.9411764705882353,0.5548387096774193,0.28444444444444444,0.9804560260586319,2.1142369991474848,0.10601915184678526
ensemble (top 15),0.09481915990296964,192,603,482,12,0.3832428238944919,0.6167571761055082,0.9411764705882353,0.5557603686635945,0.28486646884273,0.9804878048780488,2.118623382963144,0.10584333235781877
ensemble (top 15),0.0949092472753628,192,604,481,12,0.382467028704422,0.6175329712955779,0.9411764705882353,0.5566820276497696,0.2852897473997028,0.9805194805194806,2.1230280053809465,0.10566809505259059
ensemble (top 15),0.09542758931431135,192,605,480,12,0.3816912335143522,0.6183087664856478,0.9411764705882353,0.5576036866359447,0.2857142857142857,0.9805510534846029,2.127450980392157,0.1054934370442392
ensemble (top 15),0.0960971404991177,192,606,479,12,0.3809154383242824,0.6190845616757177,0.9411764705882353,0.5585253456221199,0.28614008941877794,0.9805825242718447,2.1318924229399485,0.10531935546495827
ensemble (top 15),0.09609940431665467,192,607,478,12,0.38013964313421256,0.6198603568657874,0.9411764705882353,0.5594470046082949,0.2865671641791045,0.9806138933764136,2.136352448929362,0.10514584746583974
ensemble (top 15),0.09611368912140672,192,608,477,12,0.37936384794414274,0.6206361520558572,0.9411764705882353,0.56036866359447,0.28699551569506726,0.9806451612903225,2.1408311752373903,0.1049729102167183
ensemble (top 15),0.09614544106645431,191,608,477,13,0.38013964313421256,0.6198603568657874,0.9362745098039216,0.56036866359447,0.28592814371257486,0.9790660225442834,2.1296810128663624,0.11372065273477812
ensemble (top 15),0.0961498585149239,191,609,476,13,0.37936384794414274,0.6206361520558572,0.9362745098039216,0.5612903225806452,0.2863568215892054,0.9790996784565916,2.134155132641292,0.11353391931485238
ensemble (top 15),0.09621719221901741,191,610,475,13,0.3785880527540729,0.6214119472459271,0.9362745098039216,0.5622119815668203,0.28678678678678676,0.9791332263242376,2.1386480908152734,0.11334779813564769
ensemble (top 15),0.09653330199293224,191,611,474,13,0.3778122575640031,0.622187742435997,0.9362745098039216,0.5631336405529954,0.28721804511278193,0.9791666666666666,2.1431600066186816,0.11316228619107216
ensemble (top 15),0.09654828349186499,191,612,473,13,0.3770364623739333,0.6229635376260667,0.9362745098039216,0.5640552995391706,0.2876506024096386,0.9792,2.14769100029018,0.11297738049468152
ensemble (top 15),0.09655689178015557,191,613,472,13,0.3762606671838635,0.6237393328161365,0.9362745098039216,0.5649769585253456,0.28808446455505277,0.9792332268370607,2.1522411930874044,0.11279307807951892
ensemble (top 15),0.09657366005429843,191,614,471,13,0.37548487199379366,0.6245151280062063,0.9362745098039216,0.5658986175115207,0.28851963746223563,0.9792663476874003,2.156810707297781,0.11260937599795619
ensemble (top 15),0.09676054003395622,191,615,470,13,0.37470907680372384,0.6252909231962762,0.9362745098039216,0.5668202764976958,0.28895612708018154,0.9792993630573248,2.1613996662494785,0.11242627132153674
ensemble (top 15),0.09676754688162535,191,616,469,13,0.373933281613654,0.626066718386346,0.9362745098039216,0.567741935483871,0.28939393939393937,0.9793322734499205,2.1660081943225054,0.11224376114081995
ensemble (top 15),0.09679559686672752,191,617,468,13,0.37315748642358415,0.6268425135764158,0.9362745098039216,0.5686635944700461,0.2898330804248862,0.9793650793650793,2.1706364169599466,0.11206184256522705
ensemble (top 15),0.0970230487932072,191,618,467,13,0.37238169123351433,0.6276183087664857,0.9362745098039216,0.5695852534562212,0.29027355623100304,0.9793977812995246,2.175284460679347,0.11188051272288849
ensemble (top 15),0.09704282122305916,191,619,466,13,0.3716058960434445,0.6283941039565555,0.9362745098039216,0.5705069124423963,0.2907153729071537,0.9794303797468354,2.179952453084238,0.1116997687604929
ensemble (top 15),0.09708911515195436,191,620,465,13,0.3708301008533747,0.6291698991466252,0.9362745098039216,0.5714285714285714,0.29115853658536583,0.9794628751974723,2.184640522875817,0.11151960784313725
ensemble (top 15),0.09720261525483702,191,621,464,13,0.3700543056633049,0.6299456943366951,0.9362745098039216,0.5723502304147465,0.2916030534351145,0.9794952681388013,2.1893487998647734,0.1113400271541789
ensemble (top 15),0.09774638244620798,191,622,463,13,0.36927851047323507,0.630721489526765,0.9362745098039216,0.5732718894009217,0.29204892966360857,0.9795275590551181,2.194077414983272,0.11116102389508857
ensemble (top 15),0.09792048489886261,191,623,462,13,0.36850271528316525,0.6314972847168348,0.9362745098039216,0.5741935483870968,0.29249617151607965,0.9795597484276729,2.1988265002970886,0.11098259528530512
ensemble (top 15),0.09805973118581066,191,624,461,13,0.36772692009309543,0.6322730799069045,0.9362745098039216,0.5751152073732719,0.2929447852760736,0.9795918367346939,2.2035961890179068,0.11080473856209148
ensemble (top 15),0.09809020956615963,191,625,460,13,0.3669511249030256,0.6330488750969744,0.9362745098039216,0.576036866359447,0.29339477726574503,0.9796238244514106,2.208386615515771,0.11062745098039216
ensemble (top 15),0.09809190344643094,191,626,459,13,0.3661753297129558,0.6338246702870443,0.9362745098039216,0.5769585253456221,0.29384615384615387,0.9796557120500783,2.21319791533171,0.11045072981269184
ensemble (top 15),0.09856995811755483,191,627,458,13,0.365399534522886,0.634600465477114,0.9362745098039216,0.5778801843317972,0.2942989214175655,0.9796875,2.2180302251905126,0.11027457234887575
ensemble (top 15),0.09881983004985442,191,628,457,13,0.3646237393328161,0.6353762606671839,0.9362745098039216,0.5788018433179724,0.29475308641975306,0.9797191887675507,2.222883683013687,0.11009897589609091
ensemble (top 15),0.0991464387893123,190,628,457,14,0.365399534522886,0.634600465477114,0.9313725490196079,0.5788018433179724,0.2936630602782071,0.9781931464174455,2.2112455485476468,0.11856812788809788
ensemble (top 15),0.09981472930615555,190,629,456,14,0.3646237393328161,0.6353762606671839,0.9313725490196079,0.5797235023041475,0.29411764705882354,0.9782270606531882,2.2160947712418304,0.11837962530004048
ensemble (top 15),0.10010968116955171,190,630,455,14,0.3638479441427463,0.6361520558572538,0.9313725490196079,0.5806451612903226,0.29457364341085274,0.9782608695652174,2.2209653092006034,0.11819172113289755
ensemble (top 15),0.10016407171529734,190,631,454,14,0.3630721489526765,0.6369278510473235,0.9313725490196079,0.5815668202764976,0.2950310559006211,0.9782945736434109,2.2258573032737323,0.11800441254156177
ensemble (top 15),0.10019106091433819,190,632,453,14,0.36229635376260666,0.6377036462373933,0.9313725490196079,0.5824884792626728,0.2954898911353033,0.978328173374613,2.2307708955546897,0.1178176966989327
ensemble (top 15),0.1004518955379856,190,633,452,14,0.36152055857253684,0.6384794414274632,0.9313725490196079,0.5834101382488479,0.29595015576323985,0.9783616692426584,2.2357062293944128,0.11763157079577483
ensemble (top 15),0.10111757239004304,190,634,451,14,0.360744763382467,0.639255236617533,0.9313725490196079,0.584331797235023,0.296411856474259,0.9783950617283951,2.240663449415243,0.11744603204057645
ensemble (top 15),0.10143038256772134,190,635,450,14,0.3599689681923972,0.6400310318076028,0.9313725490196079,0.5852534562211982,0.296875,0.9784283513097073,2.2456427015250546,0.11726107765941018
ensemble (top 15),0.10153415989150473,189,635,450,15,0.360744763382467,0.639255236617533,0.9264705882352942,0.5852534562211982,0.29577464788732394,0.9769230769230769,2.2338235294117648,0.1256368689207966
ensemble (top 15),0.10175146809600591,189,636,449,15,0.3599689681923972,0.6400310318076028,0.9264705882352942,0.5861751152073733,0.2962382445141066,0.9769585253456221,2.2387986374950875,0.12543932667406577
ensemble (top 15),0.10183060549773892,189,637,448,15,0.3591931730023274,0.6408068269976726,0.9264705882352942,0.5870967741935483,0.2967032967032967,0.9769938650306749,2.243795955882353,0.1252424046541693
ensemble (top 15),0.10190763659885889,189,638,447,15,0.3584173778122576,0.6415826221877424,0.9264705882352942,0.5880184331797235,0.2971698113207547,0.9770290964777948,2.2488156336360046,0.12504609994468
ensemble (top 15),0.10198238459319994,189,639,446,15,0.35764158262218776,0.6423584173778123,0.9264705882352942,0.5889400921658986,0.29763779527559053,0.9770642201834863,2.253857821155368,0.12485040964742698
ensemble (top 15),0.10211951116972787,189,640,445,15,0.35686578743211794,0.6431342125678821,0.9264705882352942,0.5898617511520737,0.2981072555205047,0.9770992366412213,2.2589226701916725,0.12465533088235288
ensemble (top 15),0.10212178487455037,189,641,444,15,0.3560899922420481,0.6439100077579518,0.9264705882352942,0.5907834101382489,0.2985781990521327,0.9771341463414634,2.264010333863275,0.1244608607873726
ensemble (top 15),0.10227106236606848,188,641,444,16,0.35686578743211794,0.6431342125678821,0.9215686274509803,0.5907834101382489,0.2974683544303797,0.9756468797564688,2.2520314432079136,0.13275825150653095
ensemble (top 15),0.10230704241116596,188,642,443,16,0.3560899922420481,0.6439100077579518,0.9215686274509803,0.591705069124424,0.2979397781299525,0.9756838905775076,2.257115035630505,0.13255146295278245
ensemble (top 15),0.10236168707011369,188,643,442,16,0.35531419705197825,0.6446858029480218,0.9215686274509803,0.5926267281105991,0.2984126984126984,0.9757207890743551,2.2622216307337415,0.132345317598268
ensemble (top 15),0.10325702067902041,188,644,441,16,0.35453840186190844,0.6454615981380916,0.9215686274509803,0.5935483870967742,0.2988871224165342,0.9757575757575757,2.2673513849984435,0.1321398124467179
ensemble (top 15),0.10328090509441254,188,645,440,16,0.3537626066718386,0.6462373933281613,0.9215686274509803,0.5944700460829493,0.29936305732484075,0.9757942511346445,2.2725044563279857,0.13193494452044394
ensemble (top 15),0.10395359575945662,188,646,439,16,0.3529868114817688,0.6470131885182312,0.9215686274509803,0.5953917050691244,0.29984051036682613,0.9758308157099698,2.2776810040644957,0.13173071086019555
ensemble (top 15),0.10442264885569505,188,647,438,16,0.352211016291699,0.6477889837083011,0.9215686274509803,0.5963133640552996,0.3003194888178914,0.975867269984917,2.2828811890052823,0.1315271085250175
ensemble (top 15),0.10447874173090112,188,648,437,16,0.35143522110162917,0.6485647788983708,0.9215686274509803,0.5972350230414747,0.3008,0.9759036144578314,2.288105173419482,0.13132413459210854
ensemble (top 15),0.10450336074451247,188,649,436,16,0.35065942591155935,0.6493405740884406,0.9215686274509803,0.5981566820276498,0.30128205128205127,0.9759398496240601,2.29335312106494,0.13112178615668155
ensemble (top 15),0.10460529751822613,188,650,435,16,0.34988363072148954,0.6501163692785105,0.9215686274509803,0.5990783410138248,0.3017656500802568,0.975975975975976,2.2986251972053187,0.13092006033182513
ensemble (top 15),0.10471951884365817,188,651,434,16,0.3491078355314197,0.6508921644685803,0.9215686274509803,0.6,0.3022508038585209,0.9760119940029985,2.303921568627451,0.1307189542483661
ensemble (top 15),0.10494498784217929,187,651,434,17,0.34988363072148954,0.6501163692785105,0.9166666666666666,0.6,0.30112721417069244,0.9745508982035929,2.2916666666666665,0.13888888888888895
ensemble (top 15),0.10498248097991912,187,652,433,17,0.3491078355314197,0.6508921644685803,0.9166666666666666,0.6009216589861751,0.3016129032258065,0.9745889387144993,2.2969591993841414,0.13867586912065447
ensemble (top 15),0.1050736027503667,187,653,432,17,0.3483320403413499,0.6516679596586501,0.9166666666666666,0.6018433179723502,0.30210016155088854,0.9746268656716418,2.302276234567901,0.1384635017866259
ensemble (top 15),0.10509012573382227,186,653,432,18,0.3491078355314197,0.6508921644685803,0.9117647058823529,0.6018433179723502,0.30097087378640774,0.9731743666169895,2.289964596949891,0.14660841365642738
ensemble (top 15),0.10521476166054239,186,654,431,18,0.3483320403413499,0.6516679596586501,0.9117647058823529,0.6027649769585254,0.3014586709886548,0.9732142857142857,2.2952777398662483,0.14638424177010256
ensemble (top 15),0.10524696737333512,186,655,430,18,0.3475562451512801,0.6524437548487199,0.9117647058823529,0.6036866359447005,0.30194805194805197,0.9732540861812778,2.30061559507524,0.14616075437808712
ensemble (top 15),0.1053679376591922,186,656,429,18,0.3467804499612102,0.6532195500387898,0.9117647058823529,0.6046082949308755,0.3024390243902439,0.973293768545994,2.3059783353900998,0.1459379483500718
ensemble (top 15),0.10551236868082424,186,657,428,18,0.3460046547711404,0.6539953452288596,0.9117647058823529,0.6055299539170507,0.30293159609120524,0.9733333333333334,2.311366135239142,0.1457158205748053
ensemble (top 15),0.10563696952164774,186,658,427,18,0.3452288595810706,0.6547711404189294,0.9117647058823529,0.6064516129032258,0.3034257748776509,0.9733727810650887,2.316779170684667,0.14549436795994997
ensemble (top 15),0.10577606716278334,186,659,426,18,0.34445306439100076,0.6555469356089992,0.9117647058823529,0.6073732718894009,0.30392156862745096,0.9734121122599705,2.322217619442143,0.1452735874319379
ensemble (top 15),0.10599660873888515,186,660,425,18,0.34367726920093095,0.6563227307990691,0.9117647058823529,0.6082949308755761,0.3044189852700491,0.9734513274336283,2.3276816608996542,0.1450534759358289
ensemble (top 15),0.1060583681449906,186,661,424,18,0.34290147401086113,0.6570985259891389,0.9117647058823529,0.6092165898617512,0.30491803278688523,0.9734904270986745,2.333171476137625,0.14483403043516954
ensemble (top 15),0.10606686344272696,186,662,423,18,0.3421256788207913,0.6578743211792086,0.9117647058823529,0.6101382488479262,0.3054187192118227,0.9735294117647059,2.3386872479488248,0.1446152479118536
ensemble (top 15),0.10624771651725015,186,663,422,18,0.3413498836307215,0.6586501163692785,0.9117647058823529,0.6110599078341014,0.3059210526315789,0.973568281938326,2.344229160858656,0.14439712536598354
ensemble (top 15),0.10633671058171018,186,664,421,18,0.3405740884406517,0.6594259115593484,0.9117647058823529,0.6119815668202765,0.30642504118616143,0.9736070381231672,2.3497974011457314,0.14417965981573355
ensemble (top 15),0.10650443358064572,186,665,420,18,0.33979829325058186,0.6602017067494181,0.9117647058823529,0.6129032258064516,0.3069306930693069,0.9736456808199122,2.355392156862745,0.14396284829721365
ensemble (top 15),0.10656526996335534,186,666,419,18,0.33902249806051205,0.6609775019394879,0.9117647058823529,0.6138248847926268,0.3074380165289256,0.9736842105263158,2.3610136178576444,0.14374668786433495
ensemble (top 15),0.10659884126248816,186,667,418,18,0.33824670287044223,0.6617532971295578,0.9117647058823529,0.6147465437788019,0.3079470198675497,0.9737226277372263,2.366661975795103,0.14353117558867626
ensemble (top 15),0.10664046523036874,186,668,417,18,0.33747090768037236,0.6625290923196276,0.9117647058823529,0.6156682027649769,0.30845771144278605,0.9737609329446064,2.372337424178304,0.14331630855935193
ensemble (top 15),0.10669923949866252,186,669,416,18,0.33669511249030254,0.6633048875096974,0.9117647058823529,0.616589861751152,0.3089700996677741,0.9737991266375546,2.3780401583710407,0.14310208388288054
ensemble (top 15),0.10672646531764836,185,669,416,19,0.33747090768037236,0.6625290923196276,0.9068627450980392,0.616589861751152,0.30782029950083195,0.9723837209302325,2.3652549962292606,0.15105219965415165
ensemble (top 15),0.10708765810708189,184,669,416,20,0.33824670287044223,0.6617532971295578,0.9019607843137255,0.616589861751152,0.30666666666666664,0.9709724238026125,2.352469834087481,0.15900231542542276
ensemble (top 15),0.10716189938247588,184,670,415,20,0.33747090768037236,0.6625290923196276,0.9019607843137255,0.6175115207373272,0.3071786310517529,0.9710144927536232,2.3581384360973305,0.1587649985367281
ensemble (top 15),0.10752389837955742,184,671,414,20,0.33669511249030254,0.6633048875096974,0.9019607843137255,0.6184331797235023,0.3076923076923077,0.9710564399421129,2.363834422657952,0.15852838900090585
ensemble (top 15),0.10776655126435493,184,672,413,20,0.3359193173002327,0.6640806826997673,0.9019607843137255,0.6193548387096774,0.3082077051926298,0.9710982658959537,2.369557992688601,0.15829248366013068
ensemble (top 15),0.10780539086515,184,673,412,20,0.3351435221101629,0.6648564778898371,0.9019607843137255,0.6202764976958526,0.3087248322147651,0.9711399711399712,2.3753093470397872,0.15805727937534594
ensemble (top 15),0.10784546194206852,184,674,411,20,0.3343677269200931,0.6656322730799069,0.9019607843137255,0.6211981566820276,0.3092436974789916,0.9711815561959655,2.381088688516769,0.15782277302612438
ensemble (top 15),0.10803176758446222,184,675,410,20,0.3335919317300233,0.6664080682699767,0.9019607843137255,0.6221198156682027,0.30976430976430974,0.9712230215827338,2.3868962219033953,0.15758896151053012
ensemble (top 15),0.10825517085361341,184,676,409,20,0.33281613653995346,0.6671838634600465,0.9019607843137255,0.6230414746543779,0.3102866779089376,0.9712643678160919,2.3927321539862887,0.157355841744982
ensemble (top 15),0.1083759105178037,184,677,408,20,0.33204034134988364,0.6679596586501164,0.9019607843137255,0.623963133640553,0.3108108108108108,0.9713055954088953,2.3985966935793925,0.15712341066411792
ensemble (top 15),0.10848533853905616,184,678,407,20,0.3312645461598138,0.6687354538401862,0.9019607843137255,0.6248847926267281,0.311336717428088,0.9713467048710601,2.4044900515488754,0.1568916652206605
ensemble (top 15),0.10848587348931299,184,679,406,20,0.330488750969744,0.6695112490302559,0.9019607843137255,0.6258064516129033,0.31186440677966104,0.9713876967095851,2.4104124408384044,0.15666060238528398
ensemble (top 15),0.1085745111760589,183,679,406,21,0.3312645461598138,0.6687354538401862,0.8970588235294118,0.6258064516129033,0.31069609507640067,0.97,2.3973123732251524,0.16449363250454815
ensemble (top 15),0.10869617525289842,183,680,405,21,0.330488750969744,0.6695112490302559,0.8970588235294118,0.6267281105990783,0.3112244897959184,0.9700427960057061,2.4032316630355846,0.1642517301038062
ensemble (top 15),0.10898794919957486,183,681,404,21,0.3297129557796742,0.6702870442203258,0.8970588235294118,0.6276497695852534,0.31175468483816016,0.9700854700854701,2.40918025626092,0.16401053813595917
ensemble (top 15),0.10999996704562115,183,682,403,21,0.32893716058960437,0.6710628394103957,0.8970588235294118,0.6285714285714286,0.3122866894197952,0.9701280227596017,2.415158371040724,0.1637700534759358
ensemble (top 15),0.1108322301664823,183,683,402,21,0.3281613653995345,0.6718386346004654,0.8970588235294118,0.6294930875576037,0.3128205128205128,0.9701704545454546,2.421166227685104,0.16353027301696663
ensemble (top 15),0.11088793455031495,183,684,401,21,0.3273855702094647,0.6726144297905353,0.8970588235294118,0.6304147465437788,0.3133561643835616,0.9702127659574468,2.427204048701775,0.16329119367045059
ensemble (top 15),0.11093119254814686,182,684,401,22,0.3281613653995345,0.6718386346004654,0.8921568627450981,0.6304147465437788,0.31217838765008576,0.9688385269121813,2.4139406385995796,0.17106696479761488
ensemble (top 15),0.1112871261568405,182,685,400,22,0.3273855702094647,0.6726144297905353,0.8921568627450981,0.631336405529954,0.3127147766323024,0.9688826025459689,2.419975490196079,0.17081723200228988
ensemble (top 15),0.1113648265020767,182,686,399,22,0.32660977501939487,0.6733902249806052,0.8921568627450981,0.632258064516129,0.3132530120481928,0.9689265536723164,2.4260405916752665,0.1705682272909163
ensemble (top 15),0.11142004745998588,182,687,398,22,0.32583397982932505,0.674166020170675,0.8921568627450981,0.6331797235023041,0.3137931034482759,0.9689703808180536,2.432136171051335,0.17031994748408819
ensemble (top 15),0.11241083843106876,182,688,397,22,0.32505818463925523,0.6749418153607447,0.8921568627450981,0.6341013824884792,0.3143350604490501,0.9690140845070423,2.4382624586358475,0.17007238942088457
ensemble (top 15),0.11245725350990064,182,689,396,22,0.3242823894491854,0.6757176105508146,0.8921568627450981,0.6350230414746544,0.314878892733564,0.9690576652601969,2.444419687066746,0.16982554995873522
ensemble (top 15),0.11246691395531583,182,690,395,22,0.3235065942591156,0.6764934057408845,0.8921568627450981,0.6359447004608295,0.31542461005199307,0.9691011235955056,2.450608091337801,0.1695794259732878
ensemble (top 15),0.11256742351236072,182,691,394,22,0.3227307990690458,0.6772692009309542,0.8921568627450981,0.6368663594470046,0.3159722222222222,0.9691444600280504,2.4568279088285063,0.16933401435827578
ensemble (top 15),0.1128695696707525,182,692,393,22,0.32195500387897596,0.678044996121024,0.8921568627450981,0.6377880184331797,0.3165217391304348,0.969187675070028,2.4630793793344306,0.16908931202538813
ensemble (top 15),0.11300963625541398,182,693,392,22,0.32117920868890615,0.6788207913110939,0.8921568627450981,0.6387096774193548,0.3170731707317073,0.9692307692307692,2.469362745098039,0.16884531590413937
ensemble (top 15),0.11335263215114978,182,694,391,22,0.32040341349883633,0.6795965865011637,0.8921568627450981,0.6396313364055299,0.31762652705061084,0.9692737430167597,2.475678250839978,0.16860202294174145
ensemble (top 15),0.1133754588269558,182,695,390,22,0.31962761830876646,0.6803723816912335,0.8921568627450981,0.6405529953917051,0.3181818181818182,0.9693165969316597,2.4820261437908497,0.16835943010297635
ensemble (top 15),0.11352588038316844,182,696,389,22,0.31885182311869664,0.6811481768813034,0.8921568627450981,0.6414746543778802,0.318739054290718,0.9693593314763231,2.4884066737234742,0.1681175343700698
ensemble (top 15),0.11389522101544063,182,697,388,22,0.3180760279286268,0.6819239720713732,0.8921568627450981,0.6423963133640553,0.3192982456140351,0.9694019471488178,2.4948200929856483,0.16787633274256608
ensemble (top 15),0.11431251364840064,182,698,387,22,0.317300232738557,0.682699767261443,0.8921568627450981,0.6433179723502304,0.31985940246045697,0.9694444444444444,2.501266656533414,0.16763582223720427
ensemble (top 15),0.11470127136136501,182,699,386,22,0.3165244375484872,0.6834755624515128,0.8921568627450981,0.6442396313364055,0.3204225352112676,0.9694868238557559,2.507746621964848,0.16739599988779483
ensemble (top 15),0.11473336860569935,182,700,385,22,0.3157486423584174,0.6842513576415826,0.8921568627450981,0.6451612903225806,0.32098765432098764,0.9695290858725761,2.514260249554367,0.16715686274509797
ensemble (top 15),0.11528065891465591,182,701,384,22,0.31497284716834756,0.6850271528316525,0.8921568627450981,0.6460829493087558,0.3215547703180212,0.9695712309820194,2.5208078022875817,0.16691840787670267
ensemble (top 15),0.11576103795467038,182,702,383,22,0.31419705197827774,0.6858029480217223,0.8921568627450981,0.6470046082949309,0.32212389380530976,0.9696132596685083,2.5273895458966877,0.1666806323669068
ensemble (top 15),0.11578931877607236,182,703,382,22,0.3134212567882079,0.686578743211792,0.8921568627450981,0.647926267281106,0.32269503546099293,0.9696551724137931,2.534005748896418,0.16644353331659825
ensemble (top 15),0.11614674976479424,182,704,381,22,0.3126454615981381,0.6873545384018619,0.8921568627450981,0.6488479262672812,0.32326820603907636,0.9696969696969697,2.5406566826205554,0.16620710784313716
ensemble (top 15),0.11640144607835871,182,705,380,22,0.3118696664080683,0.6881303335919318,0.8921568627450981,0.6497695852534562,0.3238434163701068,0.9697386519944979,2.54734262125903,0.1659713530802391
ensemble (top 15),0.11642164802266368,182,706,379,22,0.3110938712179985,0.6889061287820015,0.8921568627450981,0.6506912442396313,0.3244206773618538,0.9697802197802198,2.5540638418955974,0.16573626617785917
ensemble (top 15),0.11653558199148797,182,707,378,22,0.3103180760279286,0.6896819239720714,0.8921568627450981,0.6516129032258065,0.325,0.9698216735253772,2.560820624546115,0.16550184430207718
ensemble (top 15),0.11695303542196463,182,708,377,22,0.3095422808378588,0.6904577191621413,0.8921568627450981,0.6525345622119816,0.32558139534883723,0.9698630136986301,2.567613252197431,0.16526808463498385
ensemble (top 15),0.11700574089196578,182,709,376,22,0.30876648564778897,0.691233514352211,0.8921568627450981,0.6534562211981567,0.32616487455197135,0.9699042407660738,2.574442010846892,0.1650349843745678
ensemble (top 15),0.11708785045177299,182,710,375,22,0.30799069045771915,0.6920093095422808,0.8921568627450981,0.6543778801843319,0.3267504488330341,0.9699453551912568,2.581307189542484,0.1648025407346036
ensemble (top 15),0.11710873716987492,181,710,375,23,0.30876648564778897,0.691233514352211,0.8872549019607843,0.6543778801843319,0.3255395683453237,0.9686221009549796,2.5671241830065363,0.1722935653134494
ensemble (top 15),0.11710942963398387,181,711,374,23,0.30799069045771915,0.6920093095422808,0.8872549019607843,0.6552995391705069,0.3261261261261261,0.9686648501362398,2.5739881514102962,0.17205123962383836
ensemble (top 15),0.11812701627121734,181,712,373,23,0.30721489526764933,0.6927851047323507,0.8872549019607843,0.656221198156682,0.3267148014440433,0.9687074829931973,2.5808889239341846,0.17180959462436668
ensemble (top 15),0.11824904828351644,181,713,372,23,0.3064391000775795,0.6935608999224205,0.8872549019607843,0.6571428571428571,0.32730560578661844,0.96875,2.587826797385621,0.17156862745098045
ensemble (top 15),0.11828400760960843,181,714,371,23,0.3056633048875097,0.6943366951124903,0.8872549019607843,0.6580645161290323,0.3278985507246377,0.9687924016282226,2.594802071772105,0.17132833525567095
ensemble (top 15),0.1183785670897937,181,715,370,23,0.3048875096974399,0.6951124903025601,0.8872549019607843,0.6589861751152074,0.32849364791288566,0.9688346883468835,2.601815050344462,0.17108871520636232
ensemble (top 15),0.11857852318755253,180,715,370,24,0.3056633048875097,0.6943366951124903,0.8823529411764706,0.6589861751152074,0.32727272727272727,0.9675236806495264,2.5874403815580287,0.17852735499794326
ensemble (top 15),0.11867771555947032,180,716,369,24,0.3048875096974399,0.6951124903025601,0.8823529411764706,0.6599078341013825,0.32786885245901637,0.9675675675675676,2.5944524151123867,0.17827801511666122
ensemble (top 15),0.1189103032900979,180,717,368,24,0.30411171450737007,0.6958882854926299,0.8823529411764706,0.6608294930875576,0.3284671532846715,0.9676113360323887,2.6015025575447566,0.1780293707441136
ensemble (top 15),0.11895726086894971,180,718,367,24,0.30333591931730025,0.6966640806826998,0.8823529411764706,0.6617511520737327,0.3290676416819013,0.967654986522911,2.6085911203718544,0.177781418974275
ensemble (top 15),0.11910559981459243,180,719,366,24,0.30256012412723043,0.6974398758727696,0.8823529411764706,0.6626728110599078,0.32967032967032966,0.9676985195154778,2.615718418514947,0.17753415691728713
ensemble (top 15),0.11971039710863586,180,720,365,24,0.30178432893716056,0.6982156710628394,0.8823529411764706,0.663594470046083,0.3302752293577982,0.967741935483871,2.6228847703464946,0.17728758169934644
ensemble (top 15),0.1198756251411368,180,721,364,24,0.30100853374709075,0.6989914662529093,0.8823529411764706,0.6645161290322581,0.33088235294117646,0.9677852348993289,2.6300904977375565,0.17704169046259283
ensemble (top 15),0.11997406726712506,180,722,363,24,0.30023273855702093,0.6997672614429791,0.8823529411764706,0.6654377880184332,0.3314917127071823,0.967828418230563,2.63733592610598,0.1767964803649992
ensemble (top 15),0.12010219194589654,179,722,363,25,0.30100853374709075,0.6989914662529093,0.8774509803921569,0.6654377880184332,0.33025830258302585,0.9665327978580991,2.6226840598498358,0.1841630003802075
ensemble (top 15),0.12030645889908924,179,723,362,25,0.30023273855702093,0.6997672614429791,0.8774509803921569,0.6663594470046083,0.33086876155268025,0.9665775401069518,2.62992904344058,0.18390827977110624
ensemble (top 15),0.12055212956451931,178,723,362,26,0.30100853374709075,0.6989914662529093,0.8725490196078431,0.6663594470046083,0.3296296296296296,0.965287049399199,2.6152367024157726,0.19126461096195047
ensemble (top 15),0.1205967402465154,178,724,361,26,0.30023273855702093,0.6997672614429791,0.8725490196078431,0.6672811059907834,0.3302411873840445,0.9653333333333334,2.6224811254141542,0.19100043332250027
ensemble (top 15),0.12064497284568748,178,725,360,26,0.2994569433669511,0.7005430566330488,0.8725490196078431,0.6682027649769585,0.3308550185873606,0.9653794940079894,2.6297657952069717,0.19073698444895199
ensemble (top 15),0.12078503843113769,178,726,359,26,0.2986811481768813,0.7013188518231187,0.8725490196078431,0.6691244239631337,0.33147113594040967,0.9654255319148937,2.6370910481184118,0.1904742613298763
ensemble (top 15),0.12082906982675781,178,727,358,26,0.2979053529868115,0.7020946470131886,0.8725490196078431,0.6700460829493088,0.332089552238806,0.9654714475431607,2.6444572242304747,0.1902122609704129
ensemble (top 15),0.12121908358082939,178,728,357,26,0.29712955779674166,0.7028704422032583,0.8725490196078431,0.6709677419354839,0.33271028037383177,0.9655172413793104,2.651864667435602,0.18995098039215683
ensemble (top 15),0.12127992692199552,178,729,356,26,0.29635376260667184,0.7036462373933281,0.8725490196078431,0.6718894009216589,0.3333333333333333,0.9655629139072848,2.659313725490196,0.18969041663304553
ensemble (top 15),0.12134461277004202,178,730,355,26,0.295577967416602,0.704422032583398,0.8725490196078431,0.6728110599078341,0.3339587242026266,0.9656084656084656,2.6668047500690415,0.18943056674724684
ensemble (top 15),0.12249707424217798,178,731,354,26,0.2948021722265322,0.7051978277734678,0.8725490196078431,0.6737327188940092,0.33458646616541354,0.9656538969616909,2.674338096820649,0.18917142780504814
ensemble (top 15),0.12260295657637703,178,732,353,26,0.2940263770364624,0.7059736229635376,0.8725490196078431,0.6746543778801843,0.3352165725047081,0.9656992084432717,2.681914125423541,0.18891299689274615
ensemble (top 15),0.12274897536753897,177,732,353,27,0.2948021722265322,0.7051978277734678,0.8676470588235294,0.6746543778801843,0.3339622641509434,0.9644268774703557,2.6668471921346444,0.19617888138862097
ensemble (top 15),0.12302093815052838,177,733,352,27,0.2940263770364624,0.7059736229635376,0.8676470588235294,0.6755760368663595,0.33459357277882795,0.9644736842105263,2.6744234625668453,0.19591124307840457
ensemble (top 15),0.12323859865153354,176,733,352,28,0.2948021722265322,0.7051978277734678,0.8627450980392157,0.6755760368663595,0.3333333333333333,0.9632063074901446,2.6593137254901964,0.20316721504427138
ensemble (top 15),0.1233334152941311,175,733,352,29,0.295577967416602,0.704422032583398,0.8578431372549019,0.6755760368663595,0.33206831119544594,0.9619422572178478,2.644203988413547,0.21042318701013837
ensemble (top 15),0.12370455885903174,175,734,351,29,0.2948021722265322,0.7051978277734678,0.8578431372549019,0.6764976958525346,0.33269961977186313,0.9619921363040629,2.651737333109882,0.2101365069188439
ensemble (top 15),0.12397703526424533,174,734,351,30,0.295577967416602,0.704422032583398,0.8529411764705882,0.6764976958525346,0.3314285714285714,0.9607329842931938,2.6365845483492545,0.21738259336432122
ensemble (top 15),0.12407142278755012,174,735,350,30,0.2948021722265322,0.7051978277734678,0.8529411764705882,0.6774193548387096,0.3320610687022901,0.9607843137254902,2.644117647058823,0.21708683473389362
ensemble (top 15),0.12439066715574296,174,736,349,30,0.2940263770364624,0.7059736229635376,0.8529411764705882,0.6783410138248848,0.3326959847036329,0.9608355091383812,2.651693915388505,0.21679187979539646
ensemble (top 15),0.12501710204386776,174,737,348,30,0.2932505818463926,0.7067494181536074,0.8529411764705882,0.6792626728110599,0.3333333333333333,0.9608865710560626,2.659313725490196,0.21649772527735658
ensemble (top 15),0.12529764790689596,174,738,347,30,0.2924747866563227,0.7075252133436774,0.8529411764705882,0.680184331797235,0.33397312859884837,0.9609375,2.6669774538057296,0.21620436792603226
ensemble (top 15),0.1256276361767161,174,739,346,30,0.2916989914662529,0.7083010085337471,0.8529411764705882,0.6811059907834102,0.3346153846153846,0.9609882964889467,2.674685481128868,0.21591180450529335
ensemble (top 15),0.12577558554258766,174,740,345,30,0.29092319627618307,0.7090768037238169,0.8529411764705882,0.6820276497695853,0.3352601156069364,0.961038961038961,2.682438192668372,0.2156200317965024
ensemble (top 15),0.12607186687246894,174,741,344,30,0.29014740108611325,0.7098525989138867,0.8529411764705882,0.6829493087557603,0.3359073359073359,0.9610894941634242,2.6902359781121747,0.2153290465983965
ensemble (top 15),0.12763942065173436,174,742,343,30,0.28937160589604344,0.7106283941039566,0.8529411764705882,0.6838709677419355,0.3365570599613153,0.961139896373057,2.6980792316926765,0.2150388457269701
ensemble (top 15),0.12771975084832266,174,743,342,30,0.2885958107059736,0.7114041892940264,0.8529411764705882,0.6847926267281106,0.3372093023255814,0.9611901681759379,2.7059683522531817,0.2147494260153591
ensemble (top 15),0.127909106976519,174,744,341,30,0.2878200155159038,0.7121799844840961,0.8529411764705882,0.6857142857142857,0.3378640776699029,0.9612403100775194,2.713903743315508,0.21446078431372553
ensemble (top 15),0.12792039172341335,174,745,340,30,0.287044220325834,0.712955779674166,0.8529411764705882,0.6866359447004609,0.33852140077821014,0.9612903225806452,2.721885813148789,0.21417291748914336
ensemble (top 15),0.12807123188760194,174,746,339,30,0.28626842513576417,0.7137315748642359,0.8529411764705882,0.687557603686636,0.3391812865497076,0.961340206185567,2.7299149748394935,0.21388582242548498
ensemble (top 15),0.12841208402817922,174,747,338,30,0.28549262994569435,0.7145073700543056,0.8529411764705882,0.688479262672811,0.33984375,0.9613899613899614,2.7379916463626865,0.213599496023309
ensemble (top 15),0.12887748715662875,174,748,337,30,0.28471683475562454,0.7152831652443754,0.8529411764705882,0.6894009216589861,0.3405088062622309,0.961439588688946,2.746116250654564,0.2133139351997484
ensemble (top 15),0.12930428026307914,174,749,336,30,0.2839410395655547,0.7160589604344453,0.8529411764705882,0.6903225806451613,0.3411764705882353,0.9614890885750963,2.754289215686274,0.21302913688840028
ensemble (top 15),0.12950195116665453,174,750,335,30,0.28316524437548485,0.7168347556245152,0.8529411764705882,0.6912442396313364,0.3418467583497053,0.9615384615384616,2.7625109745390692,0.21274509803921574
ensemble (top 15),0.12981398362639315,174,751,334,30,0.28238944918541503,0.7176105508145849,0.8529411764705882,0.6921658986175115,0.3425196850393701,0.9615877080665813,2.7707819654808032,0.2124618156183912
ensemble (top 15),0.12996108380005492,173,751,334,31,0.28316524437548485,0.7168347556245152,0.8480392156862745,0.6921658986175115,0.34122287968441817,0.9603580562659847,2.754857931196431,0.21954387613900422
ensemble (top 15),0.13067836613024572,173,752,333,31,0.28238944918541503,0.7176105508145849,0.8480392156862745,0.6930875576036867,0.34189723320158105,0.9604086845466155,2.7631307778366607,0.21925192949520234
ensemble (top 15),0.1307373094921404,172,752,333,32,0.28316524437548485,0.7168347556245152,0.8431372549019608,0.6930875576036867,0.3405940594059406,0.9591836734693877,2.747158923629512,0.22632457238214432
ensemble (top 15),0.13083393155778897,172,753,332,32,0.28238944918541503,0.7176105508145849,0.8431372549019608,0.6940092165898617,0.3412698412698413,0.9592356687898089,2.7554334987006848,0.2260240085409994
ensemble (top 15),0.13117534914459578,172,754,331,32,0.2816136539953452,0.7183863460046548,0.8431372549019608,0.6949308755760368,0.341948310139165,0.9592875318066157,2.7637580712043124,0.2257242419514225
ensemble (top 15),0.1314708761760411,172,755,330,32,0.2808378588052754,0.7191621411947247,0.8431372549019608,0.695852534562212,0.3426294820717131,0.9593392630241423,2.7721330956625074,0.22542526944552654
ensemble (top 15),0.1314754912005754,172,756,329,32,0.2800620636152056,0.7199379363847944,0.8431372549019608,0.6967741935483871,0.34331337325349304,0.9593908629441624,2.7805590321234877,0.2251270878721859
ensemble (top 15),0.13174375192229829,172,757,328,32,0.27928626842513576,0.7207137315748642,0.8431372549019608,0.6976958525345622,0.344,0.9594423320659062,2.7890363462458154,0.2248296940969254
ensemble (top 15),0.1319685364721705,172,758,327,32,0.27851047323506595,0.721489526764934,0.8431372549019608,0.6986175115207374,0.34468937875751504,0.959493670886076,2.797565509384182,0.22453308500181074
ensemble (top 15),0.13252854153664506,172,759,326,32,0.27773467804499613,0.7222653219550039,0.8431372549019608,0.6995391705069124,0.3453815261044177,0.9595448798988622,2.8061469986767706,0.22423725748533935
ensemble (top 15),0.13253986505947613,172,760,325,32,0.2769588828549263,0.7230411171450737,0.8431372549019608,0.7004608294930875,0.3460764587525151,0.9595959595959596,2.814781297134238,0.22394220846233232
ensemble (top 15),0.13285310780871482,172,761,324,32,0.2761830876648565,0.7238169123351434,0.8431372549019608,0.7013824884792627,0.3467741935483871,0.9596469104665826,2.8234688937303316,0.22364793486382728
ensemble (top 15),0.13314531356377526,172,762,323,32,0.2754072924747867,0.7245927075252133,0.8431372549019608,0.7023041474654378,0.3474747474747475,0.9596977329974811,2.8322102834942027,0.22335443363697186
ensemble (top 15),0.13318978948652976,172,763,322,32,0.2746314972847168,0.7253685027152832,0.8431372549019608,0.7032258064516129,0.3481781376518219,0.959748427672956,2.8410059676044335,0.22306170174491813
ensemble (top 15),0.13321572898019718,172,764,321,32,0.273855702094647,0.726144297905353,0.8431372549019608,0.7041474654377881,0.3488843813387424,0.9597989949748744,2.849856453484821,0.22276973616671797
ensemble (top 15),0.1335335395020553,172,765,320,32,0.2730799069045772,0.7269200930954228,0.8431372549019608,0.7050691244239631,0.34959349593495936,0.9598494353826851,2.8587622549019605,0.22247853389721903
ensemble (top 15),0.13381999527375962,172,766,319,32,0.27230411171450736,0.7276958882854927,0.8431372549019608,0.7059907834101382,0.35030549898167007,0.9598997493734336,2.8677238920646624,0.22218809194696157
ensemble (top 15),0.13385819443282784,172,767,318,32,0.27152831652443754,0.7284716834755625,0.8431372549019608,0.7069124423963133,0.3510204081632653,0.9599499374217773,2.8767418917252434,0.22189840734207633
ensemble (top 15),0.13471201563272447,171,767,318,33,0.27230411171450736,0.7276958882854927,0.8382352941176471,0.7069124423963133,0.3496932515337423,0.95875,2.8600166481687013,0.2288327325715162
ensemble (top 15),0.13489695288402978,171,768,317,33,0.27152831652443754,0.7284716834755625,0.8382352941176471,0.7078341013824885,0.35040983606557374,0.9588014981273408,2.8690387827055113,0.2285347732843137
ensemble (top 15),0.13603625290090066,171,769,316,33,0.2707525213343677,0.7292474786656322,0.8382352941176471,0.7087557603686636,0.351129363449692,0.9588528678304239,2.878118019359643,0.2282375889237359
ensemble (top 15),0.13613817991096455,171,770,315,33,0.2699767261442979,0.7300232738557021,0.8382352941176471,0.7096774193548387,0.35185185185185186,0.958904109589041,2.8872549019607847,0.2279411764705882
ensemble (top 15),0.1369110672681853,171,771,314,33,0.2692009309542281,0.730799069045772,0.8382352941176471,0.7105990783410139,0.3525773195876289,0.9589552238805971,2.8964499812663926,0.2276455329213397
ensemble (top 15),0.13692528921692812,171,772,313,33,0.2684251357641583,0.7315748642358417,0.8382352941176471,0.7115207373271889,0.35330578512396693,0.9590062111801242,2.9057038150723544,0.22735065528802192
ensemble (top 15),0.13723681478312014,171,773,312,33,0.26764934057408846,0.7323506594259115,0.8382352941176471,0.712442396313364,0.35403726708074534,0.9590570719602978,2.9150169683257916,0.22705654059812796
ensemble (top 15),0.13765015783031156,171,774,311,33,0.26687354538401864,0.7331264546159814,0.8382352941176471,0.7133640552995392,0.35477178423236516,0.9591078066914498,2.9243900132400227,0.22676318589451283
ensemble (top 15),0.13793410126749917,171,775,310,33,0.2660977501939488,0.7339022498060512,0.8382352941176471,0.7142857142857143,0.35550935550935553,0.9591584158415841,2.933823529411765,0.2264705882352941
ensemble (top 15),0.13843069183196766,171,776,309,33,0.26532195500387895,0.734678044996121,0.8382352941176471,0.7152073732718894,0.35625,0.9592088998763906,2.943318103940606,0.22617874469375376
ensemble (top 15),0.13898704333709141,171,777,308,33,0.26454615981380913,0.7354538401861909,0.8382352941176471,0.7161290322580646,0.3569937369519833,0.9592592592592593,2.952874331550803,0.22588765235824054
ensemble (top 15),0.13910567987356862,171,778,307,33,0.2637703646237393,0.7362296353762607,0.8382352941176471,0.7170506912442396,0.3577405857740586,0.9593094944512947,2.9624928147154623,0.22559730833207317
ensemble (top 15),0.1394064061401216,171,779,306,33,0.2629945694336695,0.7370054305663305,0.8382352941176471,0.7179723502304147,0.3584905660377358,0.9593596059113301,2.9721741637831602,0.22530770973344405
ensemble (top 15),0.13979300627810595,171,780,305,33,0.2622187742435997,0.7377812257564003,0.8382352941176471,0.7188940092165899,0.3592436974789916,0.959409594095941,2.9819189971070394,0.22501885369532426
ensemble (top 15),0.14001671360732262,170,780,305,34,0.2629945694336695,0.7370054305663305,0.8333333333333334,0.7188940092165899,0.35789473684210527,0.9582309582309583,2.96448087431694,0.2318376068376068
ensemble (top 15),0.14009623761015905,170,781,304,34,0.2622187742435997,0.7377812257564003,0.8333333333333334,0.719815668202765,0.35864978902953587,0.9582822085889571,2.974232456140351,0.23154075970977372
ensemble (top 15),0.14028576043985883,170,782,303,34,0.26144297905352987,0.7385570209464701,0.8333333333333334,0.7207373271889401,0.3594080338266385,0.9583333333333334,2.9840484048404847,0.23124467178175612
ensemble (top 15),0.14035293093240184,170,783,302,34,0.26066718386346005,0.73933281613654,0.8333333333333334,0.7216589861751153,0.3601694915254237,0.9583843329253366,2.9939293598234,0.2309493401447424
ensemble (top 15),0.14037601958315038,170,784,301,34,0.25989138867339023,0.7401086113266098,0.8333333333333334,0.7225806451612903,0.3609341825902335,0.9584352078239609,3.0038759689922476,0.23065476190476186
ensemble (top 15),0.14078990628113486,170,785,300,34,0.2591155934833204,0.7408844065166795,0.8333333333333334,0.7235023041474654,0.3617021276595745,0.9584859584859585,3.013888888888889,0.23036093418259018
ensemble (top 15),0.1408293032800145,170,786,299,34,0.2583397982932506,0.7416602017067494,0.8333333333333334,0.7244239631336405,0.3624733475479744,0.9585365853658536,3.0239687848383503,0.2300678541136556
ensemble (top 15),0.14084750861339065,170,787,298,34,0.2575640031031808,0.7424359968968193,0.8333333333333334,0.7253456221198157,0.36324786324786323,0.9585870889159561,3.034116331096197,0.22977551884794573
ensemble (top 15),0.14092854807481928,169,787,298,35,0.2583397982932506,0.7416602017067494,0.8284313725490197,0.7253456221198157,0.3618843683083512,0.9574209245742092,3.016268587972102,0.23653362234347353
ensemble (top 15),0.1410683178682595,169,788,297,35,0.2575640031031808,0.7424359968968193,0.8284313725490197,0.7262672811059908,0.3626609442060086,0.9574726609963548,3.026424374463591,0.23623345277197164
ensemble (top 15),0.14127168861210956,169,789,296,35,0.25678820791311097,0.743211792086889,0.8284313725490197,0.727188940092166,0.3634408602150538,0.9575242718446602,3.036648781134076,0.23593404408658258
ensemble (top 15),0.1422809991263297,168,789,296,36,0.2575640031031808,0.7424359968968193,0.8235294117647058,0.727188940092166,0.3620689655172414,0.9563636363636364,3.0186804451510336,0.24267501677477077
ensemble (top 15),0.1434736762603038,168,790,295,36,0.25678820791311097,0.743211792086889,0.8235294117647058,0.728110599078341,0.36285097192224625,0.9564164648910412,3.0289132602193414,0.24236783320923314
ensemble (top 15),0.1436897981603704,168,791,294,36,0.2560124127230411,0.7439875872769589,0.8235294117647058,0.7290322580645161,0.36363636363636365,0.9564691656590084,3.039215686274509,0.24206142634044775
ensemble (top 15),0.14382591678193118,168,792,293,36,0.2552366175329713,0.7447633824670288,0.8235294117647058,0.7299539170506912,0.3644251626898048,0.9565217391304348,3.0495884360570162,0.24175579322638152
ensemble (top 15),0.1441918805090576,168,793,292,36,0.25446082234290146,0.7455391776570985,0.8235294117647058,0.7308755760368664,0.3652173913043478,0.9565741857659831,3.0600322320709106,0.2414509309398413
ensemble (top 15),0.14466532656621445,168,794,291,36,0.25368502715283164,0.7463149728471683,0.8235294117647058,0.7317972350230415,0.3660130718954248,0.9566265060240964,3.070547806751567,0.24114683656838054
ensemble (top 15),0.14466720217708454,167,794,291,37,0.25446082234290146,0.7455391776570985,0.8186274509803921,0.7317972350230415,0.3646288209606987,0.9554753309265944,3.0522707364732837,0.24784535980639108
ensemble (top 15),0.1448243362145199,167,795,290,37,0.25368502715283164,0.7463149728471683,0.8186274509803921,0.7327188940092166,0.36542669584245074,0.9555288461538461,3.062795807978364,0.2475336046368233
ensemble (top 15),0.14491261454303805,167,796,289,37,0.2529092319627618,0.7470907680372382,0.8186274509803921,0.7336405529953917,0.36622807017543857,0.9555822328931572,3.0733937173485306,0.2472226327717017
ensemble (top 15),0.14496154891752164,167,797,288,37,0.252133436772692,0.747866563227308,0.8186274509803921,0.7345622119815668,0.367032967032967,0.9556354916067147,3.0840652233115464,0.24691244126257783
ensemble (top 15),0.14508508403220324,167,798,287,37,0.2513576415826222,0.7486423584173778,0.8186274509803921,0.7354838709677419,0.36784140969163,0.9556886227544911,3.094811095169775,0.2466030271757826
ensemble (top 15),0.14526164054012095,167,799,286,37,0.2505818463925524,0.7494181536074476,0.8186274509803921,0.7364055299539171,0.3686534216335541,0.9557416267942583,3.105632112985054,0.24629438759233357
ensemble (top 15),0.14542704371405077,167,800,285,37,0.24980605120248253,0.7501939487975174,0.8186274509803921,0.7373271889400922,0.3694690265486726,0.955794504181601,3.116529067767458,0.24598651960784315
ensemble (top 15),0.14549090534157702,167,801,284,37,0.24903025601241272,0.7509697439875873,0.8186274509803921,0.7382488479262673,0.37028824833702884,0.9558472553699284,3.127502761668048,0.24567942033242762
ensemble (top 15),0.14569574215819142,167,802,283,37,0.2482544608223429,0.7517455391776571,0.8186274509803921,0.7391705069124423,0.3711111111111111,0.9558998808104887,3.1385540081757077,0.24537308689061665
ensemble (top 15),0.14578209495969496,167,803,282,37,0.24747866563227308,0.752521334367727,0.8186274509803921,0.7400921658986175,0.37193763919821826,0.955952380952381,3.149683632318175,0.24506751642126343
ensemble (top 15),0.1466805688810818,167,804,281,37,0.24670287044220326,0.7532971295577967,0.8186274509803921,0.7410138248847926,0.37276785714285715,0.9560047562425684,3.1608924708673505,0.2447627060774559
ensemble (top 15),0.14668797432003988,166,804,281,38,0.24747866563227308,0.752521334367727,0.8137254901960784,0.7410138248847926,0.3713646532438479,0.9548693586698337,3.1419649710417974,0.25137791434981954
ensemble (top 15),0.1471185584324019,166,805,280,38,0.24670287044220326,0.7532971295577967,0.8137254901960784,0.7419354838709677,0.3721973094170404,0.9549228944246738,3.153186274509804,0.2510656436487639
ensemble (top 15),0.14720208534557774,166,806,279,38,0.24592707525213345,0.7540729247478666,0.8137254901960784,0.7428571428571429,0.37303370786516854,0.9549763033175356,3.164488017429194,0.25075414781297134
ensemble (top 15),0.1473663103455336,166,807,278,38,0.2451512800620636,0.7548487199379363,0.8137254901960784,0.743778801843318,0.3738738738738739,0.9550295857988166,3.1758710678516016,0.250443423961902
ensemble (top 15),0.14841486025194806,166,808,277,38,0.2443754848719938,0.7556245151280062,0.8137254901960784,0.744700460829493,0.3747178329571106,0.9550827423167849,3.1873363063637,0.2501334692292759
ensemble (top 15),0.1487028140087855,166,809,276,38,0.24359968968192397,0.7564003103180761,0.8137254901960784,0.7456221198156682,0.3755656108597285,0.9551357733175915,3.1988846263142934,0.24982428076298507
ensemble (top 15),0.14885875902491785,166,810,275,38,0.24282389449185415,0.7571761055081458,0.8137254901960784,0.7465437788018433,0.3764172335600907,0.9551886792452831,3.2105169340463457,0.24951585572500606
ensemble (top 15),0.14936538663383372,166,811,274,38,0.24204809930178434,0.7579519006982156,0.8137254901960784,0.7474654377880184,0.37727272727272726,0.9552414605418139,3.222234149134106,0.24920819129131308
ensemble (top 15),0.15018346985537695,165,811,274,39,0.24282389449185415,0.7571761055081458,0.8088235294117647,0.7474654377880184,0.37585421412300685,0.9541176470588235,3.202823100042937,0.25576630158845287
ensemble (top 15),0.15088007323192987,164,811,274,40,0.24359968968192397,0.7564003103180761,0.803921568627451,0.7474654377880184,0.3744292237442922,0.9529964747356052,3.183412050951768,0.2623244118855927
ensemble (top 15),0.15128999504228788,164,812,273,40,0.24282389449185415,0.7571761055081458,0.803921568627451,0.7483870967741936,0.37528604118993136,0.9530516431924883,3.1950729009552545,0.2620013522650439
ensemble (top 15),0.15141974979918624,164,813,272,40,0.24204809930178434,0.7579519006982156,0.803921568627451,0.7493087557603687,0.3761467889908257,0.9531066822977726,3.206819492502884,0.26167908737910905
ensemble (top 15),0.1515021442854509,164,814,271,40,0.24127230411171452,0.7587276958882855,0.803921568627451,0.7502304147465437,0.37701149425287356,0.9531615925058547,3.2186527747630413,0.26135761429879073
ensemble (top 15),0.15159835908733543,164,815,270,40,0.24049650892164467,0.7595034910783554,0.803921568627451,0.7511520737327189,0.3778801843317972,0.9532163742690059,3.2305737109658677,0.26103693010946705
ensemble (top 15),0.15174903990841285,164,816,269,40,0.23972071373157486,0.7602792862684251,0.803921568627451,0.752073732718894,0.3787528868360277,0.9532710280373832,3.242583278664626,0.2607170319108035
ensemble (top 15),0.15185797420966748,163,816,269,41,0.24049650892164467,0.7595034910783554,0.7990196078431373,0.752073732718894,0.3773148148148148,0.9521586931155193,3.2228114294044756,0.2672349577085736
ensemble (top 15),0.15199753343009106,163,817,268,41,0.23972071373157486,0.7602792862684251,0.7990196078431373,0.7529953917050691,0.37819025522041766,0.9522144522144522,3.2348368451858356,0.26690786473708206
ensemble (top 15),0.15203858437647755,163,818,267,41,0.23894491854150504,0.761055081458495,0.7990196078431373,0.7539170506912443,0.37906976744186044,0.9522700814901047,3.2469523389880304,0.2665815715039071
ensemble (top 15),0.1534177102501856,163,819,266,41,0.23816912335143522,0.7618308766485647,0.7990196078431373,0.7548387096774194,0.37995337995337997,0.9523255813953488,3.259158926728587,0.2662560750796044
ensemble (top 15),0.153514758727319,163,820,265,41,0.2373933281613654,0.7626066718386346,0.7990196078431373,0.7557603686635944,0.3808411214953271,0.9523809523809523,3.271457639659637,0.26593137254901955
ensemble (top 15),0.1538696801155211,163,821,264,41,0.2366175329712956,0.7633824670287044,0.7990196078431373,0.7566820276497696,0.38173302107728335,0.9524361948955916,3.283849524658348,0.26560746101120103
ensemble (top 15),0.15404966655006075,163,822,263,41,0.23584173778122575,0.7641582622187743,0.7990196078431373,0.7576036866359447,0.3826291079812207,0.9524913093858632,3.2963356445239693,0.2652843375793139
ensemble (top 15),0.1540674912831406,163,823,262,41,0.23506594259115593,0.7649340574088441,0.7990196078431373,0.7585253456221198,0.3835294117647059,0.9525462962962963,3.3089170782816946,0.2649619993805541
ensemble (top 15),0.15430866616817565,163,824,261,41,0.2342901474010861,0.7657098525989139,0.7990196078431373,0.759447004608295,0.38443396226415094,0.9526011560693641,3.321594921493502,0.26464044355606314
ensemble (top 15),0.15506842337689083,163,825,260,41,0.2335143522110163,0.7664856477889836,0.7990196078431373,0.7603686635944701,0.38534278959810875,0.9526558891454965,3.3343702865761697,0.26431966726084366
ensemble (top 15),0.15568197897225505,163,826,259,41,0.23273855702094648,0.7672614429790535,0.7990196078431373,0.7612903225806451,0.3862559241706161,0.9527104959630911,3.3472443031266557,0.2639996676636756
ensemble (top 15),0.15572815217310484,163,827,258,41,0.23196276183087663,0.7680372381691234,0.7990196078431373,0.7622119815668202,0.38717339667458434,0.9527649769585254,3.3602181182550535,0.2636804419470327
ensemble (top 15),0.1560506768935426,163,828,257,41,0.23118696664080682,0.7688130333591932,0.7990196078431373,0.7631336405529954,0.3880952380952381,0.952819332566168,3.373292896925307,0.26336198730700006
ensemble (top 15),0.15625349459679824,163,829,256,41,0.230411171450737,0.769588828549263,0.7990196078431373,0.7640552995391705,0.38902147971360385,0.9528735632183908,3.386469822303922,0.2630443009531918
ensemble (top 15),0.15673839176294332,163,830,255,41,0.22963537626066718,0.7703646237393328,0.7990196078431373,0.7649769585253456,0.38995215311004783,0.9529276693455798,3.3997500961168785,0.2627273801086699
ensemble (top 15),0.15690148006436047,163,831,254,41,0.22885958107059737,0.7711404189294027,0.7990196078431373,0.7658986175115208,0.3908872901678657,0.9529816513761468,3.4131349390149768,0.26241122200986283
ensemble (top 15),0.15724800943051903,162,831,254,42,0.22963537626066718,0.7703646237393328,0.7941176470588235,0.7658986175115208,0.3894230769230769,0.9518900343642611,3.3921954608615104,0.2688114957174206
ensemble (top 15),0.15727335830674458,162,832,253,42,0.22885958107059737,0.7711404189294027,0.7941176470588235,0.7668202764976959,0.39036144578313253,0.9519450800915332,3.4056033480585914,0.2684884049773756
ensemble (top 15),0.15737706297209844,161,832,253,43,0.22963537626066718,0.7703646237393328,0.7892156862745098,0.7668202764976959,0.3888888888888889,0.9508571428571428,3.384581105169341,0.2748809860482655
ensemble (top 15),0.15807259461412768,160,832,253,44,0.230411171450737,0.769588828549263,0.7843137254901961,0.7668202764976959,0.387409200968523,0.9497716894977168,3.3635588622800907,0.28127356711915535
ensemble (top 15),0.15874084973416533,160,833,252,44,0.22963537626066718,0.7703646237393328,0.7843137254901961,0.7677419354838709,0.3883495145631068,0.9498289623717218,3.376906318082788,0.28093590377327404
ensemble (top 15),0.15914319778587147,159,833,252,45,0.230411171450737,0.769588828549263,0.7794117647058824,0.7677419354838709,0.38686131386861317,0.94874715261959,3.3558006535947706,0.28732081067721205
ensemble (top 15),0.15961297532997518,158,833,252,46,0.23118696664080682,0.7688130333591932,0.7745098039215687,0.7677419354838709,0.3853658536585366,0.9476678043230944,3.334694989106753,0.2937057175811501
ensemble (top 15),0.15976571620454835,158,834,251,46,0.230411171450737,0.769588828549263,0.7745098039215687,0.7686635944700461,0.3863080684596577,0.9477272727272728,3.3479806265135537,0.2933535524521559
ensemble (top 15),0.15992662451278886,158,835,250,46,0.22963537626066718,0.7703646237393328,0.7745098039215687,0.7695852534562212,0.3872549019607843,0.9477866061293984,3.361372549019608,0.2930022308324527
ensemble (top 15),0.16006039906464226,158,836,249,46,0.22885958107059737,0.7711404189294027,0.7745098039215687,0.7705069124423963,0.3882063882063882,0.9478458049886621,3.374872037168281,0.29265174969509333
ensemble (top 15),0.16081180440704648,157,836,249,47,0.22963537626066718,0.7703646237393328,0.7696078431372549,0.7705069124423963,0.3866995073891626,0.9467723669309174,3.3535120875659503,0.29901374425368227
ensemble (top 15),0.16111481057811544,157,837,248,47,0.22885958107059737,0.7711404189294027,0.7696078431372549,0.7714285714285715,0.38765432098765434,0.9468325791855203,3.367034313725491,0.2986564996368917
ensemble (top 15),0.16128532316857486,157,838,247,47,0.22808378588052755,0.7719162141194724,0.7696078431372549,0.7723502304147466,0.3886138613861386,0.9468926553672317,3.380666031594825,0.29830010763255177
ensemble (top 15),0.16207089935123703,157,839,246,47,0.2273079906904577,0.7726920093095423,0.7696078431372549,0.7732718894009216,0.38957816377171217,0.9469525959367946,3.394408576438705,0.29794456519198853
ensemble (top 15),0.16225589357278464,156,839,246,48,0.22808378588052755,0.7719162141194724,0.7647058823529411,0.7732718894009216,0.3880597014925373,0.9458850056369785,3.3727881396461017,0.30428381125990334
ensemble (top 15),0.1623695116931829,156,840,245,48,0.2273079906904577,0.7726920093095423,0.7647058823529411,0.7741935483870968,0.38902743142144636,0.9459459459459459,3.386554621848739,0.30392156862745107
ensemble (top 15),0.16317051835845522,156,841,244,48,0.2265321955003879,0.7734678044996122,0.7647058823529411,0.7751152073732719,0.39,0.9460067491563554,3.4004339440694307,0.30356018745191304
ensemble (top 15),0.16344237391970384,156,842,243,48,0.22575640031031807,0.7742435996896819,0.7647058823529411,0.776036866359447,0.39097744360902253,0.946067415730337,3.4144274993948196,0.3031996646639654
ensemble (top 15),0.16385283415917712,156,843,242,48,0.22498060512024826,0.7750193948797517,0.7647058823529411,0.7769585253456222,0.39195979899497485,0.9461279461279462,3.4285367039377737,0.302839997208848
ensemble (top 15),0.16410068544178164,156,844,241,48,0.22420480993017844,0.7757951900698216,0.7647058823529411,0.7778801843317973,0.3929471032745592,0.9461883408071748,3.4427629973151093,0.3024811820462783
ensemble (top 15),0.16473581507126828,156,845,240,48,0.22342901474010862,0.7765709852598914,0.7647058823529411,0.7788018433179723,0.3939393939393939,0.9462486002239642,3.457107843137254,0.3021232161503656
ensemble (top 15),0.1648383470820809,156,846,239,48,0.22265321955003878,0.7773467804499612,0.7647058823529411,0.7797235023041474,0.3949367088607595,0.9463087248322147,3.4715727295102137,0.30176609650952585
ensemble (top 15),0.16490092929880756,156,847,238,48,0.22187742435996896,0.7781225756400311,0.7647058823529411,0.7806451612903226,0.39593908629441626,0.9463687150837988,3.486159169550173,0.3014098201263977
ensemble (top 15),0.16577242143775628,156,848,237,48,0.22110162916989914,0.7788983708301008,0.7647058823529411,0.7815668202764977,0.3969465648854962,0.9464285714285714,3.500868701911144,0.3010543840177581
ensemble (top 15),0.1659333588519884,156,849,236,48,0.22032583397982933,0.7796741660201707,0.7647058823529411,0.7824884792626728,0.3979591836734694,0.9464882943143813,3.515702891326022,0.3006997852144392
ensemble (top 15),0.16598377290735614,156,850,235,48,0.2195500387897595,0.7804499612102405,0.7647058823529411,0.783410138248848,0.3989769820971867,0.9465478841870824,3.5306633291614524,0.3003460207612457
ensemble (top 15),0.16604770368718438,155,850,235,49,0.22032583397982933,0.7796741660201707,0.7598039215686274,0.783410138248848,0.3974358974358974,0.9454949944382648,3.508030871923238,0.306603229527105
ensemble (top 15),0.16608917816060786,155,851,234,49,0.2195500387897595,0.7804499612102405,0.7598039215686274,0.784331797235023,0.39845758354755784,0.9455555555555556,3.5230224568459856,0.30624294371097444
ensemble (top 15),0.1662746694099753,155,852,233,49,0.2187742435996897,0.7812257564003103,0.7598039215686274,0.7852534562211981,0.39948453608247425,0.9456159822419534,3.538142724901119,0.3058835036361963
ensemble (top 15),0.16779668017503974,155,853,232,49,0.21799844840961985,0.7820015515903802,0.7598039215686274,0.7861751152073733,0.4005167958656331,0.9456762749445676,3.5533933400946585,0.30552490632829926
ensemble (top 15),0.16899564591856917,155,854,231,49,0.21722265321955003,0.78277734678045,0.7598039215686274,0.7870967741935484,0.4015544041450777,0.9457364341085271,3.5687759952465834,0.30516714882674384
ensemble (top 15),0.16961712866592,155,855,230,49,0.21644685802948022,0.7835531419705197,0.7598039215686274,0.7880184331797235,0.4025974025974026,0.9457964601769911,3.5842924126172213,0.3048102281848412
ensemble (top 15),0.17016975736901055,154,855,230,50,0.21722265321955003,0.78277734678045,0.7549019607843137,0.7880184331797235,0.4010416666666667,0.9447513812154696,3.5611679454390455,0.31103084508657264
ensemble (top 15),0.17225463480978856,153,855,230,51,0.21799844840961985,0.7820015515903802,0.75,0.7880184331797235,0.39947780678851175,0.9437086092715232,3.53804347826087,0.31725146198830406
ensemble (top 15),0.17241394543402397,153,856,229,51,0.21722265321955003,0.78277734678045,0.75,0.7889400921658987,0.4005235602094241,0.9437706725468578,3.5534934497816604,0.3168808411214953
ensemble (top 15),0.17255573900184068,153,857,228,51,0.21644685802948022,0.7835531419705197,0.75,0.7898617511520737,0.4015748031496063,0.9438325991189427,3.5690789473684204,0.3165110851808635
ensemble (top 15),0.17285853367258774,153,858,227,51,0.2156710628394104,0.7843289371605896,0.75,0.7907834101382488,0.4026315789473684,0.9438943894389439,3.584801762114537,0.31614219114219116
ensemble (top 15),0.17303599117532525,153,859,226,51,0.21489526764934058,0.7851047323506595,0.75,0.791705069124424,0.40369393139841686,0.9439560439560439,3.600663716814159,0.3157741559953434
ensemble (top 15),0.17314926449638804,153,860,225,51,0.21411947245927077,0.7858805275407292,0.75,0.7926267281105991,0.40476190476190477,0.9440175631174533,3.6166666666666667,0.31540697674418605
ensemble (top 15),0.17426524507626667,153,861,224,51,0.21334367726920092,0.7866563227307991,0.75,0.7935483870967742,0.40583554376657827,0.944078947368421,3.6328125000000004,0.31504065040650403
ensemble (top 15),0.17460061918967645,153,862,223,51,0.2125678820791311,0.7874321179208689,0.75,0.7944700460829494,0.40691489361702127,0.9441401971522454,3.649103139013454,0.3146751740139211
ensemble (top 15),0.1747000410116508,153,863,222,51,0.2117920868890613,0.7882079131109387,0.75,0.7953917050691244,0.408,0.9442013129102844,3.66554054054054,0.31431054461181923
ensemble (top 15),0.17510881837290848,153,864,221,51,0.21101629169899147,0.7889837083010085,0.75,0.7963133640552995,0.4090909090909091,0.9442622950819672,3.6821266968325785,0.31394675925925924
ensemble (top 15),0.17561596741005453,153,865,220,51,0.21024049650892165,0.7897595034910784,0.75,0.7972350230414746,0.4101876675603217,0.9443231441048034,3.6988636363636362,0.31358381502890176
ensemble (top 15),0.17606485870710037,153,866,219,51,0.20946470131885184,0.7905352986811481,0.75,0.7981566820276498,0.4112903225806452,0.9443838604143948,3.7157534246575343,0.3132217090069284
ensemble (top 15),0.17635570097054046,153,867,218,51,0.208688906128782,0.791311093871218,0.75,0.7990783410138249,0.4123989218328841,0.9444444444444444,3.732798165137615,0.3128604382929642
ensemble (top 15),0.17638970523543868,153,868,217,51,0.20791311093871218,0.7920868890612878,0.75,0.8,0.4135135135135135,0.9445048966267682,3.750000000000001,0.3125
ensemble (top 15),0.1766037118573912,152,868,217,52,0.208688906128782,0.791311093871218,0.7450980392156863,0.8,0.41192411924119243,0.9434782608695652,3.7254901960784323,0.31862745098039214
ensemble (top 15),0.17685181309894762,152,869,216,52,0.20791311093871218,0.7920868890612878,0.7450980392156863,0.8009216589861751,0.41304347826086957,0.9435396308360477,3.74273783587509,0.3182607910828313
ensemble (top 15),0.17689352564553656,151,869,216,53,0.208688906128782,0.791311093871218,0.7401960784313726,0.8009216589861751,0.4114441416893733,0.9425162689804772,3.7181145606390698,0.32438119091134726
ensemble (top 15),0.17724226612348484,151,870,215,53,0.20791311093871218,0.7920868890612878,0.7401960784313726,0.8018433179723502,0.412568306010929,0.942578548212351,3.7354081167350657,0.324008338967771
ensemble (top 15),0.17752155287819008,151,871,214,53,0.20713731574864236,0.7928626842513576,0.7401960784313726,0.8027649769585253,0.4136986301369863,0.9426406926406926,3.7528632948506506,0.3236363431710227
ensemble (top 15),0.17772290548710146,151,872,213,53,0.20636152055857254,0.7936384794414275,0.7401960784313726,0.8036866359447005,0.41483516483516486,0.9427027027027027,3.7704823713522972,0.32326520057564306
ensemble (top 15),0.17854738934220077,151,873,212,53,0.20558572536850273,0.7944142746314973,0.7401960784313726,0.8046082949308756,0.41597796143250687,0.9427645788336934,3.7882676655567895,0.32289490824966866
ensemble (top 15),0.17888269791882994,151,874,211,53,0.20480993017843288,0.7951900698215671,0.7401960784313726,0.8055299539170507,0.4171270718232044,0.9428263214670982,3.806221540749002,0.3225254632745546
ensemble (top 15),0.17900487502701884,151,875,210,53,0.20403413498836306,0.7959658650116369,0.7401960784313726,0.8064516129032258,0.4182825484764543,0.9428879310344828,3.8243464052287575,0.322156862745098
ensemble (top 15),0.17935432434966098,150,875,210,54,0.20480993017843288,0.7951900698215671,0.7352941176470589,0.8064516129032258,0.4166666666666667,0.9418729817007535,3.7990196078431366,0.328235294117647
ensemble (top 15),0.1802174371149029,150,876,209,54,0.20403413498836306,0.7959658650116369,0.7352941176470589,0.8073732718894009,0.4178272980501393,0.9419354838709677,3.817196735153391,0.32786059629331177
ensemble (top 15),0.18037269692897262,150,877,208,54,0.20325833979829325,0.7967416602017068,0.7352941176470589,0.808294930875576,0.41899441340782123,0.9419978517722879,3.8355486425339365,0.32748675296800583
ensemble (top 15),0.18052403083624793,150,878,207,54,0.20248254460822343,0.7975174553917765,0.7352941176470589,0.8092165898617512,0.42016806722689076,0.9420600858369099,3.85407786302927,0.3271137612220286
ensemble (top 15),0.18063549474342558,149,878,207,55,0.20325833979829325,0.7967416602017068,0.7303921568627451,0.8092165898617512,0.41853932584269665,0.9410503751339764,3.8283840106090743,0.3331714234668811
ensemble (top 15),0.1807042731186454,149,879,206,55,0.20248254460822343,0.7975174553917765,0.7303921568627451,0.8101382488479263,0.4197183098591549,0.9411134903640257,3.84696839901009,0.33279238885542844
ensemble (top 15),0.18138067276427836,149,880,205,55,0.2017067494181536,0.7982932505818464,0.7303921568627451,0.8110599078341014,0.4209039548022599,0.9411764705882353,3.865734098517456,0.33241421568627455
ensemble (top 15),0.181484609263173,148,880,205,56,0.20248254460822343,0.7975174553917765,0.7254901960784313,0.8110599078341014,0.4192634560906516,0.9401709401709402,3.8397895743663324,0.3384581105169341
ensemble (top 15),0.18298231385344396,148,881,204,56,0.2017067494181536,0.7982932505818464,0.7254901960784313,0.8119815668202764,0.42045454545454547,0.9402347918890075,3.8586120722798913,0.33807393559012716
ensemble (top 15),0.18364092519350236,148,882,203,56,0.2009309542280838,0.7990690457719162,0.7254901960784313,0.8129032258064516,0.42165242165242167,0.9402985074626866,3.8776200135226495,0.3376906318082789
ensemble (top 15),0.18401583874279018,148,883,202,56,0.20015515903801395,0.799844840961986,0.7254901960784313,0.8138248847926267,0.4228571428571429,0.9403620873269436,3.896816152203455,0.337308196211667
ensemble (top 15),0.18449750396885695,148,884,201,56,0.19937936384794414,0.8006206361520558,0.7254901960784313,0.8147465437788018,0.42406876790830944,0.9404255319148936,3.9162032972392935,0.33692662585396155
ensemble (top 15),0.18510308078275312,148,885,200,56,0.19860356865787432,0.8013964313421257,0.7254901960784313,0.815668202764977,0.42528735632183906,0.9404888416578109,3.9357843137254904,0.33654591780214915
ensemble (top 15),0.18590620027179064,148,886,199,56,0.1978277734678045,0.8021722265321956,0.7254901960784313,0.8165898617511521,0.4265129682997118,0.940552016985138,3.955562124347227,0.3361660691364582
ensemble (top 15),0.1860398158494048,148,887,198,56,0.19705197827773469,0.8029480217222653,0.7254901960784313,0.8175115207373271,0.4277456647398844,0.9406150583244963,3.9755397108338273,0.3357870769502841
ensemble (top 15),0.18664461562165674,148,888,197,56,0.19627618308766487,0.8037238169123351,0.7254901960784313,0.8184331797235023,0.4289855072463768,0.940677966101695,3.9957201154573494,0.33540893835011487
ensemble (top 15),0.18728874979727186,148,889,196,56,0.19550038789759502,0.804499612102405,0.7254901960784313,0.8193548387096774,0.43023255813953487,0.9407407407407408,4.01610644257703,0.3350316504554578
ensemble (top 15),0.18812921997228568,148,890,195,56,0.1947245927075252,0.8052754072924748,0.7254901960784313,0.8202764976958525,0.4314868804664723,0.9408033826638478,4.036701860231272,0.3346552103987663
ensemble (top 15),0.18834619626519852,148,891,194,56,0.1939487975174554,0.8060512024825446,0.7254901960784313,0.8211981566820277,0.4327485380116959,0.9408658922914467,4.057509601778857,0.334279615325367
ensemble (top 15),0.18857611119711157,148,892,193,56,0.19317300232738557,0.8068269976726145,0.7254901960784313,0.8221198156682028,0.4340175953079179,0.9409282700421941,4.078532967591182,0.33390486239338785
ensemble (top 15),0.18890918819587307,147,892,193,57,0.1939487975174554,0.8060512024825446,0.7205882352941176,0.8221198156682028,0.4323529411764706,0.9399367755532139,4.050975312404756,0.3398674492218412
ensemble (top 15),0.1892349079247824,147,893,192,57,0.19317300232738557,0.8068269976726145,0.7205882352941176,0.8230414746543778,0.4336283185840708,0.94,4.072074142156861,0.33948685857321653
ensemble (top 15),0.18942228085432836,147,894,191,57,0.19239720713731576,0.8076027928626842,0.7205882352941176,0.823963133640553,0.4349112426035503,0.9400630914826499,4.0933939020634424,0.33910711935781024
ensemble (top 15),0.1904255893960059,147,895,190,57,0.19162141194724594,0.8083785880527541,0.7205882352941176,0.8248847926267281,0.4362017804154303,0.9401260504201681,4.114938080495356,0.33872822872165625
ensemble (top 15),0.19225708419151666,147,896,189,57,0.1908456167571761,0.8091543832428238,0.7205882352941176,0.8258064516129032,0.4375,0.9401888772298006,4.136710239651416,0.33835018382352944
ensemble (top 15),0.1922832258727383,147,897,188,57,0.19006982156710628,0.8099301784328937,0.7205882352941176,0.8267281105990784,0.4388059701492537,0.940251572327044,4.158714017521903,0.3379729818348744
ensemble (top 15),0.19247570587540297,147,898,187,57,0.18929402637703646,0.8107059736229636,0.7205882352941176,0.8276497695852535,0.44011976047904194,0.9403141361256544,4.180953129915069,0.33759661993973533
ensemble (top 15),0.19254319494317962,146,898,187,58,0.19006982156710628,0.8099301784328937,0.7156862745098039,0.8276497695852535,0.43843843843843844,0.9393305439330544,4.152511271888436,0.3435193676579763
ensemble (top 15),0.19346016298765417,146,899,186,58,0.18929402637703646,0.8107059736229636,0.7156862745098039,0.8285714285714286,0.4397590361445783,0.9393939393939394,4.174836601307191,0.34313725490196073
ensemble (top 15),0.19424841691288378,146,900,185,58,0.18851823118696664,0.8114817688130334,0.7156862745098039,0.8294930875576036,0.44108761329305135,0.9394572025052192,4.197403285638579,0.34275599128540307
ensemble (top 15),0.19440085290111134,146,901,184,58,0.18774243599689683,0.8122575640031031,0.7156862745098039,0.8304147465437788,0.44242424242424244,0.9395203336809176,4.22021526001705,0.34237557398097973
ensemble (top 15),0.19441849993162114,146,902,183,58,0.186966640806827,0.813033359193173,0.7156862745098039,0.8313364055299539,0.44376899696048633,0.9395833333333333,4.243276545590914,0.34199600017390547
ensemble (top 15),0.1953620408709857,146,903,182,58,0.18619084561675717,0.8138091543832429,0.7156862745098039,0.832258064516129,0.4451219512195122,0.9396462018730489,4.26659125188537,0.34161726706186346
ensemble (top 15),0.19564180795686073,145,903,182,59,0.186966640806827,0.813033359193173,0.7107843137254902,0.832258064516129,0.4434250764525994,0.9386694386694386,4.2373680241327305,0.34750721994224043
ensemble (top 15),0.19574333980260075,145,904,181,59,0.18619084561675717,0.8138091543832429,0.7107843137254902,0.8331797235023042,0.4447852760736196,0.9387331256490135,4.260778897194238,0.3471228093007114
ensemble (top 15),0.1961114758955477,144,904,181,60,0.186966640806827,0.813033359193173,0.7058823529411765,0.8331797235023042,0.4430769230769231,0.9377593360995851,4.231394215144623,0.3530062467464861
ensemble (top 15),0.19621782458063958,143,904,181,61,0.18774243599689683,0.8122575640031031,0.7009803921568627,0.8331797235023042,0.44135802469135804,0.9367875647668393,4.202009533095007,0.358889684192261
ensemble (top 15),0.19689013115154724,143,905,180,61,0.186966640806827,0.813033359193173,0.7009803921568627,0.8341013824884793,0.44272445820433437,0.9368530020703933,4.22535403050109,0.3584931210053082
ensemble (top 15),0.19765677495635728,143,906,179,61,0.18619084561675717,0.8138091543832429,0.7009803921568627,0.8350230414746543,0.4440993788819876,0.9369183040330921,4.248959360280423,0.35809743323377924
ensemble (top 15),0.19778684502732205,142,906,179,62,0.186966640806827,0.813033359193173,0.696078431372549,0.8350230414746543,0.4423676012461059,0.9359504132231405,4.21924635776098,0.36396788295892313
ensemble (top 15),0.1981513184829101,142,907,178,62,0.18619084561675717,0.8138091543832429,0.696078431372549,0.8359447004608295,0.44375,0.936016511867905,4.242949988984357,0.36356659532611285
ensemble (top 15),0.19840779973085695,141,907,178,63,0.186966640806827,0.813033359193173,0.6911764705882353,0.8359447004608295,0.44200626959247646,0.9350515463917526,4.213070059484467,0.3694305726700824
ensemble (top 15),0.1986749334130515,141,908,177,63,0.18619084561675717,0.8138091543832429,0.6911764705882353,0.8368663594470046,0.44339622641509435,0.9351184346035015,4.236872715187769,0.3690237108059083
ensemble (top 15),0.19995993940450335,141,909,176,63,0.18541505042668735,0.8145849495733126,0.6911764705882353,0.8377880184331797,0.444794952681388,0.9351851851851852,4.260945855614974,0.36861774412735393
ensemble (top 15),0.20059902785621422,141,910,175,63,0.18463925523661753,0.8153607447633825,0.6911764705882353,0.8387096774193549,0.4462025316455696,0.935251798561151,4.28529411764706,0.36821266968325794
ensemble (top 15),0.20080500853902433,141,911,174,63,0.18386346004654772,0.8161365399534523,0.6911764705882353,0.83963133640553,0.44761904761904764,0.9353182751540041,4.309922244759974,0.3678084845354168
ensemble (top 15),0.20116099380597294,140,911,174,64,0.18463925523661753,0.8153607447633825,0.6862745098039216,0.83963133640553,0.445859872611465,0.9343589743589743,4.279355420329052,0.37364671444867736
ensemble (top 15),0.20202559643642237,140,912,173,64,0.18386346004654772,0.8161365399534523,0.6862745098039216,0.840552995391705,0.4472843450479233,0.9344262295081968,4.304091578828062,0.3732370141038872
ensemble (top 15),0.20239067153956275,139,912,173,65,0.18463925523661753,0.8153607447633825,0.6813725490196079,0.840552995391705,0.44551282051282054,0.9334698055271239,4.273348067550718,0.3790688424492604
ensemble (top 15),0.20251751550301164,139,913,172,65,0.18386346004654772,0.8161365399534523,0.6813725490196079,0.8414746543778802,0.44694533762057875,0.9335378323108384,4.298193114455084,0.37865365204132034
ensemble (top 15),0.2027067570407119,139,914,171,65,0.1830876648564779,0.8169123351435221,0.6813725490196079,0.8423963133640553,0.4483870967741935,0.933605720122574,4.32332874670336,0.37823937014630793
ensemble (top 15),0.20305419225820684,138,914,171,66,0.18386346004654772,0.8161365399534523,0.6764705882352942,0.8423963133640553,0.44660194174757284,0.9326530612244898,4.292225662194703,0.38405843737932804
ensemble (top 15),0.20330478398427196,138,915,170,66,0.1830876648564779,0.8169123351435221,0.6764705882352942,0.8433179723502304,0.44805194805194803,0.9327217125382263,4.317474048442907,0.3836387013821922
ensemble (top 15),0.20386308477819212,138,916,169,66,0.18231186966640806,0.8176881303335919,0.6764705882352942,0.8442396313364056,0.4495114006514658,0.9327902240325866,4.3430212321615045,0.38321988183919853
ensemble (top 15),0.20442049467578674,138,917,168,66,0.18153607447633824,0.8184639255236618,0.6764705882352942,0.8451612903225807,0.45098039215686275,0.9328585961342828,4.36887254901961,0.3828019757521329
ensemble (top 15),0.20453381194482065,138,918,167,66,0.18076027928626842,0.8192397207137316,0.6764705882352942,0.8460829493087557,0.4524590163934426,0.9329268292682927,4.39503346248679,0.38238498013584515
ensemble (top 15),0.20457820881152108,137,918,167,67,0.18153607447633824,0.8184639255236618,0.6715686274509803,0.8460829493087557,0.4506578947368421,0.9319796954314721,4.3631853939180445,0.38817869195608534
ensemble (top 15),0.20511161049361676,137,919,166,67,0.18076027928626842,0.8192397207137316,0.6715686274509803,0.8470046082949308,0.4521452145214521,0.9320486815415822,4.389469643278997,0.3877562994729993
ensemble (top 15),0.20531347140863923,136,919,166,68,0.18153607447633824,0.8184639255236618,0.6666666666666666,0.8470046082949308,0.4503311258278146,0.9311043566362716,4.357429718875501,0.39354370692782015
ensemble (top 15),0.20549008291373305,136,920,165,68,0.18076027928626842,0.8192397207137316,0.6666666666666666,0.847926267281106,0.45182724252491696,0.9311740890688259,4.383838383838383,0.39311594202898553
ensemble (top 15),0.20554714617784692,135,920,165,69,0.18153607447633824,0.8184639255236618,0.6617647058823529,0.847926267281106,0.45,0.9302325581395349,4.351604278074866,0.39889705882352944
ensemble (top 15),0.20590131910656556,135,921,164,69,0.18076027928626842,0.8192397207137316,0.6617647058823529,0.8488479262672811,0.451505016722408,0.9303030303030303,4.378138450502152,0.3984639458389219
ensemble (top 15),0.20595706441107167,134,921,164,70,0.18153607447633824,0.8184639255236618,0.6568627450980392,0.8488479262672811,0.44966442953020136,0.929364278506559,4.345707795313247,0.40423878563368887
ensemble (top 15),0.20622087130856417,134,922,163,70,0.18076027928626842,0.8192397207137316,0.6568627450980392,0.8497695852534562,0.4511784511784512,0.9294354838709677,4.372368579333575,0.4038003487729148
ensemble (top 15),0.20679078754048322,134,923,162,70,0.1799844840961986,0.8200155159038014,0.6568627450980392,0.8506912442396314,0.4527027027027027,0.9295065458207452,4.399358508835634,0.4033628619378412
ensemble (top 15),0.2082457524159615,134,924,161,70,0.1792086889061288,0.8207913110938712,0.6568627450980392,0.8516129032258064,0.4542372881355932,0.9295774647887324,4.426683716965045,0.4029263220439691
ensemble (top 15),0.20978584314986307,134,925,160,70,0.17843289371605897,0.821567106283941,0.6568627450980392,0.8525345622119815,0.4557823129251701,0.9296482412060302,4.454350490196077,0.4024907260201378
ensemble (top 15),0.21065535962956794,134,926,159,70,0.17765709852598913,0.8223429014740109,0.6568627450980392,0.8534562211981567,0.45733788395904434,0.929718875502008,4.482365273153286,0.40205607080845296
ensemble (top 15),0.2113521179389131,134,927,158,70,0.1768813033359193,0.8231186966640807,0.6568627450980392,0.8543778801843318,0.4589041095890411,0.9297893681043129,4.510734673616282,0.40162235336421515
ensemble (top 15),0.21222109441604278,134,928,157,70,0.1761055081458495,0.8238944918541505,0.6568627450980392,0.8552995391705069,0.46048109965635736,0.9298597194388778,4.5394654677157495,0.40118957065584854
ensemble (top 15),0.21353958171235643,134,929,156,70,0.17532971295577968,0.8246702870442203,0.6568627450980392,0.8562211981566821,0.46206896551724136,0.92992992992993,4.568564605329312,0.40075771966483037
ensemble (top 15),0.21640512949912533,134,930,155,70,0.17455391776570986,0.8254460822342902,0.6568627450980392,0.8571428571428571,0.46366782006920415,0.93,4.598039215686273,0.40032679738562094
ensemble (top 15),0.21643427732894407,134,931,154,70,0.17377812257564004,0.8262218774243599,0.6568627450980392,0.8580645161290322,0.4652777777777778,0.9300699300699301,4.62789661319073,0.3998968008255934
ensemble (top 15),0.2165845267351523,134,932,153,70,0.1730023273855702,0.8269976726144298,0.6568627450980392,0.8589861751152074,0.46689895470383275,0.9301397205588823,4.658144303473023,0.3994677270049651
ensemble (top 15),0.2173190401974988,134,933,152,70,0.17222653219550038,0.8277734678044997,0.6568627450980392,0.8599078341013825,0.46853146853146854,0.9302093718843469,4.688789989680083,0.39903957295672826
ensemble (top 15),0.2185726265405079,134,934,151,70,0.17145073700543056,0.8285492629945694,0.6568627450980392,0.8608294930875576,0.47017543859649125,0.9302788844621513,4.719841579015713,0.39861233572658183
ensemble (top 15),0.21935866335582951,134,935,150,70,0.17067494181536075,0.8293250581846392,0.6568627450980392,0.8617511520737328,0.47183098591549294,0.9303482587064676,4.751307189542485,0.39818601237286355
ensemble (top 15),0.2196905613879016,134,936,149,70,0.16989914662529093,0.8301008533747091,0.6568627450980392,0.8626728110599078,0.4734982332155477,0.9304174950298211,4.783195157257532,0.39776059996648233
ensemble (top 15),0.22010034385744176,134,937,148,70,0.16912335143522111,0.8308766485647789,0.6568627450980392,0.8635944700460829,0.475177304964539,0.9304865938430983,4.815514043455218,0.3973360955908511
ensemble (top 15),0.2202046872149901,134,938,147,70,0.16834755624515127,0.8316524437548487,0.6568627450980392,0.864516129032258,0.47686832740213525,0.9305555555555556,4.848272642390289,0.3969124963418203
ensemble (top 15),0.22023797839615683,134,939,146,70,0.16757176105508145,0.8324282389449186,0.6568627450980392,0.8654377880184332,0.4785714285714286,0.9306243805748265,4.881479989255976,0.39648979932761175
ensemble (top 15),0.2217932804491143,133,939,146,71,0.16834755624515127,0.8316524437548487,0.6519607843137255,0.8654377880184332,0.4767025089605735,0.9297029702970298,4.8450510341122754,0.4021539393180062
ensemble (top 15),0.22222902749497034,132,939,146,72,0.16912335143522111,0.8308766485647789,0.6470588235294118,0.8654377880184332,0.4748201438848921,0.9287833827893175,4.8086220789685745,0.40781807930840064
ensemble (top 15),0.22255248202480132,132,940,145,72,0.16834755624515127,0.8316524437548487,0.6470588235294118,0.8663594470046083,0.47653429602888087,0.9288537549407114,4.841784989858013,0.40738423028785975
ensemble (top 15),0.22331132199289894,132,941,144,72,0.16757176105508145,0.8324282389449186,0.6470588235294118,0.8672811059907835,0.4782608695652174,0.928923988153998,4.875408496732028,0.4069513033693817
ensemble (top 15),0.2238280227298817,132,942,143,72,0.16679596586501164,0.8332040341349883,0.6470588235294118,0.8682027649769585,0.48,0.9289940828402367,4.9095022624434375,0.4065192956163357
ensemble (top 15),0.2263210239743004,132,943,142,72,0.16602017067494182,0.8339798293250582,0.6470588235294118,0.8691244239631336,0.48175182481751827,0.929064039408867,4.94407622203811,0.40608820410454743
ensemble (top 15),0.22758262016682615,131,943,142,73,0.16679596586501164,0.8332040341349883,0.6421568627450981,0.8691244239631336,0.47985347985347987,0.9281496062992126,4.906621099143882,0.4117283180504439
ensemble (top 15),0.2284427119810935,131,944,141,73,0.16602017067494182,0.8339798293250582,0.6421568627450981,0.8700460829493087,0.48161764705882354,0.928220255653884,4.941419830343484,0.41129216517115313
ensemble (top 15),0.22876792556245826,131,945,140,73,0.165244375484872,0.834755624515128,0.6421568627450981,0.8709677419354839,0.4833948339483395,0.9282907662082515,4.9767156862745106,0.41085693536673923
ensemble (top 15),0.22901310685652557,130,945,140,74,0.16602017067494182,0.8339798293250582,0.6372549019607843,0.8709677419354839,0.48148148148148145,0.9273797841020608,4.938725490196078,0.416485112563544
ensemble (top 15),0.22945945080013053,130,946,139,74,0.165244375484872,0.834755624515128,0.6372549019607843,0.871889400921659,0.483271375464684,0.9274509803921569,4.974255889406122,0.41604485345935416
ensemble (top 15),0.2299786330112904,130,947,138,74,0.16446858029480219,0.8355314197051978,0.6372549019607843,0.8728110599078341,0.48507462686567165,0.9275220372184133,5.010301221938052,0.4156055241526389
ensemble (top 15),0.229979329874397,130,948,137,74,0.16369278510473234,0.8363072148952677,0.6372549019607843,0.8737327188940092,0.4868913857677903,0.9275929549902152,5.04687276370402,0.4151671217010012
ensemble (top 15),0.2300715277174817,130,949,136,74,0.16291698991466252,0.8370830100853375,0.6372549019607843,0.8746543778801843,0.48872180451127817,0.927663734115347,5.083982122260667,0.41472964317444583
ensemble (top 15),0.2315490943525271,130,950,135,74,0.1621411947245927,0.8378588052754072,0.6372549019607843,0.8755760368663594,0.49056603773584906,0.927734375,5.121641249092228,0.4142930856553148
ensemble (top 15),0.2316111583666906,130,951,134,74,0.1613653995345229,0.8386346004654771,0.6372549019607843,0.8764976958525346,0.49242424242424243,0.9278048780487805,5.159862452443663,0.41385744623822196
ensemble (top 15),0.23208071742352882,130,952,133,74,0.16058960434445307,0.839410395655547,0.6372549019607843,0.8774193548387097,0.49429657794676807,0.9278752436647173,5.1986584107327145,0.41342272202998853
ensemble (top 15),0.232888585003496,130,953,132,74,0.15981380915438323,0.8401861908456167,0.6372549019607843,0.8783410138248848,0.4961832061068702,0.9279454722492697,5.2380421865716,0.4129889101495793
ensemble (top 15),0.23393031393720856,129,953,132,75,0.16058960434445307,0.839410395655547,0.6323529411764706,0.8783410138248848,0.4942528735632184,0.9270428015564203,5.197749554367203,0.41856984136781683
ensemble (top 15),0.2355290737874535,129,954,131,75,0.15981380915438323,0.8401861908456167,0.6323529411764706,0.8792626728110599,0.49615384615384617,0.9271137026239067,5.237427031881452,0.4181310889135529
ensemble (top 15),0.23623303661270867,129,955,130,75,0.1590380139643134,0.8409619860356866,0.6323529411764706,0.880184331797235,0.4980694980694981,0.9271844660194175,5.277714932126695,0.41769325531259627
ensemble (top 15),0.2362811598777669,129,956,129,75,0.1582622187742436,0.8417377812257564,0.6323529411764706,0.8811059907834101,0.5,0.92725509214355,5.318627450980391,0.41725633768151615
ensemble (top 15),0.23661881981774205,129,957,128,75,0.15748642358417378,0.8425135764158262,0.6323529411764706,0.8820276497695853,0.5019455252918288,0.9273255813953488,5.360179227941177,0.4168203331489336
ensemble (top 15),0.23669306106473495,128,957,128,76,0.1582622187742436,0.8417377812257564,0.6274509803921569,0.8820276497695853,0.5,0.9264278799612778,5.318627450980392,0.42237793759091935
ensemble (top 15),0.23693003650211664,128,958,127,76,0.15748642358417378,0.8425135764158262,0.6274509803921569,0.8829493087557604,0.5019607843137255,0.9264990328820116,5.360506407287325,0.4219370420401981
ensemble (top 15),0.2373633731897181,128,959,126,76,0.15671062839410396,0.843289371605896,0.6274509803921569,0.8838709677419355,0.5039370078740157,0.9265700483091788,5.403050108932463,0.4214970659796765
ensemble (top 15),0.2376084010572566,128,960,125,76,0.15593483320403415,0.8440651667959659,0.6274509803921569,0.8847926267281107,0.5059288537549407,0.9266409266409267,5.446274509803924,0.4210580065359477
ensemble (top 15),0.2385150582594387,128,961,124,76,0.1551590380139643,0.8448409619860358,0.6274509803921569,0.8857142857142857,0.5079365079365079,0.926711668273867,5.490196078431371,0.42061986084756486
ensemble (top 15),0.24045188906659687,127,961,124,77,0.15593483320403415,0.8440651667959659,0.6225490196078431,0.8857142857142857,0.5059760956175299,0.9258188824662813,5.447303921568626,0.42615433270082226
ensemble (top 15),0.24201543844824747,127,962,123,77,0.1551590380139643,0.8448409619860358,0.6225490196078431,0.8866359447004608,0.508,0.9258902791145333,5.491590945321217,0.42571134482899187
ensemble (top 15),0.24207624880398979,126,962,123,78,0.15593483320403415,0.8440651667959659,0.6176470588235294,0.8866359447004608,0.5060240963855421,0.925,5.4483500717360105,0.43124006359300476
ensemble (top 15),0.24419018369737275,126,963,122,78,0.1551590380139643,0.8448409619860358,0.6176470588235294,0.8875576036866359,0.5080645161290323,0.9250720461095101,5.493008678881389,0.43079225459654263
ensemble (top 15),0.2442840067718953,126,964,121,78,0.15438324282389448,0.8456167571761055,0.6176470588235294,0.8884792626728111,0.5101214574898786,0.9251439539347409,5.538405444822558,0.43034537466438855
ensemble (top 15),0.2451282411866198,126,965,120,78,0.15360744763382467,0.8463925523661753,0.6176470588235294,0.8894009216589862,0.5121951219512195,0.925215723873442,5.584558823529414,0.4298994209082596
ensemble (top 15),0.24655900637645053,125,965,120,79,0.15438324282389448,0.8456167571761055,0.6127450980392157,0.8894009216589862,0.5102040816326531,0.9243295019157088,5.540236928104577,0.43541095194554497
ensemble (top 15),0.24722549310248274,124,965,120,80,0.1551590380139643,0.8448409619860358,0.6078431372549019,0.8894009216589862,0.5081967213114754,0.9234449760765551,5.49591503267974,0.4409224829828305
ensemble (top 15),0.24742513771645488,124,966,119,80,0.15438324282389448,0.8456167571761055,0.6078431372549019,0.8903225806451613,0.5102880658436214,0.9235181644359465,5.542099192618226,0.44046604148905943
ensemble (top 15),0.2479186571760561,124,967,118,80,0.15360744763382467,0.8463925523661753,0.6078431372549019,0.8912442396313364,0.512396694214876,0.9235912129894938,5.5890661349285455,0.44001054403146994
ensemble (top 15),0.24844214798032294,124,968,117,80,0.15283165244375485,0.8471683475562451,0.6078431372549019,0.8921658986175115,0.5145228215767634,0.9236641221374046,5.636835930953576,0.43955598768433
ensemble (top 15),0.2485178030209683,124,969,116,80,0.15205585725368503,0.847944142746315,0.6078431372549019,0.8930875576036866,0.5166666666666667,0.9237368922783603,5.685429344151453,0.43910236953398496
ensemble (top 15),0.24882001252215036,124,970,115,80,0.15128006206361522,0.8487199379363848,0.6078431372549019,0.8940092165898618,0.5188284518828452,0.9238095238095239,5.734867860187554,0.4386496866787953
ensemble (top 15),0.2497659537554605,124,971,114,80,0.15050426687354537,0.8494957331264547,0.6078431372549019,0.8949308755760369,0.5210084033613446,0.9238820171265462,5.7851737186102525,0.43819793622907455
ensemble (top 15),0.25154695253092674,124,972,113,80,0.14972847168347556,0.8502715283165244,0.6078431372549019,0.895852534562212,0.5232067510548524,0.9239543726235742,5.836369946208574,0.4377471153070282
ensemble (top 15),0.252374686573452,124,973,112,80,0.14895267649340574,0.8510473235065943,0.6078431372549019,0.896774193548387,0.5254237288135594,0.9240265906932573,5.88848039215686,0.4372972210466921
ensemble (top 15),0.2532988922856674,124,974,111,80,0.14817688130333592,0.851823118696664,0.6078431372549019,0.8976958525345622,0.5276595744680851,0.9240986717267552,5.941529765059175,0.4368482505938721
ensemble (top 15),0.2536189238068198,124,975,110,80,0.1474010861132661,0.8525989138867339,0.6078431372549019,0.8986175115207373,0.5299145299145299,0.9241706161137441,5.99554367201426,0.4364002011060835
ensemble (top 15),0.25685463316462515,124,976,109,80,0.1466252909231963,0.8533747090768037,0.6078431372549019,0.8995391705069125,0.5321888412017167,0.9242424242424242,6.0505486598309055,0.4359530697524912
ensemble (top 15),0.2577296894504036,124,977,108,80,0.14584949573312644,0.8541505042668736,0.6078431372549019,0.9004608294930876,0.5344827586206896,0.924314096499527,6.106572258533045,0.43550685371384995
ensemble (top 15),0.25876657786838686,123,977,108,81,0.1466252909231963,0.8533747090768037,0.6029411764705882,0.9004608294930876,0.5324675324675324,0.9234404536862004,6.057325708061004,0.44095068938527304
ensemble (top 15),0.2589268489237603,123,978,107,81,0.14584949573312644,0.8541505042668736,0.6029411764705882,0.9013824884792627,0.5347826086956522,0.9235127478753541,6.113936228697089,0.4404998195597257
ensemble (top 15),0.2596684590729882,123,979,106,81,0.14507370054305663,0.8549262994569433,0.6029411764705882,0.9023041474654377,0.537117903930131,0.9235849056603773,6.171614872364037,0.44004987081655955
ensemble (top 15),0.2597994220036232,123,980,105,81,0.1442979053529868,0.8557020946470132,0.6029411764705882,0.9032258064516129,0.5394736842105263,0.9236569274269557,6.230392156862743,0.4396008403361345
ensemble (top 15),0.26047192081086,123,981,104,81,0.143522110162917,0.8564778898370831,0.6029411764705882,0.904147465437788,0.5418502202643172,0.923728813559322,6.290299773755655,0.43915272531030763
ensemble (top 15),0.2607762130350401,122,981,104,82,0.1442979053529868,0.8557020946470132,0.5980392156862745,0.904147465437788,0.5398230088495575,0.922859830667921,6.239159125188537,0.4445743638943855
ensemble (top 15),0.26100370199672157,122,982,103,82,0.143522110162917,0.8564778898370831,0.5980392156862745,0.9050691244239631,0.5422222222222223,0.9229323308270677,6.299733485627261,0.4441216405095643
ensemble (top 15),0.2611774806141058,122,983,102,82,0.14274631497284718,0.8572536850271528,0.5980392156862745,0.9059907834101383,0.5446428571428571,0.9230046948356807,6.361495578623608,0.44366983823030737
ensemble (top 15),0.26136338351930566,122,984,101,82,0.14197051978277736,0.8580294802172226,0.5980392156862745,0.9069124423963134,0.547085201793722,0.9230769230769231,6.424480683362457,0.443218954248366
ensemble (top 15),0.26273902637648006,122,985,100,82,0.14119472459270752,0.8588052754072925,0.5980392156862745,0.9078341013824884,0.5495495495495496,0.9231490159325211,6.488725490196075,0.4427689857668956
ensemble (top 15),0.2649691236115596,122,986,99,82,0.1404189294026377,0.8595810705973623,0.5980392156862745,0.9087557603686636,0.5520361990950227,0.9232209737827716,6.554268171915228,0.44231993000039777
ensemble (top 15),0.2666320510692755,121,986,99,83,0.14119472459270752,0.8588052754072925,0.5931372549019608,0.9087557603686636,0.55,0.9223573433115061,6.500544662309366,0.44771407548820746
ensemble (top 15),0.26780091341791906,121,987,98,83,0.1404189294026377,0.8595810705973623,0.5931372549019608,0.9096774193548387,0.5525114155251142,0.922429906542056,6.566876750700279,0.44726046446947576
ensemble (top 15),0.26889736899835465,121,988,97,83,0.13964313421256788,0.8603568657874321,0.5931372549019608,0.9105990783410138,0.555045871559633,0.9225023342670402,6.634576511016778,0.44680777169167263
ensemble (top 15),0.26989194799516103,120,988,97,84,0.1404189294026377,0.8595810705973623,0.5882352941176471,0.9105990783410138,0.5529953917050692,0.9216417910447762,6.579745300181929,0.4521909978566325
ensemble (top 15),0.27306055040303384,119,988,97,85,0.14119472459270752,0.8588052754072925,0.5833333333333334,0.9105990783410138,0.5509259259259259,0.9207828518173345,6.52491408934708,0.4575742240215924
ensemble (top 15),0.27404950340161316,119,989,96,85,0.1404189294026377,0.8595810705973623,0.5833333333333334,0.911520737327189,0.5534883720930233,0.9208566108007449,6.592881944444447,0.4571115604988203
ensemble (top 15),0.27548181431645324,119,990,95,85,0.13964313421256788,0.8603568657874321,0.5833333333333334,0.9124423963133641,0.5560747663551402,0.9209302325581395,6.66228070175439,0.4566498316498316
ensemble (top 15),0.27736471737439927,118,990,95,86,0.1404189294026377,0.8595810705973623,0.5784313725490197,0.9124423963133641,0.5539906103286385,0.9200743494423792,6.606295149638807,0.46202218261041783
ensemble (top 15),0.27763107983643986,118,991,94,86,0.13964313421256788,0.8603568657874321,0.5784313725490197,0.9133640552995391,0.5566037735849056,0.9201485608170845,6.676574885273255,0.46155596446449415
ensemble (top 15),0.27769129460649195,117,991,94,87,0.1404189294026377,0.8595810705973623,0.5735294117647058,0.9133640552995391,0.5545023696682464,0.9192949907235621,6.619993742177718,0.4669228942838488
ensemble (top 15),0.27860694499963834,116,991,94,88,0.14119472459270752,0.8588052754072925,0.5686274509803921,0.9133640552995391,0.5523809523809524,0.9184430027803522,6.5634125990821826,0.4722898241032034
ensemble (top 15),0.2792438081146454,115,991,94,89,0.14197051978277736,0.8580294802172226,0.5637254901960784,0.9133640552995391,0.5502392344497608,0.9175925925925926,6.506831455986647,0.47765675392255796
ensemble (top 15),0.28022249522294373,115,992,93,89,0.14119472459270752,0.8588052754072925,0.5637254901960784,0.9142857142857143,0.5528846153846154,0.9176688251618872,6.576797385620913,0.4771752450980392
ensemble (top 15),0.2802313305149729,115,993,92,89,0.1404189294026377,0.8595810705973623,0.5637254901960784,0.9152073732718894,0.5555555555555556,0.9177449168207024,6.6482843137254894,0.4766947060798136
ensemble (top 15),0.28334596889725117,114,993,92,90,0.14119472459270752,0.8588052754072925,0.5588235294117647,0.9152073732718894,0.5533980582524272,0.9168975069252078,6.5904731457800505,0.4820508263728452
ensemble (top 15),0.2841317845112339,113,993,92,91,0.14197051978277736,0.8580294802172226,0.553921568627451,0.9152073732718894,0.551219512195122,0.9160516605166051,6.5326619778346116,0.4874069466658768
ensemble (top 15),0.28485048492037435,113,994,91,91,0.14119472459270752,0.8588052754072925,0.553921568627451,0.9161290322580645,0.553921568627451,0.9161290322580645,6.604449472096532,0.4869165976249654
ensemble (top 15),0.2864165502447851,113,995,90,91,0.1404189294026377,0.8595810705973623,0.553921568627451,0.9170506912442397,0.5566502463054187,0.916206261510129,6.677832244008717,0.48642723421026696
ensemble (top 15),0.2866609210749304,113,996,89,91,0.13964313421256788,0.8603568657874321,0.553921568627451,0.9179723502304148,0.5594059405940595,0.9162833486660533,6.752864066975109,0.48593885345302773
ensemble (top 15),0.2871041432084358,113,997,88,91,0.13886733902249807,0.861132660977502,0.553921568627451,0.9188940092165898,0.5621890547263682,0.9163602941176471,6.829601158645272,0.4854514523964049
ensemble (top 15),0.29051270010517793,113,998,87,91,0.13809154383242825,0.8619084561675717,0.553921568627451,0.919815668202765,0.565,0.9164370982552801,6.9081023213883235,0.4849650280954065
ensemble (top 15),0.2944017018004014,113,999,86,91,0.1373157486423584,0.8626842513576416,0.553921568627451,0.9207373271889401,0.5678391959798995,0.9165137614678899,6.988429092567259,0.48447957761683247
ensemble (top 15),0.295585255742602,113,1000,85,91,0.1365399534522886,0.8634600465477114,0.553921568627451,0.9216589861751152,0.5707070707070707,0.916590284142988,7.070645905420993,0.48399509803921564
ensemble (top 15),0.2956540776740559,112,1000,85,92,0.1373157486423584,0.8626842513576416,0.5490196078431373,0.9216589861751152,0.5685279187817259,0.9157509157509157,7.0080738177624005,0.489313725490196
ensemble (top 15),0.29729847041334817,111,1000,85,93,0.13809154383242825,0.8619084561675717,0.5441176470588235,0.9216589861751152,0.5663265306122449,0.9149130832570905,6.945501730103806,0.4946323529411765
ensemble (top 15),0.2975647446501444,111,1001,84,93,0.1373157486423584,0.8626842513576416,0.5441176470588235,0.9225806451612903,0.5692307692307692,0.9149908592321755,7.028186274509806,0.49413821472645003
ensemble (top 15),0.2975749429726756,111,1002,83,93,0.1365399534522886,0.8634600465477114,0.5441176470588235,0.9235023041474655,0.5721649484536082,0.915068493150685,7.112863217576191,0.49364506281554543
ensemble (top 15),0.2986744837886604,111,1003,82,93,0.13576415826221877,0.8642358417377812,0.5441176470588235,0.9244239631336405,0.5751295336787565,0.9151459854014599,7.199605451936867,0.49315289425840136
ensemble (top 15),0.29880009243083067,110,1003,82,94,0.1365399534522886,0.8634600465477114,0.5392156862745098,0.9244239631336405,0.5729166666666666,0.9143117593436645,7.134744141559057,0.4984556135515024
ensemble (top 15),0.30024246086949513,109,1003,82,95,0.1373157486423584,0.8626842513576416,0.5343137254901961,0.9244239631336405,0.5706806282722513,0.9134790528233151,7.069882831181248,0.5037583328446035
ensemble (top 15),0.3033357767300275,108,1003,82,96,0.13809154383242825,0.8619084561675717,0.5294117647058824,0.9244239631336405,0.5684210526315789,0.9126478616924477,7.005021520803439,0.5090610521377046
ensemble (top 15),0.3068300560328793,108,1004,81,96,0.1373157486423584,0.8626842513576416,0.5294117647058824,0.9253456221198156,0.5714285714285714,0.9127272727272727,7.091503267973853,0.5085540192172486
ensemble (top 15),0.30695696947537454,107,1004,81,97,0.13809154383242825,0.8619084561675717,0.5245098039215687,0.9253456221198156,0.5691489361702128,0.9118982742960945,7.0258412006777995,0.5138514569174283
ensemble (top 15),0.30774767161403044,106,1004,81,98,0.13886733902249807,0.861132660977502,0.5196078431372549,0.9253456221198156,0.5668449197860963,0.911070780399274,6.960179133381746,0.5191488946176079
ensemble (top 15),0.3087768954564933,106,1005,80,98,0.13809154383242825,0.8619084561675717,0.5196078431372549,0.9262672811059908,0.5698924731182796,0.9111514052583862,7.047181372549018,0.5186323285533119
ensemble (top 15),0.3174316713831267,106,1006,79,98,0.1373157486423584,0.8626842513576416,0.5196078431372549,0.9271889400921659,0.572972972972973,0.9112318840579711,7.136386200049641,0.5181167894593225
ensemble (top 15),0.3176795286388498,106,1007,78,98,0.1365399534522886,0.8634600465477114,0.5196078431372549,0.928110599078341,0.5760869565217391,0.9113122171945701,7.22787833081951,0.5176022742761454
ensemble (top 15),0.3206373361477012,106,1008,77,98,0.13576415826221877,0.8642358417377812,0.5196078431372549,0.9290322580645162,0.5792349726775956,0.9113924050632911,7.321746880570415,0.517088779956427
ensemble (top 15),0.32221772189003745,105,1008,77,99,0.1365399534522886,0.8634600465477114,0.5147058823529411,0.9290322580645162,0.5769230769230769,0.9105691056910569,7.252673796791448,0.5223651960784315
ensemble (top 15),0.3241627857211141,105,1009,76,99,0.13576415826221877,0.8642358417377812,0.5147058823529411,0.9299539170506912,0.580110497237569,0.9106498194945848,7.348103715170272,0.5218474902349444
ensemble (top 15),0.3257858115194886,105,1010,75,99,0.13498836307214895,0.8650116369278511,0.5147058823529411,0.9308755760368663,0.5833333333333334,0.9107303877366997,7.446078431372545,0.5213308095515434
ensemble (top 15),0.3274522472749441,104,1010,75,100,0.13576415826221877,0.8642358417377812,0.5098039215686274,0.9308755760368663,0.5810055865921788,0.9099099099099099,7.3751633986928065,0.5265967773247914
ensemble (top 15),0.33026159201000727,103,1010,75,101,0.1365399534522886,0.8634600465477114,0.5049019607843137,0.9308755760368663,0.5786516853932584,0.9090909090909091,7.304248366013068,0.5318627450980392
ensemble (top 15),0.33057388834087204,103,1011,74,101,0.13576415826221877,0.8642358417377812,0.5049019607843137,0.9317972350230415,0.5819209039548022,0.9091726618705036,7.402954425013246,0.5313366691879522
ensemble (top 15),0.33092192586297703,102,1011,74,102,0.1365399534522886,0.8634600465477114,0.5,0.9317972350230415,0.5795454545454546,0.9083557951482479,7.33108108108108,0.536597428288823
ensemble (top 15),0.3309551430419171,101,1011,74,103,0.1373157486423584,0.8626842513576416,0.4950980392156863,0.9317972350230415,0.5771428571428572,0.90754039497307,7.2592077371489125,0.5418581873896937
ensemble (top 15),0.33458045839613965,101,1012,73,103,0.1365399534522886,0.8634600465477114,0.4950980392156863,0.9327188940092166,0.5804597701149425,0.9076233183856502,7.358648939027667,0.541322754398202
ensemble (top 15),0.334585382720441,100,1012,73,104,0.1373157486423584,0.8626842513576416,0.49019607843137253,0.9327188940092166,0.5780346820809249,0.9068100358422939,7.285791028740263,0.5465783151205146
ensemble (top 15),0.33636533876849867,99,1012,73,105,0.13809154383242825,0.8619084561675717,0.4852941176470588,0.9327188940092166,0.5755813953488372,0.9059982094897046,7.2129331184528604,0.5518338758428272
ensemble (top 15),0.3378248097342182,99,1013,72,105,0.1373157486423584,0.8626842513576416,0.4852941176470588,0.9336405529953917,0.5789473684210527,0.90608228980322,7.313112745098041,0.5512891237442656
ensemble (top 15),0.3386224614499242,99,1014,71,105,0.1365399534522886,0.8634600465477114,0.4852941176470588,0.9345622119815669,0.5823529411764706,0.9061662198391421,7.416114333057171,0.550745446107437
ensemble (top 15),0.3391999109030014,99,1015,70,105,0.13576415826221877,0.8642358417377812,0.4852941176470588,0.9354838709677419,0.5857988165680473,0.90625,7.522058823529405,0.5502028397565922
ensemble (top 15),0.3395071938941101,98,1015,70,106,0.1365399534522886,0.8634600465477114,0.4803921568627451,0.9354838709677419,0.5833333333333334,0.9054415700267618,7.446078431372543,0.5554428668018931
ensemble (top 15),0.34017702568532254,98,1016,69,106,0.13576415826221877,0.8642358417377812,0.4803921568627451,0.936405529953917,0.5868263473053892,0.9055258467023173,7.553992611537365,0.5548961710668519
ensemble (top 15),0.34217850925264875,98,1017,68,106,0.13498836307214895,0.8650116369278511,0.4803921568627451,0.9373271889400921,0.5903614457831325,0.9056099732858415,7.665080738177622,0.5543505504463339
ensemble (top 15),0.343399389487228,97,1017,68,107,0.13576415826221877,0.8642358417377812,0.47549019607843135,0.9373271889400921,0.5878787878787879,0.9048042704626335,7.5868656286043805,0.5595802726203559
ensemble (top 15),0.3446256128057427,97,1018,67,107,0.13498836307214895,0.8650116369278511,0.47549019607843135,0.9382488479262673,0.5914634146341463,0.9048888888888889,7.700102429031314,0.5590305866944028
ensemble (top 15),0.34577601625370785,97,1019,66,107,0.13421256788207914,0.8657874321179209,0.47549019607843135,0.9391705069124424,0.5950920245398773,0.9049733570159858,7.816770647653002,0.5584819796417095
ensemble (top 15),0.3473666808448271,97,1020,65,107,0.13343677269200932,0.8665632273079906,0.47549019607843135,0.9400921658986175,0.5987654320987654,0.9050576752440106,7.937028657616898,0.5579344482891195
ensemble (top 15),0.3479298610575634,97,1021,64,107,0.13266097750193948,0.8673390224980605,0.47549019607843135,0.9410138248847926,0.6024844720496895,0.9051418439716312,8.06104473039215,0.557387989475908
ensemble (top 15),0.3480447357649487,97,1022,63,107,0.13188518231186966,0.8681148176881304,0.47549019607843135,0.9419354838709677,0.60625,0.9052258635961028,8.188997821350757,0.5568426000537202
ensemble (top 15),0.34915136918460843,97,1023,62,107,0.13110938712179984,0.8688906128782001,0.47549019607843135,0.9428571428571428,0.610062893081761,0.9053097345132743,8.321078431372547,0.5562982768865122
ensemble (top 15),0.3508915523479836,97,1024,61,107,0.13033359193173003,0.86966640806827,0.47549019607843135,0.943778801843318,0.6139240506329114,0.905393457117595,8.457489553198329,0.5557550168504902
ensemble (top 15),0.35284353601610585,97,1025,60,107,0.1295577967416602,0.8704422032583398,0.47549019607843135,0.9447004608294931,0.6178343949044586,0.9054770318021201,8.598447712418302,0.5552128168340507
ensemble (top 15),0.35866901730704404,96,1025,60,108,0.13033359193173003,0.86966640806827,0.47058823529411764,0.9447004608294931,0.6153846153846154,0.9046778464254193,8.50980392156863,0.5604017216642755
ensemble (top 15),0.36074021774764936,95,1025,60,109,0.13110938712179984,0.8688906128782001,0.46568627450980393,0.9447004608294931,0.6129032258064516,0.9038800705467372,8.421160130718958,0.5655906264945002
ensemble (top 15),0.3635825132874306,95,1026,59,109,0.13033359193173003,0.86966640806827,0.46568627450980393,0.9456221198156682,0.6168831168831169,0.9039647577092511,8.563891658358264,0.5650393685739402
ensemble (top 15),0.3663195590178396,95,1027,58,109,0.1295577967416602,0.8704422032583398,0.46568627450980393,0.9465437788018434,0.6209150326797386,0.9040492957746479,8.71154496281272,0.5644891841838975
ensemble (top 15),0.3687097458119162,94,1027,58,110,0.13033359193173003,0.86966640806827,0.46078431372549017,0.9465437788018434,0.618421052631579,0.9032541776605101,8.619844489519954,0.5696679840387957
ensemble (top 15),0.3700977099649882,94,1028,57,110,0.1295577967416602,0.8704422032583398,0.46078431372549017,0.9474654377880184,0.6225165562913907,0.9033391915641477,8.771069831441341,0.5691138323033494
ensemble (top 15),0.37330923667883126,93,1028,57,111,0.13033359193173003,0.86966640806827,0.45588235294117646,0.9474654377880184,0.62,0.9025460930640913,8.67776057791537,0.574287594415198
ensemble (top 15),0.37572491512729667,92,1028,57,112,0.13110938712179984,0.8688906128782001,0.45098039215686275,0.9474654377880184,0.6174496644295302,0.9017543859649123,8.584451324389399,0.5794613565270467
ensemble (top 15),0.3800643887270408,91,1028,57,113,0.13188518231186966,0.8681148176881304,0.44607843137254904,0.9474654377880184,0.6148648648648649,0.9009640666082384,8.491142070863427,0.5846351186388953
ensemble (top 15),0.38093303572176523,90,1028,57,114,0.13266097750193948,0.8673390224980605,0.4411764705882353,0.9474654377880184,0.6122448979591837,0.9001751313485113,8.397832817337456,0.5898088807507439
ensemble (top 15),0.3853601358362407,90,1029,56,114,0.13188518231186966,0.8681148176881304,0.4411764705882353,0.9483870967741935,0.6164383561643836,0.9002624671916011,8.547794117647054,0.5892356942777112
ensemble (top 15),0.3854702901597071,90,1030,55,114,0.13110938712179984,0.8688906128782001,0.4411764705882353,0.9493087557603687,0.6206896551724138,0.9003496503496503,8.703208556149733,0.5886636207881211
ensemble (top 15),0.38998605201746295,90,1031,54,114,0.13033359193173003,0.86966640806827,0.4411764705882353,0.9502304147465438,0.625,0.9004366812227074,8.864379084967323,0.5880926570434187
ensemble (top 15),0.39041478998686147,89,1031,54,115,0.13110938712179984,0.8688906128782001,0.4362745098039216,0.9502304147465438,0.6223776223776224,0.8996509598603839,8.765885984023242,0.5932513645613434
ensemble (top 15),0.39180834593533675,89,1032,53,115,0.13033359193173003,0.86966640806827,0.4362745098039216,0.9511520737327189,0.6267605633802817,0.8997384481255449,8.931280059193496,0.5926765085879313
ensemble (top 15),0.3929533339457398,89,1033,52,115,0.1295577967416602,0.8704422032583398,0.4362745098039216,0.9520737327188941,0.6312056737588653,0.8998257839721254,9.103035444947219,0.5921027655980107
ensemble (top 15),0.3954119442045203,88,1033,52,116,0.13033359193173003,0.86966640806827,0.43137254901960786,0.9520737327188941,0.6285714285714286,0.8990426457789382,9.000754147812982,0.597251485298863
ensemble (top 15),0.3969106966954092,88,1034,51,116,0.1295577967416602,0.8704422032583398,0.43137254901960786,0.9529953917050691,0.6330935251798561,0.8991304347826087,9.177239523260276,0.5966738726438351
ensemble (top 15),0.399121369115173,88,1035,50,116,0.1287820015515904,0.8712179984484096,0.43137254901960786,0.9539170506912442,0.6376811594202898,0.8992180712423979,9.360784313725485,0.596097376148527
ensemble (top 15),0.4014760977594137,87,1035,50,117,0.1295577967416602,0.8704422032583398,0.4264705882352941,0.9539170506912442,0.635036496350365,0.8984375,9.254411764705878,0.6012361466325661
ensemble (top 15),0.4056651326445861,87,1036,49,117,0.1287820015515904,0.8712179984484096,0.4264705882352941,0.9548387096774194,0.6397058823529411,0.8985255854293148,9.443277310924369,0.6006558028616852
ensemble (top 15),0.41258038738568625,87,1037,48,117,0.12800620636152055,0.8719937936384794,0.4264705882352941,0.9557603686635945,0.6444444444444445,0.8986135181975736,9.640012254901963,0.6000765783651937
ensemble (top 15),0.41572487697668853,87,1038,47,117,0.12723041117145073,0.8727695888285493,0.4264705882352941,0.9566820276497696,0.6492537313432836,0.8987012987012987,9.845118898623285,0.5994984699081944
ensemble (top 15),0.4196477767187533,87,1039,46,117,0.1264546159813809,0.8735453840186191,0.4264705882352941,0.9576036866359448,0.6541353383458647,0.8987889273356401,10.059143222506405,0.5989214742682443
ensemble (top 15),0.4250161699260049,87,1040,45,117,0.1256788207913111,0.8743211792086889,0.4264705882352941,0.9585253456221198,0.6590909090909091,0.898876404494382,10.28267973856208,0.5983455882352942
ensemble (top 15),0.42809890579495147,87,1041,44,117,0.12490302560124127,0.8750969743987588,0.4264705882352941,0.9594470046082949,0.6641221374045801,0.8989637305699482,10.516377005347588,0.597770808611629
ensemble (top 15),0.4313648178567239,87,1042,43,117,0.12412723041117145,0.8758727695888285,0.4264705882352941,0.96036866359447,0.6692307692307692,0.8990509059534081,10.760943912448699,0.5971971322118098
ensemble (top 15),0.4333606378582532,87,1043,42,117,0.12335143522110163,0.8766485647788984,0.4264705882352941,0.9612903225806452,0.6744186046511628,0.8991379310344828,11.0171568627451,0.5966245558626134
ensemble (top 15),0.43337969422623257,86,1043,42,118,0.12412723041117145,0.8758727695888285,0.4215686274509804,0.9612903225806452,0.671875,0.8983634797588286,10.890522875816997,0.6017239110409264
ensemble (top 15),0.4392817449249144,85,1043,42,119,0.12490302560124127,0.8750969743987588,0.4166666666666667,0.9612903225806452,0.6692913385826772,0.8975903614457831,10.763888888888893,0.6068232662192393
ensemble (top 15),0.4399571990347875,84,1043,42,120,0.1256788207913111,0.8743211792086889,0.4117647058823529,0.9612903225806452,0.6666666666666666,0.8968185726569218,10.637254901960787,0.6119226213975523
ensemble (top 15),0.4403835373463226,83,1043,42,121,0.1264546159813809,0.8735453840186191,0.4068627450980392,0.9612903225806452,0.664,0.8960481099656358,10.510620915032684,0.6170219765758652
ensemble (top 15),0.44556915903773003,83,1044,41,121,0.1256788207913111,0.8743211792086889,0.4068627450980392,0.9622119815668203,0.6693548387096774,0.896137339055794,10.766977522716413,0.6164309593569228
ensemble (top 15),0.4486472887219147,83,1045,40,121,0.12490302560124127,0.8750969743987588,0.4068627450980392,0.9631336405529954,0.6747967479674797,0.8962264150943396,11.036151960784329,0.6158410732714138
ensemble (top 15),0.45377604725719783,83,1046,39,121,0.12412723041117145,0.8758727695888285,0.4068627450980392,0.9640552995391705,0.680327868852459,0.8963153384747216,11.319130216189025,0.6152523150751696
ensemble (top 15),0.46111703486549344,83,1047,38,121,0.12335143522110163,0.8766485647788984,0.4068627450980392,0.9649769585253456,0.6859504132231405,0.896404109589041,11.61700206398348,0.614664681536416
ensemble (top 15),0.46296054855632146,82,1047,38,122,0.12412723041117145,0.8758727695888285,0.4019607843137255,0.9649769585253456,0.6833333333333333,0.8956372968349017,11.477038183694523,0.6197445549375433
ensemble (top 15),0.46411849188349547,81,1047,38,123,0.12490302560124127,0.8750969743987588,0.39705882352941174,0.9649769585253456,0.680672268907563,0.8948717948717949,11.337074303405563,0.6248244283386708
ensemble (top 15),0.4666726276369315,81,1048,37,123,0.12412723041117145,0.8758727695888285,0.39705882352941174,0.9658986175115207,0.6864406779661016,0.8949615713065756,11.643481717011126,0.6242282218230805
ensemble (top 15),0.4771103944934678,80,1048,37,124,0.12490302560124127,0.8750969743987588,0.39215686274509803,0.9658986175115207,0.6837606837606838,0.89419795221843,11.499735029146791,0.6293032480167641
ensemble (top 15),0.48310146993573,80,1049,36,124,0.12412723041117145,0.8758727695888285,0.39215686274509803,0.9668202764976959,0.6896551724137931,0.8942881500426257,11.819172113289763,0.6287033402493505
ensemble (top 15),0.4837990888955821,79,1049,36,125,0.12490302560124127,0.8750969743987588,0.3872549019607843,0.9668202764976959,0.6869565217391305,0.893526405451448,11.671432461873643,0.6337735284771678
ensemble (top 15),0.48513091465510877,78,1049,36,126,0.1256788207913111,0.8743211792086889,0.38235294117647056,0.9668202764976959,0.6842105263157895,0.8927659574468085,11.523692810457518,0.6388437167049852
ensemble (top 15),0.48840903498981153,78,1050,35,126,0.12490302560124127,0.8750969743987588,0.38235294117647056,0.967741935483871,0.6902654867256637,0.8928571428571429,11.852941176470598,0.638235294117647
ensemble (top 15),0.4909739150442579,77,1050,35,127,0.1256788207913111,0.8743211792086889,0.37745098039215685,0.967741935483871,0.6875,0.8920985556499575,11.700980392156874,0.6433006535947712
ensemble (top 15),0.494873028393341,77,1051,34,127,0.12490302560124127,0.8750969743987588,0.37745098039215685,0.9686635944700461,0.6936936936936937,0.8921901528013583,12.045126874279141,0.6426885692431111
ensemble (top 15),0.49651034388746323,76,1051,34,128,0.1256788207913111,0.8743211792086889,0.37254901960784315,0.9686635944700461,0.6909090909090909,0.8914334181509754,11.888696655132659,0.6477491091584112
ensemble (top 15),0.49717780223781843,75,1051,34,129,0.1264546159813809,0.8735453840186191,0.36764705882352944,0.9686635944700461,0.6880733944954128,0.8906779661016949,11.732266435986178,0.6528096490737113
ensemble (top 15),0.4983823634910329,75,1052,33,129,0.1256788207913111,0.8743211792086889,0.36764705882352944,0.9695852534562212,0.6944444444444444,0.890770533446232,12.087789661319055,0.6521891075821964
ensemble (top 15),0.5014170338778968,75,1053,32,129,0.12490302560124127,0.8750969743987588,0.36764705882352944,0.9705069124423963,0.7009345794392523,0.8908629441624365,12.465533088235283,0.6515697447069996
ensemble (top 15),0.5030417582498511,75,1054,31,129,0.12412723041117145,0.8758727695888285,0.36764705882352944,0.9714285714285714,0.7075471698113207,0.8909551986475064,12.867647058823525,0.6509515570934256
ensemble (top 15),0.5071157364844174,74,1054,31,130,0.12490302560124127,0.8750969743987588,0.3627450980392157,0.9714285714285714,0.7047619047619048,0.8902027027027027,12.696078431372545,0.655997693194925
ensemble (top 15),0.5072880227739672,74,1055,30,130,0.12412723041117145,0.8758727695888285,0.3627450980392157,0.9723502304147466,0.7115384615384616,0.890295358649789,13.119281045751638,0.6553758944336028
ensemble (top 15),0.5107712762968878,74,1056,29,130,0.12335143522110163,0.8766485647788984,0.3627450980392157,0.9732718894009217,0.7184466019417476,0.8903878583473862,13.57167004732929,0.6547552733214498
ensemble (top 15),0.5192202654519067,73,1056,29,131,0.12412723041117145,0.8758727695888285,0.35784313725490197,0.9732718894009217,0.7156862745098039,0.8896377422072451,13.38826910074376,0.6597918523469993
ensemble (top 15),0.5193692798739888,73,1057,28,131,0.12335143522110163,0.8766485647788984,0.35784313725490197,0.9741935483870968,0.7227722772277227,0.8897306397306397,13.866421568627475,0.6591676405661602
ensemble (top 15),0.5262799449415313,72,1057,28,132,0.12412723041117145,0.8758727695888285,0.35294117647058826,0.9741935483870968,0.72,0.8889823380992431,13.676470588235318,0.6641994546162835
ensemble (top 15),0.52856390673246,71,1057,28,133,0.12490302560124127,0.8750969743987588,0.3480392156862745,0.9741935483870968,0.7171717171717171,0.888235294117647,13.48651960784316,0.6692312686664069
ensemble (top 15),0.533163754122117,71,1058,27,133,0.12412723041117145,0.8758727695888285,0.3480392156862745,0.9751152073732718,0.7244897959183674,0.8883291351805206,13.986020334059523,0.6685987249342081
ensemble (top 15),0.533229624827188,70,1058,27,134,0.12490302560124127,0.8750969743987588,0.3431372549019608,0.9751152073732718,0.7216494845360825,0.8875838926174496,13.789034132171361,0.6736257830164202
ensemble (top 15),0.5354451792475459,69,1058,27,135,0.1256788207913111,0.8743211792086889,0.3382352941176471,0.9751152073732718,0.71875,0.8868398994132439,13.592047930283199,0.6786528410986323
ensemble (top 15),0.5384693092548039,68,1058,27,136,0.1264546159813809,0.8735453840186191,0.3333333333333333,0.9751152073732718,0.7157894736842105,0.8860971524288107,13.395061728395035,0.6836798991808445
ensemble (top 15),0.5417810975755419,68,1059,26,136,0.1256788207913111,0.8743211792086889,0.3333333333333333,0.976036866359447,0.723404255319149,0.8861924686192468,13.910256410256393,0.6830343090966321
ensemble (top 15),0.5422698657510439,67,1059,26,137,0.1264546159813809,0.8735453840186191,0.3284313725490196,0.976036866359447,0.7204301075268817,0.8854515050167224,13.705693815987917,0.6880566201929309
ensemble (top 15),0.5466507457646067,67,1060,25,137,0.1256788207913111,0.8743211792086889,0.3284313725490196,0.9769585253456221,0.7282608695652174,0.885547201336675,14.253921568627444,0.6874075101738809
ensemble (top 15),0.5529448099813343,66,1060,25,138,0.1264546159813809,0.8735453840186191,0.3235294117647059,0.9769585253456221,0.7252747252747253,0.8848080133555927,14.04117647058823,0.6924250832408435
ensemble (top 15),0.5542641116176112,66,1061,24,138,0.1256788207913111,0.8743211792086889,0.3235294117647059,0.9778801843317972,0.7333333333333333,0.8849040867389492,14.626225490196084,0.6917724677052726
ensemble (top 15),0.5567360675183477,66,1062,23,138,0.12490302560124127,0.8750969743987588,0.3235294117647059,0.9788018433179724,0.7415730337078652,0.885,15.262148337595926,0.6911210812008419
ensemble (top 15),0.556920821961176,66,1063,22,138,0.12412723041117145,0.8758727695888285,0.3235294117647059,0.9797235023041475,0.75,0.8850957535387177,15.955882352941211,0.6904709202589785
ensemble (top 15),0.5581999356035113,65,1063,22,139,0.12490302560124127,0.8750969743987588,0.31862745098039214,0.9797235023041475,0.7471264367816092,0.8843594009983361,15.714126559714828,0.6954743327246232
ensemble (top 15),0.5673869971788282,64,1063,22,140,0.1256788207913111,0.8743211792086889,0.3137254901960784,0.9797235023041475,0.7441860465116279,0.8836242726517041,15.472370766488446,0.700477745190268
ensemble (top 15),0.5674498610933049,64,1064,21,140,0.12490302560124127,0.8750969743987588,0.3137254901960784,0.9806451612903225,0.7529411764705882,0.8837209302325582,16.209150326797342,0.6998194014447885
ensemble (top 15),0.5685260685819379,63,1064,21,141,0.1256788207913111,0.8743211792086889,0.3088235294117647,0.9806451612903225,0.75,0.8829875518672199,15.955882352941137,0.7048181114551084
ensemble (top 15),0.5685492096469696,63,1065,20,141,0.12490302560124127,0.8750969743987588,0.3088235294117647,0.9815668202764977,0.7590361445783133,0.8830845771144279,16.753676470588207,0.7041563104114885
ensemble (top 15),0.5747233668432662,63,1066,19,141,0.12412723041117145,0.8758727695888285,0.3088235294117647,0.9824884792626728,0.7682926829268293,0.8831814415907208,17.635448916408656,0.7034957510208586
ensemble (top 15),0.5785996927994332,63,1067,18,141,0.12335143522110163,0.8766485647788984,0.3088235294117647,0.9834101382488479,0.7777777777777778,0.8832781456953642,18.615196078431378,0.7028364297921605
ensemble (top 15),0.5854502249383742,62,1067,18,142,0.12412723041117145,0.8758727695888285,0.30392156862745096,0.9834101382488479,0.775,0.8825475599669148,18.319716775599133,0.7078210853226014
ensemble (top 15),0.5873161026149972,61,1067,18,143,0.12490302560124127,0.8750969743987588,0.29901960784313725,0.9834101382488479,0.7721518987341772,0.8818181818181818,18.024237472766888,0.7128057408530422
ensemble (top 15),0.5920715702278633,61,1068,17,143,0.12412723041117145,0.8758727695888285,0.29901960784313725,0.9843317972350231,0.782051282051282,0.8819157720891825,19.084486735870847,0.7121383197473745
ensemble (top 15),0.5931854036979688,60,1068,17,144,0.12490302560124127,0.8750969743987588,0.29411764705882354,0.9843317972350231,0.7792207792207793,0.8811881188118812,18.771626297577882,0.7171183079973562
ensemble (top 15),0.599171444003945,59,1068,17,145,0.1256788207913111,0.8743211792086889,0.28921568627450983,0.9843317972350231,0.7763157894736842,0.8804616652926628,18.45876585928492,0.7220982962473378
ensemble (top 15),0.599674773863169,58,1068,17,146,0.1264546159813809,0.8735453840186191,0.28431372549019607,0.9843317972350231,0.7733333333333333,0.8797364085667215,18.14590542099195,0.7270782844973195
ensemble (top 15),0.6003025865748943,58,1069,16,146,0.1256788207913111,0.8743211792086889,0.28431372549019607,0.9852534562211982,0.7837837837837838,0.8798353909465021,19.280024509803976,0.7263981364295016
ensemble (top 15),0.6059110839938715,57,1069,16,147,0.1264546159813809,0.8735453840186191,0.27941176470588236,0.9852534562211982,0.7808219178082192,0.8791118421052632,18.947610294117702,0.7313734661310736
ensemble (top 15),0.6063540552067858,56,1069,16,148,0.12723041117145073,0.8727695888285493,0.27450980392156865,0.9852534562211982,0.7777777777777778,0.8783894823336073,18.615196078431428,0.7363487958326455
ensemble (top 15),0.6109209320206378,56,1070,15,148,0.1264546159813809,0.8735453840186191,0.27450980392156865,0.9861751152073732,0.7887323943661971,0.8784893267651889,19.856209150326727,0.7356606193879421
ensemble (top 15),0.6113748227092033,56,1071,14,148,0.1256788207913111,0.8743211792086889,0.27450980392156865,0.9870967741935484,0.8,0.8785890073831009,21.274509803921518,0.7349737280533128
ensemble (top 15),0.6193925001726026,56,1072,13,148,0.12490302560124127,0.8750969743987588,0.27450980392156865,0.9880184331797235,0.8115942028985508,0.8786885245901639,22.911010558069357,0.7342881182323676
ensemble (top 15),0.6275291836101763,55,1072,13,149,0.1256788207913111,0.8743211792086889,0.2696078431372549,0.9880184331797235,0.8088235294117647,0.877968877968878,22.5018853695324,0.7392495244366404
ensemble (top 15),0.6305882696430545,55,1073,12,149,0.12490302560124127,0.8750969743987588,0.2696078431372549,0.9889400921658986,0.8208955223880597,0.8780687397708674,24.377042483660137,0.7385605686822726
ensemble (top 15),0.6306766332128498,54,1073,12,150,0.1256788207913111,0.8743211792086889,0.2647058823529412,0.9889400921658986,0.8181818181818182,0.8773507767784138,23.93382352941177,0.7435173510224221
ensemble (top 15),0.6311502969620248,53,1073,12,151,0.1264546159813809,0.8735453840186191,0.25980392156862747,0.9889400921658986,0.8153846153846154,0.8766339869281046,23.49060457516341,0.7484741333625715
ensemble (top 15),0.633845210749893,52,1073,12,152,0.12723041117145073,0.8727695888285493,0.2549019607843137,0.9889400921658986,0.8125,0.8759183673469387,23.047385620915037,0.753430915702721
ensemble (top 15),0.636424230194753,51,1073,12,153,0.12800620636152055,0.8719937936384794,0.25,0.9889400921658986,0.8095238095238095,0.8752039151712887,22.604166666666675,0.7583876980428704
ensemble (top 15),0.6389159379801462,50,1073,12,154,0.1287820015515904,0.8712179984484096,0.24509803921568626,0.9889400921658986,0.8064516129032258,0.8744906275468622,22.160947712418306,0.7633444803830199
ensemble (top 15),0.6399454812402487,50,1074,11,154,0.12800620636152055,0.8719937936384794,0.24509803921568626,0.9898617511520738,0.819672131147541,0.8745928338762216,24.175579322638196,0.762633731332384
ensemble (top 15),0.6409147892130339,49,1074,11,155,0.1287820015515904,0.8712179984484096,0.24019607843137256,0.9898617511520738,0.8166666666666667,0.8738812042310822,23.692067736185436,0.7675858984189579
ensemble (top 15),0.6609093111505678,48,1074,11,156,0.1295577967416602,0.8704422032583398,0.23529411764705882,0.9898617511520738,0.8135593220338984,0.8731707317073171,23.20855614973267,0.7725380655055317
ensemble (top 15),0.6645548395334708,48,1075,10,156,0.1287820015515904,0.8712179984484096,0.23529411764705882,0.9907834101382489,0.8275862068965517,0.8732737611697806,25.529411764705994,0.7718194254445964
ensemble (top 15),0.6742301366134523,47,1075,10,157,0.1295577967416602,0.8704422032583398,0.23039215686274508,0.9907834101382489,0.8245614035087719,0.872564935064935,24.99754901960795,0.7767669858641131
ensemble (top 15),0.6746838476178847,46,1075,10,158,0.13033359193173003,0.86966640806827,0.22549019607843138,0.9907834101382489,0.8214285714285714,0.8718572587185726,24.46568627450991,0.7817145462836297
ensemble (top 15),0.6787837808414482,45,1075,10,159,0.13110938712179984,0.8688906128782001,0.22058823529411764,0.9907834101382489,0.8181818181818182,0.8711507293354943,23.933823529411868,0.7866621067031464
ensemble (top 15),0.6792969551065383,44,1075,10,160,0.13188518231186966,0.8681148176881304,0.21568627450980393,0.9907834101382489,0.8148148148148148,0.8704453441295547,23.40196078431383,0.791609667122663
ensemble (top 15),0.6805085891130871,44,1076,9,160,0.13110938712179984,0.8688906128782001,0.21568627450980393,0.9917050691244239,0.8301886792452831,0.8705501618122977,26.002178649237308,0.7908739704060063
ensemble (top 15),0.6871115345976658,43,1076,9,161,0.13188518231186966,0.8681148176881304,0.2107843137254902,0.9917050691244239,0.8269230769230769,0.8698464025869038,25.411220043572822,0.7958169327210438
ensemble (top 15),0.6921088183769422,42,1076,9,162,0.13266097750193948,0.8673390224980605,0.20588235294117646,0.9917050691244239,0.8235294117647058,0.8691437802907916,24.820261437908336,0.8007598950360815
ensemble (top 15),0.6955954054816978,42,1077,8,162,0.13188518231186966,0.8681148176881304,0.20588235294117646,0.992626728110599,0.84,0.8692493946731235,27.922794117646927,0.8000163853842374
ensemble (top 15),0.6974849792266412,41,1077,8,163,0.13266097750193948,0.8673390224980605,0.20098039215686275,0.992626728110599,0.8367346938775511,0.8685483870967742,27.25796568627438,0.8049547581335228
ensemble (top 15),0.6998079567107508,40,1077,8,164,0.13343677269200932,0.8665632273079906,0.19607843137254902,0.992626728110599,0.8333333333333334,0.8678485092667204,26.593137254901837,0.8098931308828081
ensemble (top 15),0.702266073676526,39,1077,8,165,0.13421256788207914,0.8657874321179209,0.19117647058823528,0.992626728110599,0.8297872340425532,0.8671497584541062,25.92830882352929,0.8148315036320936
ensemble (top 15),0.70332455525016,39,1078,7,165,0.13343677269200932,0.8665632273079906,0.19117647058823528,0.9935483870967742,0.8478260869565217,0.8672566371681416,29.632352941176393,0.8140756302521008
ensemble (top 15),0.7061368850174615,38,1078,7,166,0.13421256788207914,0.8657874321179209,0.18627450980392157,0.9935483870967742,0.8444444444444444,0.8665594855305466,28.87254901960777,0.8190094219505984
ensemble (top 15),0.7072707079746074,38,1079,6,166,0.13343677269200932,0.8665632273079906,0.18627450980392157,0.9944700460829493,0.8636363636363636,0.8666666666666667,33.68464052287583,0.8182503770739065
ensemble (top 15),0.7124678619350314,38,1080,5,166,0.13266097750193948,0.8673390224980605,0.18627450980392157,0.9953917050691244,0.8837209302325582,0.8667736757624398,40.42156862745116,0.8174927378358751
ensemble (top 15),0.7153380626546375,38,1081,4,166,0.13188518231186966,0.8681148176881304,0.18627450980392157,0.9963133640552996,0.9047619047619048,0.8668805132317562,50.52696078431425,0.8167365003355643
ensemble (top 15),0.715724762716831,38,1082,3,166,0.13110938712179984,0.8688906128782001,0.18627450980392157,0.9972350230414746,0.926829268292683,0.8669871794871795,67.3692810457503,0.8159816606864557
ensemble (top 15),0.7177342847282653,37,1082,3,167,0.13188518231186966,0.8681148176881304,0.18137254901960784,0.9972350230414746,0.925,0.866293034427542,65.59640522875686,0.8208972128592658
ensemble (top 15),0.7189484111992257,36,1082,3,168,0.13266097750193948,0.8673390224980605,0.17647058823529413,0.9972350230414746,0.9230769230769231,0.8656,63.823529411763445,0.8258127650320757
ensemble (top 15),0.7200272180054721,35,1082,3,169,0.13343677269200932,0.8665632273079906,0.1715686274509804,0.9972350230414746,0.9210526315789473,0.864908073541167,62.05065359477002,0.8307283172048856
ensemble (top 15),0.7202231302741792,34,1082,3,170,0.13421256788207914,0.8657874321179209,0.16666666666666666,0.9972350230414746,0.918918918918919,0.8642172523961661,60.277777777776585,0.8356438693776957
ensemble (top 15),0.7262353318027507,33,1082,3,171,0.13498836307214895,0.8650116369278511,0.16176470588235295,0.9972350230414746,0.9166666666666666,0.8635275339185954,58.50490196078316,0.8405594215505057
ensemble (top 15),0.7280918188201096,32,1082,3,172,0.13576415826221877,0.8642358417377812,0.1568627450980392,0.9972350230414746,0.9142857142857143,0.8628389154704944,56.732026143789724,0.8454749737233156
ensemble (top 15),0.7383803864551292,31,1082,3,173,0.1365399534522886,0.8634600465477114,0.15196078431372548,0.9972350230414746,0.9117647058823529,0.8621513944223107,54.9591503267963,0.8503905258961256
ensemble (top 15),0.741763111658537,31,1083,2,173,0.13576415826221877,0.8642358417377812,0.15196078431372548,0.9981566820276497,0.9393939393939394,0.8622611464968153,82.43872549019444,0.8496053084206906
ensemble (top 15),0.7465698685635318,30,1083,2,174,0.1365399534522886,0.8634600465477114,0.14705882352941177,0.9981566820276497,0.9375,0.8615751789976134,79.7794117647043,0.8545163217641627
ensemble (top 15),0.7469093292264767,29,1083,2,175,0.1373157486423584,0.8626842513576416,0.14215686274509803,0.9981566820276497,0.9354838709677419,0.8608903020667726,77.12009803921416,0.859427335107635
ensemble (top 15),0.7514146764159692,28,1083,2,176,0.13809154383242825,0.8619084561675717,0.13725490196078433,0.9981566820276497,0.9333333333333333,0.8602065131056394,74.46078431372402,0.8643383484511072
ensemble (top 15),0.7521772742170877,27,1083,2,177,0.13886733902249807,0.861132660977502,0.1323529411764706,0.9981566820276497,0.9310344827586207,0.8595238095238096,71.80147058823388,0.8692493617945793
ensemble (top 15),0.7545105551873829,26,1083,2,178,0.13964313421256788,0.8603568657874321,0.12745098039215685,0.9981566820276497,0.9285714285714286,0.8588421887390959,69.14215686274373,0.8741603751380516
ensemble (top 15),0.7580904838556288,25,1083,2,179,0.1404189294026377,0.8595810705973623,0.12254901960784313,0.9981566820276497,0.9259259259259259,0.8581616481774961,66.48284313725358,0.8790713884815238
ensemble (top 15),0.7626104419783089,24,1083,2,180,0.14119472459270752,0.8588052754072925,0.11764705882352941,0.9981566820276497,0.9230769230769231,0.8574821852731591,63.823529411763445,0.8839824018249959
ensemble (top 15),0.7639986305652833,23,1083,2,181,0.14197051978277736,0.8580294802172226,0.11274509803921569,0.9981566820276497,0.92,0.8568037974683544,61.1642156862733,0.8888934151684681
ensemble (top 15),0.764708851370051,23,1084,1,181,0.14119472459270752,0.8588052754072925,0.11274509803921569,0.9990783410138249,0.9583333333333334,0.8569169960474309,122.3284313725466,0.8880734027928514
ensemble (top 15),0.7685268050225259,22,1084,1,182,0.14197051978277736,0.8580294802172226,0.10784313725490197,0.9990783410138249,0.9565217391304348,0.8562401263823065,117.00980392156632,0.8929798856812097
ensemble (top 15),0.7753369653142778,21,1084,1,183,0.14274631497284718,0.8572536850271528,0.10294117647058823,0.9990783410138249,0.9545454545454546,0.8555643251775849,111.69117647058603,0.897886368569568
ensemble (top 15),0.7763035114710384,20,1084,1,184,0.143522110162917,0.8564778898370831,0.09803921568627451,0.9990783410138249,0.9523809523809523,0.8548895899053628,106.37254901960574,0.9027928514579264
ensemble (top 15),0.7764736040754995,19,1084,1,185,0.1442979053529868,0.8557020946470132,0.09313725490196079,0.9990783410138249,0.95,0.8542159180457053,101.05392156862546,0.9076993343462847
ensemble (top 15),0.7835379987279921,18,1084,1,186,0.14507370054305663,0.8549262994569433,0.08823529411764706,0.9990783410138249,0.9473684210526315,0.8535433070866142,95.73529411764517,0.912605817234643
ensemble (top 15),0.7846151638950363,17,1084,1,187,0.14584949573312644,0.8541505042668736,0.08333333333333333,0.9990783410138249,0.9444444444444444,0.8528717545239969,90.41666666666488,0.9175123001230012
ensemble (top 15),0.7847519043498513,16,1084,1,188,0.1466252909231963,0.8533747090768037,0.0784313725490196,0.9990783410138249,0.9411764705882353,0.8522012578616353,85.0980392156846,0.9224187830113596
ensemble (top 15),0.7860877034300977,15,1084,1,189,0.1474010861132661,0.8525989138867339,0.07352941176470588,0.9990783410138249,0.9375,0.8515318146111548,79.7794117647043,0.9273252658997179
ensemble (top 15),0.7885746915372451,14,1084,1,190,0.14817688130333592,0.851823118696664,0.06862745098039216,0.9990783410138249,0.9333333333333333,0.8508634222919937,74.46078431372402,0.9322317487880761
ensemble (top 15),0.8002080747228317,13,1084,1,191,0.14895267649340574,0.8510473235065943,0.06372549019607843,0.9990783410138249,0.9285714285714286,0.8501960784313726,69.14215686274373,0.9371382316764344
ensemble (top 15),0.8023960209979705,12,1084,1,192,0.14972847168347556,0.8502715283165244,0.058823529411764705,0.9990783410138249,0.9230769230769231,0.8495297805642633,63.823529411763445,0.9420447145647927
ensemble (top 15),0.8068111123957967,11,1084,1,193,0.15050426687354537,0.8494957331264547,0.05392156862745098,0.9990783410138249,0.9166666666666666,0.8488645262333594,58.50490196078316,0.946951197453151
ensemble (top 15),0.810531819005874,10,1084,1,194,0.15128006206361522,0.8487199379363848,0.049019607843137254,0.9990783410138249,0.9090909090909091,0.8482003129890454,53.18627450980287,0.9518576803415093
ensemble (top 15),0.8147559452458123,9,1084,1,195,0.15205585725368503,0.847944142746315,0.04411764705882353,0.9990783410138249,0.9,0.8475371383893667,47.867647058822584,0.9567641632298677
ensemble (top 15),0.8273147750831177,8,1084,1,196,0.15283165244375485,0.8471683475562451,0.0392156862745098,0.9990783410138249,0.8888888888888888,0.846875,42.5490196078423,0.961670646118226
ensemble (top 15),0.8432398735172862,7,1084,1,197,0.15360744763382467,0.8463925523661753,0.03431372549019608,0.9990783410138249,0.875,0.8462138953942233,37.23039215686201,0.9665771290065842
ensemble (top 15),0.8440775580543024,6,1084,1,198,0.15438324282389448,0.8456167571761055,0.029411764705882353,0.9990783410138249,0.8571428571428571,0.8455538221528861,31.911764705881723,0.9714836118949425
ensemble (top 15),0.8456388913977881,5,1084,1,199,0.1551590380139643,0.8448409619860358,0.024509803921568627,0.9990783410138249,0.8333333333333334,0.8448947778643804,26.593137254901436,0.9763900947833007
ensemble (top 15),0.8544297329518196,4,1084,1,200,0.15593483320403415,0.8440651667959659,0.0196078431372549,0.9990783410138249,0.8,0.8442367601246106,21.27450980392115,0.981296577671659
ensemble (top 15),0.8582535698493498,3,1084,1,201,0.15671062839410396,0.843289371605896,0.014705882352941176,0.9990783410138249,0.75,0.843579766536965,15.955882352940861,0.9862030605600174
ensemble (top 15),0.8607996758410958,2,1084,1,202,0.15748642358417378,0.8425135764158262,0.00980392156862745,0.9990783410138249,0.6666666666666666,0.8429237947122862,10.637254901960574,0.9911095434483758
ensemble (top 15),0.8766476265765714,1,1084,1,203,0.1582622187742436,0.8417377812257564,0.004901960784313725,0.9990783410138249,0.5,0.8422688422688422,5.318627450980287,0.996016026336734
ensemble (top 15),0.8946754152684054,1,1085,0,203,0.15748642358417378,0.8425135764158262,0.004901960784313725,1.0,1.0,0.842391304347826,inf,0.9950980392156863
ensemble (top 15),1.0,0,1085,0,204,0.1582622187742436,0.8417377812257564,0.0,1.0,,0.8417377812257564,inf,1.0
