rank,model,status,seconds,auroc,auprc,brier_score,accuracy,sensitivity,specificity,ppv,npv,f1,threshold,tp,tn,fp,fn,se,z_vs_baseline,p_one_tailed
1,lightgbm_n800_leaves15_lr0.01,ok,3.15,0.8891883461226527,0.67927309200712,0.1028637141151135,0.8656509695290858,0.4817518248175182,0.9555555555555556,0.717391304347826,0.8873015873015873,0.5764192139737991,0.5,66.0,559.0,26.0,71.0,0.018863849056183192,2.6782857947439873,0.0037000023742898014
2,lightgbm_n500_leaves15_lr0.01,ok,2.1,0.8888452180422983,0.6870249411941064,0.0978536219524424,0.868421052631579,0.4817518248175182,0.958974358974359,0.7333333333333333,0.8876582278481012,0.5814977973568282,0.5,66.0,561.0,24.0,71.0,0.01888878802149552,2.6654862123776826,0.0038438542005931886
3,xgboost_n100_d3_lr0.2,ok,0.58,0.8886518185788259,0.6655459494673268,0.1021118031719322,0.8642659279778393,0.5036496350364964,0.9487179487179488,0.696969696969697,0.8908507223113965,0.5847457627118644,0.5,69.0,555.0,30.0,68.0,0.01890281806464708,2.6582787509685,0.003927045065169943
4,xgboost_n200_d3_lr0.2,ok,1.02,0.8871171002557864,0.6490031924387121,0.1105676730798874,0.8587257617728532,0.5036496350364964,0.941880341880342,0.6699029126213593,0.8901453957996769,0.575,0.5,69.0,551.0,34.0,68.0,0.019013481999647457,2.6012577657611913,0.004644131738437363
5,catboost_n500_d4_lr0.01,ok,4.93,0.887004803793125,0.6655620278869083,0.0998615639500807,0.8587257617728532,0.3941605839416058,0.9675213675213676,0.7397260273972602,0.8721109399075501,0.5142857142857142,0.5,54.0,566.0,19.0,83.0,0.019021532867275998,2.59709752995184,0.004700761259996633
6,histgbdt_huge_n100_leafnodes5000,ok,1.82,0.8864994697111486,0.6602947766029588,0.1100397662864219,0.8601108033240997,0.4890510948905109,0.947008547008547,0.6836734693877551,0.8878205128205128,0.5702127659574469,0.5,67.0,554.0,31.0,70.0,0.019057683931507526,2.578396610312323,0.0049629999192103424
7,histgbdt_n100_lr0.1,ok,2.23,0.8864994697111486,0.6602947766029588,0.1100397662864219,0.8601108033240997,0.4890510948905109,0.947008547008547,0.6836734693877551,0.8878205128205128,0.5702127659574469,0.5,67.0,554.0,31.0,70.0,0.019057683931507526,2.578396610312323,0.0049629999192103424
8,histgbdt_huge_n100_leafnodes1000,ok,2.19,0.8864994697111486,0.6602947766029588,0.1100397662864219,0.8601108033240997,0.4890510948905109,0.947008547008547,0.6836734693877551,0.8878205128205128,0.5702127659574469,0.5,67.0,554.0,31.0,70.0,0.019057683931507526,2.578396610312323,0.0049629999192103424
9,lightgbm_n300_leaves31_lr0.1,ok,1.69,0.8864308440950778,0.6513438245603957,0.1199755063142465,0.8614958448753463,0.5109489051094891,0.9435897435897436,0.6796116504854369,0.8917609046849758,0.5833333333333334,0.5,70.0,552.0,33.0,67.0,0.019062583536400474,2.5758595146630343,0.004999563172050081
10,lightgbm_n300_leaves63_lr0.1,ok,1.77,0.8864183667103375,0.6513356700447185,0.1199754871146958,0.8614958448753463,0.5109489051094891,0.9435897435897436,0.6796116504854369,0.8917609046849758,0.5833333333333334,0.5,70.0,552.0,33.0,67.0,0.01906347412244049,2.5753982895427536,0.005006235812493598
11,lightgbm_n800_leaves31_lr0.01,ok,4.67,0.8864183667103375,0.6695517408822114,0.1044380482770913,0.8614958448753463,0.4817518248175182,0.9504273504273504,0.6947368421052632,0.886762360446571,0.5689655172413793,0.5,66.0,556.0,29.0,71.0,0.01906347412244049,2.5753982895427536,0.005006235812493598
12,lightgbm_n300_leaves127_lr0.1,ok,1.63,0.8864183667103375,0.6513356700447185,0.1199754871146958,0.8614958448753463,0.5109489051094891,0.9435897435897436,0.6796116504854369,0.8917609046849758,0.5833333333333334,0.5,70.0,552.0,33.0,67.0,0.01906347412244049,2.5753982895427536,0.005006235812493598
13,lightgbm_n300_leaves255_lr0.1,ok,1.66,0.8864183667103375,0.6513356700447185,0.1199754871146958,0.8614958448753463,0.5109489051094891,0.9435897435897436,0.6796116504854369,0.8917609046849758,0.5833333333333334,0.5,70.0,552.0,33.0,67.0,0.01906347412244049,2.5753982895427536,0.005006235812493598
14,lightgbm_n800_leaves127_lr0.01,ok,5.25,0.8861937737850147,0.6678658649260684,0.1048035867119475,0.8614958448753463,0.4817518248175182,0.9504273504273504,0.6947368421052632,0.886762360446571,0.5689655172413793,0.5,66.0,556.0,29.0,71.0,0.01907949146814031,2.567099653396066,0.005127656757446419
15,lightgbm_n800_leaves255_lr0.01,ok,5.27,0.8861937737850147,0.6678658649260684,0.1048035867119475,0.8614958448753463,0.4817518248175182,0.9504273504273504,0.6947368421052632,0.886762360446571,0.5689655172413793,0.5,66.0,556.0,29.0,71.0,0.01907949146814031,2.567099653396066,0.005127656757446419
16,lightgbm_n800_leaves63_lr0.01,ok,4.76,0.8861937737850147,0.6678658649260684,0.1048035867119475,0.8614958448753463,0.4817518248175182,0.9504273504273504,0.6947368421052632,0.886762360446571,0.5689655172413793,0.5,66.0,556.0,29.0,71.0,0.01907949146814031,2.567099653396066,0.005127656757446419
17,lightgbm_n800_leaves15_lr0.05,ok,2.39,0.8859317487054714,0.6465463220228561,0.1177037159726462,0.8614958448753463,0.5182481751824818,0.941880341880342,0.6761904761904762,0.893030794165316,0.5867768595041323,0.5,71.0,551.0,34.0,66.0,0.01909814681084267,2.557426076607442,0.005272498407371651
18,lightgbm_n200_leaves63_lr0.2,ok,0.95,0.8857882587809595,0.6599440800664673,0.1160698863749524,0.8670360110803325,0.5401459854014599,0.9435897435897436,0.6915887850467289,0.8975609756097561,0.6065573770491803,0.5,74.0,552.0,33.0,63.0,0.019108348461993826,2.552132359294036,0.005353291823431805
19,lightgbm_n200_leaves255_lr0.2,ok,0.97,0.8857882587809595,0.6599440800664673,0.1160698863749524,0.8670360110803325,0.5401459854014599,0.9435897435897436,0.6915887850467289,0.8975609756097561,0.6065573770491803,0.5,74.0,552.0,33.0,63.0,0.019108348461993826,2.552132359294036,0.005353291823431805
20,lightgbm_n200_leaves127_lr0.2,ok,0.89,0.8857882587809595,0.6599440800664673,0.1160698863749524,0.8670360110803325,0.5401459854014599,0.9435897435897436,0.6915887850467289,0.8975609756097561,0.6065573770491803,0.5,74.0,552.0,33.0,63.0,0.019108348461993826,2.552132359294036,0.005353291823431805
21,xgboost_n300_d3_lr0.2,ok,1.27,0.885432653315865,0.641137255790276,0.1139293392429469,0.8587257617728532,0.5109489051094891,0.9401709401709402,0.6666666666666666,0.8914100486223663,0.5785123966942148,0.5,70.0,550.0,35.0,67.0,0.01913358710462661,2.5390244542625946,0.005558102648730023
22,lightgbm_n200_leaves63_lr0.1,ok,1.32,0.8853078794684635,0.6509607707369393,0.1192766271133463,0.8628808864265928,0.5109489051094891,0.9452991452991452,0.6862745098039216,0.8919354838709678,0.5857740585774058,0.5,70.0,553.0,32.0,67.0,0.01914242804004648,2.534428999290731,0.005631537457008062
23,lightgbm_n200_leaves127_lr0.1,ok,1.29,0.8853078794684635,0.6509607707369393,0.1192766271133463,0.8628808864265928,0.5109489051094891,0.9452991452991452,0.6862745098039216,0.8919354838709678,0.5857740585774058,0.5,70.0,553.0,32.0,67.0,0.01914242804004648,2.534428999290731,0.005631537457008062
24,lightgbm_n200_leaves255_lr0.1,ok,1.42,0.8853078794684635,0.6509607707369393,0.1192766271133463,0.8628808864265928,0.5109489051094891,0.9452991452991452,0.6862745098039216,0.8919354838709678,0.5857740585774058,0.5,70.0,553.0,32.0,67.0,0.01914242804004648,2.534428999290731,0.005631537457008062
25,lightgbm_n200_leaves31_lr0.1,ok,1.28,0.8852954020837234,0.6509462849510188,0.1192766654672995,0.8628808864265928,0.5109489051094891,0.9452991452991452,0.6862745098039216,0.8919354838709678,0.5857740585774058,0.5,70.0,553.0,32.0,67.0,0.01914331171351463,2.5339695624513223,0.005638926365284513
26,lightgbm_goss_n100_leaves31_lr0.1,ok,0.36,0.8852579699295028,0.6696863458649398,0.0993021186212588,0.8753462603878116,0.5620437956204379,0.9487179487179488,0.719626168224299,0.902439024390244,0.6311475409836066,0.5,77.0,555.0,30.0,60.0,0.019145962275943933,2.532591370392427,0.005661142854080481
27,lightgbm_goss_n100_leaves63_lr0.1,ok,0.37,0.8852579699295028,0.6696863458649398,0.0993021186212588,0.8753462603878116,0.5620437956204379,0.9487179487179488,0.719626168224299,0.902439024390244,0.6311475409836066,0.5,77.0,555.0,30.0,60.0,0.019145962275943933,2.532591370392427,0.005661142854080481
28,lightgbm_n200_leaves31_lr0.2,ok,0.89,0.8852392538523925,0.6544493511700016,0.1164812554322528,0.8656509695290858,0.5255474452554745,0.9452991452991452,0.6923076923076923,0.8948220064724919,0.5975103734439834,0.5,72.0,553.0,32.0,65.0,0.019147287299610988,2.5319023409794834,0.005672279136500036
29,lightgbm_dart_n300_leaves15_lr0.1,ok,1.7,0.8852142990829122,0.674842722021582,0.1022493769525995,0.8656509695290858,0.5036496350364964,0.9504273504273504,0.7040816326530612,0.8910256410256411,0.5872340425531914,0.5,69.0,556.0,29.0,68.0,0.019149053730825,2.5309837041586616,0.005687156645707403
30,lightgbm_n300_leaves15_lr0.05,ok,1.35,0.8851456734668414,0.6623503106663305,0.1120276187946752,0.8628808864265928,0.5182481751824818,0.9435897435897436,0.6826923076923077,0.8932038834951457,0.5892116182572614,0.5,71.0,552.0,33.0,66.0,0.019153909843852582,2.5284578597117906,0.005728241929756739
31,catboost_n800_d4_lr0.01,ok,7.56,0.8850957639278807,0.6623919632151019,0.0991503050039153,0.8601108033240997,0.4306569343065693,0.9606837606837608,0.7195121951219512,0.878125,0.5388127853881278,0.5,59.0,562.0,23.0,78.0,0.01915744011427038,2.5266212564925157,0.0057582812495496905
32,lightgbm_goss_n200_leaves15_lr0.05,ok,0.53,0.8850832865431405,0.6583520540097418,0.0989117003194389,0.8628808864265928,0.5182481751824818,0.9435897435897436,0.6826923076923077,0.8932038834951457,0.5892116182572614,0.5,71.0,552.0,33.0,66.0,0.019158322491418467,2.5261621549481212,0.005765812080622101
33,lightgbm_n800_leaves63_lr0.05,ok,3.24,0.884883648387298,0.6513018836351182,0.1183776885852177,0.8642659279778393,0.5182481751824818,0.9452991452991452,0.6893203883495146,0.8933764135702746,0.5916666666666667,0.5,71.0,553.0,32.0,66.0,0.019172430174671753,2.518819207416031,0.005887454956986837
34,lightgbm_n800_leaves127_lr0.05,ok,3.49,0.884883648387298,0.6513018836351182,0.1183776885852177,0.8642659279778393,0.5182481751824818,0.9452991452991452,0.6893203883495146,0.8933764135702746,0.5916666666666667,0.5,71.0,553.0,32.0,66.0,0.019172430174671753,2.518819207416031,0.005887454956986837
35,lightgbm_n800_leaves255_lr0.05,ok,3.51,0.884883648387298,0.6513018836351182,0.1183776885852177,0.8642659279778393,0.5182481751824818,0.9452991452991452,0.6893203883495146,0.8933764135702746,0.5916666666666667,0.5,71.0,553.0,32.0,66.0,0.019172430174671753,2.518819207416031,0.005887454956986837
36,lightgbm_n500_leaves15_lr0.05,ok,2.1,0.8848462162330777,0.6516913011952576,0.1164979740949421,0.8642659279778393,0.5328467153284672,0.941880341880342,0.6822429906542056,0.8959349593495934,0.5983606557377049,0.5,73.0,551.0,34.0,64.0,0.019175073198048693,2.5174429652638897,0.005910505326263027
37,lightgbm_n300_leaves31_lr0.2,ok,1.03,0.8847526358475264,0.6535355452584839,0.1174775132083124,0.8628808864265928,0.5182481751824818,0.9435897435897436,0.6826923076923077,0.8932038834951457,0.5892116182572614,0.5,71.0,552.0,33.0,66.0,0.019181677765822625,2.514003133328624,0.005968468667135074
38,lightgbm_n200_leaves15_lr0.05,ok,0.92,0.8847089650009357,0.6719911012260951,0.106193553871604,0.8656509695290858,0.4963503649635036,0.952136752136752,0.7083333333333334,0.889776357827476,0.5836909871244635,0.5,68.0,557.0,28.0,69.0,0.019184758436257086,2.512398256310726,0.005995683865464452
39,lightgbm_n500_leaves31_lr0.2,ok,1.18,0.8846652941543452,0.6522934882383056,0.117374524940729,0.8614958448753463,0.5109489051094891,0.9435897435897436,0.6796116504854369,0.8917609046849758,0.5833333333333334,0.5,70.0,552.0,33.0,67.0,0.01918783817744106,2.5107936196048923,0.0060230049195514335
40,lightgbm_n500_leaves255_lr0.05,ok,2.9,0.884646578077235,0.6574724010586197,0.1176600997399573,0.8601108033240997,0.4963503649635036,0.9452991452991452,0.68,0.8890675241157556,0.5738396624472574,0.5,68.0,553.0,32.0,69.0,0.019189157782163034,2.5101059916956867,0.006034746428302928
41,lightgbm_n500_leaves127_lr0.05,ok,2.86,0.884646578077235,0.6574724010586197,0.1176600997399573,0.8601108033240997,0.4963503649635036,0.9452991452991452,0.68,0.8890675241157556,0.5738396624472574,0.5,68.0,553.0,32.0,69.0,0.019189157782163034,2.5101059916956867,0.006034746428302928
42,lightgbm_n500_leaves63_lr0.05,ok,2.88,0.884646578077235,0.6574724010586197,0.1176600997399573,0.8601108033240997,0.4963503649635036,0.9452991452991452,0.68,0.8890675241157556,0.5738396624472574,0.5,68.0,553.0,32.0,69.0,0.019189157782163034,2.5101059916956867,0.006034746428302928
43,lightgbm_n300_leaves255_lr0.2,ok,1.09,0.8846153846153847,0.6518826746456897,0.1172547444447776,0.8656509695290858,0.5328467153284672,0.9435897435897436,0.6886792452830188,0.8961038961038961,0.6008230452674898,0.5,73.0,552.0,33.0,64.0,0.01919135674435017,2.508960043194736,0.006054359018794475
44,lightgbm_n300_leaves127_lr0.2,ok,1.1,0.8846153846153847,0.6518826746456897,0.1172547444447776,0.8656509695290858,0.5328467153284672,0.9435897435897436,0.6886792452830188,0.8961038961038961,0.6008230452674898,0.5,73.0,552.0,33.0,64.0,0.01919135674435017,2.508960043194736,0.006054359018794475
45,lightgbm_n300_leaves63_lr0.2,ok,1.07,0.8846153846153847,0.6518826746456897,0.1172547444447776,0.8656509695290858,0.5328467153284672,0.9435897435897436,0.6886792452830188,0.8961038961038961,0.6008230452674898,0.5,73.0,552.0,33.0,64.0,0.01919135674435017,2.508960043194736,0.006054359018794475
46,lightgbm_n500_leaves127_lr0.2,ok,1.22,0.884565475076424,0.6510525639247334,0.1174624377017308,0.8656509695290858,0.5255474452554745,0.9452991452991452,0.6923076923076923,0.8948220064724919,0.5975103734439834,0.5,72.0,553.0,32.0,65.0,0.019194874098757995,2.5071267803368693,0.006085852291893734
47,lightgbm_n500_leaves63_lr0.2,ok,1.19,0.884565475076424,0.6510525639247334,0.1174624377017308,0.8656509695290858,0.5255474452554745,0.9452991452991452,0.6923076923076923,0.8948220064724919,0.5975103734439834,0.5,72.0,553.0,32.0,65.0,0.019194874098757995,2.5071267803368693,0.006085852291893734
48,lightgbm_n500_leaves255_lr0.2,ok,1.17,0.884565475076424,0.6510525639247334,0.1174624377017308,0.8656509695290858,0.5255474452554745,0.9452991452991452,0.6923076923076923,0.8948220064724919,0.5975103734439834,0.5,72.0,553.0,32.0,65.0,0.019194874098757995,2.5071267803368693,0.006085852291893734
49,catboost_n500_d8_lr0.2,ok,35.66,0.884559236384054,0.6472307637317408,0.1134602217569602,0.8587257617728532,0.3795620437956204,0.9709401709401708,0.7536231884057971,0.8698315467075038,0.5048543689320388,0.5,52.0,568.0,17.0,85.0,0.019195313682837178,2.5068976445176654,0.006089798761017562
50,lightgbm_n500_leaves15_lr0.1,ok,1.44,0.8845529976916838,0.6386724985013941,0.1236029361526097,0.8601108033240997,0.4817518248175182,0.9487179487179488,0.6875,0.8865814696485623,0.5665236051502146,0.5,66.0,555.0,30.0,71.0,0.01919575324798239,2.506668513594671,0.006093747413322026
51,lightgbm_n500_leaves31_lr0.1,ok,1.78,0.8845218042298335,0.6444695463850806,0.1206619334761667,0.8601108033240997,0.4963503649635036,0.9452991452991452,0.68,0.8890675241157556,0.5738396624472574,0.5,68.0,553.0,32.0,69.0,0.019197950789742974,2.505522932411101,0.006113523456017567
52,lightgbm_n500_leaves127_lr0.1,ok,1.81,0.8845218042298335,0.6444695463850806,0.1206619307958459,0.8601108033240997,0.4963503649635036,0.9452991452991452,0.68,0.8890675241157556,0.5738396624472574,0.5,68.0,553.0,32.0,69.0,0.019197950789742974,2.505522932411101,0.006113523456017567
53,lightgbm_n500_leaves63_lr0.1,ok,1.79,0.8845218042298335,0.6444695463850806,0.1206619307958459,0.8601108033240997,0.4963503649635036,0.9452991452991452,0.68,0.8890675241157556,0.5738396624472574,0.5,68.0,553.0,32.0,69.0,0.019197950789742974,2.505522932411101,0.006113523456017567
54,lightgbm_n500_leaves255_lr0.1,ok,1.76,0.8845218042298335,0.6444695463850806,0.1206619307958459,0.8601108033240997,0.4963503649635036,0.9452991452991452,0.68,0.8890675241157556,0.5738396624472574,0.5,68.0,553.0,32.0,69.0,0.019197950789742974,2.505522932411101,0.006113523456017567
55,catboost_n200_d8_lr0.2,ok,14.75,0.8845155655374634,0.6454266212814423,0.1123345655728411,0.8545706371191135,0.3722627737226277,0.9675213675213676,0.7285714285714285,0.8680981595092024,0.4927536231884058,0.5,51.0,566.0,19.0,86.0,0.01919839024131085,2.505293830858296,0.0061174852274878955
56,xgboost_n300_d3_lr0.1,ok,1.45,0.8844843720756129,0.6412988791765369,0.1108920315278495,0.8587257617728532,0.4890510948905109,0.9452991452991452,0.6767676767676768,0.8876404494382022,0.5677966101694916,0.5,67.0,553.0,32.0,70.0,0.01920058721529816,2.504148396495285,0.006137326952154409
57,catboost_n500_d5_lr0.01,ok,7.21,0.8844656559985027,0.6694114416245535,0.1000914586409009,0.8573407202216067,0.3941605839416058,0.9658119658119658,0.7297297297297297,0.8719135802469136,0.5118483412322274,0.5,54.0,565.0,20.0,83.0,0.01920190517265431,2.5034611945861296,0.00614925831530766
58,xgboost_n200_d3_lr0.1,ok,1.07,0.8844469399213926,0.646191911867116,0.1058437436650525,0.8628808864265928,0.4963503649635036,0.9487179487179488,0.6938775510204082,0.8894230769230769,0.5787234042553191,0.5,68.0,555.0,30.0,69.0,0.0192032229597748,2.502774036697333,0.006161209456378436
59,catboost_n300_d8_lr0.2,ok,21.33,0.8844282238442822,0.6471736797402072,0.1133163210209819,0.8573407202216067,0.3722627737226277,0.9709401709401708,0.75,0.8685015290519877,0.4975609756097561,0.5,51.0,568.0,17.0,86.0,0.01920454057669369,2.5020869228197737,0.0061731804012898905
60,lightgbm_n800_leaves31_lr0.05,ok,3.08,0.8843595982282114,0.6429182106626794,0.1205976849675723,0.8573407202216067,0.4890510948905109,0.9435897435897436,0.67,0.887459807073955,0.5654008438818565,0.5,67.0,552.0,33.0,70.0,0.019209370383108763,2.499567881662293,0.006217243718328436
61,catboost_n800_d8_lr0.2,ok,55.55,0.8843595982282114,0.6467742357800099,0.1138172844820361,0.8573407202216067,0.3868613138686131,0.9675213675213676,0.7361111111111112,0.8707692307692307,0.507177033492823,0.5,53.0,566.0,19.0,84.0,0.019209370383108763,2.499567881662293,0.006217243718328436
62,histgbdt_n300_lr0.1,ok,4.59,0.8842972113045106,0.6480437969509649,0.1201414692361913,0.8587257617728532,0.4817518248175182,0.947008547008547,0.6804123711340206,0.8864,0.5641025641025641,0.5,66.0,554.0,31.0,71.0,0.019213759132331518,2.497278357227271,0.006257533705247842
63,catboost_n800_d5_lr0.01,ok,10.91,0.8842847339197705,0.6732162453208097,0.0993909159431719,0.8614958448753463,0.437956204379562,0.9606837606837608,0.7228915662650602,0.8794992175273866,0.5454545454545454,0.5,60.0,562.0,23.0,77.0,0.019214636655562212,2.4968205109356707,0.0062656183543768895
64,catboost_n300_d5_lr0.01,ok,4.47,0.8842784952274003,0.6685065284136443,0.1024713500667497,0.8573407202216067,0.3430656934306569,0.9777777777777776,0.7833333333333333,0.8640483383685801,0.4771573604060913,0.5,47.0,572.0,13.0,90.0,0.01921507538885899,2.4965915951121036,0.006269664016692267
65,lightgbm_n100_leaves15_lr0.05,ok,0.53,0.8842098696113294,0.6813985751860787,0.0992871245301668,0.8628808864265928,0.4671532846715328,0.9555555555555556,0.7111111111111111,0.884493670886076,0.5638766519823789,0.5,64.0,559.0,26.0,73.0,0.019219900209492283,2.4940738431276834,0.0063143134613895535
66,lightgbm_n500_leaves31_lr0.05,ok,2.82,0.8841724374571089,0.650755184554892,0.1204402447917496,0.8587257617728532,0.4890510948905109,0.9452991452991452,0.6767676767676768,0.8876404494382022,0.5677966101694916,0.5,67.0,553.0,32.0,70.0,0.019222530967687806,2.4927007726365145,0.006338781714564035
67,lightgbm_n100_leaves15_lr0.1,ok,0.56,0.884166198764739,0.6474638784851758,0.1090147536960571,0.8587257617728532,0.4525547445255474,0.953846153846154,0.6966292134831461,0.8815165876777251,0.5486725663716814,0.5,62.0,558.0,27.0,75.0,0.019222969361383447,2.492471944620259,0.006342867601403235
68,histgbdt_n300_lr0.2,ok,2.5,0.8841287666105184,0.6414852650564374,0.1250347829635947,0.853185595567867,0.4817518248175182,0.9401709401709402,0.6534653465346535,0.8856682769726248,0.5546218487394958,0.5,66.0,550.0,35.0,71.0,0.019225599327649532,2.491099078885715,0.006367430078783376
69,catboost_n300_d4_lr0.01,ok,3.2,0.8840726183791876,0.6620169985610121,0.1030998005404203,0.8490304709141274,0.3065693430656934,0.976068376068376,0.75,0.8573573573573574,0.4352331606217616,0.5,42.0,571.0,14.0,95.0,0.01922954300493786,2.4890401091869903,0.006404425719389484
70,lightgbm_n800_leaves31_lr0.2,ok,1.3,0.8840414249173373,0.6489933722543089,0.1173458932269471,0.868421052631579,0.5401459854014599,0.9452991452991452,0.6981132075471698,0.8977272727272727,0.6090534979423868,0.5,74.0,553.0,32.0,63.0,0.019231733277443187,2.4878964075961485,0.00642505785629266
71,lightgbm_goss_n300_leaves15_lr0.05,ok,0.7,0.8839977540707468,0.651325041473043,0.1032079421813673,0.8656509695290858,0.5328467153284672,0.9435897435897436,0.6886792452830188,0.8961038961038961,0.6008230452674898,0.5,73.0,552.0,33.0,64.0,0.019234798868131658,2.486295429827118,0.006454037939074175
72,lightgbm_n300_leaves15_lr0.1,ok,1.23,0.8839915153783766,0.6407084086671528,0.1222902427703915,0.8614958448753463,0.4817518248175182,0.9504273504273504,0.6947368421052632,0.886762360446571,0.5689655172413793,0.5,66.0,556.0,29.0,71.0,0.0192352367343641,2.486066738183645,0.006458187024156903
73,lightgbm_n800_leaves127_lr0.2,ok,1.5,0.8838792189157152,0.6503150894639158,0.1176485044281846,0.8698060941828255,0.5474452554744526,0.9452991452991452,0.7009345794392523,0.8991869918699187,0.6147540983606558,0.5,75.0,553.0,32.0,62.0,0.019243115109555745,2.4819511202926066,0.006533259890501575
74,lightgbm_n800_leaves63_lr0.2,ok,1.43,0.8838792189157152,0.6503150894639158,0.1176485044281846,0.8698060941828255,0.5474452554744526,0.9452991452991452,0.7009345794392523,0.8991869918699187,0.6147540983606558,0.5,75.0,553.0,32.0,62.0,0.019243115109555745,2.4819511202926066,0.006533259890501575
75,lightgbm_n800_leaves255_lr0.2,ok,1.47,0.8838792189157152,0.6503150894639158,0.1176485044281846,0.8698060941828255,0.5474452554744526,0.9452991452991452,0.7009345794392523,0.8991869918699187,0.6147540983606558,0.5,75.0,553.0,32.0,62.0,0.019243115109555745,2.4819511202926066,0.006533259890501575
76,histgbdt_n200_lr0.2,ok,2.93,0.8838293093767545,0.6422188777838045,0.124917159174675,0.8518005540166205,0.4744525547445255,0.9401709401709402,0.65,0.8842443729903537,0.5485232067510548,0.5,65.0,550.0,35.0,72.0,0.019246614654272205,2.4801224622959803,0.006566863317201688
77,histgbdt_n300_lr0.03,ok,5.86,0.8837981159149042,0.6723613755008636,0.1064805874384289,0.8698060941828255,0.5182481751824818,0.952136752136752,0.7171717171717171,0.8940609951845907,0.6016949152542372,0.5,71.0,557.0,28.0,66.0,0.019248801259084687,2.478979708907706,0.006587940073500942
78,catboost_n500_d8_lr0.01,ok,35.57,0.8837731611454239,0.6670622184707693,0.1024102588512066,0.8573407202216067,0.3284671532846715,0.9811965811965812,0.8035714285714286,0.8618618618618619,0.466321243523316,0.5,45.0,574.0,11.0,92.0,0.019250550204863336,2.4780655935929037,0.006604842904252117
79,catboost_n200_d5_lr0.05,ok,2.99,0.8837669224530538,0.6749985025013092,0.0974725007363195,0.8670360110803325,0.4452554744525547,0.9658119658119658,0.7530864197530864,0.8814352574102964,0.5596330275229358,0.5,61.0,565.0,20.0,76.0,0.01925098739436399,2.477837076899722,0.006609074373747692
80,catboost_n100_d8_lr0.2,ok,6.96,0.8837357289912035,0.640265415661549,0.1111660194070574,0.8490304709141274,0.3430656934306569,0.9675213675213676,0.7121212121212122,0.8628048780487805,0.4630541871921182,0.5,47.0,566.0,19.0,90.0,0.01925317306026515,2.4766945662302433,0.00663026634154229
81,catboost_n100_d5_lr0.05,ok,1.52,0.8836982968369831,0.6809422854011797,0.0983205357996026,0.8601108033240997,0.3795620437956204,0.9726495726495726,0.7647058823529411,0.8700305810397554,0.5073170731707317,0.5,52.0,569.0,16.0,85.0,0.01925579523998562,2.47532371353487,0.006655772998333531
82,lightgbm_n800_leaves255_lr0.1,ok,2.19,0.8836858194522428,0.6418529413452843,0.1209869128076788,0.8642659279778393,0.5182481751824818,0.9452991452991452,0.6893203883495146,0.8933764135702746,0.5916666666666667,0.5,71.0,553.0,32.0,66.0,0.019256669149787287,2.4748668014388855,0.006664293747495775
83,lightgbm_n800_leaves63_lr0.1,ok,2.11,0.8836858194522428,0.6418529413452843,0.1209869128076788,0.8642659279778393,0.5182481751824818,0.9452991452991452,0.6893203883495146,0.8933764135702746,0.5916666666666667,0.5,71.0,553.0,32.0,66.0,0.019256669149787287,2.4748668014388855,0.006664293747495775
84,lightgbm_n800_leaves127_lr0.1,ok,2.14,0.8836858194522428,0.6418529413452843,0.1209869128076788,0.8642659279778393,0.5182481751824818,0.9452991452991452,0.6893203883495146,0.8933764135702746,0.5916666666666667,0.5,71.0,553.0,32.0,66.0,0.019256669149787287,2.4748668014388855,0.006664293747495775
85,lightgbm_n100_leaves127_lr0.2,ok,0.72,0.8836546259903925,0.6681849542612195,0.1132833440878854,0.8656509695290858,0.5328467153284672,0.9435897435897436,0.6886792452830188,0.8961038961038961,0.6008230452674898,0.5,73.0,552.0,33.0,64.0,0.01925885359603034,2.473724606054036,0.0066856362305536265
86,lightgbm_n100_leaves63_lr0.2,ok,0.72,0.8836546259903925,0.6681849542612195,0.1132833440878854,0.8656509695290858,0.5328467153284672,0.9435897435897436,0.6886792452830188,0.8961038961038961,0.6008230452674898,0.5,73.0,552.0,33.0,64.0,0.01925885359603034,2.473724606054036,0.0066856362305536265
87,lightgbm_n100_leaves255_lr0.2,ok,0.74,0.8836546259903925,0.6681849542612195,0.1132833440878854,0.8656509695290858,0.5328467153284672,0.9435897435897436,0.6886792452830188,0.8961038961038961,0.6008230452674898,0.5,73.0,552.0,33.0,64.0,0.01925885359603034,2.473724606054036,0.0066856362305536265
88,lightgbm_n800_leaves15_lr0.1,ok,1.57,0.8836421486056523,0.6366283413374992,0.1239148707100189,0.8614958448753463,0.4890510948905109,0.9487179487179488,0.6907216494845361,0.888,0.5726495726495726,0.5,67.0,555.0,30.0,70.0,0.01925972724324911,2.4732677618351215,0.0066941894887028175
89,lightgbm_n800_leaves31_lr0.1,ok,1.92,0.883610955143802,0.6417364715833965,0.1209853075960075,0.8642659279778393,0.5182481751824818,0.9452991452991452,0.6893203883495146,0.8933764135702746,0.5916666666666667,0.5,71.0,553.0,32.0,66.0,0.01926191103318645,2.4721257361020488,0.006715613366005568
90,lightgbm_n300_leaves127_lr0.05,ok,2.08,0.8835111360658805,0.6652461876222672,0.1133682573777444,0.8601108033240997,0.4963503649635036,0.9452991452991452,0.68,0.8890675241157556,0.5738396624472574,0.5,68.0,553.0,32.0,69.0,0.01926889601272607,2.4684720675429332,0.006784562083198109
91,lightgbm_n300_leaves63_lr0.05,ok,2.1,0.8835111360658805,0.6652461876222672,0.1133682573777444,0.8601108033240997,0.4963503649635036,0.9452991452991452,0.68,0.8890675241157556,0.5738396624472574,0.5,68.0,553.0,32.0,69.0,0.01926889601272607,2.4684720675429332,0.006784562083198109
92,lightgbm_n300_leaves255_lr0.05,ok,2.11,0.8835111360658805,0.6652461876222672,0.1133682573777444,0.8601108033240997,0.4963503649635036,0.9452991452991452,0.68,0.8890675241157556,0.5738396624472574,0.5,68.0,553.0,32.0,69.0,0.01926889601272607,2.4684720675429332,0.006784562083198109
93,lightgbm_n200_leaves255_lr0.05,ok,1.37,0.8834612265269199,0.667734008506738,0.1078831133435155,0.8614958448753463,0.4890510948905109,0.9487179487179488,0.6907216494845361,0.888,0.5726495726495726,0.5,67.0,555.0,30.0,70.0,0.01927238670463598,2.466645697975004,0.00681926154534962
94,lightgbm_n200_leaves63_lr0.05,ok,1.33,0.8834612265269199,0.667734008506738,0.1078831133435155,0.8614958448753463,0.4890510948905109,0.9487179487179488,0.6907216494845361,0.888,0.5726495726495726,0.5,67.0,555.0,30.0,70.0,0.01927238670463598,2.466645697975004,0.00681926154534962
95,lightgbm_n200_leaves127_lr0.05,ok,1.33,0.8834612265269199,0.667734008506738,0.1078831133435155,0.8614958448753463,0.4890510948905109,0.9487179487179488,0.6907216494845361,0.888,0.5726495726495726,0.5,67.0,555.0,30.0,70.0,0.01927238670463598,2.466645697975004,0.00681926154534962
96,lightgbm_n100_leaves31_lr0.2,ok,0.74,0.8833052592176681,0.6649782002328162,0.114310689588688,0.8656509695290858,0.5255474452554745,0.9452991452991452,0.6923076923076923,0.8948220064724919,0.5975103734439834,0.5,72.0,553.0,32.0,65.0,0.019283287399978637,2.4609402876393642,0.006928671357145921
97,xgboost_n100_d3_lr0.1,ok,0.61,0.8832927818329278,0.6567864745331806,0.0997995459526309,0.853185595567867,0.4671532846715328,0.9435897435897436,0.6597938144329897,0.8832,0.5470085470085471,0.5,64.0,552.0,33.0,73.0,0.019284158950889037,2.460483985261007,0.006937488211009812
98,xgboost_n500_d3_lr0.2,ok,1.97,0.8832116788321168,0.6300669898488713,0.1171683577113356,0.8587257617728532,0.5036496350364964,0.941880341880342,0.6699029126213593,0.8901453957996769,0.575,0.5,69.0,551.0,34.0,68.0,0.01928982221081402,2.457518490433723,0.0069950304321545476
99,adaboost_n300_lr0.1,ok,6.66,0.8831804853702664,0.6513465674485149,0.1459978547292756,0.8573407202216067,0.3795620437956204,0.9692307692307692,0.7428571428571429,0.8696319018404908,0.5024154589371981,0.5,52.0,567.0,18.0,85.0,0.019291999547618177,2.456378132615305,0.007017269745738797
100,lightgbm_n200_leaves31_lr0.05,ok,1.32,0.8831368145236758,0.6646884322134402,0.1078176128451317,0.8587257617728532,0.4890510948905109,0.9452991452991452,0.6767676767676768,0.8876404494382022,0.5677966101694916,0.5,67.0,553.0,32.0,70.0,0.01929504703548885,2.4547818341941814,0.007048505650118386
101,histgbdt_n200_lr0.05,ok,3.9,0.8830993823694555,0.6673541118638515,0.1092973673861303,0.8614958448753463,0.4890510948905109,0.9487179487179488,0.6907216494845361,0.888,0.5726495726495726,0.5,67.0,555.0,30.0,70.0,0.019297658440556042,2.4534137663856694,0.007075373180710498
102,catboost_n500_d6_lr0.01,ok,11.08,0.8829246989830932,0.659384585681323,0.1011685356668112,0.8573407202216067,0.3576642335766423,0.9743589743589745,0.765625,0.8662613981762918,0.4875621890547263,0.5,49.0,570.0,15.0,88.0,0.01930983612755922,2.447031742122774,0.00720190765488915
103,lightgbm_n300_leaves31_lr0.05,ok,2.09,0.882899744213613,0.6627278260496393,0.1133916036251322,0.8573407202216067,0.4890510948905109,0.9435897435897436,0.67,0.887459807073955,0.5654008438818565,0.5,67.0,552.0,33.0,70.0,0.01931157460551854,2.446120332294422,0.007220139816371818
104,histgbdt_n100_lr0.2,ok,2.16,0.8828186412128018,0.6499289292423372,0.1198136514310794,0.850415512465374,0.4452554744525547,0.9452991452991452,0.6559139784946236,0.8791732909379968,0.5304347826086957,0.5,61.0,553.0,32.0,76.0,0.019317222603512412,2.4431587814532896,0.007279665051758144
105,adaboost_n500_lr0.1,ok,11.17,0.88268138998066,0.6544652149839646,0.1559893445761467,0.8601108033240997,0.4233576642335766,0.9623931623931624,0.725,0.8769470404984424,0.5345622119815668,0.5,58.0,563.0,22.0,79.0,0.01932677359879077,2.4381487749732598,0.007381348415271938
106,catboost_n800_d8_lr0.01,ok,55.67,0.882600286979849,0.662521169710043,0.1033873319569755,0.8601108033240997,0.364963503649635,0.976068376068376,0.78125,0.8677811550151976,0.4975124378109453,0.5,50.0,571.0,14.0,87.0,0.019332413145089128,2.435189407864423,0.007441998185556464
107,histgbdt_n100_lr0.05,ok,2.29,0.8825254226714081,0.6782401824221181,0.1007221452910575,0.8670360110803325,0.5036496350364964,0.952136752136752,0.711340206185567,0.8912,0.5897435897435898,0.5,69.0,557.0,28.0,68.0,0.019337616098163403,2.432458403120874,0.007498356988863031
108,catboost_n200_d4_lr0.01,ok,2.02,0.8825129452866679,0.6567449827528455,0.1070631536304086,0.8462603878116344,0.2627737226277372,0.9829059829059827,0.782608695652174,0.8505917159763313,0.3934426229508196,0.5,36.0,575.0,10.0,101.0,0.019338482997510925,2.432003302704681,0.007507785197721439
109,adaboost_n200_lr0.1,ok,4.42,0.8824318422858569,0.6449710634755582,0.1393182010152589,0.850415512465374,0.3430656934306569,0.9692307692307692,0.7230769230769231,0.863013698630137,0.4653465346534653,0.5,47.0,567.0,18.0,90.0,0.019344116037110053,2.4290456166039593,0.007569313741888517
110,lightgbm_n500_leaves31_lr0.01,ok,3.06,0.8824256035934868,0.679164236458965,0.0990588680063095,0.8698060941828255,0.5109489051094891,0.953846153846154,0.7216494845360825,0.8928,0.5982905982905983,0.5,70.0,558.0,27.0,67.0,0.01934454921822049,2.4288181357760554,0.0075740643489374815
111,lightgbm_n500_leaves63_lr0.01,ok,3.21,0.8824256035934868,0.679164236458965,0.0990589071000397,0.8698060941828255,0.5109489051094891,0.953846153846154,0.7216494845360825,0.8928,0.5982905982905983,0.5,70.0,558.0,27.0,67.0,0.01934454921822049,2.4288181357760554,0.0075740643489374815
112,lightgbm_n500_leaves127_lr0.01,ok,3.17,0.8824256035934868,0.679164236458965,0.0990589071000397,0.8698060941828255,0.5109489051094891,0.953846153846154,0.7216494845360825,0.8928,0.5982905982905983,0.5,70.0,558.0,27.0,67.0,0.01934454921822049,2.4288181357760554,0.0075740643489374815
113,lightgbm_n500_leaves255_lr0.01,ok,3.2,0.8824256035934868,0.679164236458965,0.0990589071000397,0.8698060941828255,0.5109489051094891,0.953846153846154,0.7216494845360825,0.8928,0.5982905982905983,0.5,70.0,558.0,27.0,67.0,0.01934454921822049,2.4288181357760554,0.0075740643489374815
114,xgboost_n500_d3_lr0.1,ok,2.29,0.8824131262087467,0.6310105952955609,0.1159474468311955,0.8559556786703602,0.4817518248175182,0.9435897435897436,0.6666666666666666,0.8860353130016051,0.559322033898305,0.5,66.0,552.0,33.0,71.0,0.019345415524905818,2.428363188466801,0.007583573140662381
115,lightgbm_n200_leaves15_lr0.2,ok,0.71,0.8823445005926758,0.6454408870661587,0.1182708853923284,0.8628808864265928,0.5036496350364964,0.947008547008547,0.69,0.8906752411575563,0.5822784810126582,0.5,69.0,554.0,31.0,68.0,0.019350178888479903,2.425861320082288,0.007636052444563668
116,histgbdt_n300_lr0.05,ok,5.49,0.8822633975918648,0.6646805780478984,0.1165908132448765,0.8614958448753463,0.5109489051094891,0.9435897435897436,0.6796116504854369,0.8917609046849758,0.5833333333333334,0.5,70.0,552.0,33.0,67.0,0.019355805432814534,2.4229053118744033,0.007698469656522211
117,catboost_n300_d8_lr0.01,ok,21.5,0.8822509202071246,0.6628443532236479,0.1038946552097452,0.850415512465374,0.2700729927007299,0.9863247863247864,0.8222222222222222,0.8522895125553914,0.4065934065934066,0.5,37.0,577.0,8.0,100.0,0.019356670777739293,2.4224506130052954,0.0077081105388056015
118,lightgbm_n300_leaves15_lr0.2,ok,0.86,0.8821573398215734,0.6427985147615631,0.1201800284123066,0.8628808864265928,0.5036496350364964,0.947008547008547,0.69,0.8906752411575563,0.5822784810126582,0.5,69.0,554.0,31.0,68.0,0.019363158509321608,2.4190409798765686,0.0077807434900749595
119,catboost_n300_d6_lr0.01,ok,6.67,0.8820637594360222,0.6541890918524151,0.1030308743509806,0.853185595567867,0.2992700729927007,0.9829059829059827,0.803921568627451,0.856929955290611,0.4361702127659574,0.5,41.0,575.0,10.0,96.0,0.019369642087276026,2.415632419590518,0.007853954859520118
120,catboost_n500_d7_lr0.01,ok,19.37,0.8820263272818016,0.6563957593988978,0.1021140130187228,0.8518005540166205,0.3357664233576642,0.9726495726495726,0.7419354838709677,0.8621212121212121,0.4623115577889447,0.5,46.0,569.0,16.0,91.0,0.01937223435634749,2.4142692956246448,0.007883402164579056
121,catboost_n300_d7_lr0.01,ok,12.0,0.8819389855886206,0.6582918127229975,0.1030256719505139,0.8490304709141274,0.2846715328467153,0.9811965811965812,0.78,0.8541666666666666,0.4171122994652406,0.5,39.0,574.0,11.0,98.0,0.01937828040366668,2.4110893395004327,0.007952475959978833
122,catboost_n800_d7_lr0.01,ok,30.14,0.8819015534344002,0.6555529051483763,0.1025789223386357,0.8573407202216067,0.3868613138686131,0.9675213675213676,0.7361111111111112,0.8707692307692307,0.507177033492823,0.5,53.0,566.0,19.0,84.0,0.019380870461489792,2.4097267866185503,0.007982235318713227
123,lightgbm_n500_leaves15_lr0.2,ok,0.99,0.8818703599725497,0.6411125469974477,0.1209468424478396,0.8628808864265928,0.5109489051094891,0.9452991452991452,0.6862745098039216,0.8919354838709678,0.5857740585774058,0.5,70.0,553.0,32.0,67.0,0.019383028336680347,2.408591456643317,0.00800710666782456
124,catboost_n300_d5_lr0.05,ok,4.35,0.8818641212801797,0.6723821465489728,0.0996311526411998,0.8656509695290858,0.4598540145985401,0.9606837606837608,0.7325581395348837,0.8836477987421384,0.5650224215246636,0.5,63.0,562.0,23.0,74.0,0.019383459856496907,2.4083644049090487,0.008012088792299088
125,histgbdt_huge_n200_leafnodes1000,ok,3.06,0.8818516438954395,0.65120827110446,0.1176440834594507,0.8601108033240997,0.4890510948905109,0.947008547008547,0.6836734693877551,0.8878205128205128,0.5702127659574469,0.5,67.0,554.0,31.0,70.0,0.019384322840918,2.4079103156986763,0.008022060904451567
126,histgbdt_n200_lr0.1,ok,3.86,0.8818516438954395,0.65120827110446,0.1176440834594507,0.8601108033240997,0.4890510948905109,0.947008547008547,0.6836734693877551,0.8878205128205128,0.5702127659574469,0.5,67.0,554.0,31.0,70.0,0.019384322840918,2.4079103156986763,0.008022060904451567
127,histgbdt_huge_n200_leafnodes5000,ok,3.35,0.8818516438954395,0.65120827110446,0.1176440834594507,0.8601108033240997,0.4890510948905109,0.947008547008547,0.6836734693877551,0.8878205128205128,0.5702127659574469,0.5,67.0,554.0,31.0,70.0,0.019384322840918,2.4079103156986763,0.008022060904451567
128,xgboost_n800_d3_lr0.01,ok,4.24,0.8818204504335891,0.6785423619831851,0.0967668777119128,0.8670360110803325,0.4963503649635036,0.953846153846154,0.7157894736842105,0.8899521531100478,0.5862068965517241,0.5,68.0,558.0,27.0,69.0,0.01938647997995611,2.4067751758301785,0.008047037103440235
129,xgboost_n300_d3_lr0.05,ok,1.57,0.8817019152785576,0.6610398044483661,0.102425585087095,0.8573407202216067,0.5036496350364964,0.9401709401709402,0.6634615384615384,0.889967637540453,0.5726141078838174,0.5,69.0,550.0,35.0,68.0,0.01939467291526235,2.4024627271082983,0.00814254703068018
130,lightgbm_n100_leaves31_lr0.1,ok,0.77,0.8816894378938174,0.6633816452270616,0.1074276862783028,0.8670360110803325,0.5255474452554745,0.947008547008547,0.6990291262135923,0.8949919224555735,0.6,0.5,72.0,554.0,31.0,65.0,0.019395534943520518,2.4020088848078816,0.008152656199902686
131,lightgbm_n100_leaves255_lr0.1,ok,0.76,0.8816769605090773,0.6633726825406924,0.1074276211569325,0.8670360110803325,0.5255474452554745,0.947008547008547,0.6990291262135923,0.8949919224555735,0.6,0.5,72.0,554.0,31.0,65.0,0.019396396898294244,2.401555061482305,0.008162775972126113
132,lightgbm_n100_leaves63_lr0.1,ok,0.77,0.8816769605090773,0.6633726825406924,0.1074276211569325,0.8670360110803325,0.5255474452554745,0.947008547008547,0.6990291262135923,0.8949919224555735,0.6,0.5,72.0,554.0,31.0,65.0,0.019396396898294244,2.401555061482305,0.008162775972126113
133,lightgbm_n100_leaves127_lr0.1,ok,0.73,0.8816769605090773,0.6633726825406924,0.1074276211569325,0.8670360110803325,0.5255474452554745,0.947008547008547,0.6990291262135923,0.8949919224555735,0.6,0.5,72.0,554.0,31.0,65.0,0.019396396898294244,2.401555061482305,0.008162775972126113
134,lightgbm_n200_leaves15_lr0.1,ok,0.91,0.8816707218167072,0.6455506255656589,0.1193751994115989,0.8614958448753463,0.4744525547445255,0.952136752136752,0.6989247311827957,0.8855325914149443,0.5652173913043478,0.5,65.0,557.0,28.0,72.0,0.019396827848127414,2.401328156934267,0.008167839837054824
135,catboost_n800_d6_lr0.001,ok,18.67,0.8815022771227151,0.6595832162769397,0.125323102803309,0.8379501385041551,0.1751824817518248,0.9931623931623932,0.8571428571428571,0.8371757925072046,0.2909090909090909,0.5,24.0,581.0,4.0,113.0,0.01940845655457119,2.3952035258250857,0.008305570929271755
136,catboost_n800_d8_lr0.001,ok,58.51,0.8815022771227151,0.6546892807511673,0.1253028357083272,0.8351800554016621,0.1605839416058394,0.9931623931623932,0.8461538461538461,0.8347701149425287,0.2699386503067484,0.5,22.0,581.0,4.0,115.0,0.01940845655457119,2.3952035258250857,0.008305570929271755
137,histgbdt_n200_lr0.3,ok,2.28,0.8814523675837544,0.6522033620527438,0.1278709756024854,0.8545706371191135,0.4963503649635036,0.9384615384615383,0.6538461538461539,0.8883495145631068,0.5643153526970954,0.5,68.0,549.0,36.0,69.0,0.01941189952919124,2.393389483353455,0.008346754824335112
138,catboost_n800_d6_lr0.01,ok,17.29,0.8813275937363528,0.658230447455297,0.1019380027708078,0.8614958448753463,0.4014598540145985,0.9692307692307692,0.7534246575342466,0.8736517719568567,0.5238095238095238,0.5,55.0,567.0,18.0,82.0,0.01942050183574829,2.3888557015926346,0.008450469494958868
139,lightgbm_n800_leaves15_lr0.2,ok,1.14,0.8812964002745024,0.6387137375823637,0.1214653876232469,0.8601108033240997,0.4963503649635036,0.9452991452991452,0.68,0.8890675241157556,0.5738396624472574,0.5,68.0,553.0,32.0,69.0,0.01942265126811076,2.3877225515586256,0.008476567422759262
140,xgboost_n800_d3_lr0.1,ok,3.18,0.8812277746584317,0.6228350915189923,0.118137507741463,0.8559556786703602,0.5036496350364964,0.9384615384615383,0.6571428571428571,0.8897893030794165,0.5702479338842975,0.5,69.0,549.0,36.0,68.0,0.019427378409410286,2.385230037073703,0.008534222334578567
141,histgbdt_n300_lr0.3,ok,2.02,0.8812277746584315,0.6510896129449875,0.1279331048776471,0.8573407202216067,0.5109489051094891,0.9384615384615383,0.660377358490566,0.8912337662337663,0.5761316872427984,0.5,70.0,549.0,36.0,67.0,0.019427378409410292,2.385230037073695,0.008534222334578678
142,xgboost_n800_d3_lr0.2,ok,2.55,0.8811778651194709,0.626131709612257,0.1177674741199908,0.8587257617728532,0.5109489051094891,0.9401709401709402,0.6666666666666666,0.8914100486223663,0.5785123966942148,0.5,70.0,550.0,35.0,67.0,0.01943081494070415,2.3834176579882587,0.008576360660292437
143,histgbdt_n100_lr0.3,ok,1.72,0.8811154781957701,0.6592807228550571,0.1255512441160955,0.8601108033240997,0.5109489051094891,0.941880341880342,0.6730769230769231,0.8915857605177994,0.5809128630705395,0.5,70.0,551.0,34.0,67.0,0.019435108960203958,2.381152608652217,0.008629280222029578
144,catboost_n800_d7_lr0.001,ok,31.68,0.8811154781957701,0.6508394959987998,0.1249424706311533,0.8379501385041551,0.1751824817518248,0.9931623931623932,0.8571428571428571,0.8371757925072046,0.2909090909090909,0.5,24.0,581.0,4.0,113.0,0.019435108960203958,2.381152608652217,0.008629280222029578
145,xgboost_n200_d5_lr0.1,ok,1.54,0.8809595108865182,0.646614113831755,0.1074371135787927,0.8587257617728532,0.4671532846715328,0.9504273504273504,0.6881720430107527,0.8839427662957074,0.5565217391304348,0.5,64.0,556.0,29.0,73.0,0.019445836021639473,2.375492046928945,0.008762785037310095
146,histgbdt_n200_lr0.03,ok,4.07,0.880934556117038,0.6765640026011919,0.1013180956740734,0.8739612188365651,0.5255474452554745,0.9555555555555556,0.7346938775510204,0.8958333333333334,0.6127659574468085,0.5,72.0,559.0,26.0,65.0,0.019447551293462473,2.3745866301213634,0.00878430650844153
147,lightgbm_goss_n100_leaves15_lr0.1,ok,0.36,0.8809158400399276,0.6563253824958881,0.1005423774509086,0.8670360110803325,0.5474452554744526,0.941880341880342,0.6880733944954128,0.8988580750407831,0.6097560975609756,0.5,75.0,551.0,34.0,62.0,0.019448837555925007,2.373907616914306,0.008800476827941828
148,catboost_n100_d4_lr0.05,ok,1.07,0.8808409757314866,0.6636775932262231,0.1010925174683829,0.8573407202216067,0.3941605839416058,0.9658119658119658,0.7297297297297297,0.8719135802469136,0.5118483412322274,0.5,54.0,565.0,20.0,83.0,0.019453980965828867,2.3711919873192975,0.008865409161659454
149,catboost_plain_n100_d4_lr0.05,ok,1.1,0.8808409757314866,0.6636775932262231,0.1010925174683829,0.8573407202216067,0.3941605839416058,0.9658119658119658,0.7297297297297297,0.8719135802469136,0.5118483412322274,0.5,54.0,565.0,20.0,83.0,0.019453980965828867,2.3711919873192975,0.008865409161659454
150,lightgbm_goss_n300_leaves63_lr0.1,ok,0.68,0.8808035435772662,0.6389097458239059,0.1119086919617519,0.8642659279778393,0.5328467153284672,0.941880341880342,0.6822429906542056,0.8959349593495934,0.5983606557377049,0.5,73.0,551.0,34.0,64.0,0.019456551687254083,2.3698344263400006,0.00889802638136461
151,lightgbm_goss_n300_leaves31_lr0.1,ok,0.68,0.8808035435772662,0.6389097458239059,0.1119086919617519,0.8642659279778393,0.5328467153284672,0.941880341880342,0.6822429906542056,0.8959349593495934,0.5983606557377049,0.5,73.0,551.0,34.0,64.0,0.019456551687254083,2.3698344263400006,0.00889802638136461
152,xgboost_n200_d3_lr0.05,ok,1.15,0.8806039054214236,0.6645743013958175,0.0992942649322277,0.8601108033240997,0.4890510948905109,0.947008547008547,0.6836734693877551,0.8878205128205128,0.5702127659574469,0.5,67.0,554.0,31.0,70.0,0.01947025113954286,2.3625969556622795,0.009073696906871875
153,xgboost_n300_d5_lr0.1,ok,1.98,0.8805851893443134,0.6408523423214856,0.1101574077624109,0.8559556786703602,0.4671532846715328,0.947008547008547,0.6736842105263158,0.8835725677830941,0.5517241379310345,0.5,64.0,554.0,31.0,73.0,0.019471534508841877,2.361918689041904,0.009090314650221254
154,lightgbm_n100_leaves31_lr0.05,ok,0.76,0.8805228024206126,0.6800459563428978,0.0995258227939969,0.8656509695290858,0.4963503649635036,0.952136752136752,0.7083333333333334,0.889776357827476,0.5836909871244635,0.5,68.0,557.0,28.0,69.0,0.01947581122605722,2.35965810488229,0.00914589223950324
155,catboost_plain_n200_d4_lr0.05,ok,2.01,0.8805228024206126,0.6674031970167245,0.100125803422058,0.8559556786703602,0.4306569343065693,0.9555555555555556,0.6941176470588235,0.8775510204081632,0.5315315315315315,0.5,59.0,559.0,26.0,78.0,0.01947581122605722,2.35965810488229,0.00914589223950324
156,lightgbm_n100_leaves63_lr0.05,ok,0.77,0.8805228024206126,0.6800459563428978,0.0995258537311743,0.8656509695290858,0.4963503649635036,0.952136752136752,0.7083333333333334,0.889776357827476,0.5836909871244635,0.5,68.0,557.0,28.0,69.0,0.01947581122605722,2.35965810488229,0.00914589223950324
157,lightgbm_n100_leaves127_lr0.05,ok,0.72,0.8805228024206126,0.6800459563428978,0.0995258537311743,0.8656509695290858,0.4963503649635036,0.952136752136752,0.7083333333333334,0.889776357827476,0.5836909871244635,0.5,68.0,557.0,28.0,69.0,0.01947581122605722,2.35965810488229,0.00914589223950324
158,lightgbm_n100_leaves255_lr0.05,ok,0.73,0.8805228024206126,0.6800459563428978,0.0995258537311743,0.8656509695290858,0.4963503649635036,0.952136752136752,0.7083333333333334,0.889776357827476,0.5836909871244635,0.5,68.0,557.0,28.0,69.0,0.01947581122605722,2.35965810488229,0.00914589223950324
159,catboost_n200_d4_lr0.05,ok,1.98,0.8805228024206126,0.6674031970167245,0.100125803422058,0.8559556786703602,0.4306569343065693,0.9555555555555556,0.6941176470588235,0.8775510204081632,0.5315315315315315,0.5,59.0,559.0,26.0,78.0,0.01947581122605722,2.35965810488229,0.00914589223950324
160,catboost_n500_d5_lr0.05,ok,7.12,0.8803668351113607,0.6641898857090293,0.1033484699948776,0.8698060941828255,0.4890510948905109,0.958974358974359,0.7362637362637363,0.8890649762282092,0.5877192982456141,0.5,67.0,561.0,24.0,70.0,0.019486495080190264,2.354008692730624,0.009286088382514546
161,rf_n500_d5_balanced,ok,7.2,0.8803418803418802,0.6517041992995807,0.127945020025793,0.8393351800554016,0.6788321167883211,0.8769230769230769,0.5636363636363636,0.9210053859964094,0.6158940397350994,0.5,93.0,513.0,72.0,44.0,0.01948820344525167,2.353105058083925,0.009308686616594342
162,rf_n300_d5_balanced,ok,4.51,0.8802982094952899,0.6532363011827013,0.1274319038116348,0.8462603878116344,0.6715328467153284,0.8871794871794871,0.5822784810126582,0.9202127659574468,0.6237288135593221,0.5,92.0,519.0,66.0,45.0,0.019491192386597928,2.351523877389841,0.009348344802590614
163,xgboost_n500_d3_lr0.05,ok,2.58,0.8801921517249983,0.653111736883224,0.1080811182216308,0.8573407202216067,0.4963503649635036,0.941880341880342,0.6666666666666666,0.8887096774193548,0.5690376569037657,0.5,68.0,551.0,34.0,69.0,0.019498447550444966,2.347684819959796,0.009445249316383353
164,catboost_n200_d5_lr0.01,ok,2.88,0.8800486618004867,0.6575845903609162,0.1064015128187222,0.8476454293628809,0.2627737226277372,0.9846153846153848,0.8,0.8508124076809453,0.3956043956043956,0.5,36.0,576.0,9.0,101.0,0.019508255039701203,2.34249294731406,0.009577698004825552
165,lightgbm_goss_n200_leaves63_lr0.1,ok,0.52,0.8800299457233764,0.6516519616786158,0.1063358695489341,0.868421052631579,0.5328467153284672,0.947008547008547,0.7019230769230769,0.8964401294498382,0.6058091286307054,0.5,73.0,554.0,31.0,64.0,0.01950953357262591,2.34181592831884,0.009595088384788175
166,lightgbm_goss_n200_leaves31_lr0.1,ok,0.52,0.8800299457233764,0.6516519616786158,0.1063358695489341,0.868421052631579,0.5328467153284672,0.947008547008547,0.7019230769230769,0.8964401294498382,0.6058091286307054,0.5,73.0,554.0,31.0,64.0,0.01950953357262591,2.34181592831884,0.009595088384788175
167,catboost_n100_d4_lr0.001,ok,1.12,0.8799051718759747,0.6471052530497875,0.2204512446446095,0.8240997229916898,0.0802919708029197,0.9982905982905984,0.9166666666666666,0.8225352112676056,0.1476510067114094,0.5,11.0,584.0,1.0,126.0,0.019518052972963103,2.3373035392904167,0.009711703325063437
168,"hybrid_dnn(32,)_conv(32, 64)_gbdt100-3-0.1_gbdt_heavy",ok,5.62,0.8798552623370142,0.650633579200013,0.1017563317086202,0.8656509695290858,0.5474452554744526,0.9401709401709402,0.6818181818181818,0.8986928104575164,0.6072874493927125,0.5,75.0,550.0,35.0,62.0,0.019521458712338912,2.33549910481177,0.009758681306708539
169,"hybrid_dnn(64, 32)_conv(32, 64)_gbdt100-3-0.1_gbdt_heavy",ok,5.63,0.8796681015659118,0.6502052099181123,0.1015921352906498,0.8601108033240997,0.5401459854014599,0.935042735042735,0.6607142857142857,0.8967213114754098,0.5943775100401606,0.5,74.0,547.0,38.0,63.0,0.019534219963369598,2.32873512420695,0.009936551076678457
170,"hybrid_dnn(64, 32)_conv(8, 16)_gbdt100-5-0.05_gbdt_heavy",ok,5.48,0.8796681015659118,0.6591006766868781,0.1020202283993232,0.868421052631579,0.5620437956204379,0.9401709401709402,0.6875,0.9016393442622952,0.6184738955823293,0.5,77.0,550.0,35.0,60.0,0.019534219963369598,2.32873512420695,0.009936551076678457
171,catboost_n200_d6_lr0.01,ok,4.48,0.8796181920269511,0.6521601926124884,0.1062134300305459,0.8490304709141274,0.2700729927007299,0.9846153846153848,0.8043478260869565,0.8520710059171598,0.4043715846994535,0.5,37.0,576.0,9.0,100.0,0.019537620227200913,2.326932101623095,0.009984439660836841
172,"hybrid_dnn(64, 32)_conv(32, 64)_gbdt100-5-0.05_gbdt_heavy",ok,6.27,0.8795558051032504,0.6590492645203572,0.1002240817449374,0.868421052631579,0.5547445255474452,0.941880341880342,0.6909090909090909,0.9003267973856209,0.6153846153846154,0.5,76.0,551.0,34.0,61.0,0.019541868938366333,2.3246787407127334,0.010044572439188437
173,"hybrid_dnn(64, 32)_conv(8, 16)_gbdt100-3-0.1_gbdt_heavy",ok,5.53,0.8795433277185102,0.6501479467969846,0.1034836524828095,0.8656509695290858,0.5693430656934306,0.935042735042735,0.6724137931034483,0.9026402640264026,0.616600790513834,0.5,78.0,547.0,38.0,59.0,0.019542718464873852,2.3242281241479077,0.010056635360739752
174,catboost_n100_d4_lr0.01,ok,1.11,0.87953085033377,0.6514283761363673,0.1214434508424608,0.8379501385041551,0.1824817518248175,0.9914529914529916,0.8333333333333334,0.838150289017341,0.2994011976047904,0.5,25.0,580.0,5.0,112.0,0.019543567919494007,2.323777526116255,0.01006871042592783
175,xgboost_n500_d5_lr0.1,ok,2.8,0.8794996568719197,0.6328045459582057,0.1129198833738461,0.8573407202216067,0.4963503649635036,0.941880341880342,0.6666666666666666,0.8887096774193548,0.5690376569037657,0.5,68.0,551.0,34.0,69.0,0.019545691241596937,2.3226511121031357,0.010098951278334378
176,catboost_n100_d4_lr0.1,ok,1.06,0.8794934181795496,0.6562927119479465,0.1010180910342688,0.8587257617728532,0.4598540145985401,0.952136752136752,0.6923076923076923,0.8827258320126783,0.5526315789473685,0.5,63.0,557.0,28.0,74.0,0.019546115852121296,2.3224258431950116,0.010105008576308583
177,catboost_plain_n100_d4_lr0.1,ok,1.05,0.8794934181795496,0.6562927119479465,0.1010180910342688,0.8587257617728532,0.4598540145985401,0.952136752136752,0.6923076923076923,0.8827258320126783,0.5526315789473685,0.5,63.0,557.0,28.0,74.0,0.019546115852121296,2.3224258431950116,0.010105008576308583
178,"hybrid_dnn(64, 32)_conv(32, 64)_gbdt50-3-0.1_gbdt_heavy",ok,5.6,0.8794435086405888,0.6574877103169823,0.1019940097273587,0.8642659279778393,0.5620437956204379,0.935042735042735,0.6695652173913044,0.9011532125205932,0.6111111111111112,0.5,77.0,547.0,38.0,60.0,0.01954951208975224,2.3206238586108214,0.01015357668556105
179,adaboost_n500_lr0.3,ok,11.32,0.8794247925634787,0.6525917485790179,0.1821414595235688,0.8642659279778393,0.5109489051094891,0.947008547008547,0.693069306930693,0.8921095008051529,0.5882352941176471,0.5,70.0,554.0,31.0,67.0,0.019550785382596796,2.319948190766258,0.010171840094252982
180,adaboost_n200_lr0.3,ok,4.48,0.8794123151787385,0.6448451934200786,0.1628673199857908,0.853185595567867,0.4306569343065693,0.952136752136752,0.6781609195402298,0.8771653543307086,0.5267857142857143,0.5,59.0,557.0,28.0,78.0,0.019551634154739813,2.3194977686734837,0.010184030988252712
181,catboost_n300_d8_lr0.05,ok,21.3,0.8793811217168881,0.6453247304991012,0.1075661439222974,0.8476454293628809,0.3576642335766423,0.9623931623931624,0.6901408450704225,0.8648233486943164,0.4711538461538461,0.5,49.0,563.0,22.0,88.0,0.019553755771026634,2.318371794402396,0.010214561800037325
182,catboost_plain_n300_d8_lr0.05,ok,21.37,0.8793811217168881,0.6453247304991012,0.1075661439222974,0.8476454293628809,0.3576642335766423,0.9623931623931624,0.6901408450704225,0.8648233486943164,0.4711538461538461,0.5,49.0,563.0,22.0,88.0,0.019553755771026634,2.318371794402396,0.010214561800037325
183,"hybrid_dnn(32,)_conv(32, 64)_gbdt100-5-0.05_gbdt_heavy",ok,5.59,0.8793312121779274,0.6608328432149027,0.1004303095556421,0.8656509695290858,0.5401459854014599,0.941880341880342,0.6851851851851852,0.8973941368078175,0.6040816326530613,0.5,74.0,551.0,34.0,63.0,0.01955714942414112,2.3165704760558716,0.010263570602149774
184,catboost_n200_d7_lr0.01,ok,7.3,0.8793187347931872,0.6506430669065703,0.1061630883064287,0.8448753462603878,0.2408759124087591,0.9863247863247864,0.8048780487804879,0.8472834067547724,0.3707865168539326,0.5,33.0,577.0,8.0,104.0,0.019557997658063864,2.3161201927009896,0.010275853534829071
185,rf_n800_d5_balanced,ok,11.64,0.8792563478694867,0.6501504080159402,0.128339499779616,0.8448753462603878,0.6861313868613139,0.882051282051282,0.5766871165644172,0.9230769230769232,0.6266666666666667,0.5,94.0,516.0,69.0,43.0,0.01956223775199445,2.3138690531908037,0.010337453059312218
186,catboost_plain_n200_d4_lr0.1,ok,2.02,0.8792563478694865,0.6522774500532043,0.1035919103007756,0.8698060941828255,0.4963503649635036,0.9572649572649572,0.7311827956989247,0.890302066772655,0.591304347826087,0.5,68.0,560.0,25.0,69.0,0.019562237751994484,2.3138690531907944,0.01033745305931244
187,catboost_n200_d4_lr0.1,ok,1.97,0.8792563478694865,0.6522774500532043,0.1035919103007756,0.8698060941828255,0.4963503649635036,0.9572649572649572,0.7311827956989247,0.890302066772655,0.591304347826087,0.5,68.0,560.0,25.0,69.0,0.019562237751994484,2.3138690531907944,0.01033745305931244
188,catboost_n800_d5_lr0.05,ok,10.02,0.8791690061763054,0.6569068589466575,0.1068376978691869,0.868421052631579,0.4817518248175182,0.958974358974359,0.7333333333333333,0.8876582278481012,0.5814977973568282,0.5,66.0,561.0,24.0,71.0,0.019568170873227764,2.3107182337569663,0.01042421171174468
189,"hybrid_dnn(32,)_conv(32, 64)_gbdt50-3-0.1_gbdt_heavy",ok,5.24,0.8791690061763054,0.6557217899504495,0.1022747265419327,0.8656509695290858,0.5547445255474452,0.9384615384615383,0.6785714285714286,0.9,0.6104417670682731,0.5,76.0,549.0,36.0,61.0,0.019568170873227764,2.3107182337569663,0.01042421171174468
190,"hybrid_dnn(64, 32)_conv(8, 16, 32)_gbdt100-3-0.1_gbdt_heavy",ok,5.09,0.8790691870983841,0.6571777550962076,0.1031953306876209,0.8642659279778393,0.5620437956204379,0.935042735042735,0.6695652173913044,0.9011532125205932,0.6111111111111112,0.5,77.0,547.0,38.0,60.0,0.01957494728643054,2.307118404653062,0.010524110100321837
191,catboost_n500_d6_lr0.001,ok,11.8,0.8790068001746834,0.6565280593123441,0.1468031958887633,0.8365650969529086,0.1605839416058394,0.9948717948717948,0.88,0.8350071736011477,0.2716049382716049,0.5,22.0,582.0,3.0,115.0,0.01957918021921138,2.3048691107545576,0.010586952524821003
192,"hybrid_dnn(64, 32)_conv(8, 16)_gbdt50-3-0.1_gbdt_heavy",ok,5.39,0.8789568906357228,0.654807724601194,0.104207702056276,0.8587257617728532,0.5474452554744526,0.9316239316239316,0.6521739130434783,0.8978583196046128,0.5952380952380952,0.5,75.0,545.0,40.0,62.0,0.019582565278399834,2.3030700072942842,0.010637452251580082
193,"hybrid_dnn(64, 32)_conv(16, 32)_gbdt100-3-0.1_gbdt_heavy",ok,5.4,0.8789568906357227,0.6472952180696115,0.1040001416881215,0.8642659279778393,0.5766423357664233,0.9316239316239316,0.6638655462184874,0.9038142620232172,0.6171875,0.5,79.0,545.0,40.0,58.0,0.019582565278399855,2.30307000729428,0.010637452251580193
194,"hybrid_dnn(32,)_conv(8, 16, 32)_gbdt100-3-0.1_gbdt_heavy",ok,4.3,0.8789444132509826,0.6574747478936548,0.103483975588491,0.8642659279778393,0.5547445255474452,0.9367521367521368,0.672566371681416,0.8998357963875205,0.608,0.5,76.0,548.0,37.0,61.0,0.019583411364516745,2.302620277471939,0.010650108621454546
195,adaboost_n300_lr0.3,ok,6.74,0.8789381745586126,0.65017024300331,0.1717841281648638,0.8601108033240997,0.4671532846715328,0.952136752136752,0.6956521739130435,0.8841269841269841,0.5589519650655022,0.5,64.0,557.0,28.0,73.0,0.019583834380779316,2.3023954194654497,0.010656441528631877
196,catboost_n800_d4_lr0.001,ok,7.87,0.8788820263272817,0.6495719435968559,0.1302712265831555,0.8365650969529086,0.1605839416058394,0.9948717948717948,0.88,0.8350071736011477,0.2716049382716049,0.5,22.0,582.0,3.0,115.0,0.019587640723468542,2.300371904490888,0.010713579573780052
197,lightgbm_goss_n100_leaves15_lr0.05,ok,0.37,0.8788633102501717,0.6494444999012053,0.0993367455335823,0.8656509695290858,0.5255474452554745,0.9452991452991452,0.6923076923076923,0.8948220064724919,0.5975103734439834,0.5,72.0,553.0,32.0,65.0,0.01958890918298266,2.2996974823084293,0.010732682433568064
198,"hybrid_dnn(64, 32)_conv(16, 32)_gbdt100-5-0.05_gbdt_heavy",ok,5.38,0.8788445941730614,0.6559082417216692,0.1025699186800948,0.8628808864265928,0.5547445255474452,0.935042735042735,0.6666666666666666,0.899671052631579,0.6055776892430279,0.5,76.0,547.0,38.0,61.0,0.019590177481856055,2.2990231015163562,0.010751813769144025
199,"hybrid_dnn(32,)_conv(8, 16)_gbdt100-3-0.1_gbdt_heavy",ok,4.82,0.8787946846341007,0.6498640053323851,0.1037079236954034,0.8642659279778393,0.5547445255474452,0.9367521367521368,0.672566371681416,0.8998357963875205,0.608,0.5,76.0,548.0,37.0,61.0,0.01959355882706012,2.2972249550261297,0.01080297012299436
200,xgboost_n800_d3_lr0.05,ok,3.69,0.8787822072493606,0.6395475713051142,0.1139549068828506,0.8559556786703602,0.5109489051094891,0.9367521367521368,0.6542056074766355,0.8910569105691057,0.5737704918032787,0.5,70.0,548.0,37.0,67.0,0.019594403984972093,2.29677546436467,0.010815790958218052
201,catboost_plain_n200_d8_lr0.05,ok,14.06,0.8787822072493605,0.6552462979628644,0.1056443442299064,0.850415512465374,0.3576642335766423,0.9658119658119658,0.7101449275362319,0.8652373660030628,0.4757281553398058,0.5,49.0,565.0,20.0,88.0,0.0195944039849721,2.2967754643646665,0.010815790958218052
202,catboost_n200_d8_lr0.05,ok,14.21,0.8787822072493605,0.6552462979628644,0.1056443442299064,0.850415512465374,0.3576642335766423,0.9658119658119658,0.7101449275362319,0.8652373660030628,0.4757281553398058,0.5,49.0,565.0,20.0,88.0,0.0195944039849721,2.2967754643646665,0.010815790958218052
203,adaboost_n500_lr0.5,ok,11.18,0.8787634911722503,0.6453194562585762,0.1943886292678402,0.8628808864265928,0.5109489051094891,0.9452991452991452,0.6862745098039216,0.8919354838709678,0.5857740585774058,0.5,70.0,553.0,32.0,67.0,0.01959567158808462,2.2961012628331012,0.010835046059808562
204,"hybrid_dnn(32,)_conv(8, 16)_gbdt50-3-0.1_gbdt_heavy",ok,4.84,0.8787572524798802,0.6552441638754806,0.104548493577338,0.8628808864265928,0.5620437956204379,0.9333333333333332,0.6637931034482759,0.900990099009901,0.6086956521739131,0.5,77.0,546.0,39.0,60.0,0.019596094086791787,2.2958765381774957,0.01084147079143749
205,adaboost_n300_lr0.5,ok,6.75,0.8787510137875101,0.6517204233822461,0.1849164676326546,0.8656509695290858,0.5109489051094891,0.9487179487179488,0.7,0.8922829581993569,0.5907172995780591,0.5,70.0,555.0,30.0,67.0,0.019596516567669038,2.295651818115485,0.010847898707268655
206,catboost_n800_d8_lr0.05,ok,55.77,0.8787322977103997,0.6381576443801363,0.1110596838258644,0.8545706371191135,0.4014598540145985,0.9606837606837608,0.7051282051282052,0.8726708074534162,0.5116279069767442,0.5,55.0,562.0,23.0,82.0,0.019597783903332104,2.2949776854879316,0.010867201571893248
207,"hybrid_dnn(32,)_conv(8, 16)_gbdt100-5-0.05_gbdt_heavy",ok,4.98,0.8787073429409196,0.6591674878438554,0.102286531031049,0.8670360110803325,0.5620437956204379,0.9384615384615383,0.6814159292035398,0.9014778325123152,0.616,0.5,77.0,549.0,36.0,60.0,0.019599473434664432,2.2940789062759395,0.010892983375884846
208,"hybrid_dnn(64, 32)_conv(8, 16, 32)_gbdt100-5-0.05_gbdt_heavy",ok,5.16,0.8786699107866991,0.6619835289284298,0.1020241486668535,0.871191135734072,0.5620437956204379,0.9435897435897436,0.7,0.9019607843137256,0.6234817813765182,0.5,77.0,552.0,33.0,60.0,0.019602007197054256,2.292730875184507,0.010931751918055399
209,adaboost_n100_lr0.3,ok,2.28,0.8786137625553685,0.639364459353654,0.1481455000908655,0.8545706371191135,0.4087591240875912,0.958974358974359,0.7,0.8738317757009346,0.5161290322580645,0.5,56.0,561.0,24.0,81.0,0.019605806638246192,2.2907091382982614,0.010990120873399234
210,lightgbm_n300_leaves15_lr0.01,ok,1.29,0.8785825690935178,0.6767607838279074,0.0983623364697962,0.8725761772853186,0.4817518248175182,0.964102564102564,0.7586206896551724,0.8881889763779528,0.5892857142857143,0.5,66.0,564.0,21.0,71.0,0.019607916815705475,2.2895861116777705,0.011022660423543496
211,catboost_n100_d6_lr0.05,ok,2.31,0.8785763304011479,0.649751261538496,0.102736011231733,0.8545706371191135,0.3722627737226277,0.9675213675213676,0.7285714285714285,0.8680981595092024,0.4927536231884058,0.5,51.0,566.0,19.0,86.0,0.01960833879779662,2.289361520109434,0.011029177981763616
212,catboost_plain_n100_d6_lr0.05,ok,2.32,0.8785763304011479,0.649751261538496,0.102736011231733,0.8545706371191135,0.3722627737226277,0.9675213675213676,0.7285714285714285,0.8680981595092024,0.4927536231884058,0.5,51.0,566.0,19.0,86.0,0.01960833879779662,2.289361520109434,0.011029177981763616
213,catboost_n500_d8_lr0.001,ok,37.05,0.8785700917087779,0.6480903544330383,0.1466614299323287,0.8351800554016621,0.145985401459854,0.9965811965811966,0.9090909090909092,0.8328571428571429,0.2515723270440251,0.5,20.0,583.0,2.0,117.0,0.019608760762090154,2.289136933125614,0.011035698758843249
214,adaboost_n100_lr0.5,ok,2.28,0.8785513756316677,0.6434429941450346,0.1609645601157401,0.850415512465374,0.4671532846715328,0.9401709401709402,0.6464646464646465,0.8828250401284109,0.5423728813559322,0.5,64.0,550.0,35.0,73.0,0.01961002654819605,2.288463199678158,0.011055280415224966
215,catboost_n500_d8_lr0.05,ok,35.18,0.8784453178613763,0.6393052780022291,0.1095182026197182,0.853185595567867,0.3868613138686131,0.9623931623931624,0.7066666666666667,0.8701700154559505,0.5,0.5,53.0,563.0,22.0,84.0,0.019617196312170234,2.284646155717318,0.0111667921083477
216,catboost_n300_d8_lr0.1,ok,21.53,0.8784390791690062,0.6342136566048461,0.1121801932466532,0.8573407202216067,0.4014598540145985,0.964102564102564,0.7236842105263158,0.8730650154798761,0.5164319248826291,0.5,55.0,564.0,21.0,82.0,0.019617617902970272,2.284421664936252,0.01117338075869223
217,catboost_plain_n300_d8_lr0.1,ok,21.37,0.8784390791690062,0.6342136566048461,0.1121801932466532,0.8573407202216067,0.4014598540145985,0.964102564102564,0.7236842105263158,0.8730650154798761,0.5164319248826291,0.5,55.0,564.0,21.0,82.0,0.019617617902970272,2.284421664936252,0.01117338075869223
218,catboost_n200_d6_lr0.05,ok,4.4,0.8783579761681951,0.6601809498891038,0.1021178843444246,0.8656509695290858,0.4306569343065693,0.9675213675213676,0.7564102564102564,0.8788819875776398,0.5488372093023256,0.5,59.0,566.0,19.0,78.0,0.01962309696641463,2.281503701234689,0.011259328972030969
219,catboost_plain_n200_d6_lr0.05,ok,4.5,0.8783579761681951,0.6601809498891038,0.1021178843444246,0.8656509695290858,0.4306569343065693,0.9675213675213676,0.7564102564102564,0.8788819875776398,0.5488372093023256,0.5,59.0,566.0,19.0,78.0,0.01962309696641463,2.281503701234689,0.011259328972030969
220,"hybrid_dnn(32,)_conv(16, 32)_gbdt100-3-0.1_gbdt_heavy",ok,4.59,0.8783205440139747,0.6463043450479488,0.1041755572731902,0.8628808864265928,0.5547445255474452,0.935042735042735,0.6666666666666666,0.899671052631579,0.6055776892430279,0.5,76.0,547.0,38.0,61.0,0.019625624752529894,2.280157209493244,0.011299183091730947
221,"hybrid_dnn(64, 32)_conv(8, 16, 32)_gbdt50-3-0.1_gbdt_heavy",ok,4.63,0.8782207249360533,0.6578338496001952,0.1044385248739569,0.8614958448753463,0.5547445255474452,0.9333333333333332,0.6608695652173913,0.899505766062603,0.6031746031746031,0.5,76.0,546.0,39.0,61.0,0.019632362391778384,2.2765673692893813,0.011406036654548535
222,catboost_n800_d5_lr0.001,ok,12.02,0.8781583380123527,0.6478708028875251,0.1276849387424301,0.8351800554016621,0.1532846715328467,0.9948717948717948,0.875,0.833810888252149,0.2608695652173913,0.5,21.0,582.0,3.0,116.0,0.01963657111054456,2.274324312918685,0.011473247197254177
223,"hybrid_dnn(64, 32)_conv(16,)_gbdt100-5-0.05_gbdt_heavy",ok,4.49,0.8781333832428724,0.6591003438676416,0.1017200053393605,0.868421052631579,0.5693430656934306,0.9384615384615383,0.6842105263157895,0.9029605263157896,0.6215139442231076,0.5,78.0,549.0,36.0,59.0,0.019638254101734177,2.27342721816931,0.011500223737101134
224,xgboost_n100_d3_lr0.05,ok,0.67,0.8780398028573211,0.667505773871553,0.0981808551358694,0.8642659279778393,0.4452554744525547,0.9623931623931624,0.7349397590361446,0.8810641627543035,0.5545454545454546,0.5,61.0,563.0,22.0,76.0,0.019644562794316072,2.270063762835888,0.011601857291337336
225,"hybrid_dnn(64, 32)_conv(16,)_gbdt50-3-0.1_gbdt_heavy",ok,4.55,0.8780210867802108,0.6550279000381011,0.1036263318086708,0.8656509695290858,0.5766423357664233,0.9333333333333332,0.6694915254237288,0.9039735099337748,0.6196078431372549,0.5,79.0,546.0,39.0,58.0,0.019645824054747185,2.2693911948611545,0.011622273585489062
226,xgboost_n500_d11_lr0.05,ok,4.17,0.8779711772412502,0.6470263599324755,0.1074256134214614,0.8545706371191135,0.4671532846715328,0.9452991452991452,0.6666666666666666,0.8833865814696485,0.5493562231759657,0.5,64.0,553.0,32.0,73.0,0.01964918663721463,2.2675978807377053,0.01167686348860053
227,xgboost_n500_d5_lr0.05,ok,3.67,0.8779462224717699,0.6456447712887181,0.1092173242505308,0.8601108033240997,0.4890510948905109,0.947008547008547,0.6836734693877551,0.8878205128205128,0.5702127659574469,0.5,67.0,554.0,31.0,70.0,0.019650867503844545,2.2667013329891907,0.011704238469438577
228,xgboost_n300_d9_lr0.1,ok,2.44,0.8778963129328093,0.6396596023502291,0.1100921898718577,0.8545706371191135,0.4963503649635036,0.9384615384615383,0.6538461538461539,0.8883495145631068,0.5643153526970954,0.5,68.0,549.0,36.0,69.0,0.0196542283882485,2.2649084560192816,0.011759148880361558
229,"hybrid_dnn(32,)_conv(8, 16, 32)_gbdt100-5-0.05_gbdt_heavy",ok,4.74,0.8778963129328093,0.6638953511606841,0.1023548250234288,0.868421052631579,0.5474452554744526,0.9435897435897436,0.6944444444444444,0.8990228013029316,0.6122448979591837,0.5,75.0,552.0,33.0,62.0,0.0196542283882485,2.2649084560192816,0.011759148880361558
230,catboost_n500_d7_lr0.001,ok,20.06,0.8778963129328092,0.6439421395171417,0.1462811829661006,0.8365650969529086,0.1532846715328467,0.9965811965811966,0.9130434782608696,0.8340486409155937,0.2625,0.5,21.0,583.0,2.0,116.0,0.01965422838824848,2.264908456019279,0.01175914888036167
231,"hybrid_dnn(64, 32)_conv(16, 32)_gbdt50-3-0.1_gbdt_heavy",ok,5.0,0.8778838355480691,0.6509340455912929,0.1046842508924816,0.8601108033240997,0.5547445255474452,0.9316239316239316,0.6551724137931034,0.8993399339933993,0.6007905138339921,0.5,76.0,545.0,40.0,61.0,0.019655068432555715,2.264460282288814,0.011772909967050493
232,xgboost_n200_d9_lr0.1,ok,1.84,0.8778339260091085,0.6480195668062313,0.1077039348202303,0.8601108033240997,0.4890510948905109,0.947008547008547,0.6836734693877551,0.8878205128205128,0.5702127659574469,0.5,67.0,554.0,31.0,70.0,0.01965842790287307,2.262667769340576,0.011828088543238247
233,"hybrid_dnn(32,)_conv(16, 32)_gbdt100-5-0.05_gbdt_heavy",ok,5.12,0.8777840164701479,0.6618342379999992,0.1027873657584849,0.8642659279778393,0.5474452554744526,0.9384615384615383,0.6756756756756757,0.8985270049099836,0.6048387096774194,0.5,75.0,549.0,36.0,62.0,0.019661786242552836,2.2608755474311715,0.011883482356830788
234,catboost_plain_n200_d8_lr0.1,ok,14.03,0.8777777777777778,0.639595428953506,0.1097982151122173,0.8573407202216067,0.4014598540145985,0.964102564102564,0.7236842105263158,0.8730650154798761,0.5164319248826291,0.5,55.0,564.0,21.0,82.0,0.019662205955542817,2.2606515401482614,0.011890421748668611
235,catboost_n200_d8_lr0.1,ok,14.5,0.8777777777777778,0.639595428953506,0.1097982151122173,0.8573407202216067,0.4014598540145985,0.964102564102564,0.7236842105263158,0.8730650154798761,0.5164319248826291,0.5,55.0,564.0,21.0,82.0,0.019662205955542817,2.2606515401482614,0.011890421748668611
236,"hybrid_dnn(64, 32)_conv(16,)_gbdt100-3-0.1_gbdt_heavy",ok,4.12,0.8777715390854077,0.6486642603888665,0.1030008306143268,0.8670360110803325,0.5693430656934306,0.9367521367521368,0.6782608695652174,0.9028006589785832,0.6190476190476191,0.5,78.0,548.0,37.0,59.0,0.019662625650876408,2.260427537410051,0.01189736451462653
237,"hybrid_dnn(32,)_conv(8, 16, 32)_gbdt50-3-0.1_gbdt_heavy",ok,4.58,0.8777590617006675,0.6570288107399459,0.1048436901169945,0.8601108033240997,0.5474452554744526,0.9333333333333332,0.6578947368421053,0.8980263157894737,0.5976095617529881,0.5,75.0,546.0,39.0,62.0,0.019663464988578964,2.259979545566469,0.011911260173813165
238,xgboost_n500_d7_lr0.05,ok,4.04,0.8777278682388172,0.639516029174993,0.1091361526904959,0.8545706371191135,0.4817518248175182,0.941880341880342,0.66,0.8858520900321544,0.5569620253164557,0.5,66.0,551.0,34.0,71.0,0.019665563023925744,2.258859645468006,0.011946058454830877
239,rf_n300_d10_balanced,ok,4.32,0.8776966747769669,0.6473227825426853,0.1116390019723608,0.8476454293628809,0.5766423357664233,0.9111111111111112,0.6030534351145038,0.9018612521150592,0.5895522388059702,0.5,79.0,533.0,52.0,58.0,0.019667660618082564,2.257739858925007,0.011980941334506223
240,adaboost_n50_lr0.3,ok,1.2,0.8776904360845966,0.6231139739710175,0.1366058840928888,0.8476454293628809,0.3357664233576642,0.9675213675213676,0.7076923076923077,0.8614916286149162,0.4554455445544554,0.5,46.0,566.0,19.0,91.0,0.01966808008398318,2.2575159152396522,0.011987928075804066
241,adaboost_n100_lr0.1,ok,2.28,0.8776155717761558,0.629024056413104,0.1286229847980671,0.8407202216066482,0.2408759124087591,0.9811965811965812,0.75,0.8466076696165191,0.3646408839779005,0.5,33.0,574.0,11.0,104.0,0.019673112299101795,2.254828945075347,0.012072033846760588
242,adaboost_n200_lr0.5,ok,4.48,0.8775032753134944,0.6420630558655186,0.1774373039324625,0.8601108033240997,0.5036496350364964,0.9435897435897436,0.6764705882352942,0.8903225806451613,0.5774058577405857,0.5,69.0,552.0,33.0,68.0,0.01968065586282607,2.250799714558632,0.012199112818641611
243,rf_n200_d10_balanced,ok,2.89,0.8774720818516439,0.6523326840127539,0.1112810575108712,0.8462603878116344,0.5766423357664233,0.9094017094017094,0.5984848484848485,0.9016949152542372,0.587360594795539,0.5,79.0,532.0,53.0,58.0,0.019682750284444408,2.2496807444744853,0.012234609354385029
244,xgboost_n800_d11_lr0.05,ok,4.65,0.8774720818516439,0.6443509414516377,0.1099229320861192,0.850415512465374,0.4744525547445255,0.9384615384615383,0.6435643564356436,0.8840579710144928,0.5462184873949579,0.5,65.0,549.0,36.0,72.0,0.019682750284444408,2.2496807444744853,0.012234609354385029
245,"hybrid_dnn(32,)_conv(16, 32)_gbdt50-3-0.1_gbdt_heavy",ok,4.99,0.8774221723126832,0.6517955625207933,0.1049761868767894,0.8601108033240997,0.5474452554744526,0.9333333333333332,0.6578947368421053,0.8980263157894737,0.5976095617529881,0.5,75.0,546.0,39.0,62.0,0.01968610044374092,2.2478906278606323,0.012291582471183116
246,xgboost_n800_d5_lr0.1,ok,3.53,0.8774034562355731,0.6236548345103856,0.1153112101804592,0.8545706371191135,0.4817518248175182,0.941880341880342,0.66,0.8858520900321544,0.5569620253164557,0.5,66.0,551.0,34.0,71.0,0.019687356463143343,2.2472194088358735,0.01231300418906589
247,catboost_n300_d4_lr0.05,ok,3.21,0.8773785014660928,0.6682745332400636,0.1019178834185847,0.8601108033240997,0.4598540145985401,0.953846153846154,0.7,0.8829113924050633,0.5550660792951542,0.5,63.0,558.0,27.0,74.0,0.019689030909412226,2.246324513501031,0.012341614759531772
248,catboost_plain_n300_d4_lr0.05,ok,3.03,0.8773785014660928,0.6682745332400636,0.1019178834185847,0.8601108033240997,0.4598540145985401,0.953846153846154,0.7,0.8829113924050633,0.5550660792951542,0.5,63.0,558.0,27.0,74.0,0.019689030909412226,2.246324513501031,0.012341614759531772
249,catboost_n500_d7_lr0.1,ok,19.13,0.8773722627737226,0.6499836096966771,0.1096544988510531,0.8601108033240997,0.4233576642335766,0.9623931623931624,0.725,0.8769470404984424,0.5345622119815668,0.5,58.0,563.0,22.0,79.0,0.019689449477010332,2.2461008009804155,0.012348776031840591
250,catboost_n100_d6_lr0.01,ok,2.31,0.8772786823881714,0.648171942349771,0.1183612779756305,0.8407202216066482,0.1824817518248175,0.9948717948717948,0.8928571428571429,0.8386167146974063,0.303030303030303,0.5,25.0,582.0,3.0,112.0,0.019695725881331696,2.242745655953565,0.012456610335306872
251,rf_n500_d5_None,ok,6.3,0.8772474889263211,0.6623639671504237,0.1067160214386509,0.8518005540166205,0.2481751824817518,0.9931623931623932,0.8947368421052632,0.8494152046783626,0.3885714285714285,0.5,34.0,581.0,4.0,103.0,0.019697817137464286,2.2416275003295296,0.012492728546149912
252,catboost_n800_d6_lr0.1,ok,17.57,0.8771726246178801,0.6512855228619,0.1124413657588122,0.8587257617728532,0.4598540145985401,0.952136752136752,0.6923076923076923,0.8827258320126783,0.5526315789473685,0.5,63.0,557.0,28.0,74.0,0.01970283436093345,2.238944387642393,0.012579767430631161
253,catboost_n500_d8_lr0.1,ok,35.58,0.8771476698483998,0.6313287400803664,0.114155173107919,0.8573407202216067,0.4160583941605839,0.9606837606837608,0.7125,0.8753894080996885,0.5253456221198156,0.5,57.0,562.0,23.0,80.0,0.01970450620703843,2.238050161245844,0.012608892100000268
254,xgboost_n200_d11_lr0.1,ok,1.83,0.8771414311560297,0.6414568775653441,0.1095551444037015,0.8545706371191135,0.4744525547445255,0.9435897435897436,0.6632653061224489,0.8846153846153846,0.5531914893617021,0.5,65.0,552.0,33.0,72.0,0.019704924124695773,2.237826615931353,0.01261618201220338
255,catboost_n200_d8_lr0.01,ok,14.04,0.8771351924636596,0.6558743690709006,0.1066402043226957,0.850415512465374,0.2627737226277372,0.988034188034188,0.8372093023255814,0.8512518409425626,0.4,0.5,36.0,578.0,7.0,101.0,0.01970534202480772,2.237603075130102,0.012623475424849429
256,catboost_n300_d7_lr0.1,ok,11.74,0.8771227150789194,0.6525506833922315,0.1076551971751924,0.8573407202216067,0.4160583941605839,0.9606837606837608,0.7125,0.8753894080996885,0.5253456221198156,0.5,57.0,562.0,23.0,80.0,0.019706177772399747,2.237156007066106,0.012638072756468
257,"hybrid_dnn(32,)_conv(16,)_gbdt50-3-0.1_gbdt_heavy",ok,3.73,0.8771102376941793,0.655996564373628,0.1040287735519875,0.8628808864265928,0.5474452554744526,0.9367521367521368,0.6696428571428571,0.898360655737705,0.6024096385542169,0.5,75.0,548.0,37.0,62.0,0.01970701344982315,2.236708957051403,0.012652684104854983
258,"hybrid_dnn(64, 32, 16)_conv(8, 16)_gbdt100-5-0.05_gbdt_heavy",ok,6.29,0.8771102376941792,0.6580568546918552,0.1027254279123881,0.8614958448753463,0.5474452554744526,0.935042735042735,0.6637168141592921,0.8981937602627258,0.6,0.5,75.0,547.0,38.0,62.0,0.01970701344982317,2.2367089570513987,0.012652684104855094
259,xgboost_n300_d5_lr0.05,ok,2.46,0.8770977603094392,0.6539666275206808,0.1054628698035276,0.8573407202216067,0.4744525547445255,0.947008547008547,0.6770833333333334,0.8849840255591054,0.5579399141630901,0.5,65.0,554.0,31.0,72.0,0.019707849057086547,2.2362619250835345,0.012667309480012823
260,rf_n200_d5_balanced,ok,2.84,0.8770915216170689,0.6473577598658251,0.1281188919297284,0.8476454293628809,0.6861313868613139,0.8854700854700854,0.5838509316770186,0.9233511586452764,0.6308724832214765,0.5,94.0,518.0,67.0,43.0,0.019708266834410983,2.236038415866387,0.012674627430757757
261,catboost_n500_d4_lr0.001,ok,5.01,0.8770603281552187,0.6443796938869905,0.1524256198785202,0.8337950138504155,0.1313868613138686,0.9982905982905984,0.9473684210526316,0.8307254623044097,0.2307692307692307,0.5,18.0,584.0,1.0,119.0,0.019710355458003266,2.2349209374363657,0.01271126986618687
262,catboost_plain_n100_d8_lr0.05,ok,6.99,0.8770228960009983,0.6548814459004908,0.1047939554925321,0.850415512465374,0.3138686131386861,0.976068376068376,0.7543859649122807,0.8586466165413534,0.4432989690721649,0.5,43.0,571.0,14.0,94.0,0.01971286122779101,2.2335801121223158,0.012755356853711541
263,catboost_n100_d8_lr0.05,ok,7.09,0.8770228960009983,0.6548814459004908,0.1047939554925321,0.850415512465374,0.3138686131386861,0.976068376068376,0.7543859649122807,0.8586466165413534,0.4432989690721649,0.5,43.0,571.0,14.0,94.0,0.01971286122779101,2.2335801121223158,0.012755356853711541
264,"hybrid_dnn(32,)_conv(16,)_gbdt100-3-0.1_gbdt_heavy",ok,3.99,0.8769480316925573,0.6493139940027076,0.1032867520160671,0.8628808864265928,0.5620437956204379,0.9333333333333332,0.6637931034482759,0.900990099009901,0.6086956521739131,0.5,77.0,546.0,39.0,60.0,0.01971787087491134,2.230898948228602,0.012843911715544332
265,"hybrid_dnn(32,)_conv(16,)_gbdt100-5-0.05_gbdt_heavy",ok,3.93,0.8769480316925573,0.6602227487609219,0.1020479581833962,0.8642659279778393,0.5620437956204379,0.935042735042735,0.6695652173913044,0.9011532125205932,0.6111111111111112,0.5,77.0,547.0,38.0,60.0,0.01971787087491134,2.230898948228602,0.012843911715544332
266,lightgbm_n100_leaves15_lr0.2,ok,0.54,0.8769417930001873,0.6489782061898692,0.1142537739946822,0.8656509695290858,0.5036496350364964,0.9504273504273504,0.7040816326530612,0.8910256410256411,0.5872340425531914,0.5,69.0,556.0,29.0,68.0,0.019718288231651285,2.2306755471857076,0.012851314262748104
267,xgboost_n200_d7_lr0.1,ok,1.74,0.8769293156154471,0.6397640489892565,0.1103192599560483,0.853185595567867,0.4744525547445255,0.941880341880342,0.6565656565656566,0.884430176565008,0.5508474576271186,0.5,65.0,551.0,34.0,72.0,0.019719122892599635,2.2302287586098934,0.01286612998001313
268,catboost_n800_d8_lr0.1,ok,55.18,0.8768981221535966,0.6326589681129665,0.1156295181965881,0.8518005540166205,0.4087591240875912,0.9555555555555556,0.6829268292682927,0.8734375,0.5114155251141552,0.5,56.0,559.0,26.0,81.0,0.01972120923858656,2.229111865964279,0.012903231298486806
269,catboost_n300_d4_lr0.001,ok,3.06,0.8768981221535966,0.6393293808625821,0.1785091091754022,0.8268698060941828,0.0948905109489051,0.9982905982905984,0.9285714285714286,0.8248587570621468,0.1721854304635761,0.5,13.0,584.0,1.0,124.0,0.01972120923858656,2.229111865964279,0.012903231298486806
270,rf_n800_d5_None,ok,10.01,0.8768794060764864,0.661274050124667,0.1070481637709191,0.8490304709141274,0.2408759124087591,0.9914529914529916,0.868421052631579,0.847953216374269,0.3771428571428571,0.5,33.0,580.0,5.0,104.0,0.01972246083612989,2.2284417843947786,0.012925534671501482
271,catboost_n200_d7_lr0.1,ok,7.57,0.8768731673841164,0.6518620509472723,0.1066887250923183,0.8573407202216067,0.4014598540145985,0.964102564102564,0.7236842105263158,0.8730650154798761,0.5164319248826291,0.5,55.0,564.0,21.0,82.0,0.019722878000309304,2.2282184328727546,0.012932976233708038
272,xgboost_n500_d3_lr0.01,ok,2.75,0.8768669286917462,0.6667482717550988,0.0982009945481992,0.8642659279778393,0.4598540145985401,0.958974358974359,0.7241379310344828,0.8834645669291339,0.5625,0.5,63.0,561.0,24.0,74.0,0.019723295146989683,2.2279950858507864,0.012940421350279618
273,xgboost_n800_d7_lr0.05,ok,4.77,0.8768419739222659,0.6332950657928733,0.111633371088394,0.853185595567867,0.4817518248175182,0.9401709401709402,0.6534653465346535,0.8856682769726248,0.5546218487394958,0.5,66.0,550.0,35.0,71.0,0.019724963558742193,2.227101742757408,0.012970237385388939
274,"hybrid_dnn(128, 64)_conv(32, 64)_gbdt100-3-0.1_gbdt_heavy",ok,5.49,0.8768357352298959,0.650692673981829,0.1020440617072471,0.8614958448753463,0.5547445255474452,0.9333333333333332,0.6608695652173913,0.899505766062603,0.6031746031746031,0.5,76.0,546.0,39.0,61.0,0.01972538061794343,2.226878418231155,0.01297770029266776
275,catboost_n200_d7_lr0.05,ok,7.61,0.8768232578451557,0.6589694449438988,0.1043020511920552,0.850415512465374,0.364963503649635,0.964102564102564,0.704225352112676,0.8663594470046083,0.4807692307692308,0.5,50.0,564.0,21.0,87.0,0.01972621468386918,2.226431782673013,0.01299263679424456
276,lightgbm_dart_n100_leaves31_lr0.1,ok,0.78,0.8768045417680455,0.6821183406701573,0.0966495139073933,0.8781163434903048,0.5328467153284672,0.958974358974359,0.7525773195876289,0.8976,0.6239316239316239,0.5,73.0,561.0,24.0,64.0,0.019727465651582097,2.22576186306713,0.013015068283058318
277,lightgbm_dart_n100_leaves63_lr0.1,ok,0.82,0.8768045417680455,0.6821183406701573,0.0966495139073933,0.8781163434903048,0.5328467153284672,0.958974358974359,0.7525773195876289,0.8976,0.6239316239316239,0.5,73.0,561.0,24.0,64.0,0.019727465651582097,2.22576186306713,0.013015068283058318
278,"hybrid_dnn(64, 32, 16)_conv(8, 16)_gbdt100-3-0.1_gbdt_heavy",ok,6.43,0.8767983030756754,0.6461643319688907,0.104113138764452,0.8698060941828255,0.5766423357664233,0.9384615384615383,0.6869565217391305,0.9044481054365732,0.626984126984127,0.5,79.0,549.0,36.0,58.0,0.019727882605843832,2.225538565525635,0.013022552580757574
279,lightgbm_goss_n200_leaves15_lr0.1,ok,0.51,0.8767795869985651,0.6434405532156813,0.108293791179536,0.8628808864265928,0.5328467153284672,0.9401709401709402,0.6759259259259259,0.8957654723127035,0.5959183673469388,0.5,73.0,550.0,35.0,64.0,0.019729133363716386,2.2248686998782534,0.013045026895793121
280,"hybrid_dnn(64, 32, 16)_conv(32, 64)_gbdt100-3-0.1_gbdt_heavy",ok,6.56,0.8766485744587934,0.6474675968177621,0.1020975925502968,0.8628808864265928,0.5547445255474452,0.935042735042735,0.6666666666666666,0.899671052631579,0.6055776892430279,0.5,76.0,547.0,38.0,61.0,0.019737884264744265,2.220180772743511,0.013203249473396239
281,xgboost_n100_d5_lr0.2,ok,0.84,0.8766423357664234,0.6379874737752617,0.1113038497156559,0.8559556786703602,0.4817518248175182,0.9435897435897436,0.6666666666666666,0.8860353130016051,0.559322033898305,0.5,66.0,552.0,33.0,71.0,0.019738300782173656,2.2199575875200703,0.013210823386964332
282,catboost_n800_d7_lr0.2,ok,29.76,0.8765861875350927,0.6399919627098634,0.1153629261789915,0.8559556786703602,0.4233576642335766,0.9572649572649572,0.6987951807228916,0.8763693270735524,0.5272727272727272,0.5,58.0,560.0,25.0,79.0,0.019742048653495024,2.217949122466322,0.013279150809342943
283,xgboost_n500_d9_lr0.1,ok,3.0,0.8765861875350925,0.630691200437753,0.1128388774633057,0.8559556786703602,0.5109489051094891,0.9367521367521368,0.6542056074766355,0.8910569105691057,0.5737704918032787,0.5,70.0,548.0,37.0,67.0,0.019742048653495024,2.2179491224663184,0.013279150809343165
284,catboost_n800_d7_lr0.1,ok,29.83,0.8765861875350925,0.651193249976094,0.1104977837397966,0.8573407202216067,0.4306569343065693,0.9572649572649572,0.7023809523809523,0.877742946708464,0.5339366515837104,0.5,59.0,560.0,25.0,78.0,0.019742048653495024,2.2179491224663184,0.013279150809343165
285,xgboost_n100_d9_lr0.2,ok,1.0,0.8765799488427226,0.6421062369699538,0.1116193350405138,0.8642659279778393,0.4963503649635036,0.9504273504273504,0.7010309278350515,0.8896,0.5811965811965812,0.5,68.0,556.0,29.0,69.0,0.019742464996378863,2.2177259821166726,0.013286760790645169
286,catboost_n200_d4_lr0.001,ok,2.2,0.8765737101503526,0.6391258445249414,0.1969236872506109,0.8227146814404432,0.072992700729927,0.9982905982905984,0.9090909090909092,0.8213783403656821,0.1351351351351351,0.5,10.0,584.0,1.0,127.0,0.01974288132181402,2.2175028462527253,0.013294374385692143
287,"hybrid_dnn(64,)_conv(32, 64)_gbdt50-3-0.1_gbdt_heavy",ok,5.06,0.8765487553808722,0.653764041239699,0.1025428887552952,0.8628808864265928,0.5474452554744526,0.9367521367521368,0.6696428571428571,0.898360655737705,0.6024096385542169,0.5,75.0,548.0,37.0,62.0,0.019744546449089274,2.216610347647844,0.013324864928699443
288,catboost_n500_d6_lr0.1,ok,11.24,0.876536277996132,0.6526908600044672,0.1117174572065632,0.8559556786703602,0.4452554744525547,0.952136752136752,0.6853932584269663,0.8799368088467614,0.5398230088495575,0.5,61.0,557.0,28.0,76.0,0.01974537890806264,2.2161641252516846,0.013340131915659414
289,xgboost_n300_d5_lr0.2,ok,1.51,0.8765175619190219,0.626752831824335,0.1176869761003582,0.8545706371191135,0.4744525547445255,0.9435897435897436,0.6632653061224489,0.8846153846153846,0.5531914893617021,0.5,65.0,552.0,33.0,72.0,0.019746627465716347,2.215494825283446,0.01336305956898165
290,xgboost_n100_d5_lr0.1,ok,1.0,0.8765175619190216,0.6456696502266408,0.1033336803334772,0.8670360110803325,0.4744525547445255,0.958974358974359,0.7303370786516854,0.8862559241706162,0.5752212389380531,0.5,65.0,561.0,24.0,72.0,0.01974662746571635,2.2154948252834386,0.013363059568981983
291,"hybrid_dnn(64, 32, 16)_conv(32, 64)_gbdt100-5-0.05_gbdt_heavy",ok,6.88,0.8764863684571713,0.6601800508002296,0.1008052522493158,0.8656509695290858,0.5401459854014599,0.941880341880342,0.6851851851851852,0.8973941368078175,0.6040816326530613,0.5,74.0,551.0,34.0,63.0,0.019748708046393493,2.2143794149853737,0.013401344870216048
292,lightgbm_goss_n300_leaves15_lr0.1,ok,0.67,0.8764801297648013,0.6243165835723146,0.1167563392656813,0.853185595567867,0.5109489051094891,0.9333333333333332,0.6422018348623854,0.8907014681892332,0.5691056910569106,0.5,70.0,546.0,39.0,67.0,0.019749124110226664,2.2141563463703706,0.01340901282375373
293,"hybrid_dnn(64,)_conv(32, 64)_gbdt100-3-0.1_gbdt_heavy",ok,5.57,0.8764738910724312,0.6482761132210912,0.1020440032495573,0.8601108033240997,0.5547445255474452,0.9316239316239316,0.6551724137931034,0.8993399339933993,0.6007905138339921,0.5,76.0,545.0,40.0,61.0,0.01974954015662824,2.2139332822361926,0.013416684411354574
294,"hybrid_dnn(64, 32)_conv(8, 16)_gbdt200-5-0.05_gbdt_heavy",ok,5.61,0.8764489363029508,0.6539519097531508,0.1021999412129121,0.8628808864265928,0.5474452554744526,0.9367521367521368,0.6696428571428571,0.898360655737705,0.6024096385542169,0.5,75.0,548.0,37.0,62.0,0.019751204167939938,2.2130410705016366,0.013447407127825217
295,xgboost_n300_d7_lr0.05,ok,2.88,0.876442697610581,0.6426760605327385,0.1061915586308653,0.8573407202216067,0.4744525547445255,0.947008547008547,0.6770833333333334,0.8849840255591054,0.5579399141630901,0.5,65.0,554.0,31.0,72.0,0.019751620127199516,2.212818028767026,0.013455096904820052
296,xgboost_n300_d7_lr0.1,ok,2.15,0.8764426976105809,0.6354468148216443,0.1124779607316601,0.850415512465374,0.4744525547445255,0.9384615384615383,0.6435643564356436,0.8840579710144928,0.5462184873949579,0.5,65.0,549.0,36.0,72.0,0.01975162012719953,2.212818028767022,0.013455096904820163
297,"hybrid_dnn(64,)_conv(32, 64)_gbdt100-5-0.05_gbdt_heavy",ok,5.47,0.8764364589182108,0.6581557248027536,0.1007106327936554,0.8670360110803325,0.5547445255474452,0.9401709401709402,0.6846846846846847,0.900163666121113,0.6129032258064516,0.5,76.0,550.0,35.0,61.0,0.019752036069033932,2.212594991511398,0.013462790323511387
298,lightgbm_dart_n300_leaves31_lr0.1,ok,2.5,0.8764052654563604,0.6597961572987835,0.1055837090968711,0.8601108033240997,0.4890510948905109,0.947008547008547,0.6836734693877551,0.8878205128205128,0.5702127659574469,0.5,67.0,554.0,31.0,70.0,0.01975411551686525,2.211479872407618,0.013501312086962813
299,lightgbm_dart_n300_leaves63_lr0.1,ok,2.47,0.8764052654563604,0.6597961572987835,0.1055837106118742,0.8601108033240997,0.4890510948905109,0.947008547008547,0.6836734693877551,0.8878205128205128,0.5702127659574469,0.5,67.0,554.0,31.0,70.0,0.01975411551686525,2.211479872407618,0.013501312086962813
300,"hybrid_dnn(128, 64)_conv(8, 16)_gbdt100-3-0.1_gbdt_heavy",ok,5.16,0.8763740719945099,0.6498913935116797,0.1040486785430618,0.8698060941828255,0.5912408759124088,0.935042735042735,0.680672268907563,0.9071310116086236,0.6328125,0.5,81.0,547.0,38.0,56.0,0.019756194529226383,2.2103648652331427,0.01353992508382662
301,rf_n100_d10_balanced,ok,1.45,0.8763241624555493,0.6200467382740708,0.1126845590221382,0.8462603878116344,0.5693430656934306,0.9111111111111112,0.6,0.9003378378378378,0.5842696629213483,0.5,78.0,533.0,52.0,59.0,0.01975952004355834,2.208581086472051,0.013601896041986583
302,"hybrid_dnn(128, 64)_conv(32, 64)_gbdt50-3-0.1_gbdt_heavy",ok,5.36,0.8762742529165888,0.6561890243803163,0.1026015418699877,0.8601108033240997,0.5401459854014599,0.935042735042735,0.6607142857142857,0.8967213114754098,0.5943775100401606,0.5,74.0,547.0,38.0,63.0,0.019762844443971875,2.206797593996974,0.013664101618751867
303,xgboost_n500_d11_lr0.1,ok,2.95,0.8762680142242186,0.6237118101517665,0.1141740428272851,0.853185595567867,0.4963503649635036,0.9367521367521368,0.6476190476190476,0.8881685575364667,0.5619834710743802,0.5,68.0,548.0,37.0,69.0,0.019763259915728266,2.206574677559323,0.013671893845032757
304,lightgbm_goss_n300_leaves63_lr0.05,ok,0.71,0.8762680142242186,0.6416826585063116,0.1070542821113594,0.8559556786703602,0.5182481751824818,0.935042735042735,0.6513761467889908,0.8923327895595432,0.5772357723577236,0.5,71.0,547.0,38.0,66.0,0.019763259915728266,2.206574677559323,0.013671893845032757
305,lightgbm_goss_n300_leaves31_lr0.05,ok,0.72,0.8762680142242186,0.6416826585063116,0.1070542821113594,0.8559556786703602,0.5182481751824818,0.935042735042735,0.6513761467889908,0.8923327895595432,0.5772357723577236,0.5,71.0,547.0,38.0,66.0,0.019763259915728266,2.206574677559323,0.013671893845032757
306,xgboost_n100_d9_lr0.1,ok,1.32,0.8762617755318486,0.6510603342641771,0.1034957815247361,0.8642659279778393,0.4890510948905109,0.952136752136752,0.7052631578947368,0.8883572567783095,0.5775862068965517,0.5,67.0,557.0,28.0,70.0,0.019763675370089266,2.2063517655921587,0.013679689748725576
307,rf_n300_d5_None,ok,3.94,0.876224343377628,0.6565686025800941,0.1068009463476849,0.850415512465374,0.2554744525547445,0.9897435897435898,0.8536585365853658,0.8502202643171806,0.3932584269662921,0.5,35.0,579.0,6.0,102.0,0.019766167731011038,2.205014387652323,0.013726542468145753
308,catboost_plain_n100_d6_lr0.1,ok,2.32,0.8762056273005178,0.6526166521598781,0.1039788689604035,0.8545706371191135,0.4014598540145985,0.9606837606837608,0.7051282051282052,0.8726708074534162,0.5116279069767442,0.5,55.0,562.0,23.0,82.0,0.019767413676719855,2.2043457590093447,0.013750018576521583
309,catboost_n100_d6_lr0.1,ok,2.31,0.8762056273005178,0.6526166521598781,0.1039788689604035,0.8545706371191135,0.4014598540145985,0.9606837606837608,0.7051282051282052,0.8726708074534162,0.5116279069767442,0.5,55.0,562.0,23.0,82.0,0.019767413676719855,2.2043457590093447,0.013750018576521583
310,xgboost_n800_d5_lr0.05,ok,4.63,0.8761744338386674,0.6385663584559083,0.1125373788382739,0.8545706371191135,0.4817518248175182,0.941880341880342,0.66,0.8858520900321544,0.5569620253164557,0.5,66.0,551.0,34.0,71.0,0.019769489905219362,2.2032314672826265,0.013789219245012307
311,"hybrid_dnn(64, 32, 16)_conv(16, 32)_gbdt100-3-0.1_gbdt_heavy",ok,6.42,0.8761619564539274,0.6477750966839689,0.1044277547031954,0.8670360110803325,0.5766423357664233,0.935042735042735,0.6752136752136753,0.9041322314049588,0.6220472440944882,0.5,79.0,547.0,38.0,58.0,0.01977032027495526,2.2027857818555785,0.013804925379714117
312,"hybrid_dnn(64,)_conv(8, 16, 32)_gbdt100-3-0.1_gbdt_heavy",ok,4.44,0.8761619564539272,0.6553144237336425,0.10371901414594,0.8614958448753463,0.5474452554744526,0.935042735042735,0.6637168141592921,0.8981937602627258,0.6,0.5,75.0,547.0,38.0,62.0,0.01977032027495526,2.202785781855575,0.013804925379714228
313,catboost_n300_d6_lr0.1,ok,6.88,0.8761370016844471,0.6514965507274361,0.1096980444828535,0.8573407202216067,0.4452554744525547,0.953846153846154,0.6931818181818182,0.8801261829652997,0.5422222222222223,0.5,61.0,558.0,27.0,76.0,0.019771980805907016,2.2018944645829364,0.013836382049457807
314,catboost_plain_n300_d6_lr0.1,ok,6.74,0.8761370016844471,0.6514965507274361,0.1096980444828535,0.8573407202216067,0.4452554744525547,0.953846153846154,0.6931818181818182,0.8801261829652997,0.5422222222222223,0.5,61.0,558.0,27.0,76.0,0.019771980805907016,2.2018944645829364,0.013836382049457807
315,"hybrid_dnn(64,)_conv(8, 16)_gbdt100-5-0.05_gbdt_heavy",ok,4.53,0.8761245242997068,0.6585493392358281,0.1025733154238806,0.8656509695290858,0.5620437956204379,0.9367521367521368,0.6754385964912281,0.9013157894736842,0.6135458167330677,0.5,77.0,548.0,37.0,60.0,0.019772810967139832,2.201448832732486,0.013852132605014722
316,"hybrid_dnn(64, 32, 16)_conv(32, 64)_gbdt50-3-0.1_gbdt_heavy",ok,6.56,0.8760995695302265,0.653831584735017,0.1027535900517638,0.8587257617728532,0.5474452554744526,0.9316239316239316,0.6521739130434783,0.8978583196046128,0.5952380952380952,0.5,75.0,545.0,40.0,62.0,0.019774471081161628,2.200557622591221,0.013883678208809314
317,"hybrid_dnn(128, 64)_conv(32, 64)_gbdt100-5-0.05_gbdt_heavy",ok,5.78,0.8760870921454863,0.6635915356651909,0.1007095578942074,0.8670360110803325,0.5547445255474452,0.9401709401709402,0.6846846846846847,0.900163666121113,0.6129032258064516,0.5,76.0,550.0,35.0,61.0,0.019775301033967563,2.200112044295549,0.013899473277581231
318,xgboost_n200_d5_lr0.2,ok,1.22,0.8760808534531163,0.6298194520562613,0.1159084403927809,0.8559556786703602,0.4744525547445255,0.9452991452991452,0.6701030927835051,0.8848,0.5555555555555556,0.5,65.0,553.0,32.0,72.0,0.01977571598432302,2.1998892618403927,0.013907376383179182
319,xgboost_n300_d11_lr0.1,ok,2.35,0.8760683760683762,0.6280187406829036,0.1121430553188174,0.853185595567867,0.4890510948905109,0.9384615384615383,0.6504854368932039,0.8869143780290791,0.5583333333333333,0.5,67.0,549.0,36.0,70.0,0.01977654583294411,2.199443710313926,0.013923193743220263
320,lightgbm_dart_n200_leaves15_lr0.1,ok,1.12,0.8760309439141556,0.6662896334131321,0.1007214085758872,0.8642659279778393,0.4817518248175182,0.953846153846154,0.7096774193548387,0.8871224165341812,0.5739130434782609,0.5,66.0,558.0,27.0,71.0,0.019779034962165293,2.1981071627834496,0.01397073510661262
321,"hybrid_dnn(64, 32, 16)_conv(16,)_gbdt50-3-0.1_gbdt_heavy",ok,5.07,0.8760122278370454,0.6569878322089131,0.1042604896265459,0.8698060941828255,0.583941605839416,0.9367521367521368,0.6837606837606838,0.905785123966942,0.6299212598425197,0.5,80.0,548.0,37.0,57.0,0.019780279292467038,2.1974389492182445,0.013994556073774644
322,xgboost_n200_d5_lr0.05,ok,1.9,0.8760059891446752,0.6502552527997495,0.1032474243697366,0.8642659279778393,0.4817518248175182,0.953846153846154,0.7096774193548387,0.8871224165341812,0.5739130434782609,0.5,66.0,558.0,27.0,71.0,0.019780694034528916,2.1972162202796777,0.014002503854434023
323,"hybrid_dnn(64,)_conv(8, 16)_gbdt50-3-0.1_gbdt_heavy",ok,4.86,0.8759872730675651,0.65315060029861,0.1048231169603367,0.8601108033240997,0.5620437956204379,0.92991452991453,0.652542372881356,0.9006622516556292,0.6039215686274509,0.5,77.0,544.0,41.0,60.0,0.019781938156613214,2.196548060209262,0.014026369589240417
324,"hybrid_dnn(64, 32, 16)_conv(8, 16)_gbdt50-3-0.1_gbdt_heavy",ok,6.09,0.8759872730675651,0.6532564808083806,0.1050913113062883,0.8587257617728532,0.5547445255474452,0.92991452991453,0.6495726495726496,0.8991735537190083,0.5984251968503937,0.5,76.0,544.0,41.0,61.0,0.019781938156613214,2.196548060209262,0.014026369589240417
325,catboost_n500_d7_lr0.2,ok,19.19,0.875987273067565,0.6402157626627074,0.115307696729374,0.8573407202216067,0.4233576642335766,0.958974358974359,0.7073170731707317,0.8765625,0.5296803652968036,0.5,58.0,561.0,24.0,79.0,0.01978193815661323,2.1965480602092575,0.014026369589240528
326,"hybrid_dnn(64, 32, 16)_conv(8, 16, 32)_gbdt100-3-0.1_gbdt_heavy",ok,5.51,0.8759498409133446,0.651371462557774,0.1039123535787822,0.8628808864265928,0.5547445255474452,0.935042735042735,0.6666666666666666,0.899671052631579,0.6055776892430279,0.5,76.0,547.0,38.0,61.0,0.019784425932420843,2.195211860394913,0.014074201942436138
327,"hybrid_dnn(64,)_conv(8, 16)_gbdt100-3-0.1_gbdt_heavy",ok,4.36,0.8759248861438643,0.6465284320316954,0.1040020564173469,0.8614958448753463,0.5693430656934306,0.92991452991453,0.6554621848739496,0.902155887230514,0.609375,0.5,78.0,544.0,41.0,59.0,0.01978608410278337,2.194321149623188,0.014106165018102468
328,"hybrid_dnn(64, 32, 16)_conv(16, 32)_gbdt100-5-0.05_gbdt_heavy",ok,5.96,0.875912408759124,0.6541574312505436,0.103073245000581,0.8628808864265928,0.5547445255474452,0.935042735042735,0.6666666666666666,0.899671052631579,0.6055776892430279,0.5,76.0,547.0,38.0,61.0,0.019786913083937204,2.193875820961411,0.014122169038925048
329,"hybrid_dnn(64, 32, 16)_conv(16,)_gbdt100-5-0.05_gbdt_heavy",ok,5.41,0.8758999313743839,0.6593735034664548,0.1021757533776454,0.8656509695290858,0.5766423357664233,0.9333333333333332,0.6694915254237288,0.9039735099337748,0.6196078431372549,0.5,79.0,546.0,39.0,58.0,0.019787741995750625,2.1934305101124782,0.014138188062160162
330,catboost_n500_d6_lr0.2,ok,11.31,0.8758437831430533,0.6458633048556718,0.1134792336724549,0.8601108033240997,0.4525547445255474,0.9555555555555556,0.7045454545454546,0.8817034700315457,0.5511111111111111,0.5,62.0,559.0,26.0,75.0,0.019791471241049942,2.1914268316612513,0.014210459598324565
331,"hybrid_dnn(128, 64)_conv(8, 16)_gbdt100-5-0.05_gbdt_heavy",ok,5.18,0.8758125896812029,0.6600452844210627,0.1026188041901839,0.8642659279778393,0.5620437956204379,0.935042735042735,0.6695652173913044,0.9011532125205932,0.6111111111111112,0.5,77.0,547.0,38.0,60.0,0.01979354243762218,2.1903138327261584,0.01425074215954214
332,"hybrid_dnn(64,)_conv(16, 32)_gbdt100-3-0.1_gbdt_heavy",ok,4.71,0.8758125896812028,0.645442116503867,0.1044723387842095,0.8628808864265928,0.5693430656934306,0.9316239316239316,0.6610169491525424,0.902317880794702,0.611764705882353,0.5,78.0,545.0,40.0,59.0,0.019793542437622182,2.190313832726155,0.014250742159542251
333,catboost_plain_n200_d6_lr0.1,ok,4.47,0.8758063509888327,0.6501044630791084,0.1079252269984858,0.8601108033240997,0.4525547445255474,0.9555555555555556,0.7045454545454546,0.8817034700315457,0.5511111111111111,0.5,62.0,559.0,26.0,75.0,0.01979395662497768,2.1900912462854665,0.01425880998040363
334,catboost_n200_d6_lr0.1,ok,4.41,0.8758063509888327,0.6501044630791084,0.1079252269984858,0.8601108033240997,0.4525547445255474,0.9555555555555556,0.7045454545454546,0.8817034700315457,0.5511111111111111,0.5,62.0,559.0,26.0,75.0,0.01979395662497768,2.1900912462854665,0.01425880998040363
335,"hybrid_dnn(64, 32)_conv(32, 64)_gbdt200-5-0.05_gbdt_heavy",ok,6.41,0.8757751575269824,0.6529038230341774,0.1007598958240075,0.8601108033240997,0.5255474452554745,0.9384615384615383,0.6666666666666666,0.8941368078175895,0.5877551020408164,0.5,72.0,549.0,36.0,65.0,0.019796027302018425,2.18897838079705,0.014299205698907524
336,"hybrid_dnn(128, 64)_conv(16, 32)_gbdt100-3-0.1_gbdt_heavy",ok,4.63,0.8757751575269823,0.6496348385854087,0.1045018799747733,0.8670360110803325,0.583941605839416,0.9333333333333332,0.6722689075630253,0.9054726368159204,0.625,0.5,80.0,546.0,39.0,57.0,0.019796027302018435,2.188978380797046,0.014299205698907635
337,"hybrid_dnn(64, 32, 16)_conv(16, 32)_gbdt50-3-0.1_gbdt_heavy",ok,6.1,0.8757626801422422,0.6516901429456642,0.1053659869595589,0.8545706371191135,0.5401459854014599,0.9282051282051282,0.6379310344827587,0.8960396039603961,0.5849802371541502,0.5,74.0,543.0,42.0,63.0,0.019796855451643856,2.188533265729726,0.014315390430413077
338,"hybrid_dnn(128, 64)_conv(8, 16, 32)_gbdt100-3-0.1_gbdt_heavy",ok,4.97,0.8757502027575019,0.6568150711811509,0.103806617030771,0.8642659279778393,0.5766423357664233,0.9316239316239316,0.6638655462184874,0.9038142620232172,0.6171875,0.5,79.0,545.0,40.0,58.0,0.01979768353203,2.1880881684462286,0.014331590288363172
339,catboost_n300_d7_lr0.2,ok,11.82,0.8757377253727618,0.6400225277013608,0.1144949732622625,0.8559556786703602,0.4233576642335766,0.9572649572649572,0.6987951807228916,0.8763693270735524,0.5272727272727272,0.5,58.0,560.0,25.0,79.0,0.01979851154318521,2.1876430889441574,0.01434780528311319
340,catboost_plain_n300_d4_lr0.1,ok,2.99,0.8757190092956515,0.650118824823436,0.1078477221497864,0.8628808864265928,0.4744525547445255,0.953846153846154,0.7065217391304348,0.8857142857142857,0.5676855895196506,0.5,65.0,558.0,27.0,72.0,0.019799753430128502,2.1869755030259186,0.014372156179400575
341,catboost_n300_d4_lr0.1,ok,3.25,0.8757190092956515,0.650118824823436,0.1078477221497864,0.8628808864265928,0.4744525547445255,0.953846153846154,0.7065217391304348,0.8857142857142857,0.5676855895196506,0.5,65.0,558.0,27.0,72.0,0.019799753430128502,2.1869755030259186,0.014372156179400575
342,"hybrid_dnn(64,)_conv(8, 16, 32)_gbdt50-3-0.1_gbdt_heavy",ok,4.33,0.8757002932185414,0.6566344340452626,0.105059219316479,0.8587257617728532,0.5401459854014599,0.9333333333333332,0.6548672566371682,0.896551724137931,0.592,0.5,74.0,546.0,39.0,63.0,0.01980099516134952,2.1863079571022994,0.01439654119177236
343,"hybrid_dnn(64, 32, 16)_conv(8, 16, 32)_gbdt100-5-0.05_gbdt_heavy",ok,6.04,0.8756753384490611,0.6607292834381577,0.1028168848436342,0.8656509695290858,0.5547445255474452,0.9384615384615383,0.6785714285714286,0.9,0.6104417670682731,0.5,76.0,549.0,36.0,61.0,0.019802650560791973,2.1854179580705653,0.014429107671546593
344,catboost_n800_d6_lr0.2,ok,17.69,0.8756441449872107,0.6478383267320369,0.1138165862995091,0.8614958448753463,0.4598540145985401,0.9555555555555556,0.7078651685393258,0.8830963665086888,0.5575221238938053,0.5,63.0,559.0,26.0,74.0,0.019804719420962645,2.1843055592176617,0.01446990127538017
345,catboost_n200_d7_lr0.2,ok,7.54,0.8756379062948407,0.6435759813385558,0.1135833438764316,0.8587257617728532,0.4306569343065693,0.958974358974359,0.7108433734939759,0.8779342723004695,0.5363636363636364,0.5,59.0,561.0,24.0,78.0,0.01980513314112293,2.1840830927689745,0.014478071409668947
346,catboost_n300_d7_lr0.001,ok,12.23,0.8756004741406201,0.644794159010594,0.17323053350678,0.8379501385041551,0.1532846715328467,0.9982905982905984,0.9545454545454546,0.8342857142857143,0.2641509433962264,0.5,21.0,584.0,1.0,116.0,0.019807615099056073,2.182748387304711,0.014527172219097939
347,catboost_n100_d7_lr0.1,ok,3.81,0.8755755193711399,0.6590739196969526,0.1031246909289811,0.8559556786703602,0.3868613138686131,0.9658119658119658,0.726027397260274,0.8705701078582434,0.5047619047619047,0.5,53.0,565.0,20.0,84.0,0.019809269392013405,2.1818586724282536,0.01455998238129641
348,"hybrid_dnn(64,)_conv(16, 32)_gbdt50-3-0.1_gbdt_heavy",ok,4.43,0.8755505646016595,0.6512962105267274,0.1052534590319777,0.8642659279778393,0.5693430656934306,0.9333333333333332,0.6666666666666666,0.9024793388429752,0.6141732283464567,0.5,78.0,546.0,39.0,59.0,0.01981092340851719,2.1809690285424064,0.014592853671926642
349,"hybrid_dnn(64, 32, 16)_conv(16,)_gbdt100-3-0.1_gbdt_heavy",ok,5.48,0.8755380872169193,0.647047750142718,0.103380865386423,0.871191135734072,0.583941605839416,0.9384615384615383,0.6896551724137931,0.905940594059406,0.6324110671936759,0.5,80.0,549.0,36.0,57.0,0.019811750313119925,2.180524233214942,0.014609312266410268
350,xgboost_n800_d9_lr0.1,ok,3.49,0.8754507455237381,0.6248932087956527,0.1145562235552527,0.853185595567867,0.5109489051094891,0.9333333333333332,0.6422018348623854,0.8907014681892332,0.5691056910569106,0.5,70.0,546.0,39.0,67.0,0.019817536711336264,2.1774111625198884,0.014724951784039875
351,"hybrid_dnn(128, 64)_conv(16, 32)_gbdt100-5-0.05_gbdt_heavy",ok,5.15,0.8754507455237381,0.6607251779533407,0.1031052067279808,0.8614958448753463,0.5620437956204379,0.9316239316239316,0.6581196581196581,0.9008264462809916,0.6062992125984252,0.5,77.0,545.0,40.0,60.0,0.019817536711336264,2.1774111625198884,0.014724951784039875
352,"hybrid_dnn(32,)_conv(8, 16)_gbdt200-5-0.05_gbdt_heavy",ok,5.22,0.8754507455237381,0.6540305689772885,0.1023615734059233,0.8628808864265928,0.5401459854014599,0.9384615384615383,0.6727272727272727,0.8970588235294118,0.5991902834008097,0.5,74.0,549.0,36.0,63.0,0.019817536711336264,2.1774111625198884,0.014724951784039875
353,"hybrid_dnn(64,)_conv(8, 16, 32)_gbdt100-5-0.05_gbdt_heavy",ok,4.57,0.875438268138998,0.6615964115946087,0.1025825152230063,0.8698060941828255,0.5547445255474452,0.9435897435897436,0.6972477064220184,0.9004893964110929,0.6178861788617886,0.5,76.0,552.0,33.0,61.0,0.019818363063467157,2.1769665090484596,0.014741533176776733
354,xgboost_n500_d7_lr0.1,ok,2.98,0.8754195520618879,0.6285605544399787,0.1146906069253271,0.8518005540166205,0.4817518248175182,0.9384615384615383,0.6470588235294118,0.885483870967742,0.5523012552301255,0.5,66.0,549.0,36.0,71.0,0.019819602462251056,2.176299562067772,0.014766434137944984
355,"hybrid_dnn(128, 64)_conv(16,)_gbdt50-3-0.1_gbdt_heavy",ok,4.33,0.8753758812152972,0.6585344015473247,0.1042941709041277,0.8656509695290858,0.5766423357664233,0.9333333333333332,0.6694915254237288,0.9039735099337748,0.6196078431372549,0.5,79.0,546.0,39.0,58.0,0.01982249378896836,2.1747435074608688,0.014824671299625614
356,lightgbm_goss_n200_leaves63_lr0.05,ok,0.6,0.8753571651381871,0.6504872287345158,0.1017916769549981,0.8614958448753463,0.5255474452554745,0.9401709401709402,0.6728971962616822,0.8943089430894309,0.5901639344262295,0.5,72.0,550.0,35.0,65.0,0.01982373267029567,2.174076693330408,0.01484968799046349
357,lightgbm_goss_n200_leaves31_lr0.05,ok,0.56,0.8753571651381871,0.6504872287345158,0.1017916769549981,0.8614958448753463,0.5255474452554745,0.9401709401709402,0.6728971962616822,0.8943089430894309,0.5901639344262295,0.5,72.0,550.0,35.0,65.0,0.01982373267029567,2.174076693330408,0.01484968799046349
358,"hybrid_dnn(128, 64)_conv(16, 32)_gbdt50-3-0.1_gbdt_heavy",ok,4.59,0.8753509264458169,0.6518619891515505,0.1053415948658538,0.8587257617728532,0.5547445255474452,0.92991452991453,0.6495726495726496,0.8991735537190083,0.5984251968503937,0.5,76.0,544.0,41.0,61.0,0.019824145596253194,2.1738544308067604,0.014858034617955651
359,"hybrid_dnn(64, 32)_conv(8, 16, 32)_gbdt200-5-0.05_gbdt_heavy",ok,5.3,0.8753134942915964,0.6573053606667197,0.1018810293206199,0.8614958448753463,0.5474452554744526,0.935042735042735,0.6637168141592921,0.8981937602627258,0.6,0.5,75.0,547.0,38.0,62.0,0.019826622789979462,2.1725209486022306,0.014908195645119915
360,catboost_n500_d6_lr0.05,ok,11.29,0.8753010169068562,0.6462815751843273,0.1075479601387545,0.8614958448753463,0.4525547445255474,0.9572649572649572,0.7126436781609196,0.8818897637795275,0.5535714285714286,0.5,62.0,560.0,25.0,75.0,0.019827448383334622,2.172076489931549,0.014924946975919395
361,catboost_n300_d6_lr0.05,ok,7.0,0.8752885395221163,0.6495904232847997,0.1043349204633215,0.8614958448753463,0.437956204379562,0.9606837606837608,0.7228915662650602,0.8794992175273866,0.5454545454545454,0.5,60.0,562.0,23.0,77.0,0.019828273907760232,2.1716320489556193,0.01494171381836329
362,catboost_plain_n300_d6_lr0.05,ok,6.67,0.8752885395221163,0.6495904232847997,0.1043349204633215,0.8614958448753463,0.437956204379562,0.9606837606837608,0.7228915662650602,0.8794992175273866,0.5454545454545454,0.5,60.0,562.0,23.0,77.0,0.019828273907760232,2.1716320489556193,0.01494171381836329
363,"hybrid_dnn(64, 32, 16)_conv(8, 16, 32)_gbdt50-3-0.1_gbdt_heavy",ok,5.55,0.8751512882899743,0.6554988901743208,0.1054096708026793,0.8601108033240997,0.5401459854014599,0.935042735042735,0.6607142857142857,0.8967213114754098,0.5943775100401606,0.5,74.0,547.0,38.0,63.0,0.01983735012947215,2.166744365387238,0.015127175849717012
364,"hybrid_dnn(64,)_conv(16, 32)_gbdt100-5-0.05_gbdt_heavy",ok,5.04,0.8751263335204941,0.6542801599578508,0.1030767989476533,0.8614958448753463,0.5620437956204379,0.9316239316239316,0.6581196581196581,0.9008264462809916,0.6062992125984252,0.5,77.0,545.0,40.0,60.0,0.019838999456491004,2.1658559253985534,0.015161099096708153
365,"hybrid_dnn(128, 64)_conv(16,)_gbdt100-3-0.1_gbdt_heavy",ok,4.4,0.8751013787510137,0.6499125857903291,0.1035130640151621,0.8670360110803325,0.5766423357664233,0.935042735042735,0.6752136752136753,0.9041322314049588,0.6220472440944882,0.5,79.0,547.0,38.0,58.0,0.019840648508257484,2.164967556054549,0.015195084977553619
366,"hybrid_dnn(32,)_conv(32, 64)_gbdt200-5-0.05_gbdt_heavy",ok,6.52,0.8750889013662736,0.6561374378855684,0.1008614531106779,0.8587257617728532,0.5255474452554745,0.9367521367521368,0.6605504587155964,0.8939641109298532,0.5853658536585366,0.5,72.0,548.0,37.0,65.0,0.019841472930941798,2.1645233978683205,0.015212101431945624
367,"hybrid_dnn(64, 32)_conv(16, 32)_gbdt200-5-0.05_gbdt_heavy",ok,5.67,0.8750889013662736,0.647580584950446,0.1027668366800697,0.8656509695290858,0.5766423357664233,0.9333333333333332,0.6694915254237288,0.9039735099337748,0.6196078431372549,0.5,79.0,546.0,39.0,58.0,0.019841472930941798,2.1645233978683205,0.015212101431945624
368,"hybrid_dnn(128, 64)_conv(8, 16)_gbdt50-3-0.1_gbdt_heavy",ok,4.75,0.8750639465967933,0.6532179977122649,0.1049283337585134,0.8628808864265928,0.5693430656934306,0.9316239316239316,0.6610169491525424,0.902317880794702,0.611764705882353,0.5,78.0,545.0,40.0,59.0,0.019843121569954134,2.1636351344554234,0.01524618142124301
369,catboost_plain_n100_d8_lr0.1,ok,6.97,0.8750639465967933,0.6284802972441166,0.1077944440978987,0.8518005540166205,0.364963503649635,0.9658119658119658,0.7142857142857143,0.8665644171779141,0.4830917874396135,0.5,50.0,565.0,20.0,87.0,0.019843121569954134,2.1636351344554234,0.01524618142124301
370,catboost_n100_d8_lr0.1,ok,7.87,0.8750639465967933,0.6284802972441166,0.1077944440978987,0.8518005540166205,0.364963503649635,0.9658119658119658,0.7142857142857143,0.8665644171779141,0.4830917874396135,0.5,50.0,565.0,20.0,87.0,0.019843121569954134,2.1636351344554234,0.01524618142124301
371,rf_n500_d10_balanced,ok,6.89,0.8750514692120531,0.6383128970799531,0.1128598467393794,0.8476454293628809,0.5766423357664233,0.9111111111111112,0.6030534351145038,0.9018612521150592,0.5895522388059702,0.5,79.0,533.0,52.0,58.0,0.019843945786298726,2.163191029223968,0.015263244977186674
372,rf_n200_d5_None,ok,2.73,0.8749454114417616,0.650605162183887,0.1071520421356583,0.8490304709141274,0.2481751824817518,0.9897435897435898,0.85,0.8489736070381232,0.384180790960452,0.5,34.0,579.0,6.0,103.0,0.019850948849745503,2.1594168470048345,0.015408921023687294
373,xgboost_n800_d9_lr0.05,ok,4.78,0.8749142179799114,0.6343028344866315,0.1115346707764153,0.8559556786703602,0.4817518248175182,0.9435897435897436,0.6666666666666666,0.8860353130016051,0.559322033898305,0.5,66.0,552.0,33.0,71.0,0.019853007629533452,2.1583070358407617,0.015451984032783916
374,xgboost_n300_d11_lr0.05,ok,3.22,0.8749017405951713,0.6576224783197157,0.1054221654066137,0.8642659279778393,0.4817518248175182,0.953846153846154,0.7096774193548387,0.8871224165341812,0.5739130434782609,0.5,66.0,558.0,27.0,71.0,0.019853831021265,2.157863142213099,0.015469236942828313
375,lightgbm_goss_n100_leaves31_lr0.05,ok,0.39,0.8749017405951712,0.6610747482267678,0.0993521423653786,0.8642659279778393,0.5255474452554745,0.9435897435897436,0.6857142857142857,0.8946515397082658,0.5950413223140496,0.5,72.0,552.0,33.0,65.0,0.019853831021265006,2.157863142213095,0.015469236942828424
376,lightgbm_goss_n100_leaves63_lr0.05,ok,0.4,0.8749017405951712,0.6610747482267678,0.0993521423653786,0.8642659279778393,0.5255474452554745,0.9435897435897436,0.6857142857142857,0.8946515397082658,0.5950413223140496,0.5,72.0,552.0,33.0,65.0,0.019853831021265006,2.157863142213095,0.015469236942828424
377,catboost_n300_d6_lr0.001,ok,6.91,0.8748767858256911,0.647185230279407,0.1740133992752135,0.8351800554016621,0.1386861313868613,0.9982905982905984,0.95,0.8319088319088319,0.2420382165605095,0.5,19.0,584.0,1.0,118.0,0.01985547759874446,2.1569754078097163,0.0155037903176799
378,xgboost_n800_d11_lr0.1,ok,3.26,0.8748580697485807,0.6175414407688167,0.1160319368963728,0.8490304709141274,0.4890510948905109,0.9333333333333332,0.6320754716981132,0.8863636363636364,0.551440329218107,0.5,67.0,546.0,39.0,70.0,0.01985671235165093,2.1563096532432224,0.015529747000826655
379,xgboost_n200_d9_lr0.2,ok,1.38,0.8748455923638406,0.6314990218083089,0.1152555686004775,0.8587257617728532,0.5109489051094891,0.9401709401709402,0.6666666666666666,0.8914100486223663,0.5785123966942148,0.5,70.0,550.0,35.0,67.0,0.019857535434459717,2.1558658388782534,0.015547071310359373
380,catboost_n300_d6_lr0.2,ok,6.75,0.8748455923638405,0.646063261093308,0.1126256901442617,0.8614958448753463,0.4598540145985401,0.9555555555555556,0.7078651685393258,0.8830963665086888,0.5575221238938053,0.5,63.0,559.0,26.0,74.0,0.019857535434459738,2.155865838878249,0.015547071310359595
381,"hybrid_dnn(64,)_conv(16,)_gbdt50-3-0.1_gbdt_heavy",ok,3.71,0.8748143989019901,0.6534544822453338,0.1043111516602151,0.868421052631579,0.5766423357664233,0.9367521367521368,0.6810344827586207,0.9042904290429042,0.6245059288537549,0.5,79.0,548.0,37.0,58.0,0.019859592841257608,2.15475637999282,0.015590451650632331
382,"hybrid_dnn(128, 64)_conv(16,)_gbdt100-5-0.05_gbdt_heavy",ok,4.23,0.8748143989019901,0.6619217318040037,0.1022657885066962,0.8670360110803325,0.5912408759124088,0.9316239316239316,0.6694214876033058,0.9068219633943428,0.627906976744186,0.5,81.0,545.0,40.0,56.0,0.019859592841257608,2.15475637999282,0.015590451650632331
383,"hybrid_dnn(128, 64)_conv(8, 16, 32)_gbdt50-3-0.1_gbdt_heavy",ok,4.52,0.87480192151725,0.6568006204933082,0.1052054168974201,0.8587257617728532,0.5474452554744526,0.9316239316239316,0.6521739130434783,0.8978583196046128,0.5952380952380952,0.5,75.0,545.0,40.0,62.0,0.019860415683908776,2.1543126272431876,0.015607831641078929
384,lightgbm_n300_leaves31_lr0.01,ok,2.0,0.87480192151725,0.6750770469854646,0.0985592336074136,0.8739612188365651,0.4963503649635036,0.9623931623931624,0.7555555555555555,0.8908227848101266,0.5991189427312775,0.5,68.0,563.0,22.0,69.0,0.019860415683908776,2.1543126272431876,0.015607831641078929
385,lightgbm_n300_leaves255_lr0.01,ok,1.94,0.87480192151725,0.6750770469854646,0.0985592336074136,0.8739612188365651,0.4963503649635036,0.9623931623931624,0.7555555555555555,0.8908227848101266,0.5991189427312775,0.5,68.0,563.0,22.0,69.0,0.019860415683908776,2.1543126272431876,0.015607831641078929
386,lightgbm_n300_leaves127_lr0.01,ok,1.97,0.87480192151725,0.6750770469854646,0.0985592336074136,0.8739612188365651,0.4963503649635036,0.9623931623931624,0.7555555555555555,0.8908227848101266,0.5991189427312775,0.5,68.0,563.0,22.0,69.0,0.019860415683908776,2.1543126272431876,0.015607831641078929
387,lightgbm_n300_leaves63_lr0.01,ok,1.94,0.87480192151725,0.6750770469854646,0.0985592336074136,0.8739612188365651,0.4963503649635036,0.9623931623931624,0.7555555555555555,0.8908227848101266,0.5991189427312775,0.5,68.0,563.0,22.0,69.0,0.019860415683908776,2.1543126272431876,0.015607831641078929
388,catboost_n100_d7_lr0.05,ok,3.82,0.874714579824069,0.6547093897460828,0.1026065985863635,0.8490304709141274,0.3357664233576642,0.9692307692307692,0.71875,0.8617021276595744,0.4577114427860697,0.5,46.0,567.0,18.0,91.0,0.01986617366218789,2.151206850634518,0.015729938280835243
389,xgboost_n500_d9_lr0.05,ok,4.15,0.8747145798240689,0.637289782656364,0.1096826372620857,0.853185595567867,0.4744525547445255,0.941880341880342,0.6565656565656566,0.884430176565008,0.5508474576271186,0.5,65.0,551.0,34.0,72.0,0.01986617366218789,2.151206850634514,0.015729938280835354
390,xgboost_n500_d5_lr0.2,ok,2.2,0.8746709089774783,0.6215371227740398,0.1190843446576561,0.8518005540166205,0.4744525547445255,0.9401709401709402,0.65,0.8842443729903537,0.5485232067510548,0.5,65.0,550.0,35.0,72.0,0.01986905139172485,2.149654285456427,0.01579128549813924
391,catboost_n800_d6_lr0.05,ok,17.52,0.8745898059766674,0.6362384419538499,0.1093594267634095,0.868421052631579,0.4525547445255474,0.9658119658119658,0.7560975609756098,0.8828125,0.5662100456621004,0.5,62.0,565.0,20.0,75.0,0.019874393520226928,2.1467715212026905,0.015905737816483967
392,catboost_n800_d4_lr0.1,ok,7.49,0.874571089899557,0.6445036553096022,0.1132828094004439,0.8614958448753463,0.4744525547445255,0.952136752136752,0.6989247311827957,0.8855325914149443,0.5652173913043478,0.5,65.0,557.0,28.0,72.0,0.01987562590828231,2.146106373288199,0.015932246461316635
393,catboost_n200_d6_lr0.2,ok,4.45,0.8745336577453366,0.6479138709237969,0.111751022926801,0.8601108033240997,0.4452554744525547,0.9572649572649572,0.7093023255813954,0.8805031446540881,0.547085201793722,0.5,61.0,560.0,25.0,76.0,0.019878090222412968,2.144776195947023,0.01598537265684752
394,catboost_n300_d8_lr0.001,ok,22.03,0.8745274190529665,0.6371161238517863,0.1737858476637309,0.8351800554016621,0.1386861313868613,0.9982905982905984,0.95,0.8319088319088319,0.2420382165605095,0.5,19.0,584.0,1.0,118.0,0.01987850088156041,2.144554515079551,0.015994241155709354
395,"hybrid_dnn(128, 64)_conv(8, 16, 32)_gbdt100-5-0.05_gbdt_heavy",ok,4.99,0.8745149416682264,0.6626172846270106,0.1026689847854862,0.8642659279778393,0.5474452554744526,0.9384615384615383,0.6756756756756757,0.8985270049099836,0.6048387096774194,0.5,75.0,549.0,36.0,62.0,0.019879322148543665,2.1441111665042762,0.016011990279352517
396,catboost_n500_d7_lr0.05,ok,19.25,0.874489986898746,0.6502919442104191,0.1111004666752131,0.8559556786703602,0.3941605839416058,0.964102564102564,0.72,0.8717156105100463,0.5094339622641509,0.5,54.0,564.0,21.0,83.0,0.019880964477292425,2.143224521984045,0.01604753706758011
397,histgbdt_n100_lr0.03,ok,2.35,0.8744463160521555,0.6730693902929741,0.0989189270663046,0.8725761772853186,0.4671532846715328,0.9675213675213676,0.7710843373493976,0.8857589984350548,0.5818181818181818,0.5,64.0,566.0,19.0,73.0,0.019883837894366683,2.1416730628797147,0.01610989990460776
398,"hybrid_dnn(32,)_conv(16, 32)_gbdt200-5-0.05_gbdt_heavy",ok,5.15,0.8744151225903051,0.6518424522373941,0.1028796132867706,0.8614958448753463,0.5620437956204379,0.9316239316239316,0.6581196581196581,0.9008264462809916,0.6062992125984252,0.5,77.0,545.0,40.0,60.0,0.01988588982238677,2.1405650092948663,0.016154566526761838
399,catboost_n200_d8_lr0.001,ok,14.76,0.8744026452055649,0.638768621322843,0.1931131983983406,0.8337950138504155,0.1313868613138686,0.9982905982905984,0.9473684210526316,0.8307254623044097,0.2307692307692307,0.5,18.0,584.0,1.0,119.0,0.019886710473987202,2.140121818532153,0.01617246162482855
400,catboost_n500_d4_lr0.05,ok,4.94,0.874334019589494,0.6596886838769892,0.1055192259560403,0.8587257617728532,0.4525547445255474,0.953846153846154,0.6966292134831461,0.8815165876777251,0.5486725663716814,0.5,62.0,558.0,27.0,75.0,0.019891222836522632,2.137684582494592,0.01627117582476334
401,xgboost_n300_d9_lr0.2,ok,1.72,0.8743090648200138,0.627128579436228,0.1175220694559701,0.8587257617728532,0.5109489051094891,0.9401709401709402,0.6666666666666666,0.8914100486223663,0.5785123966942148,0.5,70.0,550.0,35.0,67.0,0.019892863183380478,2.136798446188847,0.01630719428966676
402,catboost_n100_d7_lr0.01,ok,3.83,0.8741780522802421,0.6438299800281024,0.1179010955889126,0.8448753462603878,0.218978102189781,0.9914529914529916,0.8571428571428571,0.8442503639010189,0.3488372093023256,0.5,30.0,580.0,5.0,107.0,0.0199014705254495,2.1321473789123604,0.016497366372015154
403,catboost_n300_d7_lr0.05,ok,11.59,0.874178052280242,0.6566386480008359,0.1074943092751173,0.850415512465374,0.3722627737226277,0.9623931623931624,0.6986301369863014,0.8674884437596302,0.4857142857142857,0.5,51.0,563.0,22.0,86.0,0.0199014705254495,2.132147378912357,0.016497366372015265
404,"hybrid_dnn(64,)_conv(16,)_gbdt100-5-0.05_gbdt_heavy",ok,3.73,0.8741530975107616,0.6593762962529887,0.1023424972323173,0.8628808864265928,0.5693430656934306,0.9316239316239316,0.6610169491525424,0.902317880794702,0.611764705882353,0.5,78.0,545.0,40.0,59.0,0.019903109166539514,2.131261679922008,0.016533795061437484
405,"hybrid_dnn(64,)_conv(16,)_gbdt100-3-0.1_gbdt_heavy",ok,3.57,0.8741281427412815,0.6487368102449538,0.1035886394651404,0.8656509695290858,0.5693430656934306,0.935042735042735,0.6724137931034483,0.9026402640264026,0.616600790513834,0.5,78.0,547.0,38.0,59.0,0.01990474753494312,2.130376050833449,0.01657028969744123
406,catboost_n200_d7_lr0.001,ok,8.29,0.8740719945099508,0.6436318240305456,0.19325120705026,0.8351800554016621,0.1386861313868613,0.9982905982905984,0.95,0.8319088319088319,0.2420382165605095,0.5,19.0,584.0,1.0,118.0,0.01990843286717915,2.128383640864522,0.016652644190206067
407,xgboost_n500_d9_lr0.2,ok,2.22,0.8740220849709901,0.6224198350878256,0.1193118468246035,0.8518005540166205,0.4817518248175182,0.9384615384615383,0.6470588235294118,0.885483870967742,0.5523012552301255,0.5,66.0,549.0,36.0,71.0,0.01991170756001482,2.1266129066089183,0.016726129612347096
408,xgboost_n800_d7_lr0.1,ok,3.5,0.8739846528167696,0.622809915422883,0.1163357610708369,0.8559556786703602,0.4963503649635036,0.9401709401709402,0.6601941747572816,0.8885298869143781,0.5666666666666667,0.5,68.0,550.0,35.0,69.0,0.01991416286470827,2.1252850391569487,0.01678141793499388
409,catboost_n800_d7_lr0.05,ok,29.96,0.8739659367396595,0.6459123946480488,0.1135389911053836,0.853185595567867,0.3941605839416058,0.9606837606837608,0.7012987012987013,0.8713178294573644,0.5046728971962616,0.5,54.0,562.0,23.0,83.0,0.019915390287332694,2.12462116430686,0.016809118210023177
410,"hybrid_dnn(32,)_conv(8, 16, 32)_gbdt200-5-0.05_gbdt_heavy",ok,4.91,0.8739285045854389,0.6571624723599231,0.1021070352415991,0.8573407202216067,0.5328467153284672,0.9333333333333332,0.6517857142857143,0.8950819672131147,0.5863453815261044,0.5,73.0,546.0,39.0,64.0,0.019917844673273878,2.123293532318609,0.0168646311690952
411,lightgbm_dart_n100_leaves15_lr0.1,ok,0.65,0.8739097885083287,0.6757511625788807,0.0988032828789524,0.8670360110803325,0.4890510948905109,0.9555555555555556,0.7204301075268817,0.8887122416534181,0.5826086956521739,0.5,67.0,559.0,26.0,70.0,0.01991907163664543,2.122629775164518,0.016892443925817124
412,"hybrid_dnn(64, 32)_conv(16,)_gbdt200-5-0.05_gbdt_heavy",ok,5.05,0.8738910724312184,0.6534205192944758,0.101999962450735,0.8628808864265928,0.5474452554744526,0.9367521367521368,0.6696428571428571,0.898360655737705,0.6024096385542169,0.5,75.0,548.0,37.0,62.0,0.019920298446987405,2.1219660572264964,0.016920294249137657
413,catboost_n100_d5_lr0.01,ok,1.54,0.873772537276187,0.648779510105703,0.120840253679483,0.8407202216066482,0.1824817518248175,0.9948717948717948,0.8928571428571429,0.8386167146974063,0.303030303030303,0.5,25.0,582.0,3.0,112.0,0.01992806469389742,2.1177634204564786,0.017097554357416778
414,catboost_n100_d6_lr0.001,ok,2.62,0.8736415247364153,0.6523850356464495,0.2184862787267211,0.8365650969529086,0.145985401459854,0.9982905982905984,0.9523809523809524,0.833095577746077,0.2531645569620253,0.5,20.0,584.0,1.0,117.0,0.019936641308734883,2.1131202281466455,0.017295239374056415
415,xgboost_n800_d5_lr0.01,ok,7.6,0.873629047351675,0.6550088164394312,0.1024071610229843,0.8628808864265928,0.4671532846715328,0.9555555555555556,0.7111111111111111,0.884493670886076,0.5638766519823789,0.5,64.0,559.0,26.0,73.0,0.019937457738972694,2.11267811932569,0.017314163660399173
416,catboost_n500_d4_lr0.1,ok,4.89,0.8736228086593051,0.6440674504824093,0.1116132858403729,0.8601108033240997,0.4671532846715328,0.952136752136752,0.6956521739130435,0.8841269841269841,0.5589519650655022,0.5,64.0,557.0,28.0,73.0,0.019937865928654392,2.1124570714315034,0.017323632155148205
417,catboost_n100_d7_lr0.2,ok,3.99,0.8735417056584941,0.6424497509885354,0.1102513858968395,0.8573407202216067,0.4087591240875912,0.9623931623931624,0.717948717948718,0.8742236024844721,0.5209302325581395,0.5,56.0,563.0,22.0,81.0,0.019943170851813984,2.1095838439856367,0.017447108573313885
418,catboost_n200_d6_lr0.001,ok,4.96,0.8735042735042735,0.6489229341282898,0.1937013849103828,0.8351800554016621,0.1386861313868613,0.9982905982905984,0.95,0.8319088319088319,0.2420382165605095,0.5,19.0,584.0,1.0,118.0,0.019945618311962145,2.1082579864284643,0.01750433997613121
419,xgboost_n800_d5_lr0.2,ok,2.51,0.8734980348119034,0.6173903572985456,0.1196840947051477,0.850415512465374,0.4744525547445255,0.9384615384615383,0.6435643564356436,0.8840579710144928,0.5462184873949579,0.5,65.0,549.0,36.0,72.0,0.019946026162699117,2.108037025354406,0.017513893452166585
420,histgbdt_n300_lr0.01,ok,5.62,0.8734793187347932,0.6728805269895726,0.0993977159589638,0.8753462603878116,0.4817518248175182,0.9675213675213676,0.7764705882352941,0.8885400313971743,0.5945945945945946,0.5,66.0,566.0,19.0,71.0,0.019947249613293923,2.107374168158616,0.017542579465524732
421,catboost_n500_d5_lr0.001,ok,7.5,0.8733670222721318,0.6408228732102416,0.1497341336935879,0.8337950138504155,0.1386861313868613,0.9965811965811966,0.9047619047619048,0.8316690442225392,0.240506329113924,0.5,19.0,583.0,2.0,118.0,0.019954587117350406,2.103397844407971,0.017715503363422203
422,xgboost_n100_d7_lr0.1,ok,1.21,0.8732859192713207,0.6383192797836025,0.1068197235078663,0.8587257617728532,0.4671532846715328,0.9504273504273504,0.6881720430107527,0.8839427662957074,0.5565217391304348,0.5,64.0,556.0,29.0,73.0,0.01995988301700655,2.1005269279819565,0.017841257194481375
423,xgboost_n800_d9_lr0.2,ok,2.55,0.8732734418865806,0.6220955404470635,0.1200017183682508,0.8490304709141274,0.4817518248175182,0.935042735042735,0.6346153846153846,0.8851132686084142,0.5477178423236515,0.5,66.0,547.0,38.0,71.0,0.019960697517206177,2.100085313467303,0.017860668505859656
424,catboost_n800_d4_lr0.05,ok,7.46,0.87322353234762,0.6545760257747539,0.1090956105292041,0.8628808864265928,0.4744525547445255,0.953846153846154,0.7065217391304348,0.8857142857142857,0.5676855895196506,0.5,65.0,558.0,27.0,72.0,0.01996395484206204,2.0983190284802533,0.017938486350837612
425,lightgbm_dart_n300_leaves15_lr0.05,ok,1.69,0.8731798615010293,0.670466072143185,0.098976949349021,0.868421052631579,0.5036496350364964,0.953846153846154,0.71875,0.8913738019169329,0.592274678111588,0.5,69.0,558.0,27.0,68.0,0.019966804114433735,2.096773756186001,0.018006803907594793
426,rf_n800_d10_balanced,ok,10.88,0.8731673841162892,0.6324147501067875,0.1132319719780823,0.8448753462603878,0.5766423357664233,0.9076923076923076,0.5939849624060151,0.9015280135823428,0.5851851851851851,0.5,79.0,531.0,54.0,58.0,0.019967618040269086,2.096332288727492,0.018026362183504507
427,catboost_n100_d8_lr0.01,ok,7.19,0.873148668039179,0.6463797881315048,0.1186345395989959,0.8448753462603878,0.2043795620437956,0.9948717948717948,0.9032258064516128,0.8422575976845152,0.3333333333333333,0.5,28.0,582.0,3.0,109.0,0.019968838802397828,2.095670119957016,0.018055732116629586
428,adaboost_n50_lr0.5,ok,1.2,0.873142429346809,0.6253724680551862,0.1468948480551322,0.8476454293628809,0.4087591240875912,0.9504273504273504,0.6588235294117647,0.8728414442700158,0.5045045045045045,0.5,56.0,556.0,29.0,81.0,0.01996924568934495,2.0954494056769666,0.01806553077160178
429,xgboost_n100_d11_lr0.1,ok,1.3,0.8730738037307381,0.6404905709735682,0.1054883458689123,0.8573407202216067,0.4598540145985401,0.9504273504273504,0.6847826086956522,0.8825396825396825,0.5502183406113537,0.5,63.0,556.0,29.0,74.0,0.019973720331930303,2.0930218337336197,0.01817360277674751
430,xgboost_n200_d11_lr0.05,ok,2.5,0.8728804042672657,0.6552492565799791,0.1036168216869189,0.8628808864265928,0.4598540145985401,0.9572649572649572,0.7159090909090909,0.8832807570977917,0.56,0.5,63.0,560.0,25.0,74.0,0.019986319711166056,2.086183304386773,0.018481010992674296
431,"hybrid_dnn(64, 32, 16)_conv(8, 16)_gbdt200-5-0.05_gbdt_heavy",ok,6.7,0.8727930625740844,0.6491232619891735,0.1028332915968661,0.8642659279778393,0.5620437956204379,0.935042735042735,0.6695652173913044,0.9011532125205932,0.6111111111111112,0.5,77.0,547.0,38.0,60.0,0.01999200444773145,2.0830962941446467,0.018621223557492184
432,xgboost_n100_d11_lr0.2,ok,1.0,0.8727493917274939,0.6349761135378514,0.1113875909743643,0.8601108033240997,0.4890510948905109,0.947008547008547,0.6836734693877551,0.8878205128205128,0.5702127659574469,0.5,67.0,554.0,31.0,70.0,0.019994845579289464,2.0815531054842755,0.018691654298755855
433,xgboost_n200_d7_lr0.05,ok,2.3,0.8726495726495727,0.6397121328258787,0.1052034448783163,0.8614958448753463,0.4671532846715328,0.953846153846154,0.7032967032967034,0.884310618066561,0.5614035087719298,0.5,64.0,558.0,27.0,73.0,0.02000133650050966,2.078026608685878,0.018853454219365795
434,"hybrid_dnn(32,)_conv(16,)_gbdt200-5-0.05_gbdt_heavy",ok,4.4,0.8726433339572025,0.6582147216007328,0.1022232448357349,0.8587257617728532,0.5401459854014599,0.9333333333333332,0.6548672566371682,0.896551724137931,0.592,0.5,74.0,546.0,39.0,63.0,0.02000174204023454,2.0778062391832215,0.018863604474444573
435,xgboost_n300_d9_lr0.05,ok,3.27,0.8725559922640215,0.6418258835852462,0.1071104145148995,0.8587257617728532,0.4744525547445255,0.9487179487179488,0.6842105263157895,0.8851674641148325,0.5603448275862069,0.5,65.0,555.0,30.0,72.0,0.02000741783282042,2.0747215172969993,0.019006175986866714
436,rf_n100_d5_balanced,ok,1.57,0.8724312184166199,0.6277663956347926,0.1301357775310046,0.8379501385041551,0.6715328467153284,0.8769230769230769,0.5609756097560976,0.9193548387096774,0.6112956810631229,0.5,92.0,513.0,72.0,45.0,0.02001552040127597,2.0703162314641514,0.019211370282453455
437,"hybrid_dnn(64,)_conv(8, 16)_gbdt200-5-0.05_gbdt_heavy",ok,4.78,0.8723813088776593,0.6517751254807574,0.1026712355689369,0.8642659279778393,0.5474452554744526,0.9384615384615383,0.6756756756756757,0.8985270049099836,0.6048387096774194,0.5,75.0,549.0,36.0,62.0,0.020018759550360636,2.0685545975250887,0.019293951102909546
438,"hybrid_dnn(64,)_conv(32, 64)_gbdt200-5-0.05_gbdt_heavy",ok,5.55,0.8723688314929191,0.6532263203165131,0.1011646541082896,0.8573407202216067,0.5182481751824818,0.9367521367521368,0.6574074074074074,0.8925081433224755,0.5795918367346938,0.5,71.0,548.0,37.0,66.0,0.020019569170025096,2.068114231903688,0.019314641365996255
439,"hybrid_dnn(64, 32, 16)_conv(16, 32)_gbdt200-5-0.05_gbdt_heavy",ok,6.7,0.8720818516438954,0.645342182721657,0.1031983138302103,0.8587257617728532,0.5474452554744526,0.9316239316239316,0.6521739130434783,0.8978583196046128,0.5952380952380952,0.5,75.0,545.0,40.0,62.0,0.02003817193877078,2.0579905487673438,0.019795520333713124
440,"hybrid_dnn(64, 32, 16)_conv(32, 64)_gbdt200-5-0.05_gbdt_heavy",ok,7.14,0.8719945099507144,0.6497139789986416,0.1012692171430589,0.8601108033240997,0.5401459854014599,0.935042735042735,0.6607142857142857,0.8967213114754098,0.5943775100401606,0.5,74.0,547.0,38.0,63.0,0.02004382662772479,2.054911223300031,0.01994379011591163
441,"hybrid_dnn(64,)_conv(16, 32)_gbdt200-5-0.05_gbdt_heavy",ok,4.75,0.8718447813338325,0.6503581354103877,0.1031919242179093,0.8601108033240997,0.5547445255474452,0.9316239316239316,0.6551724137931034,0.8993399339933993,0.6007905138339921,0.5,76.0,545.0,40.0,61.0,0.020053512767431354,2.049634325346481,0.02020006409894437
442,xgboost_n200_d11_lr0.2,ok,1.36,0.871801110487242,0.6258387376217268,0.1150063887159459,0.8559556786703602,0.5036496350364964,0.9384615384615383,0.6571428571428571,0.8897893030794165,0.5702479338842975,0.5,69.0,549.0,36.0,68.0,0.020056336081723452,2.048095692599834,0.020275311949858543
443,catboost_n800_d5_lr0.1,ok,10.49,0.8716700979474702,0.6362262970941996,0.1122725564070208,0.8739612188365651,0.5109489051094891,0.958974358974359,0.7446808510638298,0.893312101910828,0.6060606060606061,0.5,70.0,561.0,24.0,67.0,0.02006480112561361,2.043481046093137,0.02050242088988219
444,"hybrid_dnn(64,)_conv(8, 16, 32)_gbdt200-5-0.05_gbdt_heavy",ok,4.73,0.87165762056273,0.6563491153026481,0.1023576031887674,0.8573407202216067,0.5255474452554745,0.935042735042735,0.6545454545454545,0.8937908496732027,0.582995951417004,0.5,72.0,547.0,38.0,65.0,0.0200656069372392,2.0430416538083027,0.02052415744958047
445,"hybrid_dnn(128, 64)_conv(16, 32)_gbdt200-5-0.05_gbdt_heavy",ok,5.57,0.8716201884085095,0.6497410022463164,0.1031891793182842,0.8628808864265928,0.5620437956204379,0.9333333333333332,0.6637931034482759,0.900990099009901,0.6086956521739131,0.5,77.0,546.0,39.0,60.0,0.020068023972656987,2.041723579000612,0.020589479247492992
446,"hybrid_dnn(128, 64)_conv(8, 16)_gbdt200-5-0.05_gbdt_heavy",ok,5.42,0.8716077110237694,0.6530481055709877,0.1026855716164721,0.8628808864265928,0.5547445255474452,0.935042735042735,0.6666666666666666,0.899671052631579,0.6055776892430279,0.5,76.0,547.0,38.0,61.0,0.020068829518002415,2.04128425473934,0.020611290590317743
447,xgboost_n800_d7_lr0.01,ok,9.22,0.8715578014848087,0.6485625551866268,0.1032062733037626,0.8587257617728532,0.4671532846715328,0.9504273504273504,0.6881720430107527,0.8839427662957074,0.5565217391304348,0.5,64.0,556.0,29.0,73.0,0.020072051033955162,2.039527127672844,0.020698723310648925
448,lightgbm_dart_n200_leaves31_lr0.1,ok,1.54,0.8714766984839978,0.6725701633888713,0.1001103018215321,0.8614958448753463,0.5036496350364964,0.9452991452991452,0.6831683168316832,0.8904991948470209,0.5798319327731093,0.5,69.0,553.0,32.0,68.0,0.020077283727614706,2.0366723759419467,0.020841442272885757
449,lightgbm_dart_n200_leaves63_lr0.1,ok,1.53,0.8714766984839978,0.6725701633888713,0.1001103018215321,0.8614958448753463,0.5036496350364964,0.9452991452991452,0.6831683168316832,0.8904991948470209,0.5798319327731093,0.5,69.0,553.0,32.0,68.0,0.020077283727614706,2.0366723759419467,0.020841442272885757
450,"hybrid_dnn(128, 64)_conv(32, 64)_gbdt200-5-0.05_gbdt_heavy",ok,5.93,0.8714205502526671,0.653290873465839,0.1011324265306061,0.8587257617728532,0.5328467153284672,0.935042735042735,0.6576576576576577,0.8952536824877251,0.5887096774193549,0.5,73.0,547.0,38.0,64.0,0.020080904716441965,2.0346964295550864,0.020940713843315306
451,xgboost_n300_d7_lr0.2,ok,2.52,0.8713144924823757,0.607333341307483,0.1198706607196128,0.8448753462603878,0.4598540145985401,0.935042735042735,0.6237623762376238,0.8808373590982287,0.5294117647058824,0.5,63.0,547.0,38.0,74.0,0.020087740692060995,2.0309650235713663,0.021129271396750027
452,catboost_n100_d5_lr0.1,ok,1.55,0.8712895377128954,0.6504539456968352,0.1022095378856668,0.8656509695290858,0.437956204379562,0.9658119658119658,0.75,0.8800623052959502,0.5529953917050692,0.5,60.0,565.0,20.0,77.0,0.020089348459862266,2.030087223681562,0.021173836987321892
453,catboost_n200_d5_lr0.1,ok,2.94,0.8712521055586749,0.6404701416534045,0.1067385662511071,0.8670360110803325,0.4744525547445255,0.958974358974359,0.7303370786516854,0.8862559241706162,0.5752212389380531,0.5,65.0,561.0,24.0,72.0,0.020091759613931268,2.0287706509045185,0.021240827971402698
454,catboost_n500_d5_lr0.1,ok,7.13,0.8710836608646828,0.6344168453307971,0.1112445108799191,0.868421052631579,0.4963503649635036,0.9555555555555556,0.723404255319149,0.8901273885350318,0.5887445887445888,0.5,68.0,559.0,26.0,69.0,0.020102602422677966,2.022847958646096,0.02154441269649776
455,xgboost_n300_d11_lr0.2,ok,1.73,0.8710649447875726,0.6177598735773568,0.1170107478727668,0.8518005540166205,0.4963503649635036,0.935042735042735,0.6415094339622641,0.887987012987013,0.5596707818930041,0.5,68.0,547.0,38.0,69.0,0.02010380643380863,2.0221900720026116,0.021578359767655653
456,"hybrid_dnn(64, 32, 16)_conv(8, 16, 32)_gbdt200-5-0.05_gbdt_heavy",ok,6.35,0.8710462287104624,0.6500268358608838,0.1026019163454999,0.8601108033240997,0.5401459854014599,0.935042735042735,0.6607142857142857,0.8967213114754098,0.5943775100401606,0.5,74.0,547.0,38.0,63.0,0.02010501029595492,2.0215322233857456,0.0216123500649944
457,"hybrid_dnn(64, 32, 16)_conv(16,)_gbdt200-5-0.05_gbdt_heavy",ok,5.81,0.8709963191715017,0.6461828181040015,0.1023838613163615,0.8601108033240997,0.5474452554744526,0.9333333333333332,0.6578947368421053,0.8980263157894737,0.5976095617529881,0.5,75.0,546.0,39.0,62.0,0.02010821986684061,2.0197781462568405,0.02170320247476276
458,adaboost_n200_lr1.0,ok,4.5,0.8709776030943914,0.6167479422995561,0.1999199092859266,0.8670360110803325,0.5693430656934306,0.9367521367521368,0.6782608695652174,0.9028006589785832,0.6190476190476191,0.5,78.0,548.0,37.0,59.0,0.020109423182932306,2.01912043700512,0.02173735159310697
459,xgboost_n100_d7_lr0.2,ok,0.94,0.870940170940171,0.6176866730291162,0.1156255148505493,0.8490304709141274,0.4744525547445255,0.9367521367521368,0.6372549019607843,0.8838709677419355,0.5439330543933054,0.5,65.0,548.0,37.0,72.0,0.02011182936855059,2.0178051324662443,0.021805780078292147
460,rf_n100_d5_None,ok,1.45,0.8709152161706907,0.6443833388558217,0.1075664398350264,0.8448753462603878,0.218978102189781,0.9914529914529916,0.8571428571428571,0.8442503639010189,0.3488372093023256,0.5,30.0,580.0,5.0,107.0,0.020113433161590047,2.0169283471672093,0.021851495670830445
461,xgboost_n800_d11_lr0.01,ok,9.95,0.8707654875538088,0.6452787875264236,0.1041013806602394,0.8587257617728532,0.4525547445255474,0.953846153846154,0.6966292134831461,0.8815165876777251,0.5486725663716814,0.5,62.0,558.0,27.0,75.0,0.02012305036760409,2.011669052102302,0.022127417512556202
462,xgboost_n500_d11_lr0.2,ok,2.17,0.8707031006301079,0.6141248618411536,0.1185819890091553,0.8490304709141274,0.4817518248175182,0.935042735042735,0.6346153846153846,0.8851132686084142,0.5477178423236515,0.5,66.0,547.0,38.0,71.0,0.02012705472967151,2.0094783953446567,0.022243211818570807
463,rf_n500_d10_None,ok,5.91,0.870640713706407,0.6563198239416121,0.1045033056452551,0.8601108033240997,0.3357664233576642,0.9829059829059827,0.8214285714285714,0.8633633633633634,0.4766839378238341,0.5,46.0,575.0,10.0,91.0,0.020131057441898425,2.0072881594568144,0.022359494589712647
464,xgboost_n200_d7_lr0.2,ok,1.3,0.8703038243184228,0.6069604518782302,0.1187392110828202,0.8490304709141274,0.4744525547445255,0.9367521367521368,0.6372549019607843,0.8838709677419355,0.5439330543933054,0.5,65.0,548.0,37.0,72.0,0.02015264361918315,1.9954681462220583,0.022995922478414532
465,"hybrid_dnn(128, 64)_conv(8, 16, 32)_gbdt200-5-0.05_gbdt_heavy",ok,5.29,0.8702726308565725,0.6558305630006408,0.1024129199959729,0.8601108033240997,0.5474452554744526,0.9333333333333332,0.6578947368421053,0.8980263157894737,0.5976095617529881,0.5,75.0,546.0,39.0,62.0,0.020154639912460796,1.9943743193455274,0.0230555814162412
466,catboost_n800_d4_lr0.2,ok,7.37,0.8702601534718324,0.6386015167311824,0.1171571095805064,0.8628808864265928,0.5182481751824818,0.9435897435897436,0.6826923076923077,0.8932038834951457,0.5892116182572614,0.5,71.0,552.0,33.0,66.0,0.020155438314734354,1.993936817921189,0.023079479857463836
467,xgboost_n800_d9_lr0.01,ok,9.95,0.8701291409320606,0.6458942329889232,0.1038807307344383,0.8587257617728532,0.4598540145985401,0.952136752136752,0.6923076923076923,0.8827258320126783,0.5526315789473685,0.5,63.0,557.0,28.0,74.0,0.0201638175719408,1.9893440640864815,0.02333161956733909
468,catboost_n100_d6_lr0.2,ok,2.31,0.8700293218541394,0.6549398278318432,0.1074195258615848,0.8614958448753463,0.4306569343065693,0.9623931623931624,0.7283950617283951,0.8783151326053042,0.5412844036697247,0.5,59.0,563.0,22.0,78.0,0.020170196909699033,1.9858460612890054,0.023525209729793106
469,xgboost_n100_d5_lr0.05,ok,1.14,0.8699045480067378,0.642653574693804,0.1015792971863356,0.8614958448753463,0.4452554744525547,0.958974358974359,0.7176470588235294,0.880690737833595,0.5495495495495496,0.5,61.0,561.0,24.0,76.0,0.02017816517969983,1.9814750618100077,0.023769011668029583
470,rf_n800_d10_None,ok,10.49,0.8698858319296277,0.6552733641454614,0.1047737995093422,0.8587257617728532,0.3430656934306569,0.9794871794871794,0.7966101694915254,0.8642533936651584,0.4795918367346938,0.5,47.0,573.0,12.0,90.0,0.020179359854993906,1.9808195558971469,0.023805756460459127
471,xgboost_n500_d7_lr0.2,ok,2.24,0.8698047289288166,0.6029185496423246,0.1213398164091423,0.8490304709141274,0.4744525547445255,0.9367521367521368,0.6372549019607843,0.8838709677419355,0.5439330543933054,0.5,65.0,548.0,37.0,72.0,0.020184535078629006,1.9779794640383401,0.02396551170346073
472,"hybrid_dnn(128, 64)_conv(16,)_gbdt200-5-0.05_gbdt_heavy",ok,4.4,0.8697984902364465,0.6538115499699964,0.102432800183777,0.8614958448753463,0.5547445255474452,0.9333333333333332,0.6608695652173913,0.899505766062603,0.6031746031746031,0.5,76.0,546.0,39.0,61.0,0.02018493305819122,1.977761024618315,0.023977836150366083
473,xgboost_n800_d11_lr0.2,ok,2.42,0.869754819389856,0.6122983552121832,0.1192635626864135,0.8490304709141274,0.4890510948905109,0.9333333333333332,0.6320754716981132,0.8863636363636364,0.551440329218107,0.5,67.0,546.0,39.0,70.0,0.02018771845705586,1.9762320653611516,0.024064249885920597
474,rf_n200_d10_None,ok,2.75,0.8697173872356355,0.6512383134283316,0.1046371883010953,0.8490304709141274,0.3138686131386861,0.9743589743589745,0.7413793103448276,0.858433734939759,0.441025641025641,0.5,43.0,570.0,15.0,94.0,0.020190105303939943,1.9749216913267669,0.02413851769272657
475,catboost_n300_d5_lr0.001,ok,4.48,0.8692682013849898,0.6370406853009574,0.1766573353223677,0.8296398891966759,0.1094890510948905,0.9982905982905984,0.9375,0.8271954674220963,0.196078431372549,0.5,15.0,584.0,1.0,122.0,0.02021870161505856,1.959208878614299,0.02504416488786876
476,rf_n200_d20_balanced,ok,2.79,0.8692494853078795,0.5927927591171656,0.1139246136764268,0.8518005540166205,0.5766423357664233,0.9162393162393162,0.6171875,0.9023569023569024,0.5962264150943396,0.5,79.0,536.0,49.0,58.0,0.020219891293849056,1.9585546450123752,0.025082482786575433
477,adaboost_n50_lr1.0,ok,1.19,0.8692182918460291,0.6172888374335223,0.1728892217933808,0.8642659279778393,0.5547445255474452,0.9367521367521368,0.672566371681416,0.8998357963875205,0.608,0.5,76.0,548.0,37.0,61.0,0.020221873766252972,1.9574643385364507,0.02514645028571927
478,rf_n200_dNone_balanced,ok,2.94,0.8692058144612889,0.5925999979248231,0.1139324099722991,0.8518005540166205,0.5766423357664233,0.9162393162393162,0.6171875,0.9023569023569024,0.5962264150943396,0.5,79.0,536.0,49.0,58.0,0.020222666641283082,1.9570282449407939,0.025172073835840303
479,rf_n200_d30_balanced,ok,2.88,0.8692058144612889,0.5925999979248231,0.1139324099722991,0.8518005540166205,0.5766423357664233,0.9162393162393162,0.6171875,0.9023569023569024,0.5962264150943396,0.5,79.0,536.0,49.0,58.0,0.020222666641283082,1.9570282449407939,0.025172073835840303
480,"hybrid_dnn(64,)_conv(16,)_gbdt200-5-0.05_gbdt_heavy",ok,4.24,0.8691995757689189,0.6517649065392376,0.1025406616685431,0.8573407202216067,0.5255474452554745,0.935042735042735,0.6545454545454545,0.8937908496732027,0.582995951417004,0.5,72.0,547.0,38.0,65.0,0.020223063054387914,1.9568102043550115,0.02518489344885877
481,catboost_n300_d5_lr0.1,ok,4.36,0.8690623245367771,0.634704091795583,0.1094036733724909,0.8656509695290858,0.4817518248175182,0.9555555555555556,0.717391304347826,0.8873015873015873,0.5764192139737991,0.5,66.0,559.0,26.0,71.0,0.020231780027459467,1.952014358644887,0.0254682499513873
482,catboost_n200_d5_lr0.001,ok,3.14,0.8689188346122654,0.6299769305978786,0.1956538009928557,0.8296398891966759,0.1094890510948905,0.9982905982905984,0.9375,0.8271954674220963,0.196078431372549,0.5,15.0,584.0,1.0,122.0,0.02024088481637944,1.9470026596950474,0.025767207902689937
483,xgboost_n200_d9_lr0.05,ok,2.45,0.8688626863809346,0.642181305332841,0.1059036231326668,0.8559556786703602,0.4598540145985401,0.9487179487179488,0.6774193548387096,0.8823529411764706,0.5478260869565217,0.5,63.0,555.0,30.0,74.0,0.020244445222029565,1.9450421547939194,0.02588495247420486
484,rf_n300_d10_None,ok,3.72,0.8686193773785015,0.6540100349835049,0.1048368282936078,0.8518005540166205,0.3211678832116788,0.976068376068376,0.7586206896551724,0.8599397590361446,0.4512820512820513,0.5,44.0,571.0,14.0,93.0,0.020259858470915614,1.9365504928852797,0.026400157331690544
485,xgboost_n300_d3_lr0.01,ok,1.56,0.8685445130700605,0.6541564166234153,0.1017920903167742,0.8518005540166205,0.364963503649635,0.9658119658119658,0.7142857142857143,0.8665644171779141,0.4830917874396135,0.5,50.0,565.0,20.0,87.0,0.020264596053393518,1.933938933846133,0.02656031821834315
486,catboost_n500_d4_lr0.2,ok,4.87,0.8683386362218479,0.6312958285176788,0.1172610600159703,0.8670360110803325,0.5182481751824818,0.9487179487179488,0.7029702970297029,0.893719806763285,0.5966386554621849,0.5,71.0,555.0,30.0,66.0,0.020277612399503937,1.9267601981195557,0.02700476092875337
487,rf_n200_d15_balanced,ok,3.03,0.8683199201447377,0.590769728017453,0.1141683326917172,0.8476454293628809,0.5693430656934306,0.9128205128205128,0.6046511627906976,0.9005059021922428,0.5864661654135338,0.5,78.0,534.0,51.0,59.0,0.020278794831341814,1.9261078074792068,0.027045456979539417
488,xgboost_n500_d5_lr0.01,ok,5.29,0.8681764302202258,0.6441947993287026,0.1012524335987659,0.8573407202216067,0.4233576642335766,0.958974358974359,0.7073170731707317,0.8765625,0.5296803652968036,0.5,58.0,561.0,24.0,79.0,0.020287855317195423,1.9211073718354201,0.02735908621734895
489,xgboost_n800_d7_lr0.2,ok,2.6,0.8680953272194148,0.5995242332876682,0.1215782942273658,0.850415512465374,0.4817518248175182,0.9367521367521368,0.6407766990291263,0.8852988691437803,0.55,0.5,66.0,548.0,37.0,71.0,0.020292972688125296,1.918281997233655,0.0275376319468712
490,catboost_n100_d7_lr0.001,ok,4.24,0.8679081664483125,0.6336240853655483,0.2184465176241103,0.8365650969529086,0.145985401459854,0.9982905982905984,0.9523809523809524,0.833095577746077,0.2531645569620253,0.5,20.0,584.0,1.0,117.0,0.020304771617899123,1.9117645403617687,0.027953200942972045
491,adaboost_n100_lr1.0,ok,2.32,0.8678832116788321,0.6069650967562322,0.1888582124132049,0.8614958448753463,0.5474452554744526,0.935042735042735,0.6637168141592921,0.8981937602627258,0.6,0.5,75.0,547.0,38.0,62.0,0.020306343714356037,1.9108958239728104,0.02800898492260162
492,rf_n300_d20_balanced,ok,4.12,0.8675026514442574,0.5911592177015079,0.114446042520394,0.8490304709141274,0.5766423357664233,0.9128205128205128,0.6076923076923076,0.902027027027027,0.5917602996254682,0.5,79.0,534.0,51.0,58.0,0.02033028634177557,1.8976559827104837,0.02887070728261787
493,"hybrid_dnn(32,)_conv(32, 64)_gbdt100-5-0.05_average",ok,5.65,0.8674402645205566,0.6286281991265198,0.1138922231848378,0.8545706371191135,0.6277372262773723,0.9076923076923076,0.6142857142857143,0.9123711340206184,0.6209386281588448,0.5,86.0,531.0,54.0,51.0,0.020334205668519387,1.8954869620209462,0.029013958714395827
494,rf_n300_d30_balanced,ok,4.05,0.8674402645205563,0.5905618586226321,0.1144512927054478,0.8476454293628809,0.5766423357664233,0.9111111111111112,0.6030534351145038,0.9018612521150592,0.5895522388059702,0.5,79.0,533.0,52.0,58.0,0.020334205668519387,1.8954869620209391,0.029013958714396382
495,rf_n300_dNone_balanced,ok,4.07,0.8674402645205563,0.5905618586226321,0.1144512927054478,0.8476454293628809,0.5766423357664233,0.9111111111111112,0.6030534351145038,0.9018612521150592,0.5895522388059702,0.5,79.0,533.0,52.0,58.0,0.020334205668519387,1.8954869620209391,0.029013958714396382
496,"hybrid_dnn(64, 32)_conv(32, 64)_gbdt100-5-0.05_average",ok,6.18,0.867165762056273,0.6247174536464624,0.1135251470538445,0.8545706371191135,0.6204379562043796,0.9094017094017094,0.6159420289855072,0.910958904109589,0.6181818181818182,0.5,85.0,532.0,53.0,52.0,0.02035143169165666,1.8859480945339462,0.02965097478762624
497,rf_n100_d10_None,ok,1.36,0.8670285108241313,0.6483598453961117,0.1053366725532907,0.8490304709141274,0.2992700729927007,0.9777777777777776,0.7592592592592593,0.8562874251497006,0.4293193717277487,0.5,41.0,572.0,13.0,96.0,0.020360033099642884,1.8811816035104065,0.029973609669485146
498,rf_n300_d15_balanced,ok,4.11,0.8669848399775406,0.5907171611320987,0.1145752316079562,0.8476454293628809,0.5693430656934306,0.9128205128205128,0.6046511627906976,0.9005059021922428,0.5864661654135338,0.5,78.0,534.0,51.0,59.0,0.020362768291209487,1.879665403472685,0.030076846734116036
499,"hybrid_dnn(64, 32)_conv(8, 16)_gbdt100-5-0.05_average",ok,5.22,0.8669661239004305,0.6218753112582587,0.1193966627615876,0.8518005540166205,0.6277372262773723,0.9042735042735044,0.6056338028169014,0.9120689655172414,0.6164874551971327,0.5,86.0,529.0,56.0,51.0,0.02036394027689016,1.8790156641139926,0.030121177210109318
500,histgbdt_n200_lr0.01,ok,3.53,0.8667477696674778,0.6643074226066192,0.1016773445895228,0.8614958448753463,0.4014598540145985,0.9692307692307692,0.7534246575342466,0.8736517719568567,0.5238095238095238,0.5,55.0,567.0,18.0,82.0,0.020377602844085897,1.8714380580415357,0.030642193967103326
501,"hybrid_dnn(32,)_conv(8, 16)_gbdt100-5-0.05_average",ok,4.93,0.8667415309751076,0.627397464144265,0.1199306153109183,0.8559556786703602,0.6423357664233577,0.905982905982906,0.6153846153846154,0.915371329879102,0.6285714285714286,0.5,88.0,530.0,55.0,49.0,0.02037799291646345,1.8712216276633815,0.030657184107799385
502,lightgbm_dart_n300_leaves63_lr0.05,ok,2.36,0.8667040988208872,0.6676825567110359,0.1002991706399098,0.8628808864265928,0.4744525547445255,0.953846153846154,0.7065217391304348,0.8857142857142857,0.5676855895196506,0.5,65.0,558.0,27.0,72.0,0.02038033301652246,1.869923130076212,0.030747246646458004
503,lightgbm_dart_n300_leaves31_lr0.05,ok,2.35,0.8667040988208872,0.6676825567110359,0.1002991706399098,0.8628808864265928,0.4744525547445255,0.953846153846154,0.7065217391304348,0.8857142857142857,0.5676855895196506,0.5,65.0,558.0,27.0,72.0,0.02038033301652246,1.869923130076212,0.030747246646458004
504,catboost_n300_d5_lr0.2,ok,4.32,0.8666729053590367,0.6324864386628893,0.1127377488367294,0.8587257617728532,0.4598540145985401,0.952136752136752,0.6923076923076923,0.8827258320126783,0.5526315789473685,0.5,63.0,557.0,28.0,74.0,0.02038228266235119,1.8688411596165981,0.0308224582817882
505,rf_n100_d20_balanced,ok,1.59,0.8666292345124462,0.5788345376839299,0.1149950138504155,0.8421052631578947,0.5547445255474452,0.9094017094017094,0.5891472868217055,0.897133220910624,0.5714285714285714,0.5,76.0,532.0,53.0,61.0,0.02038501149846979,1.867326570223161,0.03092799856330397
506,rf_n100_dNone_balanced,ok,1.49,0.8666292345124462,0.5788345376839299,0.1149950138504155,0.8421052631578947,0.5547445255474452,0.9094017094017094,0.5891472868217055,0.897133220910624,0.5714285714285714,0.5,76.0,532.0,53.0,61.0,0.02038501149846979,1.867326570223161,0.03092799856330397
507,rf_n100_d30_balanced,ok,1.54,0.8666292345124462,0.5788345376839299,0.1149950138504155,0.8421052631578947,0.5547445255474452,0.9094017094017094,0.5891472868217055,0.897133220910624,0.5714285714285714,0.5,76.0,532.0,53.0,61.0,0.02038501149846979,1.867326570223161,0.03092799856330397
508,xgboost_n100_d7_lr0.05,ok,1.46,0.8665606088963753,0.6326518871952982,0.1040042198029277,0.8628808864265928,0.4452554744525547,0.9606837606837608,0.7261904761904762,0.8808777429467085,0.5520361990950227,0.5,61.0,562.0,23.0,76.0,0.020389298095513052,1.8649468999179146,0.0310944237909605
509,"hybrid_dnn(32,)_conv(32, 64)_gbdt100-3-0.1_average",ok,5.47,0.8665418928192651,0.620962802262677,0.1147166191178136,0.853185595567867,0.6204379562043796,0.9076923076923076,0.6115107913669064,0.9108061749571184,0.6159420289855072,0.5,85.0,531.0,54.0,52.0,0.02039046683368459,1.8642979834674618,0.031139934927622792
510,"hybrid_dnn(64, 32)_conv(32, 64)_gbdt100-3-0.1_average",ok,5.68,0.8664171189718636,0.6180543655155585,0.114388460935828,0.850415512465374,0.6131386861313869,0.905982905982906,0.60431654676259,0.9090909090909092,0.6086956521739131,0.5,84.0,530.0,55.0,53.0,0.020398254768438692,1.8599727990299653,0.03144468723675242
511,xgboost_n500_d7_lr0.01,ok,7.13,0.8663984028947531,0.6424620096778526,0.1028024154843613,0.8656509695290858,0.4598540145985401,0.9606837606837608,0.7325581395348837,0.8836477987421384,0.5650224215246636,0.5,63.0,562.0,23.0,74.0,0.020399422410956217,1.8593241600686048,0.03149060222192579
512,"hybrid_dnn(64, 32)_conv(8, 16, 32)_gbdt100-5-0.05_average",ok,4.96,0.8663921642023832,0.6259791612636569,0.119319475759329,0.8462603878116344,0.635036496350365,0.8957264957264958,0.5878378378378378,0.9128919860627178,0.6105263157894737,0.5,87.0,524.0,61.0,50.0,0.020399811593392315,1.8591079551180107,0.03150591895813337
513,lightgbm_dart_n200_leaves15_lr0.05,ok,1.05,0.8663297772786824,0.6608052540129706,0.1010987623069136,0.8587257617728532,0.4671532846715328,0.9504273504273504,0.6881720430107527,0.8839427662957074,0.5565217391304348,0.5,64.0,556.0,29.0,73.0,0.02040370254522696,1.8569461265472222,0.03165940957007818
514,catboost_n100_d4_lr0.2,ok,1.07,0.8663110612015722,0.6265626515442214,0.1101271044644197,0.8573407202216067,0.4744525547445255,0.947008547008547,0.6770833333333334,0.8849840255591054,0.5579399141630901,0.5,65.0,554.0,31.0,72.0,0.02040486952150694,1.8562976562830742,0.03170557149097675
515,"hybrid_dnn(32,)_conv(32, 64)_gbdt50-3-0.1_average",ok,5.93,0.866292345124462,0.6212097732316635,0.115758962082873,0.8448753462603878,0.6277372262773723,0.8957264957264958,0.5850340136054422,0.9113043478260868,0.6056338028169014,0.5,86.0,524.0,61.0,51.0,0.020406036355088832,1.85564922214775,0.03175178643641163
516,gbdt_sklearn_n300_lr0.03_sub0.8,ok,10.04,0.8662112421236509,0.6186488240989775,0.1067976654050361,0.8559556786703602,0.4817518248175182,0.9435897435897436,0.6666666666666666,0.8860353130016051,0.559322033898305,0.5,66.0,552.0,33.0,71.0,0.02041109098556465,1.8528397582062648,0.03195266487259174
517,"hybrid_dnn(64, 32)_conv(32, 64)_gbdt50-3-0.1_average",ok,5.55,0.8662050034312808,0.617901880446498,0.1153229146717228,0.8476454293628809,0.6277372262773723,0.8991452991452992,0.593103448275862,0.9116117850953206,0.6099290780141844,0.5,86.0,526.0,59.0,51.0,0.020411479692379678,1.8526236736730048,0.031968158421761705
518,catboost_n500_d5_lr0.2,ok,7.09,0.8661613325846902,0.6277938069853007,0.1146903671420732,0.8545706371191135,0.4525547445255474,0.9487179487179488,0.6739130434782609,0.8809523809523809,0.5414847161572053,0.5,62.0,555.0,30.0,75.0,0.020414200196600972,1.851111194198019,0.03207677899406802
519,xgboost_dart_n300_d3_lr0.1_drop0.1,ok,15.56,0.8660490361220289,0.6477765951131528,0.1018572825099243,0.8573407202216067,0.4160583941605839,0.9606837606837608,0.7125,0.8753894080996885,0.5253456221198156,0.5,57.0,562.0,23.0,80.0,0.020421192216877288,1.8472228628109957,0.03235742357620919
520,rf_n500_d15_balanced,ok,6.9,0.8660178426601784,0.5863565399424768,0.1151097325902618,0.8476454293628809,0.5620437956204379,0.9145299145299144,0.6062992125984252,0.8991596638655462,0.5833333333333334,0.5,77.0,535.0,50.0,60.0,0.020423133534943103,1.846143001000579,0.03243572227753799
521,catboost_n800_d5_lr0.2,ok,11.07,0.8659616944288479,0.6266319069170608,0.1154836985781499,0.853185595567867,0.4525547445255474,0.947008547008547,0.6666666666666666,0.8807631160572337,0.5391304347826087,0.5,62.0,554.0,31.0,75.0,0.020426626911235538,1.8441995018263602,0.03257703547662483
522,"hybrid_dnn(64, 32)_conv(8, 16, 32)_gbdt100-3-0.1_average",ok,4.75,0.8659554557364777,0.6222158209127948,0.120000501177436,0.8434903047091413,0.6204379562043796,0.8957264957264958,0.5821917808219178,0.9097222222222222,0.6007067137809188,0.5,85.0,524.0,61.0,52.0,0.020427014985113155,1.8439835774736775,0.03259276678350176
523,"hybrid_dnn(32,)_conv(8, 16)_gbdt100-3-0.1_average",ok,4.86,0.8659429783517375,0.6211817982211135,0.1208433173237673,0.850415512465374,0.6204379562043796,0.9042735042735044,0.6028368794326241,0.910499139414802,0.6115107913669064,0.5,85.0,529.0,56.0,52.0,0.02042779108545255,1.8435517407651105,0.032624247318629895
524,"hybrid_dnn(64, 32)_conv(8, 16)_gbdt100-3-0.1_average",ok,5.21,0.8659429783517375,0.6179512158683148,0.1203482826890607,0.8559556786703602,0.635036496350365,0.9076923076923076,0.6170212765957447,0.9139414802065404,0.6258992805755396,0.5,87.0,531.0,54.0,50.0,0.02042779108545255,1.8435517407651105,0.032624247318629895
525,rf_n500_d20_balanced,ok,6.96,0.8659180235822571,0.5864215135480485,0.1151192266524311,0.8462603878116344,0.5547445255474452,0.9145299145299144,0.6031746031746031,0.8976510067114094,0.5779467680608364,0.5,76.0,535.0,50.0,61.0,0.020429343096492428,1.842688115327656,0.03268728011448374
526,rf_n500_d30_balanced,ok,6.71,0.8659117848898871,0.5870808346637895,0.1151203988919667,0.8462603878116344,0.5547445255474452,0.9145299145299144,0.6031746031746031,0.8976510067114094,0.5779467680608364,0.5,76.0,535.0,50.0,61.0,0.02042973105974939,1.8424722189624985,0.03270305326463352
527,rf_n500_dNone_balanced,ok,6.98,0.8659117848898871,0.5870808346637895,0.1151203988919667,0.8462603878116344,0.5547445255474452,0.9145299145299144,0.6031746031746031,0.8976510067114094,0.5779467680608364,0.5,76.0,535.0,50.0,61.0,0.02042973105974939,1.8424722189624985,0.03270305326463352
528,catboost_n200_d5_lr0.2,ok,2.96,0.8658431592738163,0.6251592935593905,0.1125167573013392,0.8545706371191135,0.4452554744525547,0.9504273504273504,0.6777777777777778,0.879746835443038,0.5374449339207048,0.5,61.0,556.0,29.0,76.0,0.02043399761300191,1.8400976226985946,0.032876953131611764
529,xgboost_n500_d9_lr0.01,ok,7.72,0.8657994884272256,0.6418917677184222,0.1032513611939249,0.8642659279778393,0.4452554744525547,0.9623931623931624,0.7349397590361446,0.8810641627543035,0.5545454545454546,0.5,61.0,563.0,22.0,76.0,0.020436711697507073,1.838586767642549,0.03298799450552514
530,"hybrid_dnn(64, 32)_conv(32, 64)_gbdt200-5-0.05_average",ok,6.45,0.8657807723501154,0.624673187200188,0.1128334998016591,0.8573407202216067,0.6131386861313869,0.9145299145299144,0.6268656716417911,0.9098639455782312,0.6199261992619927,0.5,84.0,535.0,50.0,53.0,0.020437874639805877,1.8379393182231616,0.03303567377373018
531,rf_n100_d15_balanced,ok,1.53,0.8656435211179737,0.5760848631758584,0.1151760499294582,0.8434903047091413,0.5547445255474452,0.9111111111111112,0.59375,0.8973063973063973,0.5735849056603773,0.5,76.0,533.0,52.0,61.0,0.020446398545002995,1.8331924530204071,0.0333869779168422
532,rf_n800_d15_balanced,ok,11.83,0.8656372824256036,0.5871619158034207,0.1152306204164948,0.8476454293628809,0.5474452554744526,0.917948717948718,0.6097560975609756,0.8964941569282137,0.5769230769230769,0.5,75.0,537.0,48.0,62.0,0.020446785813904644,1.832976732276835,0.033403015687828885
533,"hybrid_dnn(32,)_conv(32, 64)_gbdt200-5-0.05_average",ok,5.65,0.8656310437332335,0.6284418122266358,0.1131036587799336,0.853185595567867,0.6058394160583942,0.9111111111111112,0.6148148148148148,0.9080068143100511,0.6102941176470589,0.5,83.0,533.0,52.0,54.0,0.020447173067044983,1.8327610155186589,0.033419059505111925
534,catboost_n300_d4_lr0.2,ok,3.04,0.8655998502713831,0.6277755539358337,0.116607431631991,0.8656509695290858,0.5109489051094891,0.9487179487179488,0.7,0.8922829581993569,0.5907172995780591,0.5,70.0,555.0,30.0,67.0,0.02044910909635751,1.8316824914993144,0.033499369336016604
535,adaboost_n500_lr1.0,ok,11.17,0.8655624181171627,0.6031594011939057,0.2102731574262693,0.8601108033240997,0.5547445255474452,0.9316239316239316,0.6551724137931034,0.8993399339933993,0.6007905138339921,0.5,76.0,545.0,40.0,61.0,0.020451431811590502,1.8303883941383101,0.033595940959674
536,gbdt_sklearn_n200_lr0.03_sub0.8,ok,6.72,0.8655624181171627,0.6226353146695057,0.1045329073744338,0.8573407202216067,0.4744525547445255,0.947008547008547,0.6770833333333334,0.8849840255591054,0.5579399141630901,0.5,65.0,554.0,31.0,72.0,0.020451431811590502,1.8303883941383101,0.033595940959674
537,"hybrid_dnn(32,)_conv(8, 16)_gbdt200-5-0.05_average",ok,5.09,0.8655561794247926,0.6270804214693948,0.1188123275877822,0.8545706371191135,0.6277372262773723,0.9076923076923076,0.6142857142857143,0.9123711340206184,0.6209386281588448,0.5,86.0,531.0,54.0,51.0,0.020451818875662747,1.8301727251840352,0.03361205744402207
538,"hybrid_dnn(64, 32)_conv(16, 32)_gbdt100-5-0.05_average",ok,5.23,0.8655561794247925,0.6195955276284276,0.1205469389584005,0.8476454293628809,0.6715328467153284,0.8888888888888888,0.5859872611464968,0.9203539823008848,0.6258503401360545,0.5,92.0,520.0,65.0,45.0,0.02045181887566275,1.8301727251840314,0.03361205744402229
539,"hybrid_dnn(64, 32)_conv(8, 16)_gbdt50-3-0.1_average",ok,5.05,0.8654563603468713,0.6169456352656504,0.121581046683256,0.8448753462603878,0.6204379562043796,0.8974358974358975,0.5862068965517241,0.9098786828422876,0.6028368794326241,0.5,85.0,525.0,60.0,52.0,0.020458009759398238,1.8267225632765085,0.03387074698876902
540,"hybrid_dnn(32,)_conv(8, 16, 32)_gbdt100-5-0.05_average",ok,4.86,0.865431405577391,0.6280549303650244,0.1200322448095552,0.8434903047091413,0.6277372262773723,0.8940170940170941,0.581081081081081,0.911149825783972,0.6035087719298246,0.5,86.0,523.0,62.0,51.0,0.020459556850744336,1.8258601819488351,0.03393566265589387
541,xgboost_n500_d11_lr0.01,ok,7.88,0.8653752573460602,0.6361715993093287,0.104026025186694,0.8614958448753463,0.4452554744525547,0.958974358974359,0.7176470588235294,0.880690737833595,0.5495495495495496,0.5,61.0,561.0,24.0,76.0,0.020463036885988564,1.8239200565667986,0.034082079512911645
542,"hybrid_dnn(32,)_conv(8, 16, 32)_gbdt100-3-0.1_average",ok,4.21,0.8652317674215485,0.6226387677866332,0.1206743522362384,0.8448753462603878,0.6277372262773723,0.8957264957264958,0.5850340136054422,0.9113043478260868,0.6056338028169014,0.5,86.0,524.0,61.0,51.0,0.02047192452405383,1.8189634204201228,0.03445850549355578
543,"hybrid_dnn(64, 32)_conv(16,)_gbdt100-5-0.05_average",ok,4.56,0.865194335267328,0.6236858517932757,0.1185541244684095,0.8407202216066482,0.6423357664233577,0.8871794871794871,0.5714285714285714,0.9137323943661972,0.6048109965635738,0.5,88.0,519.0,66.0,49.0,0.02047424167155058,1.8176707302589525,0.03455723697498159
544,rf_n800_d30_balanced,ok,10.8,0.8651007548817768,0.5854238309416867,0.1153592797783933,0.8462603878116344,0.5474452554744526,0.9162393162393162,0.6048387096774194,0.8963210702341137,0.5747126436781609,0.5,75.0,536.0,49.0,62.0,0.02048003206793109,1.8144396294552017,0.034805034609341146
545,rf_n800_dNone_balanced,ok,11.24,0.8651007548817768,0.5854238309416867,0.1153592797783933,0.8462603878116344,0.5474452554744526,0.9162393162393162,0.6048387096774194,0.8963210702341137,0.5747126436781609,0.5,75.0,536.0,49.0,62.0,0.02048003206793109,1.8144396294552017,0.034805034609341146
546,rf_n800_d20_balanced,ok,10.74,0.8650758001122965,0.5854348695892739,0.1153587040836139,0.8462603878116344,0.5474452554744526,0.9162393162393162,0.6048387096774194,0.8963210702341137,0.5747126436781609,0.5,75.0,536.0,49.0,62.0,0.020481575577397937,1.8135781531871686,0.034871348203551644
547,"hybrid_dnn(64, 32)_conv(8, 16, 32)_gbdt200-5-0.05_average",ok,5.28,0.8650695614199264,0.6264532192256295,0.1179991864433712,0.8490304709141274,0.635036496350365,0.8991452991452992,0.5958904109589042,0.9131944444444444,0.6148409893992933,0.5,87.0,526.0,59.0,50.0,0.02048196141555297,1.8133627940244927,0.03488794203539036
548,catboost_n100_d5_lr0.001,ok,1.63,0.8650633227275564,0.6225095568647511,0.2199297696771179,0.8254847645429363,0.0875912408759124,0.9982905982905984,0.9230769230769232,0.8236953455571228,0.16,0.5,12.0,584.0,1.0,125.0,0.020482347238025042,1.813147438823019,0.034904542043391995
549,"hybrid_dnn(32,)_conv(16, 32)_gbdt100-5-0.05_average",ok,4.72,0.8650196518809659,0.6203912405702156,0.1209451821197725,0.8476454293628809,0.6715328467153284,0.8888888888888888,0.5859872611464968,0.9203539823008848,0.6258503401360545,0.5,92.0,520.0,65.0,45.0,0.020485047556278637,1.8116400633041114,0.0350209151515839
550,catboost_n200_d4_lr0.2,ok,2.01,0.8649884584191154,0.6247295708827127,0.1143633365527115,0.8698060941828255,0.5328467153284672,0.9487179487179488,0.7087378640776699,0.8966074313408724,0.6083333333333333,0.5,73.0,555.0,30.0,64.0,0.020486975884730765,1.8105634852826935,0.03510422439843197
551,lightgbm_n200_leaves15_lr0.01,ok,0.85,0.8649572649572651,0.6538965246097759,0.1026539807982793,0.8573407202216067,0.4014598540145985,0.964102564102564,0.7236842105263158,0.8730650154798761,0.5164319248826291,0.5,55.0,564.0,21.0,82.0,0.02048890382138703,1.8094870062052795,0.03518768851205012
552,"hybrid_dnn(64, 32)_conv(16, 32)_gbdt100-3-0.1_average",ok,5.2,0.8649073554183043,0.6137877813981677,0.1214678170470206,0.8476454293628809,0.6715328467153284,0.8888888888888888,0.5859872611464968,0.9203539823008848,0.6258503401360545,0.5,92.0,520.0,65.0,45.0,0.020491987705368357,1.8077648454023734,0.03532155366069156
553,catboost_n100_d8_lr0.001,ok,7.98,0.864876161956454,0.6198825669317194,0.2187485825559982,0.8296398891966759,0.1094890510948905,0.9982905982905984,0.9375,0.8271954674220963,0.196078431372549,0.5,15.0,584.0,1.0,122.0,0.02049391462385532,1.8066886234245896,0.03540542126027191
554,adaboost_n300_lr1.0,ok,6.64,0.8648761619564539,0.6064439739522258,0.2046894801872723,0.8573407202216067,0.5401459854014599,0.9316239316239316,0.6491228070175439,0.8963815789473685,0.5896414342629482,0.5,74.0,545.0,40.0,63.0,0.020493914623855334,1.8066886234245854,0.03540542126027224
555,"hybrid_dnn(32,)_conv(8, 16)_gbdt50-3-0.1_average",ok,4.96,0.8648449684946036,0.6154557438558158,0.1221839705126132,0.8462603878116344,0.6423357664233577,0.8940170940170941,0.5866666666666667,0.9143356643356644,0.6132404181184669,0.5,88.0,523.0,62.0,49.0,0.02049584115093083,1.8056125002717813,0.03548944436676971
556,"hybrid_dnn(64, 32)_conv(16,)_gbdt100-3-0.1_average",ok,4.17,0.8647950589556429,0.6171327941082513,0.1193366714198753,0.8379501385041551,0.6277372262773723,0.8871794871794871,0.5657894736842105,0.9105263157894736,0.5951557093425606,0.5,86.0,519.0,66.0,51.0,0.020498922780381935,1.8038909087008004,0.035624205235097905
557,"hybrid_dnn(64, 32)_conv(8, 16)_gbdt200-5-0.05_average",ok,5.79,0.8647950589556428,0.6211478701210781,0.1183752921506944,0.8587257617728532,0.6277372262773723,0.9128205128205128,0.6277372262773723,0.9128205128205128,0.6277372262773723,0.5,86.0,534.0,51.0,51.0,0.020498922780381956,1.803890908700796,0.03562420523509835
558,"hybrid_dnn(64, 32)_conv(16, 32)_gbdt200-5-0.05_average",ok,5.78,0.8647077172624617,0.6200017873181518,0.1195414990368902,0.850415512465374,0.656934306569343,0.8957264957264958,0.5960264900662252,0.9176882661996496,0.625,0.5,90.0,524.0,61.0,47.0,0.020504313222796146,1.8008787316032508,0.035860997960341257
559,scratch_gbdt_n100_d3_lr0.05,ok,43.26,0.8646890011853515,0.6572025812659437,0.1023023571585621,0.8545706371191135,0.4306569343065693,0.953846153846154,0.686046511627907,0.8773584905660378,0.5291479820627802,0.5,59.0,558.0,27.0,78.0,0.020505467918866534,1.8002333657267025,0.035911898721117996
560,"hybrid_dnn(32,)_conv(16, 32)_gbdt100-3-0.1_average",ok,4.62,0.8645954207998003,0.6197463346968214,0.121827142251126,0.8448753462603878,0.6642335766423357,0.8871794871794871,0.5796178343949044,0.9185840707964602,0.6190476190476191,0.5,91.0,519.0,66.0,46.0,0.02051123928950567,1.7970070687871684,0.03616724878247157
561,"hybrid_dnn(128, 64)_conv(32, 64)_gbdt100-5-0.05_average",ok,5.76,0.8645829434150601,0.6285045353117452,0.114675977454595,0.8628808864265928,0.6715328467153284,0.9076923076923076,0.6301369863013698,0.921875,0.6501766784452296,0.5,92.0,531.0,54.0,45.0,0.020512008540019645,1.7965769628804293,0.036201402183877796
562,gbdt_sklearn_n300_lr0.05_sub0.8,ok,10.11,0.8645392725684696,0.6180612174794714,0.112106913069312,0.8518005540166205,0.4963503649635036,0.935042735042735,0.6415094339622641,0.887987012987013,0.5596707818930041,0.5,68.0,547.0,38.0,69.0,0.02051470042494464,1.7950717163218568,0.03632113720424135
563,rf_huge_n300_leafnodes2500_None,ok,3.99,0.8644831243371391,0.6435296181518143,0.1052682363804247,0.8545706371191135,0.3503649635036496,0.9726495726495726,0.75,0.8647416413373861,0.4776119402985074,0.5,48.0,569.0,16.0,89.0,0.020518160295931353,1.793136682895691,0.03647553567810735
564,rf_huge_n300_leafnodes5000_None,ok,3.84,0.8644831243371391,0.6435296181518143,0.1052682363804247,0.8545706371191135,0.3503649635036496,0.9726495726495726,0.75,0.8647416413373861,0.4776119402985074,0.5,48.0,569.0,16.0,89.0,0.020518160295931353,1.793136682895691,0.03647553567810735
565,scratch_gbdt_n100_d2_lr0.1,ok,27.89,0.8644768856447689,0.6351393777446136,0.104575543655057,0.853185595567867,0.4452554744525547,0.9487179487179488,0.6703296703296703,0.8795562599049128,0.5350877192982456,0.5,61.0,555.0,30.0,76.0,0.02051854464801524,1.7929216988671042,0.03649272259366809
566,"hybrid_dnn(64, 32)_conv(8, 16, 32)_gbdt50-3-0.1_average",ok,5.09,0.8643957826439579,0.620572434396276,0.1217139546949921,0.8365650969529086,0.6204379562043796,0.8871794871794871,0.5629139072847682,0.9089316987740804,0.5902777777777778,0.5,85.0,519.0,66.0,52.0,0.020523539805627756,1.790127264587025,0.036716727322444576
567,scratch_gbdt_n50_d2_lr0.1,ok,14.1,0.8643146796431469,0.6468985437792526,0.1036079182153569,0.8545706371191135,0.4160583941605839,0.9572649572649572,0.6951219512195121,0.875,0.5205479452054794,0.5,57.0,560.0,25.0,80.0,0.02052853232835412,1.7873334949341089,0.03694180173934958
568,"hybrid_dnn(64, 32)_conv(16,)_gbdt50-3-0.1_average",ok,4.47,0.8642959635660366,0.6175661934776803,0.1204781869809743,0.8393351800554016,0.635036496350365,0.8871794871794871,0.5686274509803921,0.9121265377855888,0.6,0.5,87.0,519.0,66.0,50.0,0.02052968407499441,1.7866888731843233,0.03699389422604871
569,"hybrid_dnn(64,)_conv(32, 64)_gbdt100-5-0.05_average",ok,5.52,0.8642834861812964,0.6253428726356384,0.1144148732029841,0.8545706371191135,0.6277372262773723,0.9076923076923076,0.6142857142857143,0.9123711340206184,0.6209386281588448,0.5,86.0,531.0,54.0,51.0,0.02053045182819893,1.7862591449940832,0.037028654308909115
570,xgboost_dart_n200_d3_lr0.1_drop0.1,ok,7.35,0.8642023831804853,0.6456498007251582,0.102309694942865,0.8587257617728532,0.4160583941605839,0.9623931623931624,0.7215189873417721,0.8755832037325039,0.5277777777777778,0.5,57.0,563.0,22.0,80.0,0.020535440705686383,1.7834662946415143,0.03725521496308093
571,xgboost_dart_n300_d5_lr0.1_drop0.1,ok,18.1,0.8641836671033751,0.6429896748932887,0.1019572680891088,0.8656509695290858,0.4160583941605839,0.9709401709401708,0.7702702702702703,0.8765432098765432,0.5402843601895735,0.5,57.0,568.0,17.0,80.0,0.020536591611482313,1.7828218849245925,0.03730765103827005
572,"hybrid_dnn(128, 64)_conv(32, 64)_gbdt100-3-0.1_average",ok,5.31,0.8641836671033751,0.6190815975657117,0.1155082267792097,0.850415512465374,0.635036496350365,0.9008547008547008,0.6,0.9133448873483536,0.6170212765957447,0.5,87.0,527.0,58.0,50.0,0.020536591611482313,1.7828218849245925,0.03730765103827005
573,"hybrid_dnn(64, 32)_conv(16, 32)_gbdt50-3-0.1_average",ok,5.32,0.8641587123338949,0.6143367229231281,0.1226635992985181,0.8365650969529086,0.6642335766423357,0.8769230769230769,0.558282208588957,0.9177101967799642,0.6066666666666667,0.5,91.0,513.0,72.0,46.0,0.02053812593467476,1.7819627269003957,0.03737765509794355
574,"hybrid_dnn(32,)_conv(8, 16, 32)_gbdt50-3-0.1_average",ok,4.87,0.8641587123338947,0.6181326082539793,0.1224956949417251,0.8365650969529086,0.635036496350365,0.8837606837606837,0.5612903225806452,0.9118165784832452,0.5958904109589042,0.5,87.0,517.0,68.0,50.0,0.02053812593467476,1.7819627269003921,0.037377655097943774
575,"hybrid_dnn(32,)_conv(8, 16, 32)_gbdt200-5-0.05_average",ok,4.89,0.8641462349491547,0.6282801844378274,0.1186150383589776,0.8490304709141274,0.635036496350365,0.8991452991452992,0.5958904109589042,0.9131944444444444,0.6148409893992933,0.5,87.0,526.0,59.0,50.0,0.02053889300291378,1.7815331714257368,0.037412695421517594
576,gbdt_sklearn_n300_lr0.01_sub0.8,ok,10.07,0.8641399962567845,0.6283815876119832,0.1047811364043608,0.8462603878116344,0.3722627737226277,0.9572649572649572,0.6710526315789473,0.8668730650154799,0.4788732394366197,0.5,51.0,560.0,25.0,86.0,0.02053927651369696,1.7813183995718478,0.03743022516167993
577,"hybrid_dnn(64, 32, 16)_conv(32, 64)_gbdt100-5-0.05_average",ok,7.35,0.8640713706407137,0.6216706591836905,0.1146388519056597,0.8518005540166205,0.6277372262773723,0.9042735042735044,0.6056338028169014,0.9120689655172414,0.6164874551971327,0.5,86.0,529.0,56.0,51.0,0.020543494105771762,1.7789561679698938,0.03762347418660994
578,scratch_gbdt_n100_d2_lr0.05,ok,28.13,0.8640651319483437,0.6468582510203097,0.1040474298126357,0.850415512465374,0.3795620437956204,0.9606837606837608,0.6933333333333334,0.8686244204018547,0.490566037735849,0.5,52.0,562.0,23.0,85.0,0.020543877429933147,1.7787414431620712,0.037641080669479465
579,"hybrid_dnn(32,)_conv(16, 32)_gbdt200-5-0.05_average",ok,4.97,0.8640464158712335,0.6214033152860042,0.1198428250884544,0.8476454293628809,0.6496350364963503,0.8940170940170941,0.5894039735099338,0.915936952714536,0.6180555555555556,0.5,89.0,523.0,62.0,48.0,0.020545027309142615,1.7780972922503724,0.03769393855009395
580,"hybrid_dnn(32,)_conv(16,)_gbdt100-5-0.05_average",ok,3.87,0.8639091646390918,0.6269676537016436,0.1192593274641747,0.8434903047091413,0.635036496350365,0.8923076923076924,0.58,0.9125874125874126,0.6062717770034843,0.5,87.0,522.0,63.0,50.0,0.020553455483589618,1.7733745958971245,0.03808332783400514
581,xgboost_n100_d11_lr0.05,ok,1.68,0.8638530164077609,0.644217404031055,0.1036448046778409,0.8642659279778393,0.4525547445255474,0.9606837606837608,0.7294117647058823,0.8822605965463108,0.5585585585585585,0.5,62.0,562.0,23.0,75.0,0.020556901206841425,1.7714431296715354,0.0382435209251184
582,adaboost_n50_lr0.1,ok,1.2,0.8637656747145798,0.5876521691318474,0.1238642139968907,0.8268698060941828,0.1605839416058394,0.9829059829059827,0.6875,0.8333333333333334,0.2603550295857988,0.5,22.0,575.0,10.0,115.0,0.020562258722644597,1.7684392560800055,0.0384937493718277
583,catboost_n100_d5_lr0.2,ok,1.53,0.8637469586374695,0.6262443331293385,0.1088288504277837,0.8559556786703602,0.437956204379562,0.953846153846154,0.6896551724137931,0.878740157480315,0.5357142857142857,0.5,60.0,558.0,27.0,77.0,0.020563406366261475,1.7677956685158367,0.03854753465678129
584,"hybrid_dnn(32,)_conv(16,)_gbdt100-3-0.1_average",ok,4.05,0.8637344812527294,0.6200977603050687,0.1200029564592313,0.8476454293628809,0.6496350364963503,0.8940170940170941,0.5894039735099338,0.915936952714536,0.6180555555555556,0.5,89.0,523.0,62.0,48.0,0.020564171384486674,1.7673666296675474,0.03858342389193392
585,lightgbm_n200_leaves63_lr0.01,ok,1.21,0.8637220038679894,0.6565697368229626,0.1022255100188767,0.8587257617728532,0.4014598540145985,0.9658119658119658,0.7333333333333333,0.8732612055641422,0.5188679245283019,0.5,55.0,565.0,20.0,82.0,0.0205649363407042,1.7669376064390798,0.03861933904300907
586,lightgbm_n200_leaves31_lr0.01,ok,1.21,0.8637220038679894,0.6565697368229626,0.1022255100188767,0.8587257617728532,0.4014598540145985,0.9658119658119658,0.7333333333333333,0.8732612055641422,0.5188679245283019,0.5,55.0,565.0,20.0,82.0,0.0205649363407042,1.7669376064390798,0.03861933904300907
587,lightgbm_n200_leaves127_lr0.01,ok,1.22,0.8637220038679894,0.6565697368229626,0.1022255100188767,0.8587257617728532,0.4014598540145985,0.9658119658119658,0.7333333333333333,0.8732612055641422,0.5188679245283019,0.5,55.0,565.0,20.0,82.0,0.0205649363407042,1.7669376064390798,0.03861933904300907
588,lightgbm_n200_leaves255_lr0.01,ok,1.23,0.8637220038679894,0.6565697368229626,0.1022255100188767,0.8587257617728532,0.4014598540145985,0.9658119658119658,0.7333333333333333,0.8732612055641422,0.5188679245283019,0.5,55.0,565.0,20.0,82.0,0.0205649363407042,1.7669376064390798,0.03861933904300907
589,"hybrid_dnn(64, 32, 16)_conv(8, 16)_gbdt100-5-0.05_average",ok,6.23,0.8637220038679893,0.6185877630528821,0.1208548934934329,0.8462603878116344,0.635036496350365,0.8957264957264958,0.5878378378378378,0.9128919860627178,0.6105263157894737,0.5,87.0,524.0,61.0,50.0,0.0205649363407042,1.7669376064390763,0.038619339043009404
590,gbdt_sklearn_n300_lr0.2_sub0.8,ok,10.15,0.863703287790879,0.6269128139831556,0.1255916704083037,0.8545706371191135,0.4890510948905109,0.9401709401709402,0.6568627450980392,0.8870967741935484,0.5606694560669456,0.5,67.0,550.0,35.0,70.0,0.020566083658780678,1.7662941008789752,0.03867326038655028
591,"hybrid_dnn(128, 64)_conv(16, 32)_gbdt100-3-0.1_average",ok,4.69,0.8636471395595483,0.6224189827750142,0.1227259498159775,0.8337950138504155,0.6715328467153284,0.8717948717948718,0.5508982035928144,0.918918918918919,0.6052631578947368,0.5,92.0,510.0,75.0,45.0,0.020569524776222082,1.7643637949677295,0.038835374812797974
592,"hybrid_dnn(128, 64)_conv(8, 16)_gbdt100-5-0.05_average",ok,5.25,0.8636346621748083,0.6280641945856018,0.1208616581785578,0.8518005540166205,0.6715328467153284,0.8940170940170941,0.5974025974025974,0.920774647887324,0.6323024054982818,0.5,92.0,523.0,62.0,45.0,0.020570289298572863,1.763934881019631,0.03887147168977412
593,"hybrid_dnn(64, 32, 16)_conv(32, 64)_gbdt100-3-0.1_average",ok,6.58,0.8636346621748081,0.6115465489525808,0.1154320609417014,0.853185595567867,0.6204379562043796,0.9076923076923076,0.6115107913669064,0.9108061749571184,0.6159420289855072,0.5,85.0,531.0,54.0,52.0,0.020570289298572863,1.7639348810196238,0.03887147168977467
594,extra_trees_n200_d5,ok,2.26,0.8635972300205876,0.632136043209022,0.1222536009418722,0.8227146814404432,0.0656934306569343,1.0,1.0,0.820476858345021,0.1232876712328767,0.5,9.0,585.0,0.0,128.0,0.02057258249392636,1.7626482327858346,0.0389799184000269
595,"hybrid_dnn(128, 64)_conv(32, 64)_gbdt50-3-0.1_average",ok,5.22,0.8635847526358476,0.6244545774839365,0.1165867598304841,0.8490304709141274,0.6642335766423357,0.8923076923076924,0.5909090909090909,0.9190140845070424,0.6254295532646048,0.5,91.0,522.0,63.0,46.0,0.02057334676850015,1.762219381237805,0.039016119367275115
596,"hybrid_dnn(32,)_conv(16,)_gbdt50-3-0.1_average",ok,3.65,0.8635473204816272,0.6190247108551947,0.1212523611777621,0.8462603878116344,0.6496350364963503,0.8923076923076924,0.5855263157894737,0.9157894736842104,0.615916955017301,0.5,89.0,522.0,63.0,48.0,0.020575639220682722,1.7609329201542498,0.03912487861749858
597,"hybrid_dnn(128, 64)_conv(16, 32)_gbdt100-5-0.05_average",ok,5.1,0.8635223657121467,0.6252515926157953,0.12183613625111,0.8365650969529086,0.6715328467153284,0.8752136752136752,0.5575757575757576,0.919210053859964,0.609271523178808,0.5,92.0,512.0,73.0,45.0,0.020577167212588777,1.7600753573781662,0.039197515186803034
598,gbdt_sklearn_n100_lr0.05_sub0.8,ok,3.47,0.8635036496350365,0.6190236479212078,0.1059709157444683,0.8490304709141274,0.437956204379562,0.9452991452991452,0.6521739130434783,0.8777777777777778,0.5240174672489083,0.5,60.0,553.0,32.0,77.0,0.02057831304404296,1.759432226206076,0.03925206113881741
599,"hybrid_dnn(64, 32, 16)_conv(32, 64)_gbdt50-3-0.1_average",ok,6.54,0.863459978788446,0.6135744847231163,0.1166018137712614,0.850415512465374,0.656934306569343,0.8957264957264958,0.5960264900662252,0.9176882661996496,0.625,0.5,90.0,524.0,61.0,47.0,0.020580986109320888,1.7579317231286167,0.039379563672314544
600,"hybrid_dnn(64,)_conv(8, 16)_gbdt100-5-0.05_average",ok,4.54,0.863447501403706,0.6236299024688788,0.1204712137195689,0.8518005540166205,0.635036496350365,0.9025641025641026,0.6041666666666666,0.9134948096885812,0.6192170818505338,0.5,87.0,528.0,57.0,50.0,0.020581749703057744,1.7575030430090337,0.039416051812531494
601,"hybrid_dnn(64, 32, 16)_conv(16, 32)_gbdt100-5-0.05_average",ok,6.49,0.8634225466342256,0.6158784243755488,0.1214444098786276,0.8448753462603878,0.6642335766423357,0.8871794871794871,0.5796178343949044,0.9185840707964602,0.6190476190476191,0.5,91.0,519.0,66.0,46.0,0.020583276704975173,1.7566457294835487,0.039489106625627324
602,"hybrid_dnn(64, 32)_conv(16,)_gbdt200-5-0.05_average",ok,4.94,0.8633227275563041,0.6204212475907185,0.1176255725651533,0.8393351800554016,0.635036496350365,0.8871794871794871,0.5686274509803921,0.9121265377855888,0.6,0.5,87.0,519.0,66.0,50.0,0.02058938223953519,1.753217097926007,0.0397823746206738
603,"hybrid_dnn(128, 64)_conv(32, 64)_gbdt200-5-0.05_average",ok,5.72,0.8632977727868238,0.6309980558936971,0.113879751072082,0.8573407202216067,0.6423357664233577,0.9076923076923076,0.6197183098591549,0.9155172413793105,0.6308243727598566,0.5,88.0,531.0,54.0,49.0,0.020590908005163458,1.752360095589633,0.039855954252251635
604,extra_trees_n300_d10,ok,3.1,0.8632728180173437,0.6444895618452064,0.1105627370040067,0.8393351800554016,0.1897810218978102,0.9914529914529916,0.8387096774193549,0.8393632416787264,0.3095238095238095,0.5,26.0,580.0,5.0,111.0,0.020592433523693193,1.7515031554412486,0.039929639115701576
605,xgboost_dart_n200_d5_lr0.1_drop0.1,ok,8.68,0.863235385863123,0.6400568579671222,0.1022608841379036,0.8601108033240997,0.3941605839416058,0.9692307692307692,0.75,0.8723076923076923,0.5167464114832536,0.5,54.0,567.0,18.0,83.0,0.020594721338294108,1.7502178617848176,0.04004036391600663
606,"hybrid_dnn(64,)_conv(32, 64)_gbdt100-3-0.1_average",ok,5.38,0.8631605215546823,0.6170975201277782,0.1152460731144989,0.8518005540166205,0.6131386861313869,0.9076923076923076,0.6086956521739131,0.9092465753424658,0.610909090909091,0.5,84.0,531.0,54.0,53.0,0.020599295300654626,1.7476476939048249,0.04026252563963084
607,"hybrid_dnn(64, 32, 16)_conv(16,)_gbdt100-3-0.1_average",ok,5.44,0.863148044169942,0.6145249257037791,0.120031875586798,0.8407202216066482,0.6204379562043796,0.8923076923076924,0.5743243243243243,0.9094076655052264,0.5964912280701754,0.5,85.0,522.0,63.0,52.0,0.020600057411719924,1.747219386938226,0.040299645035903775
608,gbdt_sklearn_n300_lr0.03_sub1.0,ok,12.16,0.8630918959386114,0.6497223903316801,0.1053701113820945,0.8545706371191135,0.4744525547445255,0.9435897435897436,0.6632653061224489,0.8846153846153846,0.5531914893617021,0.5,65.0,552.0,33.0,72.0,0.020603486148131813,1.745292197644805,0.04046700969741146
609,"hybrid_dnn(64, 32, 16)_conv(16,)_gbdt100-5-0.05_average",ok,5.12,0.8630731798615011,0.6224269141725904,0.119319433547259,0.8421052631578947,0.6423357664233577,0.8888888888888888,0.5751633986928104,0.9138840070298768,0.6068965517241379,0.5,88.0,520.0,65.0,49.0,0.020604628782745084,1.7446498710305545,0.04052291708149036
610,xgboost_n100_d9_lr0.05,ok,1.63,0.8630669411691311,0.6376371286805881,0.1045629235970491,0.8628808864265928,0.4452554744525547,0.9606837606837608,0.7261904761904762,0.8808777429467085,0.5520361990950227,0.5,61.0,562.0,23.0,76.0,0.02060500963012066,1.744435769914328,0.04054156612864024
611,rf_n800_d15_None,ok,9.43,0.8630232703225403,0.6501991691975428,0.1055809221840544,0.8559556786703602,0.3576642335766423,0.9726495726495726,0.7538461538461538,0.8660578386605784,0.4851485148514851,0.5,49.0,569.0,16.0,88.0,0.020607675130230617,1.7429371706468204,0.040672295135878
612,"hybrid_dnn(32,)_conv(16, 32)_gbdt50-3-0.1_average",ok,4.91,0.8629733607835798,0.6105069581184133,0.1231308136768282,0.8407202216066482,0.6715328467153284,0.8803418803418803,0.5679012345679012,0.9196428571428572,0.6153846153846154,0.5,92.0,515.0,70.0,45.0,0.020610720491650854,1.7412247182856855,0.04082209804011505
613,"hybrid_dnn(128, 64)_conv(8, 16)_gbdt100-3-0.1_average",ok,5.23,0.8628610643209184,0.6169937997840544,0.1217822135687801,0.8476454293628809,0.6642335766423357,0.8905982905982905,0.5870967741935483,0.9188712522045857,0.6232876712328768,0.5,91.0,521.0,64.0,46.0,0.020617568951731252,1.737372606620289,0.041160711615554124
614,"hybrid_dnn(64,)_conv(32, 64)_gbdt200-5-0.05_average",ok,5.67,0.8627986773972176,0.6283291415946257,0.113647491937943,0.8545706371191135,0.6131386861313869,0.9111111111111112,0.6176470588235294,0.909556313993174,0.6153846153846154,0.5,84.0,533.0,52.0,53.0,0.020621371497449168,1.7352330862894212,0.04134976416242786
615,gbdt_sklearn_n200_lr0.05_sub0.8,ok,6.72,0.8627799613201073,0.615459067866393,0.1089553306786875,0.8545706371191135,0.4963503649635036,0.9384615384615383,0.6538461538461539,0.8883495145631068,0.5643153526970954,0.5,68.0,549.0,36.0,69.0,0.020622511961263332,1.7345913055899878,0.041406610283852396
616,"hybrid_dnn(64, 32, 16)_conv(16,)_gbdt50-3-0.1_average",ok,5.42,0.862761245242997,0.6149761353135952,0.1214086902319251,0.8434903047091413,0.6277372262773723,0.8940170940170941,0.581081081081081,0.911149825783972,0.6035087719298246,0.5,86.0,523.0,62.0,51.0,0.020623652286700978,1.7339495596781007,0.04146351663668424
617,"hybrid_dnn(64,)_conv(32, 64)_gbdt50-3-0.1_average",ok,5.03,0.8627113357040365,0.6159559954542735,0.1162703518570956,0.8462603878116344,0.6204379562043796,0.8991452991452992,0.5902777777777778,0.9100346020761244,0.604982206405694,0.5,85.0,526.0,59.0,52.0,0.020626692478195843,1.7322384072659034,0.04161556165973057
618,gbdt_sklearn_n200_lr0.2_sub0.8,ok,6.73,0.8626926196269262,0.6253721402432066,0.1220944584404578,0.8434903047091413,0.4452554744525547,0.9367521367521368,0.6224489795918368,0.8782051282051282,0.5191489361702127,0.5,61.0,548.0,37.0,76.0,0.02062783229644257,1.731596788848795,0.04167268918069866
619,extra_trees_n800_d10,ok,7.43,0.8626863809345561,0.6397801808563011,0.1104383394218311,0.8421052631578947,0.1970802919708029,0.9931623931623932,0.8709677419354839,0.8408104196816208,0.3214285714285714,0.5,27.0,581.0,4.0,110.0,0.020628212205129694,1.7313829237667826,0.041691745109335154
620,"hybrid_dnn(64, 32, 16)_conv(16, 32)_gbdt100-3-0.1_average",ok,5.75,0.8626614261650758,0.6086137783638633,0.1222951831740786,0.8462603878116344,0.656934306569343,0.8905982905982905,0.5844155844155844,0.9172535211267606,0.6185567010309279,0.5,90.0,521.0,64.0,47.0,0.02062973168625777,1.7305275020503381,0.04176803596897205
621,extra_trees_n800_d5,ok,8.14,0.8626115166261152,0.631044961714919,0.121884616947886,0.8227146814404432,0.072992700729927,0.9982905982905984,0.9090909090909092,0.8213783403656821,0.1351351351351351,0.5,10.0,584.0,1.0,127.0,0.020632769911306536,1.7288168438995417,0.04192094027205018
622,gbdt_sklearn_n300_lr0.2_sub1.0,ok,12.13,0.8626052779337451,0.6315688410585293,0.1282101244079786,0.8490304709141274,0.4452554744525547,0.9435897435897436,0.648936170212766,0.8789808917197452,0.5281385281385281,0.5,61.0,552.0,33.0,76.0,0.020633149620340418,1.7286030289958656,0.04194008357909673
623,"hybrid_dnn(64,)_conv(8, 16, 32)_gbdt100-5-0.05_average",ok,4.58,0.862599039241375,0.6272235388699785,0.1204086906551471,0.8421052631578947,0.6204379562043796,0.8940170940170941,0.5782312925170068,0.9095652173913044,0.5985915492957746,0.5,85.0,523.0,62.0,52.0,0.02063352931402208,1.7283892179502638,0.04195923361722498
624,"hybrid_dnn(64, 32, 16)_conv(8, 16)_gbdt100-3-0.1_average",ok,6.23,0.862599039241375,0.6076161287423624,0.1217364086120927,0.8490304709141274,0.6423357664233577,0.8974358974358975,0.5945945945945946,0.9146341463414634,0.6175438596491228,0.5,88.0,525.0,60.0,49.0,0.02063352931402208,1.7283892179502638,0.04195923361722498
625,extra_trees_n500_d5,ok,5.42,0.8625865618566348,0.6330633789156053,0.1220113932432058,0.8240997229916898,0.0802919708029197,0.9982905982905984,0.9166666666666666,0.8225352112676056,0.1476510067114094,0.5,11.0,584.0,1.0,126.0,0.020634288655332067,1.7279616074322377,0.041997553892247685
626,"hybrid_dnn(128, 64)_conv(16,)_gbdt100-5-0.05_average",ok,4.42,0.8625616070871547,0.6288621630643171,0.1198724744543429,0.8434903047091413,0.656934306569343,0.8871794871794871,0.5769230769230769,0.9169611307420494,0.6143344709897611,0.5,90.0,519.0,66.0,47.0,0.02063580715376155,1.7271064326817156,0.04207427527598884
627,rf_n500_d15_None,ok,6.64,0.862530413625304,0.6523133948648038,0.1055819532964566,0.8559556786703602,0.3503649635036496,0.9743589743589745,0.7619047619047619,0.8649468892261002,0.48,0.5,48.0,570.0,15.0,89.0,0.020637704931508783,1.7260375510076826,0.04217032868263659
628,rf_n200_d20_None,ok,2.73,0.862511697548194,0.640080515390787,0.1059911762678647,0.8573407202216067,0.3503649635036496,0.976068376068376,0.7741935483870968,0.8651515151515151,0.4824120603015075,0.5,48.0,571.0,14.0,89.0,0.02063884341404188,1.7253962682651383,0.042228041687186524
629,"hybrid_dnn(32,)_conv(16,)_gbdt200-5-0.05_average",ok,4.39,0.8624867427787136,0.6278309241041662,0.1182338585128803,0.8462603878116344,0.635036496350365,0.8957264957264958,0.5878378378378378,0.9128919860627178,0.6105263157894737,0.5,87.0,524.0,61.0,50.0,0.02064036117599735,1.7245412785661784,0.04230508689108392
630,rf_huge_n300_leafnodes2500_balanced,ok,4.2,0.8624305945473829,0.5886087177327051,0.1153870729455217,0.8448753462603878,0.5766423357664233,0.9076923076923076,0.5939849624060151,0.9015280135823428,0.5851851851851851,0.5,79.0,531.0,54.0,58.0,0.020643775243281683,1.7226177771297742,0.04247883403478048
631,rf_huge_n300_leafnodes5000_balanced,ok,4.37,0.8624305945473829,0.5886087177327051,0.1153870729455217,0.8448753462603878,0.5766423357664233,0.9076923076923076,0.5939849624060151,0.9015280135823428,0.5851851851851851,0.5,79.0,531.0,54.0,58.0,0.020643775243281683,1.7226177771297742,0.04247883403478048
632,gbdt_sklearn_n200_lr0.05_sub1.0,ok,8.1,0.8623806850084222,0.6488207849821925,0.1067164636354228,0.8518005540166205,0.4671532846715328,0.941880341880342,0.6530612244897959,0.8830128205128205,0.5446808510638298,0.5,64.0,551.0,34.0,73.0,0.02064680892734432,1.7209082599403678,0.04263373624627864
633,"hybrid_dnn(128, 64)_conv(8, 16, 32)_gbdt100-5-0.05_average",ok,4.91,0.8623370141618316,0.6302605316986676,0.1209129718545175,0.8351800554016621,0.6277372262773723,0.8837606837606837,0.5584415584415584,0.9102112676056338,0.5910652920962199,0.5,86.0,517.0,68.0,51.0,0.020649462596438125,1.7194126344671317,0.042769631642232464
634,"hybrid_dnn(128, 64)_conv(16, 32)_gbdt200-5-0.05_average",ok,5.62,0.8622995820076113,0.6270293313801714,0.1207261172347311,0.8365650969529086,0.6642335766423357,0.8769230769230769,0.558282208588957,0.9177101967799642,0.6066666666666667,0.5,91.0,513.0,72.0,46.0,0.020651736572570068,1.7181308198130265,0.04288637821339003
635,rf_n300_d15_None,ok,3.57,0.862280865930501,0.6464380637545875,0.1057046710877466,0.8573407202216067,0.3576642335766423,0.9743589743589745,0.765625,0.8662613981762918,0.4875621890547263,0.5,49.0,570.0,15.0,88.0,0.020652873353910292,1.7174899644034736,0.04294484326047343
636,"hybrid_dnn(128, 64)_conv(8, 16)_gbdt200-5-0.05_average",ok,5.71,0.8622496724686505,0.6281138922721068,0.1197357084227279,0.853185595567867,0.6642335766423357,0.8974358974358975,0.6026490066225165,0.9194395796847636,0.6319444444444444,0.5,91.0,525.0,60.0,46.0,0.02065476768329303,1.7164219489450994,0.04304242107665324
637,"hybrid_dnn(64, 32, 16)_conv(16, 32)_gbdt200-5-0.05_average",ok,6.78,0.8621872855449498,0.6128654123903854,0.1203724430076847,0.8476454293628809,0.656934306569343,0.8923076923076924,0.5882352941176471,0.9173989455184536,0.6206896551724138,0.5,90.0,522.0,63.0,47.0,0.020658555194233253,1.7142862062538784,0.04323808759245229
638,extra_trees_n300_d5,ok,3.38,0.862112421236509,0.6351595084317331,0.122382008575017,0.8227146814404432,0.0656934306569343,1.0,1.0,0.820476858345021,0.1232876712328767,0.5,9.0,585.0,0.0,128.0,0.02066309818815487,1.7117238219970408,0.04347378819377257
639,"hybrid_dnn(64, 32, 16)_conv(8, 16)_gbdt50-3-0.1_average",ok,6.2,0.8620874664670286,0.6106098749233866,0.1232044716740204,0.8462603878116344,0.6496350364963503,0.8923076923076924,0.5855263157894737,0.9157894736842104,0.615916955017301,0.5,89.0,522.0,63.0,48.0,0.02066461203018265,1.7108698167428913,0.043552573811935
640,extra_trees_n500_d10,ok,5.23,0.8620375569280679,0.6437206529726803,0.1105838509828205,0.8393351800554016,0.1824817518248175,0.9931623931623932,0.8620689655172413,0.8383838383838383,0.3012048192771084,0.5,25.0,581.0,4.0,112.0,0.020667638980630648,1.7091619903835626,0.043710473699853925
641,gbdt_sklearn_n200_lr0.03_sub1.0,ok,8.17,0.8620313182356978,0.6513169566044354,0.1039108758227417,0.850415512465374,0.437956204379562,0.947008547008547,0.6593406593406593,0.8779714738510301,0.5263157894736842,0.5,60.0,554.0,31.0,77.0,0.02066801728067677,1.708948529347623,0.04373024202357101
642,"hybrid_dnn(64,)_conv(16, 32)_gbdt100-5-0.05_average",ok,4.71,0.8620250795433277,0.6186759200855333,0.121493136893429,0.8462603878116344,0.656934306569343,0.8905982905982905,0.5844155844155844,0.9172535211267606,0.6185567010309279,0.5,90.0,521.0,64.0,47.0,0.020668395565445603,1.7087350721461645,0.043750017204667646
643,"hybrid_dnn(64,)_conv(8, 16)_gbdt100-3-0.1_average",ok,4.37,0.8620250795433277,0.6154915188325795,0.1213907197059467,0.8518005540166205,0.6496350364963503,0.8991452991452992,0.6013513513513513,0.9163763066202092,0.624561403508772,0.5,89.0,526.0,59.0,48.0,0.020668395565445603,1.7087350721461645,0.043750017204667646
644,"hybrid_dnn(128, 64)_conv(8, 16, 32)_gbdt100-3-0.1_average",ok,4.71,0.8620250795433276,0.6237960346526884,0.1215629326622527,0.8421052631578947,0.635036496350365,0.8905982905982905,0.5761589403973509,0.9124343257443084,0.6041666666666666,0.5,87.0,521.0,64.0,50.0,0.020668395565445603,1.708735072146161,0.04375001720466798
645,"hybrid_dnn(64,)_conv(8, 16, 32)_gbdt100-3-0.1_average",ok,4.32,0.8620126021585875,0.6215623592000855,0.1210576020307577,0.8421052631578947,0.6204379562043796,0.8940170940170941,0.5782312925170068,0.9095652173913044,0.5985915492957746,0.5,85.0,523.0,62.0,52.0,0.020669152089154662,1.7083081692456517,0.043789588144461655
646,"hybrid_dnn(128, 64)_conv(8, 16)_gbdt50-3-0.1_average",ok,4.77,0.8619751700043672,0.6156783767262535,0.1231590569043964,0.8421052631578947,0.6642335766423357,0.8837606837606837,0.5723270440251572,0.9182948490230906,0.6148648648648649,0.5,91.0,517.0,68.0,46.0,0.020671421293711474,1.7070275525449847,0.043908465682895415
647,"hybrid_dnn(128, 64)_conv(16,)_gbdt50-3-0.1_average",ok,4.25,0.8619502152348868,0.619884751157544,0.1219095517157502,0.8448753462603878,0.656934306569343,0.8888888888888888,0.5806451612903226,0.9171075837742504,0.6164383561643836,0.5,90.0,520.0,65.0,47.0,0.02067293379133884,1.706173884724817,0.04398785475018496
648,"hybrid_dnn(128, 64)_conv(16, 32)_gbdt50-3-0.1_average",ok,4.42,0.8619377378501467,0.6170761153721185,0.1240658113637074,0.832409972299169,0.656934306569343,0.8735042735042735,0.5487804878048781,0.9157706093189965,0.5980066445182725,0.5,90.0,511.0,74.0,47.0,0.020673689948548766,1.7057470738026923,0.044027590529051475
649,"hybrid_dnn(64, 32, 16)_conv(16, 32)_gbdt50-3-0.1_average",ok,6.41,0.8619377378501466,0.6124501830091712,0.1237262644441107,0.8393351800554016,0.656934306569343,0.882051282051282,0.5660377358490566,0.91651865008881,0.6081081081081081,0.5,90.0,516.0,69.0,47.0,0.020673689948548766,1.7057470738026888,0.04402759052905181
650,rf_n800_d20_None,ok,9.66,0.8619314991577766,0.639125980947812,0.1058823065365667,0.8545706371191135,0.3576642335766423,0.9709401709401708,0.7424242424242424,0.8658536585365854,0.4827586206896552,0.5,49.0,568.0,17.0,88.0,0.020674068004255627,1.7055336740877216,0.04404746873456056
651,"hybrid_dnn(64, 32, 16)_conv(8, 16)_gbdt200-5-0.05_average",ok,6.93,0.8619252604654065,0.6169655267641775,0.1197669958820967,0.8559556786703602,0.635036496350365,0.9076923076923076,0.6170212765957447,0.9139414802065404,0.6258992805755396,0.5,87.0,531.0,54.0,50.0,0.020674446044698164,1.7053202782031438,0.04406735381926974
652,rf_n200_d15_None,ok,2.5,0.861887828311186,0.6414003543863315,0.1060598104926352,0.8601108033240997,0.3576642335766423,0.9777777777777776,0.7903225806451613,0.8666666666666667,0.4924623115577889,0.5,49.0,572.0,13.0,88.0,0.020676713966847903,1.7040399833195592,0.04418680886700732
653,rf_n200_dNone_None,ok,2.54,0.8618878283111859,0.6370631882357913,0.1062113227146814,0.8559556786703602,0.3503649635036496,0.9743589743589745,0.7619047619047619,0.8649468892261002,0.48,0.5,48.0,570.0,15.0,89.0,0.020676713966847924,1.704039983319555,0.044186808867007654
654,rf_n200_d30_None,ok,2.49,0.8618878283111859,0.6370631882357913,0.1062113227146814,0.8559556786703602,0.3503649635036496,0.9743589743589745,0.7619047619047619,0.8649468892261002,0.48,0.5,48.0,570.0,15.0,89.0,0.020676713966847924,1.704039983319555,0.044186808867007654
655,"hybrid_dnn(128, 64)_conv(16,)_gbdt100-3-0.1_average",ok,4.08,0.861875350926446,0.6175681093137055,0.1206239568606538,0.8434903047091413,0.656934306569343,0.8871794871794871,0.5769230769230769,0.9169611307420494,0.6143344709897611,0.5,90.0,519.0,66.0,47.0,0.020677469818819898,1.703613248989913,0.04422668231159166
656,gbdt_sklearn_n100_lr0.03_sub0.8,ok,3.36,0.8618566348493355,0.6161264559752736,0.1053654382424937,0.8545706371191135,0.3868613138686131,0.964102564102564,0.7162162162162162,0.8703703703703703,0.5023696682464455,0.5,53.0,564.0,21.0,84.0,0.020678603482352065,1.7029731762054903,0.04428654416777922
657,"hybrid_dnn(64,)_conv(16, 32)_gbdt100-3-0.1_average",ok,4.49,0.861812964002745,0.6171365200588645,0.1223819010330653,0.8448753462603878,0.6496350364963503,0.8905982905982905,0.5816993464052288,0.9156414762741651,0.6137931034482759,0.5,89.0,521.0,64.0,48.0,0.020681248163386227,1.7014798069864199,0.04442646323943378
658,"hybrid_dnn(64, 32, 16)_conv(32, 64)_gbdt200-5-0.05_average",ok,7.22,0.8618004866180049,0.6201953574661552,0.1138806776042936,0.8587257617728532,0.6204379562043796,0.9145299145299144,0.6296296296296297,0.9114139693356048,0.625,0.5,85.0,535.0,50.0,52.0,0.02068200364928598,1.701053164500395,0.04446650224213866
659,gbdt_sklearn_n300_lr0.05_sub1.0,ok,12.21,0.8617942479256346,0.6410981380702224,0.1109984687828283,0.853185595567867,0.4744525547445255,0.941880341880342,0.6565656565656566,0.884430176565008,0.5508474576271186,0.5,65.0,551.0,34.0,72.0,0.020682381369364438,1.700839848995051,0.044486532104468735
660,extra_trees_n200_d10,ok,2.13,0.861738099694304,0.6437525277738153,0.110538768137973,0.8448753462603878,0.2116788321167883,0.9931623931623932,0.8787878787878788,0.8432510885341074,0.3411764705882353,0.5,29.0,581.0,4.0,108.0,0.02068578016407241,1.6989201815314363,0.044667111939219795
661,gbdt_sklearn_n200_lr0.1_sub0.8,ok,6.72,0.8617069062324537,0.6229370935715397,0.1137730651842919,0.853185595567867,0.4671532846715328,0.9435897435897436,0.6597938144329897,0.8832,0.5470085470085471,0.5,64.0,552.0,33.0,73.0,0.020687667849941704,1.6978538334060573,0.04476767625346645
662,"hybrid_dnn(64, 32, 16)_conv(8, 16, 32)_gbdt100-3-0.1_average",ok,5.59,0.8617006675400836,0.6145443691932029,0.1216317846068908,0.8421052631578947,0.6204379562043796,0.8940170940170941,0.5782312925170068,0.9095652173913044,0.5985915492957746,0.5,85.0,523.0,62.0,52.0,0.02068804534140654,1.6976405752456314,0.04478780989528064
663,"hybrid_dnn(64, 32, 16)_conv(8, 16, 32)_gbdt100-5-0.05_average",ok,5.83,0.861575893692682,0.619496340522531,0.1210208641087032,0.8462603878116344,0.635036496350365,0.8957264957264958,0.5878378378378378,0.9128919860627178,0.6105263157894737,0.5,87.0,524.0,61.0,50.0,0.020695591972537727,1.6933762140995523,0.04519193972534963
664,"hybrid_dnn(64, 32, 16)_conv(16,)_gbdt200-5-0.05_average",ok,5.71,0.8614885519995009,0.6151541036708811,0.1183243546551995,0.8573407202216067,0.6496350364963503,0.905982905982906,0.6180555555555556,0.916955017301038,0.6334519572953736,0.5,89.0,530.0,55.0,48.0,0.02070087099197491,1.690392069595095,0.045476485623497154
665,extra_trees_n100_d5,ok,1.26,0.8614199263834302,0.6201549718622416,0.1225558758441062,0.8213296398891967,0.0583941605839416,1.0,1.0,0.819327731092437,0.1103448275862069,0.5,8.0,585.0,0.0,129.0,0.020705016701871023,1.688047908855021,0.045701016342013956
666,"hybrid_dnn(64,)_conv(8, 16)_gbdt200-5-0.05_average",ok,5.04,0.8614012103063199,0.621557610994485,0.1193741091001925,0.8559556786703602,0.6423357664233577,0.905982905982906,0.6153846153846154,0.915371329879102,0.6285714285714286,0.5,88.0,530.0,55.0,49.0,0.020706147030815227,1.6874086723036412,0.0457623987133835
667,rf_n800_d30_None,ok,10.39,0.8614012103063198,0.6364909966408019,0.1060245022506925,0.8559556786703602,0.364963503649635,0.9709401709401708,0.746268656716418,0.867175572519084,0.4901960784313725,0.5,50.0,568.0,17.0,87.0,0.02070614703081523,1.6874086723036377,0.045762398713383834
668,rf_n800_dNone_None,ok,10.5,0.8614012103063198,0.6364909966408019,0.1060245022506925,0.8559556786703602,0.364963503649635,0.9709401709401708,0.746268656716418,0.867175572519084,0.4901960784313725,0.5,50.0,568.0,17.0,87.0,0.02070614703081523,1.6874086723036377,0.045762398713383834
669,rf_n300_d20_None,ok,3.77,0.8613637781520993,0.6385325140380587,0.1059687186711972,0.8545706371191135,0.3576642335766423,0.9709401709401708,0.7424242424242424,0.8658536585365854,0.4827586206896552,0.5,49.0,568.0,17.0,88.0,0.020708407278435943,1.6861303020304788,0.045885352339717134
670,xgboost_dart_n100_d3_lr0.1_drop0.1,ok,2.29,0.8613325846902489,0.6455838975020046,0.1032462984154028,0.8545706371191135,0.3941605839416058,0.9623931623931624,0.7105263157894737,0.871517027863777,0.5070422535211268,0.5,54.0,563.0,22.0,83.0,0.020710290400357417,1.6850650981708066,0.045988006249159885
671,rf_n500_d20_None,ok,6.22,0.8612951525360284,0.6376795357563348,0.1060216236227392,0.8518005540166205,0.3430656934306569,0.9709401709401708,0.734375,0.8632218844984803,0.4676616915422885,0.5,47.0,568.0,17.0,90.0,0.020712549645497902,1.68378697913334,0.046111422256991386
672,gbdt_sklearn_n200_lr0.2_sub1.0,ok,8.16,0.8612577203818081,0.6353565588232664,0.1214399165093654,0.8476454293628809,0.4744525547445255,0.935042735042735,0.6310679611650486,0.8836833602584814,0.5416666666666666,0.5,65.0,547.0,38.0,72.0,0.02071480834407577,1.6825089970559655,0.046235090884229946
673,"hybrid_dnn(64,)_conv(16, 32)_gbdt200-5-0.05_average",ok,4.7,0.8612140495352174,0.6208936710916974,0.1204119630311935,0.8476454293628809,0.6423357664233577,0.8957264957264958,0.5906040268456376,0.9144851657940664,0.6153846153846154,0.5,88.0,524.0,61.0,49.0,0.020717442801852608,1.681018190995006,0.04637969061910019
674,"hybrid_dnn(64,)_conv(8, 16)_gbdt50-3-0.1_average",ok,4.73,0.8610767983030756,0.6111982274580141,0.1227133087057878,0.8476454293628809,0.6423357664233577,0.8957264957264958,0.5906040268456376,0.9144851657940664,0.6153846153846154,0.5,88.0,524.0,61.0,49.0,0.020725717687728566,1.6763340126822877,0.046836393118923736
675,"hybrid_dnn(64,)_conv(8, 16, 32)_gbdt200-5-0.05_average",ok,4.93,0.8610393661488552,0.6262750714768127,0.1190126673886061,0.8476454293628809,0.6277372262773723,0.8991452991452992,0.593103448275862,0.9116117850953206,0.6099290780141844,0.5,86.0,526.0,59.0,51.0,0.020727973201462184,1.6750568284488652,0.04696154113114048
676,gbdt_sklearn_n100_lr0.1_sub0.8,ok,3.38,0.8609582631480441,0.610194508705313,0.1103495587105662,0.853185595567867,0.4525547445255474,0.947008547008547,0.6666666666666666,0.8807631160572337,0.5391304347826087,0.5,62.0,554.0,31.0,75.0,0.020732858277140616,1.6722900644383352,0.04723356894765296
677,"hybrid_dnn(64,)_conv(8, 16, 32)_gbdt50-3-0.1_average",ok,4.4,0.8609270696861938,0.6131819011443705,0.1228608805289332,0.8407202216066482,0.6277372262773723,0.8905982905982905,0.5733333333333334,0.9108391608391608,0.5993031358885017,0.5,86.0,521.0,64.0,51.0,0.02073473647104012,1.671226095050143,0.04733851389606725
678,"hybrid_dnn(128, 64)_conv(8, 16, 32)_gbdt200-5-0.05_average",ok,5.33,0.860864682762493,0.6303910536450926,0.1194881034280196,0.8490304709141274,0.6423357664233577,0.8974358974358975,0.5945945945945946,0.9146341463414634,0.6175438596491228,0.5,88.0,525.0,60.0,49.0,0.020738491723793103,1.6690984404568459,0.047548936167086886
679,rf_n300_d30_None,ok,3.89,0.8607523862998315,0.6365372644810428,0.1061427823945829,0.8559556786703602,0.364963503649635,0.9709401709401708,0.746268656716418,0.867175572519084,0.4901960784313725,0.5,50.0,568.0,17.0,87.0,0.020745247367193555,1.6652696163451335,0.04792948871730118
680,rf_n300_dNone_None,ok,3.86,0.8607523862998315,0.6365372644810428,0.1061427823945829,0.8559556786703602,0.364963503649635,0.9709401709401708,0.746268656716418,0.867175572519084,0.4901960784313725,0.5,50.0,568.0,17.0,87.0,0.020745247367193555,1.6652696163451335,0.04792948871730118
681,gbdt_sklearn_n200_lr0.01_sub0.8,ok,6.73,0.8607211928379812,0.6247034736359567,0.1077565191187141,0.8490304709141274,0.3284671532846715,0.9709401709401708,0.7258064516129032,0.8606060606060606,0.4522613065326633,0.5,45.0,568.0,17.0,92.0,0.020747123065606207,1.664206271646718,0.0480356075929772
682,rf_n500_dNone_None,ok,5.93,0.8607149541456112,0.634154134396002,0.1061674515235456,0.853185595567867,0.3430656934306569,0.9726495726495726,0.746031746031746,0.8634294385432474,0.47,0.5,47.0,569.0,16.0,90.0,0.02074749815995827,1.6639936140516782,0.048056852782565884
683,rf_n500_d30_None,ok,6.08,0.8607149541456112,0.634154134396002,0.1061674515235456,0.853185595567867,0.3430656934306569,0.9726495726495726,0.746031746031746,0.8634294385432474,0.47,0.5,47.0,569.0,16.0,90.0,0.02074749815995827,1.6639936140516782,0.048056852782565884
684,"hybrid_dnn(128, 64)_conv(16,)_gbdt200-5-0.05_average",ok,4.61,0.8606899993761308,0.6246630930492932,0.1188393435154711,0.8421052631578947,0.6496350364963503,0.8871794871794871,0.5741935483870968,0.9153439153439152,0.6095890410958904,0.5,89.0,519.0,66.0,48.0,0.020748998386291264,1.6631430214786003,0.04814190496656645
685,"hybrid_dnn(64,)_conv(16,)_gbdt100-5-0.05_average",ok,3.75,0.8606400898371702,0.6248143273858472,0.1198214653053969,0.8490304709141274,0.6496350364963503,0.8957264957264958,0.5933333333333334,0.916083916083916,0.6202090592334495,0.5,89.0,524.0,61.0,48.0,0.020751998113960685,1.661442017754133,0.04831235245285059
686,gbdt_sklearn_n100_lr0.05_sub1.0,ok,4.05,0.8604092582194772,0.6527217147909339,0.1038131453770508,0.8490304709141274,0.4306569343065693,0.947008547008547,0.6555555555555556,0.8765822784810127,0.5198237885462555,0.5,59.0,554.0,31.0,78.0,0.020765859291014363,1.6535780186424307,0.049106640986642525
687,"hybrid_dnn(64,)_conv(16, 32)_gbdt50-3-0.1_average",ok,4.58,0.860390542142367,0.6105141797892594,0.1236675082464148,0.8351800554016621,0.6496350364963503,0.8786324786324786,0.55625,0.9145907473309608,0.5993265993265994,0.5,89.0,514.0,71.0,48.0,0.020766982265520654,1.6529406233824622,0.049171474215979005
688,gbdt_sklearn_n100_lr0.2_sub0.8,ok,3.46,0.8603343939110363,0.6280187812782853,0.1154986674862907,0.8476454293628809,0.4817518248175182,0.9333333333333332,0.6285714285714286,0.8849270664505673,0.5454545454545454,0.5,66.0,546.0,39.0,71.0,0.020770350375491284,1.6510286410419328,0.04936636337371336
689,scratch_gbdt_n100_d3_lr0.1,ok,42.2,0.8602220974483749,0.646714361897424,0.1047444023155955,0.8614958448753463,0.4744525547445255,0.952136752136752,0.6989247311827957,0.8855325914149443,0.5652173913043478,0.5,65.0,557.0,28.0,72.0,0.020777082936375688,1.6472055912291346,0.04975789748682302
690,"hybrid_dnn(64, 32, 16)_conv(8, 16, 32)_gbdt200-5-0.05_average",ok,6.4,0.8602033813712646,0.6177309931940467,0.1196340477833702,0.8518005540166205,0.6277372262773723,0.9042735042735044,0.6056338028169014,0.9120689655172414,0.6164874551971327,0.5,86.0,529.0,56.0,51.0,0.02077820455578162,1.6465685347754804,0.049823381187857896
