strategy,threshold,tp,tn,fp,fn,misclass_rate,accuracy,sensitivity,specificity,ppv,npv,lr_plus,lr_minus
single best (lightgbm_n800_leaves15_lr0.01),0.0,137,0,585,0,0.8102493074792244,0.1897506925207756,1.0,0.0,0.18975069252077562,,1.0,inf
single best (lightgbm_n800_leaves15_lr0.01),9.768938506484497e-05,137,0,585,0,0.8102493074792244,0.1897506925207756,1.0,0.0,0.18975069252077562,,1.0,inf
single best (lightgbm_n800_leaves15_lr0.01),0.00010239530028774706,137,1,584,0,0.8088642659279779,0.1911357340720221,1.0,0.0017094017094017094,0.1900138696255201,1.0,1.0017123287671232,0.0
single best (lightgbm_n800_leaves15_lr0.01),0.00012341255967802882,137,2,583,0,0.8074792243767313,0.19252077562326875,1.0,0.003418803418803419,0.19027777777777777,1.0,1.0034305317324186,0.0
single best (lightgbm_n800_leaves15_lr0.01),0.0001404370370378622,137,3,582,0,0.8060941828254847,0.19390581717451527,1.0,0.005128205128205128,0.1905424200278164,1.0,1.0051546391752577,0.0
single best (lightgbm_n800_leaves15_lr0.01),0.0001474107483143111,137,4,581,0,0.8047091412742382,0.1952908587257618,1.0,0.006837606837606838,0.19080779944289694,1.0,1.0068846815834767,0.0
single best (lightgbm_n800_leaves15_lr0.01),0.0001532895008575445,137,5,580,0,0.8033240997229917,0.19667590027700832,1.0,0.008547008547008548,0.1910739191073919,1.0,1.0086206896551724,0.0
single best (lightgbm_n800_leaves15_lr0.01),0.0001571626158901504,137,6,579,0,0.8019390581717452,0.19806094182825484,1.0,0.010256410256410256,0.19134078212290503,1.0,1.0103626943005182,0.0
single best (lightgbm_n800_leaves15_lr0.01),0.00016312020823159453,137,7,578,0,0.8005540166204986,0.19944598337950137,1.0,0.011965811965811967,0.1916083916083916,1.0,1.0121107266435985,0.0
single best (lightgbm_n800_leaves15_lr0.01),0.00018568622650676783,137,8,577,0,0.7991689750692521,0.2008310249307479,1.0,0.013675213675213675,0.19187675070028012,1.0,1.0138648180242633,0.0
single best (lightgbm_n800_leaves15_lr0.01),0.00018670332106472107,137,9,576,0,0.7977839335180056,0.20221606648199442,1.0,0.015384615384615385,0.19214586255259467,1.0,1.015625,0.0
single best (lightgbm_n800_leaves15_lr0.01),0.00020552231813736937,137,10,575,0,0.796398891966759,0.20360110803324105,1.0,0.017094017094017096,0.19241573033707865,1.0,1.0173913043478262,0.0
single best (lightgbm_n800_leaves15_lr0.01),0.0002075967554122191,137,11,574,0,0.7950138504155124,0.20498614958448758,1.0,0.018803418803418803,0.19268635724331926,1.0,1.019163763066202,0.0
single best (lightgbm_n800_leaves15_lr0.01),0.00021462911679710764,137,12,573,0,0.7936288088642659,0.2063711911357341,1.0,0.020512820512820513,0.19295774647887323,1.0,1.0209424083769634,0.0
single best (lightgbm_n800_leaves15_lr0.01),0.00022112306480008253,137,13,572,0,0.7922437673130194,0.20775623268698062,1.0,0.022222222222222223,0.19322990126939352,1.0,1.0227272727272727,0.0
single best (lightgbm_n800_leaves15_lr0.01),0.00022212143206386286,137,14,571,0,0.7908587257617729,0.20914127423822715,1.0,0.023931623931623933,0.19350282485875706,1.0,1.0245183887915936,0.0
single best (lightgbm_n800_leaves15_lr0.01),0.00022309860797846079,137,15,570,0,0.7894736842105263,0.21052631578947367,1.0,0.02564102564102564,0.19377652050919378,1.0,1.0263157894736843,0.0
single best (lightgbm_n800_leaves15_lr0.01),0.00023522637572676567,137,16,569,0,0.7880886426592798,0.2119113573407202,1.0,0.02735042735042735,0.19405099150141644,1.0,1.0281195079086116,0.0
single best (lightgbm_n800_leaves15_lr0.01),0.0002417606569569499,137,17,568,0,0.7867036011080333,0.21329639889196672,1.0,0.02905982905982906,0.19432624113475178,1.0,1.0299295774647887,0.0
single best (lightgbm_n800_leaves15_lr0.01),0.0002460757195110291,137,18,567,0,0.7853185595567868,0.21468144044321325,1.0,0.03076923076923077,0.19460227272727273,1.0,1.0317460317460319,0.0
single best (lightgbm_n800_leaves15_lr0.01),0.00025823928707516665,137,19,566,0,0.7839335180055401,0.21606648199445988,1.0,0.03247863247863248,0.19487908961593173,1.0,1.0335689045936396,0.0
single best (lightgbm_n800_leaves15_lr0.01),0.0002667770609546551,137,20,565,0,0.7825484764542936,0.2174515235457064,1.0,0.03418803418803419,0.19515669515669515,1.0,1.0353982300884956,0.0
single best (lightgbm_n800_leaves15_lr0.01),0.00027293663201082284,137,21,564,0,0.7811634349030471,0.21883656509695293,1.0,0.035897435897435895,0.19543509272467904,1.0,1.0372340425531914,0.0
single best (lightgbm_n800_leaves15_lr0.01),0.0002734795465281129,137,22,563,0,0.7797783933518005,0.22022160664819945,1.0,0.037606837606837605,0.1957142857142857,1.0,1.039076376554174,0.0
single best (lightgbm_n800_leaves15_lr0.01),0.00027667946431801497,137,23,562,0,0.778393351800554,0.22160664819944598,1.0,0.039316239316239315,0.19599427753934193,1.0,1.0409252669039146,0.0
single best (lightgbm_n800_leaves15_lr0.01),0.0002825385297499789,137,24,561,0,0.7770083102493075,0.2229916897506925,1.0,0.041025641025641026,0.19627507163323782,1.0,1.0427807486631016,0.0
single best (lightgbm_n800_leaves15_lr0.01),0.0002829829699117688,137,25,560,0,0.775623268698061,0.22437673130193903,1.0,0.042735042735042736,0.19655667144906744,1.0,1.0446428571428572,0.0
single best (lightgbm_n800_leaves15_lr0.01),0.00029546042378547144,137,26,559,0,0.7742382271468145,0.22576177285318555,1.0,0.044444444444444446,0.1968390804597701,1.0,1.0465116279069766,0.0
single best (lightgbm_n800_leaves15_lr0.01),0.0002960017591755997,137,27,558,0,0.7728531855955678,0.22714681440443218,1.0,0.046153846153846156,0.1971223021582734,1.0,1.0483870967741935,0.0
single best (lightgbm_n800_leaves15_lr0.01),0.00031189588673119755,137,28,557,0,0.7714681440443213,0.2285318559556787,1.0,0.04786324786324787,0.19740634005763688,1.0,1.0502692998204668,0.0
single best (lightgbm_n800_leaves15_lr0.01),0.00031204284260920404,137,29,556,0,0.7700831024930748,0.22991689750692523,1.0,0.04957264957264957,0.1976911976911977,1.0,1.052158273381295,0.0
single best (lightgbm_n800_leaves15_lr0.01),0.0003126769241781096,137,30,555,0,0.7686980609418282,0.23130193905817176,1.0,0.05128205128205128,0.19797687861271676,1.0,1.0540540540540542,0.0
single best (lightgbm_n800_leaves15_lr0.01),0.0003133979843134368,137,31,554,0,0.7673130193905817,0.23268698060941828,1.0,0.05299145299145299,0.19826338639652677,1.0,1.0559566787003611,0.0
single best (lightgbm_n800_leaves15_lr0.01),0.0003136070538131642,137,32,553,0,0.7659279778393352,0.2340720221606648,1.0,0.0547008547008547,0.19855072463768117,1.0,1.057866184448463,0.0
single best (lightgbm_n800_leaves15_lr0.01),0.0003210497766126344,137,33,552,0,0.7645429362880887,0.23545706371191133,1.0,0.05641025641025641,0.1988388969521045,1.0,1.059782608695652,0.0
single best (lightgbm_n800_leaves15_lr0.01),0.0003222214766314907,137,34,551,0,0.7631578947368421,0.23684210526315785,1.0,0.05811965811965812,0.19912790697674418,1.0,1.061705989110708,0.0
single best (lightgbm_n800_leaves15_lr0.01),0.000324860364043325,137,35,550,0,0.7617728531855956,0.23822714681440438,1.0,0.05982905982905983,0.19941775836972345,1.0,1.0636363636363637,0.0
single best (lightgbm_n800_leaves15_lr0.01),0.0003295558500540538,137,36,549,0,0.760387811634349,0.239612188365651,1.0,0.06153846153846154,0.19970845481049562,1.0,1.0655737704918034,0.0
single best (lightgbm_n800_leaves15_lr0.01),0.00033046925104615604,137,37,548,0,0.7590027700831025,0.24099722991689754,1.0,0.06324786324786325,0.2,1.0,1.0675182481751824,0.0
single best (lightgbm_n800_leaves15_lr0.01),0.00033262303209785144,137,38,547,0,0.7576177285318559,0.24238227146814406,1.0,0.06495726495726496,0.20029239766081872,1.0,1.0694698354661791,0.0
single best (lightgbm_n800_leaves15_lr0.01),0.0003438931885827427,137,39,546,0,0.7562326869806094,0.24376731301939059,1.0,0.06666666666666667,0.2005856515373353,1.0,1.0714285714285714,0.0
single best (lightgbm_n800_leaves15_lr0.01),0.00035089939265198303,137,40,545,0,0.7548476454293629,0.2451523545706371,1.0,0.06837606837606838,0.20087976539589442,1.0,1.073394495412844,0.0
single best (lightgbm_n800_leaves15_lr0.01),0.00036147113928875917,137,41,544,0,0.7534626038781164,0.24653739612188363,1.0,0.07008547008547009,0.2011747430249633,1.0,1.0753676470588236,0.0
single best (lightgbm_n800_leaves15_lr0.01),0.0003650380733853427,137,42,543,0,0.7520775623268698,0.24792243767313016,1.0,0.07179487179487179,0.20147058823529412,1.0,1.0773480662983426,0.0
single best (lightgbm_n800_leaves15_lr0.01),0.0003779783172106755,137,43,542,0,0.7506925207756233,0.24930747922437668,1.0,0.0735042735042735,0.20176730486008837,1.0,1.0793357933579335,0.0
single best (lightgbm_n800_leaves15_lr0.01),0.00039956838459215906,137,44,541,0,0.7493074792243767,0.2506925207756233,1.0,0.07521367521367521,0.20206489675516223,1.0,1.0813308687615526,0.0
single best (lightgbm_n800_leaves15_lr0.01),0.0004041571141032526,137,45,540,0,0.7479224376731302,0.25207756232686984,1.0,0.07692307692307693,0.20236336779911374,1.0,1.0833333333333333,0.0
single best (lightgbm_n800_leaves15_lr0.01),0.0004064360253727606,137,46,539,0,0.7465373961218836,0.25346260387811637,1.0,0.07863247863247863,0.20266272189349113,1.0,1.085343228200371,0.0
single best (lightgbm_n800_leaves15_lr0.01),0.00041674803500214424,137,47,538,0,0.7451523545706371,0.2548476454293629,1.0,0.08034188034188035,0.20296296296296296,1.0,1.0873605947955391,0.0
single best (lightgbm_n800_leaves15_lr0.01),0.0004244422824669011,137,48,537,0,0.7437673130193906,0.2562326869806094,1.0,0.08205128205128205,0.2032640949554896,1.0,1.0893854748603353,0.0
single best (lightgbm_n800_leaves15_lr0.01),0.00043784024752674064,137,49,536,0,0.7423822714681441,0.25761772853185594,1.0,0.08376068376068375,0.20356612184249628,1.0,1.0914179104477613,0.0
single best (lightgbm_n800_leaves15_lr0.01),0.0004515625468575899,137,50,535,0,0.7409972299168975,0.25900277008310246,1.0,0.08547008547008547,0.20386904761904762,1.0,1.0934579439252337,0.0
single best (lightgbm_n800_leaves15_lr0.01),0.00045565837022811635,137,51,534,0,0.739612188365651,0.260387811634349,1.0,0.08717948717948718,0.20417287630402384,1.0,1.0955056179775282,0.0
single best (lightgbm_n800_leaves15_lr0.01),0.0004558403845496483,137,52,533,0,0.7382271468144044,0.2617728531855956,1.0,0.08888888888888889,0.2044776119402985,1.0,1.0975609756097562,0.0
single best (lightgbm_n800_leaves15_lr0.01),0.00045840855802334194,137,53,532,0,0.7368421052631579,0.26315789473684215,1.0,0.0905982905982906,0.20478325859491778,1.0,1.099624060150376,0.0
single best (lightgbm_n800_leaves15_lr0.01),0.0004614522533253851,137,54,531,0,0.7354570637119113,0.26454293628808867,1.0,0.09230769230769231,0.20508982035928144,1.0,1.1016949152542372,0.0
single best (lightgbm_n800_leaves15_lr0.01),0.0004678250218146635,137,55,530,0,0.7340720221606648,0.2659279778393352,1.0,0.09401709401709402,0.20539730134932535,1.0,1.1037735849056605,0.0
single best (lightgbm_n800_leaves15_lr0.01),0.0004689829077983673,137,56,529,0,0.7326869806094183,0.2673130193905817,1.0,0.09572649572649573,0.2057057057057057,1.0,1.10586011342155,0.0
single best (lightgbm_n800_leaves15_lr0.01),0.00048095249094110405,137,57,528,0,0.7313019390581718,0.26869806094182824,1.0,0.09743589743589744,0.20601503759398496,1.0,1.1079545454545454,0.0
single best (lightgbm_n800_leaves15_lr0.01),0.0005007537080742516,137,58,527,0,0.7299168975069252,0.27008310249307477,1.0,0.09914529914529914,0.2063253012048193,1.0,1.110056925996205,0.0
single best (lightgbm_n800_leaves15_lr0.01),0.0005010894220734701,137,59,526,0,0.7285318559556787,0.2714681440443213,1.0,0.10085470085470086,0.2066365007541478,1.0,1.1121673003802282,0.0
single best (lightgbm_n800_leaves15_lr0.01),0.0005143436641259203,137,60,525,0,0.7271468144044322,0.2728531855955678,1.0,0.10256410256410256,0.20694864048338368,1.0,1.1142857142857143,0.0
single best (lightgbm_n800_leaves15_lr0.01),0.0005180392109308808,137,61,524,0,0.7257617728531855,0.27423822714681445,1.0,0.10427350427350428,0.20726172465960666,1.0,1.116412213740458,0.0
single best (lightgbm_n800_leaves15_lr0.01),0.0005183474485248972,137,62,523,0,0.724376731301939,0.275623268698061,1.0,0.10598290598290598,0.20757575757575758,1.0,1.1185468451242828,0.0
single best (lightgbm_n800_leaves15_lr0.01),0.0005237760313712528,137,63,522,0,0.7229916897506925,0.2770083102493075,1.0,0.1076923076923077,0.2078907435508346,1.0,1.120689655172414,0.0
single best (lightgbm_n800_leaves15_lr0.01),0.0005577352273527284,137,64,521,0,0.721606648199446,0.278393351800554,1.0,0.1094017094017094,0.20820668693009117,1.0,1.1228406909788868,0.0
single best (lightgbm_n800_leaves15_lr0.01),0.00055783591975574,137,65,520,0,0.7202216066481995,0.27977839335180055,1.0,0.1111111111111111,0.2085235920852359,1.0,1.125,0.0
single best (lightgbm_n800_leaves15_lr0.01),0.0005601455222438693,137,66,519,0,0.7188365650969529,0.28116343490304707,1.0,0.11282051282051282,0.20884146341463414,1.0,1.1271676300578035,0.0
single best (lightgbm_n800_leaves15_lr0.01),0.000569102440320741,137,67,518,0,0.7174515235457064,0.2825484764542936,1.0,0.11452991452991453,0.20916030534351146,1.0,1.1293436293436294,0.0
single best (lightgbm_n800_leaves15_lr0.01),0.0005768578542047351,137,68,517,0,0.7160664819944599,0.2839335180055401,1.0,0.11623931623931624,0.20948012232415902,1.0,1.1315280464216635,0.0
single best (lightgbm_n800_leaves15_lr0.01),0.0005787504923932857,137,69,516,0,0.7146814404432132,0.28531855955678675,1.0,0.11794871794871795,0.20980091883614088,1.0,1.1337209302325582,0.0
single best (lightgbm_n800_leaves15_lr0.01),0.0005825808829833393,137,70,515,0,0.7132963988919667,0.2867036011080333,1.0,0.11965811965811966,0.21012269938650308,1.0,1.1359223300970873,0.0
single best (lightgbm_n800_leaves15_lr0.01),0.0005870809735056488,137,71,514,0,0.7119113573407202,0.2880886426592798,1.0,0.12136752136752137,0.21044546850998463,1.0,1.1381322957198443,0.0
single best (lightgbm_n800_leaves15_lr0.01),0.000591910384260369,137,72,513,0,0.7105263157894737,0.2894736842105263,1.0,0.12307692307692308,0.21076923076923076,1.0,1.1403508771929824,0.0
single best (lightgbm_n800_leaves15_lr0.01),0.0005928580497675166,137,73,512,0,0.7091412742382271,0.29085872576177285,1.0,0.12478632478632479,0.2110939907550077,1.0,1.142578125,0.0
single best (lightgbm_n800_leaves15_lr0.01),0.0006022390407519995,137,74,511,0,0.7077562326869806,0.2922437673130194,1.0,0.1264957264957265,0.21141975308641975,1.0,1.1448140900195696,0.0
single best (lightgbm_n800_leaves15_lr0.01),0.0006046669712403827,137,75,510,0,0.7063711911357341,0.2936288088642659,1.0,0.1282051282051282,0.2117465224111283,1.0,1.1470588235294117,0.0
single best (lightgbm_n800_leaves15_lr0.01),0.0006055127687964663,137,76,509,0,0.7049861495844876,0.2950138504155124,1.0,0.12991452991452992,0.21207430340557276,1.0,1.149312377210216,0.0
single best (lightgbm_n800_leaves15_lr0.01),0.0006093573980551702,137,77,508,0,0.703601108033241,0.29639889196675895,1.0,0.13162393162393163,0.2124031007751938,1.0,1.1515748031496063,0.0
single best (lightgbm_n800_leaves15_lr0.01),0.0006254350712640605,137,78,507,0,0.7022160664819944,0.2977839335180056,1.0,0.13333333333333333,0.2127329192546584,1.0,1.1538461538461537,0.0
single best (lightgbm_n800_leaves15_lr0.01),0.0006292983445975096,137,79,506,0,0.7008310249307479,0.2991689750692521,1.0,0.13504273504273503,0.2130637636080871,1.0,1.1561264822134387,0.0
single best (lightgbm_n800_leaves15_lr0.01),0.0006346917610039967,137,80,505,0,0.6994459833795014,0.30055401662049863,1.0,0.13675213675213677,0.21339563862928349,1.0,1.1584158415841583,0.0
single best (lightgbm_n800_leaves15_lr0.01),0.0006370227405480429,137,81,504,0,0.6980609418282548,0.30193905817174516,1.0,0.13846153846153847,0.21372854914196568,1.0,1.1607142857142856,0.0
single best (lightgbm_n800_leaves15_lr0.01),0.0006427800931360413,137,82,503,0,0.6966759002770083,0.3033240997229917,1.0,0.14017094017094017,0.2140625,1.0,1.1630218687872762,0.0
single best (lightgbm_n800_leaves15_lr0.01),0.0006600538982902511,137,83,502,0,0.6952908587257618,0.3047091412742382,1.0,0.14188034188034188,0.21439749608763695,1.0,1.1653386454183265,0.0
single best (lightgbm_n800_leaves15_lr0.01),0.0006608139647241015,137,84,501,0,0.6939058171745153,0.30609418282548473,1.0,0.14358974358974358,0.21473354231974923,1.0,1.1676646706586826,0.0
single best (lightgbm_n800_leaves15_lr0.01),0.0006666499907785314,137,85,500,0,0.6925207756232687,0.30747922437673125,1.0,0.1452991452991453,0.2150706436420722,1.0,1.1700000000000002,0.0
single best (lightgbm_n800_leaves15_lr0.01),0.0006686276756851166,137,86,499,0,0.6911357340720221,0.3088642659279779,1.0,0.147008547008547,0.21540880503144655,1.0,1.1723446893787575,0.0
single best (lightgbm_n800_leaves15_lr0.01),0.0006815350127929103,137,87,498,0,0.6897506925207756,0.3102493074792244,1.0,0.14871794871794872,0.215748031496063,1.0,1.1746987951807228,0.0
single best (lightgbm_n800_leaves15_lr0.01),0.0006823722791229599,137,88,497,0,0.6883656509695291,0.31163434903047094,1.0,0.15042735042735042,0.21608832807570977,1.0,1.1770623742454729,0.0
single best (lightgbm_n800_leaves15_lr0.01),0.0006873216209509747,137,89,496,0,0.6869806094182825,0.31301939058171746,1.0,0.15213675213675212,0.21642969984202212,1.0,1.1794354838709677,0.0
single best (lightgbm_n800_leaves15_lr0.01),0.0007125872907128143,137,90,495,0,0.685595567867036,0.314404432132964,1.0,0.15384615384615385,0.21677215189873417,1.0,1.1818181818181819,0.0
single best (lightgbm_n800_leaves15_lr0.01),0.0007394803227538287,137,91,494,0,0.6842105263157895,0.3157894736842105,1.0,0.15555555555555556,0.21711568938193343,1.0,1.1842105263157894,0.0
single best (lightgbm_n800_leaves15_lr0.01),0.0007422276058545879,137,92,493,0,0.682825484764543,0.31717451523545703,1.0,0.15726495726495726,0.21746031746031746,1.0,1.1866125760649087,0.0
single best (lightgbm_n800_leaves15_lr0.01),0.0007596201572175761,137,93,492,0,0.6814404432132964,0.31855955678670356,1.0,0.15897435897435896,0.2178060413354531,1.0,1.1890243902439024,0.0
single best (lightgbm_n800_leaves15_lr0.01),0.0007688058567125756,137,94,491,0,0.6800554016620498,0.3199445983379502,1.0,0.1606837606837607,0.21815286624203822,1.0,1.1914460285132382,0.0
single best (lightgbm_n800_leaves15_lr0.01),0.0007727858490028346,137,95,490,0,0.6786703601108033,0.3213296398891967,1.0,0.1623931623931624,0.21850079744816586,1.0,1.193877551020408,0.0
single best (lightgbm_n800_leaves15_lr0.01),0.000774201008685257,137,96,489,0,0.6772853185595568,0.32271468144044324,1.0,0.1641025641025641,0.21884984025559107,1.0,1.196319018404908,0.0
single best (lightgbm_n800_leaves15_lr0.01),0.0007832314010613387,137,97,488,0,0.6759002770083102,0.32409972299168976,1.0,0.1658119658119658,0.2192,1.0,1.1987704918032787,0.0
single best (lightgbm_n800_leaves15_lr0.01),0.0007841603764082449,137,98,487,0,0.6745152354570637,0.3254847645429363,1.0,0.1675213675213675,0.21955128205128205,1.0,1.2012320328542094,0.0
single best (lightgbm_n800_leaves15_lr0.01),0.0008082371948095767,137,99,486,0,0.6731301939058172,0.3268698060941828,1.0,0.16923076923076924,0.21990369181380418,1.0,1.2037037037037037,0.0
single best (lightgbm_n800_leaves15_lr0.01),0.0008148420129818311,137,100,485,0,0.6717451523545707,0.32825484764542934,1.0,0.17094017094017094,0.2202572347266881,1.0,1.2061855670103094,0.0
single best (lightgbm_n800_leaves15_lr0.01),0.0008169918526879706,137,101,484,0,0.6703601108033241,0.32963988919667586,1.0,0.17264957264957265,0.22061191626409019,1.0,1.2086776859504134,0.0
single best (lightgbm_n800_leaves15_lr0.01),0.0008348648193949712,137,102,483,0,0.6689750692520776,0.3310249307479224,1.0,0.17435897435897435,0.22096774193548388,1.0,1.2111801242236027,0.0
single best (lightgbm_n800_leaves15_lr0.01),0.0008480679105118445,137,103,482,0,0.667590027700831,0.332409972299169,1.0,0.17606837606837608,0.22132471728594508,1.0,1.2136929460580914,0.0
single best (lightgbm_n800_leaves15_lr0.01),0.0008503430353821502,137,104,481,0,0.6662049861495845,0.33379501385041555,1.0,0.17777777777777778,0.22168284789644013,1.0,1.2162162162162162,0.0
single best (lightgbm_n800_leaves15_lr0.01),0.0008575537254789256,137,105,480,0,0.6648199445983379,0.33518005540166207,1.0,0.1794871794871795,0.22204213938411668,1.0,1.21875,0.0
single best (lightgbm_n800_leaves15_lr0.01),0.0008601436211630397,137,106,479,0,0.6634349030470914,0.3365650969529086,1.0,0.1811965811965812,0.2224025974025974,1.0,1.221294363256785,0.0
single best (lightgbm_n800_leaves15_lr0.01),0.0008627998206838396,137,107,478,0,0.6620498614958449,0.3379501385041551,1.0,0.1829059829059829,0.22276422764227644,1.0,1.2238493723849373,0.0
single best (lightgbm_n800_leaves15_lr0.01),0.0008644840521401245,137,108,477,0,0.6606648199445984,0.33933518005540164,1.0,0.18461538461538463,0.22312703583061888,1.0,1.2264150943396226,0.0
single best (lightgbm_n800_leaves15_lr0.01),0.0008750454310548786,137,109,476,0,0.6592797783933518,0.34072022160664817,1.0,0.18632478632478633,0.2234910277324633,1.0,1.2289915966386555,0.0
single best (lightgbm_n800_leaves15_lr0.01),0.0009140694167270418,137,110,475,0,0.6578947368421053,0.3421052631578947,1.0,0.18803418803418803,0.2238562091503268,1.0,1.231578947368421,0.0
single best (lightgbm_n800_leaves15_lr0.01),0.0009156950424897071,137,111,474,0,0.6565096952908587,0.3434903047091413,1.0,0.18974358974358974,0.22422258592471359,1.0,1.2341772151898733,0.0
single best (lightgbm_n800_leaves15_lr0.01),0.0009255363196753542,137,112,473,0,0.6551246537396122,0.34487534626038785,1.0,0.19145299145299147,0.22459016393442624,1.0,1.236786469344609,0.0
single best (lightgbm_n800_leaves15_lr0.01),0.0009309059323293525,137,113,472,0,0.6537396121883656,0.3462603878116344,1.0,0.19316239316239317,0.22495894909688013,1.0,1.2394067796610169,0.0
single best (lightgbm_n800_leaves15_lr0.01),0.0009582024146900792,137,114,471,0,0.6523545706371191,0.3476454293628809,1.0,0.19487179487179487,0.22532894736842105,1.0,1.2420382165605095,0.0
single best (lightgbm_n800_leaves15_lr0.01),0.0009611131587016748,137,115,470,0,0.6509695290858726,0.3490304709141274,1.0,0.19658119658119658,0.2257001647446458,1.0,1.2446808510638296,0.0
single best (lightgbm_n800_leaves15_lr0.01),0.0009620033788812807,137,116,469,0,0.649584487534626,0.35041551246537395,1.0,0.19829059829059828,0.22607260726072606,1.0,1.2473347547974414,0.0
single best (lightgbm_n800_leaves15_lr0.01),0.0009716446463930848,137,117,468,0,0.6481994459833795,0.35180055401662047,1.0,0.2,0.22644628099173553,1.0,1.25,0.0
single best (lightgbm_n800_leaves15_lr0.01),0.0009744719797128535,137,118,467,0,0.646814404432133,0.353185595567867,1.0,0.20170940170940171,0.22682119205298013,1.0,1.2526766595289078,0.0
single best (lightgbm_n800_leaves15_lr0.01),0.0009775603353697128,137,119,466,0,0.6454293628808865,0.3545706371191135,1.0,0.20341880341880342,0.22719734660033167,1.0,1.2553648068669527,0.0
single best (lightgbm_n800_leaves15_lr0.01),0.000978277583831303,137,120,465,0,0.6440443213296398,0.35595567867036015,1.0,0.20512820512820512,0.22757475083056478,1.0,1.2580645161290323,0.0
single best (lightgbm_n800_leaves15_lr0.01),0.0009916202558103659,137,121,464,0,0.6426592797783933,0.3573407202216067,1.0,0.20683760683760682,0.22795341098169716,1.0,1.2607758620689653,0.0
single best (lightgbm_n800_leaves15_lr0.01),0.000996505971256025,137,122,463,0,0.6412742382271468,0.3587257617728532,1.0,0.20854700854700856,0.22833333333333333,1.0,1.263498920086393,0.0
single best (lightgbm_n800_leaves15_lr0.01),0.001018498380059383,137,123,462,0,0.6398891966759003,0.3601108033240997,1.0,0.21025641025641026,0.2287145242070117,1.0,1.2662337662337664,0.0
single best (lightgbm_n800_leaves15_lr0.01),0.0010264360892470001,137,124,461,0,0.6385041551246537,0.36149584487534625,1.0,0.21196581196581196,0.22909698996655517,1.0,1.2689804772234274,0.0
single best (lightgbm_n800_leaves15_lr0.01),0.0010274496546961356,137,125,460,0,0.6371191135734072,0.3628808864265928,1.0,0.21367521367521367,0.22948073701842547,1.0,1.2717391304347827,0.0
single best (lightgbm_n800_leaves15_lr0.01),0.0010378394353230207,137,126,459,0,0.6357340720221607,0.3642659279778393,1.0,0.2153846153846154,0.22986577181208054,1.0,1.2745098039215685,0.0
single best (lightgbm_n800_leaves15_lr0.01),0.001041501079117437,137,127,458,0,0.6343490304709142,0.3656509695290858,1.0,0.2170940170940171,0.23025210084033612,1.0,1.277292576419214,0.0
single best (lightgbm_n800_leaves15_lr0.01),0.0010447312061111782,137,128,457,0,0.6329639889196675,0.36703601108033246,1.0,0.2188034188034188,0.23063973063973064,1.0,1.2800875273522976,0.0
single best (lightgbm_n800_leaves15_lr0.01),0.0010513515559027863,137,129,456,0,0.631578947368421,0.368421052631579,1.0,0.2205128205128205,0.23102866779089376,1.0,1.2828947368421053,0.0
single best (lightgbm_n800_leaves15_lr0.01),0.0010589961072451951,137,130,455,0,0.6301939058171745,0.3698060941828255,1.0,0.2222222222222222,0.23141891891891891,1.0,1.2857142857142856,0.0
single best (lightgbm_n800_leaves15_lr0.01),0.0010695703539365961,137,131,454,0,0.628808864265928,0.37119113573407203,1.0,0.22393162393162394,0.23181049069373943,1.0,1.2885462555066078,0.0
single best (lightgbm_n800_leaves15_lr0.01),0.0010840668583061172,137,132,453,0,0.6274238227146814,0.37257617728531855,1.0,0.22564102564102564,0.23220338983050848,1.0,1.2913907284768211,0.0
single best (lightgbm_n800_leaves15_lr0.01),0.0010878798867860852,137,133,452,0,0.6260387811634349,0.3739612188365651,1.0,0.22735042735042735,0.23259762308998302,1.0,1.2942477876106193,0.0
single best (lightgbm_n800_leaves15_lr0.01),0.0010880315862366941,137,134,451,0,0.6246537396121884,0.3753462603878116,1.0,0.22905982905982905,0.23299319727891157,1.0,1.2971175166297118,0.0
single best (lightgbm_n800_leaves15_lr0.01),0.0010949364376268997,137,135,450,0,0.6232686980609419,0.3767313019390581,1.0,0.23076923076923078,0.23339011925042588,1.0,1.3,0.0
single best (lightgbm_n800_leaves15_lr0.01),0.0011008170160357082,137,136,449,0,0.6218836565096952,0.37811634349030476,1.0,0.23247863247863249,0.23378839590443687,1.0,1.3028953229398665,0.0
single best (lightgbm_n800_leaves15_lr0.01),0.0011511142267543132,137,137,448,0,0.6204986149584487,0.3795013850415513,1.0,0.2341880341880342,0.2341880341880342,1.0,1.3058035714285716,0.0
single best (lightgbm_n800_leaves15_lr0.01),0.0011527532232122658,137,138,447,0,0.6191135734072022,0.3808864265927978,1.0,0.2358974358974359,0.2345890410958904,1.0,1.308724832214765,0.0
single best (lightgbm_n800_leaves15_lr0.01),0.001183906034192425,137,139,446,0,0.6177285318559557,0.38227146814404434,1.0,0.2376068376068376,0.23499142367066894,1.0,1.3116591928251122,0.0
single best (lightgbm_n800_leaves15_lr0.01),0.0011984344735493618,137,140,445,0,0.6163434903047091,0.38365650969529086,1.0,0.23931623931623933,0.23539518900343642,1.0,1.3146067415730338,0.0
single best (lightgbm_n800_leaves15_lr0.01),0.0012110920806002621,137,141,444,0,0.6149584487534626,0.3850415512465374,1.0,0.24102564102564103,0.23580034423407917,1.0,1.3175675675675675,0.0
single best (lightgbm_n800_leaves15_lr0.01),0.0012211481255308438,137,142,443,0,0.6135734072022161,0.3864265927977839,1.0,0.24273504273504273,0.23620689655172414,1.0,1.3205417607223477,0.0
single best (lightgbm_n800_leaves15_lr0.01),0.0012335165168195841,137,143,442,0,0.6121883656509696,0.38781163434903043,1.0,0.24444444444444444,0.23661485319516407,1.0,1.3235294117647058,0.0
single best (lightgbm_n800_leaves15_lr0.01),0.0012423570060760471,137,144,441,0,0.610803324099723,0.38919667590027696,1.0,0.24615384615384617,0.2370242214532872,1.0,1.3265306122448979,0.0
single best (lightgbm_n800_leaves15_lr0.01),0.0012482021972017535,137,145,440,0,0.6094182825484764,0.3905817174515236,1.0,0.24786324786324787,0.23743500866551126,1.0,1.3295454545454546,0.0
single best (lightgbm_n800_leaves15_lr0.01),0.0012602762030861588,137,146,439,0,0.6080332409972299,0.3919667590027701,1.0,0.24957264957264957,0.2378472222222222,1.0,1.3325740318906607,0.0
single best (lightgbm_n800_leaves15_lr0.01),0.0012679588100474415,137,147,438,0,0.6066481994459834,0.39335180055401664,1.0,0.2512820512820513,0.2382608695652174,1.0,1.3356164383561644,0.0
single best (lightgbm_n800_leaves15_lr0.01),0.0012729791018094283,137,148,437,0,0.6052631578947368,0.39473684210526316,1.0,0.252991452991453,0.23867595818815332,1.0,1.3386727688787186,0.0
single best (lightgbm_n800_leaves15_lr0.01),0.0012931839411230318,137,149,436,0,0.6038781163434903,0.3961218836565097,1.0,0.2547008547008547,0.23909249563699825,1.0,1.341743119266055,0.0
single best (lightgbm_n800_leaves15_lr0.01),0.0012955888962699648,137,150,435,0,0.6024930747922438,0.3975069252077562,1.0,0.2564102564102564,0.2395104895104895,1.0,1.3448275862068966,0.0
single best (lightgbm_n800_leaves15_lr0.01),0.001309505464784962,137,151,434,0,0.6011080332409973,0.39889196675900274,1.0,0.25811965811965815,0.23992994746059546,1.0,1.3479262672811059,0.0
single best (lightgbm_n800_leaves15_lr0.01),0.0013223787803007473,137,152,433,0,0.5997229916897507,0.40027700831024926,1.0,0.25982905982905985,0.24035087719298245,1.0,1.3510392609699768,0.0
single best (lightgbm_n800_leaves15_lr0.01),0.0013225229025478932,137,153,432,0,0.5983379501385041,0.4016620498614959,1.0,0.26153846153846155,0.24077328646748683,1.0,1.3541666666666665,0.0
single best (lightgbm_n800_leaves15_lr0.01),0.0013666850388964974,137,154,431,0,0.5969529085872576,0.4030470914127424,1.0,0.26324786324786326,0.24119718309859156,1.0,1.357308584686775,0.0
single best (lightgbm_n800_leaves15_lr0.01),0.001379306755873649,137,155,430,0,0.5955678670360111,0.40443213296398894,1.0,0.26495726495726496,0.24162257495590828,1.0,1.3604651162790697,0.0
single best (lightgbm_n800_leaves15_lr0.01),0.0014229924395503899,137,156,429,0,0.5941828254847645,0.40581717451523547,1.0,0.26666666666666666,0.2420494699646643,1.0,1.3636363636363635,0.0
single best (lightgbm_n800_leaves15_lr0.01),0.001442025602097752,137,157,428,0,0.592797783933518,0.407202216066482,1.0,0.26837606837606837,0.2424778761061947,1.0,1.366822429906542,0.0
single best (lightgbm_n800_leaves15_lr0.01),0.0014485172983872163,137,158,427,0,0.5914127423822715,0.4085872576177285,1.0,0.27008547008547007,0.2429078014184397,1.0,1.370023419203747,0.0
single best (lightgbm_n800_leaves15_lr0.01),0.001457677626533743,137,159,426,0,0.590027700831025,0.40997229916897504,1.0,0.2717948717948718,0.2433392539964476,1.0,1.3732394366197183,0.0
single best (lightgbm_n800_leaves15_lr0.01),0.0014831200188702434,137,160,425,0,0.5886426592797784,0.41135734072022156,1.0,0.27350427350427353,0.24377224199288255,1.0,1.3764705882352941,0.0
single best (lightgbm_n800_leaves15_lr0.01),0.0014980659578428443,137,161,424,0,0.5872576177285319,0.4127423822714681,1.0,0.27521367521367524,0.24420677361853832,1.0,1.3797169811320755,0.0
single best (lightgbm_n800_leaves15_lr0.01),0.0015127530345362778,137,162,423,0,0.5858725761772853,0.4141274238227147,1.0,0.27692307692307694,0.24464285714285713,1.0,1.3829787234042554,0.0
single best (lightgbm_n800_leaves15_lr0.01),0.0015164918459643743,137,163,422,0,0.5844875346260388,0.41551246537396125,1.0,0.27863247863247864,0.24508050089445438,1.0,1.386255924170616,0.0
single best (lightgbm_n800_leaves15_lr0.01),0.001522666086759647,137,164,421,0,0.5831024930747922,0.4168975069252078,1.0,0.28034188034188035,0.24551971326164876,1.0,1.3895486935866983,0.0
single best (lightgbm_n800_leaves15_lr0.01),0.001525735640372285,137,165,420,0,0.5817174515235457,0.4182825484764543,1.0,0.28205128205128205,0.2459605026929982,1.0,1.3928571428571428,0.0
single best (lightgbm_n800_leaves15_lr0.01),0.001547638091143993,137,166,419,0,0.5803324099722992,0.4196675900277008,1.0,0.28376068376068375,0.24640287769784172,1.0,1.39618138424821,0.0
single best (lightgbm_n800_leaves15_lr0.01),0.0015582918334513948,137,167,418,0,0.5789473684210527,0.42105263157894735,1.0,0.28547008547008546,0.24684684684684685,1.0,1.3995215311004785,0.0
single best (lightgbm_n800_leaves15_lr0.01),0.0015698683709547748,137,168,417,0,0.5775623268698061,0.42243767313019387,1.0,0.28717948717948716,0.24729241877256317,1.0,1.4028776978417266,0.0
single best (lightgbm_n800_leaves15_lr0.01),0.0015892763066934143,137,169,416,0,0.5761772853185596,0.4238227146814404,1.0,0.28888888888888886,0.24773960216998192,1.0,1.40625,0.0
single best (lightgbm_n800_leaves15_lr0.01),0.0016130947979751439,137,170,415,0,0.574792243767313,0.42520775623268703,1.0,0.2905982905982906,0.24818840579710144,1.0,1.4096385542168677,0.0
single best (lightgbm_n800_leaves15_lr0.01),0.001620209432145938,137,171,414,0,0.5734072022160664,0.42659279778393355,1.0,0.2923076923076923,0.24863883847549909,1.0,1.4130434782608696,0.0
single best (lightgbm_n800_leaves15_lr0.01),0.0016315521960606444,137,172,413,0,0.5720221606648199,0.4279778393351801,1.0,0.294017094017094,0.24909090909090909,1.0,1.4164648910411624,0.0
single best (lightgbm_n800_leaves15_lr0.01),0.0016320803306764686,137,173,412,0,0.5706371191135734,0.4293628808864266,1.0,0.29572649572649573,0.2495446265938069,1.0,1.4199029126213594,0.0
single best (lightgbm_n800_leaves15_lr0.01),0.0016705452146124158,137,174,411,0,0.5692520775623269,0.4307479224376731,1.0,0.29743589743589743,0.25,1.0,1.4233576642335768,0.0
single best (lightgbm_n800_leaves15_lr0.01),0.0016708597591229787,136,174,411,1,0.5706371191135734,0.4293628808864266,0.9927007299270073,0.29743589743589743,0.24862888482632542,0.9942857142857143,1.4129681922318718,0.0245406493833375
single best (lightgbm_n800_leaves15_lr0.01),0.0017185905422663736,136,175,410,1,0.5692520775623269,0.4307479224376731,0.9927007299270073,0.29914529914529914,0.2490842490842491,0.9943181818181818,1.4164144561153642,0.024400417101146998
single best (lightgbm_n800_leaves15_lr0.01),0.001740691153320509,136,176,409,1,0.5678670360110804,0.43213296398891965,0.9927007299270073,0.30085470085470084,0.24954128440366974,0.9943502824858758,1.419877572144986,0.024261778367617757
single best (lightgbm_n800_leaves15_lr0.01),0.001767752769050796,136,177,408,1,0.5664819944598338,0.4335180055401662,0.9927007299270073,0.30256410256410254,0.25,0.9943820224719101,1.4233576642335768,0.024124706173450423
single best (lightgbm_n800_leaves15_lr0.01),0.0017884579672659915,136,178,407,1,0.5650969529085873,0.4349030470914127,0.9927007299270073,0.30427350427350425,0.2504604051565378,0.994413407821229,1.4268548575117919,0.023989174116296207
single best (lightgbm_n800_leaves15_lr0.01),0.0017892735999334973,136,179,406,1,0.5637119113573407,0.43628808864265933,0.9927007299270073,0.305982905982906,0.25092250922509224,0.9944444444444445,1.4303692783431017,0.02385515638380293
single best (lightgbm_n800_leaves15_lr0.01),0.0018012431389461232,136,180,405,1,0.5623268698060941,0.43767313019390586,0.9927007299270073,0.3076923076923077,0.2513863216266174,0.994475138121547,1.4339010543390105,0.02372262773722625
single best (lightgbm_n800_leaves15_lr0.01),0.001815889844527763,136,181,404,1,0.5609418282548476,0.4390581717451524,0.9927007299270073,0.3094017094017094,0.2518518518518518,0.9945054945054945,1.4374503143745032,0.023591563495584115
single best (lightgbm_n800_leaves15_lr0.01),0.0018364774577825536,136,182,403,1,0.5595567867036011,0.4404432132963989,0.9927007299270073,0.3111111111111111,0.2523191094619666,0.994535519125683,1.4410171886037202,0.023461939520333652
single best (lightgbm_n800_leaves15_lr0.01),0.0018446030416154717,136,183,402,1,0.5581717451523546,0.44182825484764543,0.9927007299270073,0.3128205128205128,0.2527881040892193,0.9945652173913043,1.444601808475869,0.02333373220055041
single best (lightgbm_n800_leaves15_lr0.01),0.0018597841334948653,135,183,402,2,0.5595567867036011,0.4404432132963989,0.9854014598540146,0.3128205128205128,0.25139664804469275,0.9891891891891892,1.4339797363547229,0.04666746440110082
single best (lightgbm_n800_leaves15_lr0.01),0.0018729147885734087,135,184,401,2,0.5581717451523546,0.44182825484764543,0.9854014598540146,0.3145299145299145,0.251865671641791,0.989247311827957,1.4375557456723156,0.04641383687718179
single best (lightgbm_n800_leaves15_lr0.01),0.001876437739222625,135,185,400,2,0.556786703601108,0.44321329639889195,0.9854014598540146,0.3162393162393162,0.2523364485981308,0.9893048128342246,1.4411496350364963,0.04616295127244027
single best (lightgbm_n800_leaves15_lr0.01),0.0019162795016482918,135,186,399,2,0.5554016620498615,0.4445983379501385,0.9854014598540146,0.31794871794871793,0.25280898876404495,0.9893617021276596,1.4447615388837056,0.045914763362373386
single best (lightgbm_n800_leaves15_lr0.01),0.0019354329527611967,135,187,398,2,0.554016620498615,0.445983379501385,0.9854014598540146,0.31965811965811963,0.25328330206378985,0.9894179894179894,1.4483915930015039,0.04566922986845695
single best (lightgbm_n800_leaves15_lr0.01),0.0019371375280106235,135,188,397,2,0.5526315789473685,0.4473684210526315,0.9854014598540146,0.3213675213675214,0.25375939849624063,0.9894736842105263,1.4520399345455883,0.04542630843298643
single best (lightgbm_n800_leaves15_lr0.01),0.0019877515229929027,135,189,396,2,0.5512465373961218,0.44875346260387816,0.9854014598540146,0.3230769230769231,0.2542372881355932,0.9895287958115183,1.4557067020570669,0.045185957594716664
single best (lightgbm_n800_leaves15_lr0.01),0.001995631637180329,135,190,395,2,0.5498614958448753,0.4501385041551247,0.9854014598540146,0.3247863247863248,0.25471698113207547,0.9895833333333334,1.4593920354799963,0.044948136765270784
single best (lightgbm_n800_leaves15_lr0.01),0.00209031098713202,135,191,394,2,0.5484764542936288,0.4515235457063712,0.9854014598540146,0.3264957264957265,0.2551984877126654,0.9896373056994818,1.463096076179184,0.04471280620629031
single best (lightgbm_n800_leaves15_lr0.01),0.0020978723183358405,135,192,393,2,0.5470914127423823,0.45290858725761773,0.9854014598540146,0.3282051282051282,0.2556818181818182,0.9896907216494846,1.4668189669582659,0.04447992700729922
single best (lightgbm_n800_leaves15_lr0.01),0.002123918074733062,135,193,392,2,0.5457063711911357,0.45429362880886426,0.9854014598540146,0.3299145299145299,0.25616698292220114,0.9897435897435898,1.4705608520780573,0.044249461064256215
single best (lightgbm_n800_leaves15_lr0.01),0.002142969415254234,135,194,391,2,0.5443213296398892,0.4556786703601108,0.9854014598540146,0.3316239316239316,0.25665399239543724,0.9897959183673469,1.474321877275188,0.04402137105877036
single best (lightgbm_n800_leaves15_lr0.01),0.002148072232043915,135,195,390,2,0.5429362880886427,0.4570637119113573,0.9854014598540146,0.3333333333333333,0.2571428571428571,0.9898477157360406,1.4781021897810218,0.04379562043795615
single best (lightgbm_n800_leaves15_lr0.01),0.002159332660188193,135,196,389,2,0.5415512465373962,0.45844875346260383,0.9854014598540146,0.335042735042735,0.25763358778625955,0.98989898989899,1.48190193834087,0.04357217339490536
single best (lightgbm_n800_leaves15_lr0.01),0.0021975729041912003,135,197,388,2,0.5401662049861495,0.45983379501385047,0.9854014598540146,0.3367521367521368,0.25812619502868067,0.9899497487437185,1.4857212732335014,0.04335099484975355
single best (lightgbm_n800_leaves15_lr0.01),0.002203250921141155,135,198,387,2,0.538781163434903,0.461218836565097,0.9854014598540146,0.3384615384615385,0.25862068965517243,0.99,1.4895603462909524,0.04313205043132045
single best (lightgbm_n800_leaves15_lr0.01),0.002205969661931148,135,199,386,2,0.5373961218836565,0.4626038781163435,0.9854014598540146,0.3401709401709402,0.2591170825335892,0.9900497512437811,1.493419310918649,0.04291530645930376
single best (lightgbm_n800_leaves15_lr0.01),0.002222535017298282,135,200,385,2,0.53601108033241,0.46398891966759004,0.9854014598540146,0.3418803418803419,0.25961538461538464,0.9900990099009901,1.4972983221158405,0.04270072992700725
single best (lightgbm_n800_leaves15_lr0.01),0.0022641140181803455,135,201,384,2,0.5346260387811634,0.46537396121883656,0.9854014598540146,0.3435897435897436,0.26011560693641617,0.9901477832512315,1.5011975364963503,0.04248828848458432
single best (lightgbm_n800_leaves15_lr0.01),0.002285389744750064,135,202,383,2,0.5332409972299169,0.4667590027700831,0.9854014598540146,0.3452991452991453,0.2606177606177606,0.9901960784313726,1.5051171123096567,0.04227795042277945
single best (lightgbm_n800_leaves15_lr0.01),0.0022900304345326843,135,203,382,2,0.5318559556786704,0.4681440443213296,0.9854014598540146,0.347008547008547,0.2611218568665377,0.9902439024390244,1.5090572094622998,0.04206968465715
single best (lightgbm_n800_leaves15_lr0.01),0.002297302944214165,135,204,381,2,0.5304709141274239,0.46952908587257614,0.9854014598540146,0.3487179487179487,0.2616279069767442,0.9902912621359223,1.5130179895396287,0.0418634607127522
single best (lightgbm_n800_leaves15_lr0.01),0.0023183034016140886,135,205,380,2,0.5290858725761773,0.47091412742382266,0.9854014598540146,0.3504273504273504,0.2621359223300971,0.9903381642512077,1.516999615827891,0.041659248709275364
single best (lightgbm_n800_leaves15_lr0.01),0.002322762770044317,135,206,379,2,0.5277008310249307,0.4722991689750693,0.9854014598540146,0.35213675213675216,0.26264591439688717,0.9903846153846154,1.5210022533366718,0.041457019346608975
single best (lightgbm_n800_leaves15_lr0.01),0.0023721052016191196,135,207,378,2,0.5263157894736842,0.4736842105263158,0.9854014598540146,0.35384615384615387,0.2631578947368421,0.9904306220095693,1.5250260688216895,0.04125674389082826
single best (lightgbm_n800_leaves15_lr0.01),0.0023881802220441957,135,208,377,2,0.5249307479224377,0.47506925207756234,0.9854014598540146,0.35555555555555557,0.263671875,0.9904761904761905,1.529071230807954,0.04105839416058389
single best (lightgbm_n800_leaves15_lr0.01),0.0023928375622295065,135,209,376,2,0.5235457063711911,0.47645429362880887,0.9854014598540146,0.3572649572649573,0.26418786692759294,0.990521327014218,1.5331379096132942,0.04086194251388253
single best (lightgbm_n800_leaves15_lr0.01),0.002397219613798058,135,210,375,2,0.5221606648199446,0.4778393351800554,0.9854014598540146,0.358974358974359,0.2647058823529412,0.9905660377358491,1.537226277372263,0.040667361835245
single best (lightgbm_n800_leaves15_lr0.01),0.0023975604835228806,134,210,375,3,0.5235457063711911,0.47645429362880887,0.9781021897810219,0.358974358974359,0.2632612966601179,0.9859154929577465,1.5258394160583943,0.061001042752867496
single best (lightgbm_n800_leaves15_lr0.01),0.0024269447036827925,134,211,374,3,0.5221606648199446,0.4778393351800554,0.9781021897810219,0.3606837606837607,0.2637795275590551,0.985981308411215,1.5299192005933098,0.060711938284844426
single best (lightgbm_n800_leaves15_lr0.01),0.0024885692827610116,134,212,373,3,0.5207756232686981,0.4792243767313019,0.9781021897810219,0.3623931623931624,0.26429980276134124,0.986046511627907,1.5340208606485197,0.060425561217463085
single best (lightgbm_n800_leaves15_lr0.01),0.002498554899329175,134,213,372,3,0.5193905817174516,0.48060941828254844,0.9781021897810219,0.3641025641025641,0.2648221343873518,0.9861111111111112,1.5381445726395104,0.06014187313662993
single best (lightgbm_n800_leaves15_lr0.01),0.0025534382057160092,134,214,371,3,0.518005540166205,0.48199445983379496,0.9781021897810219,0.3658119658119658,0.26534653465346536,0.9861751152073732,1.5422905148838217,0.059860836346271845
single best (lightgbm_n800_leaves15_lr0.01),0.00262478959356052,134,215,370,3,0.5166204986149584,0.4833795013850416,0.9781021897810219,0.36752136752136755,0.26587301587301587,0.9862385321100917,1.546458867626751,0.05958241385163802
single best (lightgbm_n800_leaves15_lr0.01),0.002685050571725869,134,216,369,3,0.5152354570637119,0.4847645429362881,0.9781021897810219,0.36923076923076925,0.2664015904572565,0.9863013698630136,1.5506498130674737,0.05930656934306562
single best (lightgbm_n800_leaves15_lr0.01),0.002686558736747818,134,217,368,3,0.5138504155124654,0.48614958448753465,0.9781021897810219,0.37094017094017095,0.26693227091633465,0.9863636363636363,1.554863535385592,0.059033267180194346
single best (lightgbm_n800_leaves15_lr0.01),0.0027002690910962667,134,218,367,3,0.5124653739612188,0.48753462603878117,0.9781021897810219,0.37264957264957266,0.26746506986027946,0.9864253393665159,1.559100220768114,0.05876247237661548
single best (lightgbm_n800_leaves15_lr0.01),0.002718972028609149,134,219,366,3,0.5110803324099723,0.4889196675900277,0.9781021897810219,0.37435897435897436,0.268,0.9864864864864865,1.5633600574368793,0.05849415058494144
single best (lightgbm_n800_leaves15_lr0.01),0.002732705485779542,134,220,365,3,0.5096952908587258,0.4903047091412742,0.9781021897810219,0.37606837606837606,0.2685370741482966,0.9865470852017937,1.5676432356764325,0.05822826808228261
single best (lightgbm_n800_leaves15_lr0.01),0.0027400847252598264,134,221,364,3,0.5083102493074793,0.49168975069252074,0.9781021897810219,0.37777777777777777,0.26907630522088355,0.9866071428571429,1.5719499478623566,0.05796479175611843
single best (lightgbm_n800_leaves15_lr0.01),0.0027640730803804984,134,222,363,3,0.5069252077562327,0.49307479224376727,0.9781021897810219,0.37948717948717947,0.26961770623742454,0.9866666666666667,1.5762803884900767,0.057703689090550334
single best (lightgbm_n800_leaves15_lr0.01),0.00278304159709,134,223,362,3,0.5055401662049861,0.4944598337950139,0.9781021897810219,0.3811965811965812,0.2701612903225806,0.9867256637168141,1.5806347542041377,0.057444928152924554
single best (lightgbm_n800_leaves15_lr0.01),0.002838225719341137,134,224,361,3,0.5041551246537396,0.4958448753462604,0.9781021897810219,0.38290598290598293,0.27070707070707073,0.986784140969163,1.5850132438279718,0.057188477580813274
single best (lightgbm_n800_leaves15_lr0.01),0.0028667554968612283,134,225,360,3,0.502770083102493,0.49722991689750695,0.9781021897810219,0.38461538461538464,0.27125506072874495,0.9868421052631579,1.5894160583941606,0.05693430656934299
single best (lightgbm_n800_leaves15_lr0.01),0.002881227193778186,134,226,359,3,0.5013850415512465,0.4986149584487535,0.9781021897810219,0.38632478632478634,0.2718052738336714,0.9868995633187773,1.5938434011752027,0.056682384858859174
single best (lightgbm_n800_leaves15_lr0.01),0.002904675222609618,134,227,358,3,0.5,0.5,0.9781021897810219,0.38803418803418804,0.27235772357723576,0.9869565217391304,1.5982954777147982,0.056432682722917064
single best (lightgbm_n800_leaves15_lr0.01),0.0029201343371706733,134,228,357,3,0.4986149584487535,0.5013850415512465,0.9781021897810219,0.38974358974358975,0.2729124236252546,0.987012987012987,1.6027724958596576,0.05618517095658848
single best (lightgbm_n800_leaves15_lr0.01),0.0029603404715741423,134,229,356,3,0.49722991689750695,0.502770083102493,0.9781021897810219,0.39145299145299145,0.27346938775510204,0.9870689655172413,1.6072746657918477,0.055939820865075
single best (lightgbm_n800_leaves15_lr0.01),0.0029758654684460153,134,230,355,3,0.49584487534626037,0.5041551246537397,0.9781021897810219,0.39316239316239315,0.2740286298568507,0.9871244635193133,1.6118022000616838,0.05569660425261815
single best (lightgbm_n800_leaves15_lr0.01),0.0029891441557260237,134,231,354,3,0.49445983379501385,0.5055401662049861,0.9781021897810219,0.39487179487179486,0.27459016393442626,0.9871794871794872,1.6163553136211801,0.055455493411697726
single best (lightgbm_n800_leaves15_lr0.01),0.002995453311071216,134,232,353,3,0.4930747922437673,0.5069252077562327,0.9781021897810219,0.39658119658119656,0.2751540041067762,0.9872340425531915,1.6209342238580673,0.05521646111250937
single best (lightgbm_n800_leaves15_lr0.01),0.003013221986004205,134,233,352,3,0.4916897506925208,0.5083102493074791,0.9781021897810219,0.39829059829059826,0.2757201646090535,0.9872881355932204,1.6255391506303913,0.054979480592713195
single best (lightgbm_n800_leaves15_lr0.01),0.003044251251248138,134,234,351,3,0.4903047091412742,0.5096952908587258,0.9781021897810219,0.4,0.27628865979381445,0.9873417721518988,1.6301703163017032,0.05474452554744519
single best (lightgbm_n800_leaves15_lr0.01),0.0030668043503690413,134,235,350,3,0.4889196675900277,0.5110803324099723,0.9781021897810219,0.4017094017094017,0.2768595041322314,0.9873949579831933,1.6348279457768509,0.05451157011958372
single best (lightgbm_n800_leaves15_lr0.01),0.0031004750779462624,134,236,349,3,0.48753462603878117,0.5124653739612188,0.9781021897810219,0.40341880341880343,0.2774327122153209,0.9874476987447699,1.6395122665383892,0.05428058889026345
single best (lightgbm_n800_leaves15_lr0.01),0.0031516451997895536,134,237,348,3,0.48614958448753465,0.5138504155124654,0.9781021897810219,0.40512820512820513,0.27800829875518673,0.9875,1.6442235086836146,0.054051556869629425
single best (lightgbm_n800_leaves15_lr0.01),0.003175741985288035,134,238,347,3,0.48476454293628807,0.5152354570637119,0.9781021897810219,0.40683760683760684,0.2785862785862786,0.9875518672199171,1.6489619049622415,0.053824449487824264
single best (lightgbm_n800_leaves15_lr0.01),0.003187681806444944,134,239,346,3,0.48337950138504154,0.5166204986149585,0.9781021897810219,0.40854700854700854,0.2791666666666667,0.987603305785124,1.6537276908147336,0.053599242586201565
single best (lightgbm_n800_leaves15_lr0.01),0.003293985621013857,134,240,345,3,0.481994459833795,0.5180055401662049,0.9781021897810219,0.41025641025641024,0.2797494780793319,0.9876543209876543,1.658521104411298,0.05337591240875906
single best (lightgbm_n800_leaves15_lr0.01),0.003332234393234658,134,241,344,3,0.4806094182825485,0.5193905817174516,0.9781021897810219,0.41196581196581195,0.2803347280334728,0.9877049180327869,1.6633423866915633,0.05315443559378496
single best (lightgbm_n800_leaves15_lr0.01),0.003361742776241975,134,242,343,3,0.4792243767313019,0.5207756232686981,0.9781021897810219,0.41367521367521365,0.2809224318658281,0.9877551020408163,1.6681917814049498,0.05293478916571147
single best (lightgbm_n800_leaves15_lr0.01),0.003375833919866753,134,243,342,3,0.4778393351800554,0.5221606648199446,0.9781021897810219,0.4153846153846154,0.2815126050420168,0.9878048780487805,1.6730695351517482,0.05271695052716944
single best (lightgbm_n800_leaves15_lr0.01),0.0034552093497604262,134,244,341,3,0.47645429362880887,0.5235457063711911,0.9781021897810219,0.4170940170940171,0.28210526315789475,0.9878542510121457,1.6779758974249206,0.05250089745123842
single best (lightgbm_n800_leaves15_lr0.01),0.0034559089773789214,134,245,340,3,0.47506925207756234,0.5249307479224377,0.9781021897810219,0.4188034188034188,0.28270042194092826,0.9879032258064516,1.6829111206526408,0.05228660807388642
single best (lightgbm_n800_leaves15_lr0.01),0.00346916400853802,134,246,339,3,0.47368421052631576,0.5263157894736843,0.9781021897810219,0.4205128205128205,0.2832980972515856,0.9879518072289156,1.6878754602415866,0.052074060886594206
single best (lightgbm_n800_leaves15_lr0.01),0.0035006406535944366,134,247,338,3,0.47229916897506924,0.5277008310249307,0.9781021897810219,0.4222222222222222,0.2838983050847458,0.988,1.6928691746209996,0.0518632347291586
single best (lightgbm_n800_leaves15_lr0.01),0.0035378099984641003,134,248,337,3,0.4709141274238227,0.5290858725761773,0.9781021897810219,0.4239316239316239,0.28450106157112526,0.9880478087649402,1.6978925252875308,0.05165410878267006
single best (lightgbm_n800_leaves15_lr0.01),0.0035397933579787216,134,249,336,3,0.4695290858725762,0.5304709141274238,0.9781021897810219,0.4256410256410256,0.2851063829787234,0.9880952380952381,1.7029457768508864,0.05144666256265933
single best (lightgbm_n800_leaves15_lr0.01),0.0035416229687502236,134,250,335,3,0.46814404432132967,0.5318559556786704,0.9781021897810219,0.42735042735042733,0.2857142857142857,0.9881422924901185,1.708029197080292,0.051240875912408695
single best (lightgbm_n800_leaves15_lr0.01),0.0035759197597104117,134,251,334,3,0.4667590027700831,0.5332409972299169,0.9781021897810219,0.42905982905982903,0.2863247863247863,0.9881889763779528,1.71314305695179,0.05103672899642301
single best (lightgbm_n800_leaves15_lr0.01),0.003623078416769561,134,252,333,3,0.46537396121883656,0.5346260387811634,0.9781021897810219,0.4307692307692308,0.28693790149892934,0.9882352941176471,1.71828763069639,0.05083420229405625
single best (lightgbm_n800_leaves15_lr0.01),0.0036881580008375605,134,253,332,3,0.46398891966759004,0.53601108033241,0.9781021897810219,0.4324786324786325,0.2875536480686695,0.98828125,1.7234631958490898,0.05063327659328922
single best (lightgbm_n800_leaves15_lr0.01),0.003688642077816986,134,254,331,3,0.4626038781163435,0.5373961218836565,0.9781021897810219,0.4341880341880342,0.28817204301075267,0.9883268482490273,1.728670033298785,0.05043393298465423
single best (lightgbm_n800_leaves15_lr0.01),0.003717294686100051,134,255,330,3,0.46121883656509693,0.5387811634349031,0.9781021897810219,0.4358974358974359,0.28879310344827586,0.9883720930232558,1.7339084273390843,0.05023615285530264
single best (lightgbm_n800_leaves15_lr0.01),0.0037593724885342304,134,256,329,3,0.4598337950138504,0.5401662049861495,0.9781021897810219,0.4376068376068376,0.2894168466522678,0.9884169884169884,1.739178665720054,0.05003991788321162
single best (lightgbm_n800_leaves15_lr0.01),0.0037637707482040907,134,257,328,3,0.4584487534626039,0.5415512465373962,0.9781021897810219,0.4393162393162393,0.29004329004329005,0.9884615384615385,1.744481039700908,0.04984521003152597
single best (lightgbm_n800_leaves15_lr0.01),0.0037710111558086276,134,258,327,3,0.45706371191135736,0.5429362880886426,0.9781021897810219,0.441025641025641,0.29067245119305857,0.9885057471264368,1.749815844103663,0.049652011543031685
single best (lightgbm_n800_leaves15_lr0.01),0.003774299383339799,134,259,326,3,0.4556786703601108,0.5443213296398892,0.9781021897810219,0.4427350427350427,0.29130434782608694,0.9885496183206107,1.7551833773677847,0.04946030493475743
single best (lightgbm_n800_leaves15_lr0.01),0.0037798637153152567,134,260,325,3,0.45429362880886426,0.5457063711911357,0.9781021897810219,0.4444444444444444,0.29193899782135074,0.9885931558935361,1.7605839416058393,0.04927007299270067
single best (lightgbm_n800_leaves15_lr0.01),0.0037884043714007153,134,261,324,3,0.45290858725761773,0.5470914127423823,0.9781021897810219,0.4461538461538462,0.2925764192139738,0.9886363636363636,1.7660178426601785,0.049081298766675
single best (lightgbm_n800_leaves15_lr0.01),0.0038835404420175714,134,262,323,3,0.4515235457063712,0.5484764542936288,0.9781021897810219,0.4478632478632479,0.29321663019693656,0.9886792452830189,1.7714853901606742,0.04889396556527547
single best (lightgbm_n800_leaves15_lr0.01),0.003918023032550032,134,263,322,3,0.45013850415512463,0.5498614958448753,0.9781021897810219,0.4495726495726496,0.29385964912280704,0.9887218045112782,1.7769868975835335,0.04870805695095884
single best (lightgbm_n800_leaves15_lr0.01),0.003941436668230288,134,264,321,3,0.4487534626038781,0.551246537396122,0.9781021897810219,0.4512820512820513,0.2945054945054945,0.9887640449438202,1.782522682311208,0.04852355673523551
single best (lightgbm_n800_leaves15_lr0.01),0.003958515826451159,133,264,321,4,0.45013850415512463,0.5498614958448753,0.9708029197080292,0.4512820512820513,0.29295154185022027,0.9850746268656716,1.7692202742342586,0.06469807564698067
single best (lightgbm_n800_leaves15_lr0.01),0.003975051745054271,133,265,320,4,0.4487534626038781,0.551246537396122,0.9708029197080292,0.452991452991453,0.293598233995585,0.9851301115241635,1.7747490875912408,0.06445393196529396
single best (lightgbm_n800_leaves15_lr0.01),0.003990183978791721,133,266,319,4,0.4473684210526316,0.5526315789473684,0.9708029197080292,0.4547008547008547,0.2942477876106195,0.9851851851851852,1.7803125643548496,0.06421162395038683
single best (lightgbm_n800_leaves15_lr0.01),0.004005497465226172,133,267,318,4,0.44598337950138506,0.554016620498615,0.9708029197080292,0.4564102564102564,0.29490022172949004,0.985239852398524,1.7859110315383555,0.06397113097678989
single best (lightgbm_n800_leaves15_lr0.01),0.004102714527925438,133,268,317,4,0.4445983379501385,0.5554016620498615,0.9708029197080292,0.4581196581196581,0.29555555555555557,0.9852941176470589,1.7915448202813786,0.0637324327268765
single best (lightgbm_n800_leaves15_lr0.01),0.00414479849361064,133,269,316,4,0.44321329639889195,0.556786703601108,0.9708029197080292,0.4598290598290598,0.2962138084632517,0.9853479853479854,1.7972142659151804,0.0634955091851409
single best (lightgbm_n800_leaves15_lr0.01),0.004176146900530316,133,270,315,4,0.44182825484764543,0.5581717451523546,0.9708029197080292,0.46153846153846156,0.296875,0.9854014598540146,1.8029197080291972,0.06326034063260333
single best (lightgbm_n800_leaves15_lr0.01),0.004180356096379819,133,271,314,4,0.4404432132963989,0.5595567867036011,0.9708029197080292,0.46324786324786327,0.2975391498881432,0.9854545454545455,1.8086614905388443,0.06302690764133911
single best (lightgbm_n800_leaves15_lr0.01),0.004214238768901239,133,272,313,4,0.4390581717451524,0.5609418282548476,0.9708029197080292,0.46495726495726497,0.2982062780269058,0.9855072463768116,1.8144399617546234,0.0627951910691283
single best (lightgbm_n800_leaves15_lr0.01),0.004303728551894166,133,273,312,4,0.4376731301939058,0.5623268698060941,0.9708029197080292,0.4666666666666667,0.298876404494382,0.9855595667870036,1.8202554744525548,0.06256517205422307
single best (lightgbm_n800_leaves15_lr0.01),0.0043952185700012756,132,273,312,5,0.4390581717451524,0.5609418282548476,0.9635036496350365,0.4666666666666667,0.2972972972972973,0.9820143884892086,1.8065693430656935,0.07820646506777884
single best (lightgbm_n800_leaves15_lr0.01),0.004430164976817522,132,274,311,5,0.4376731301939058,0.5623268698060941,0.9635036496350365,0.4683760683760684,0.2979683972911964,0.982078853046595,1.8123782477057762,0.07792104001278695
single best (lightgbm_n800_leaves15_lr0.01),0.0044578617031604565,132,275,310,5,0.4362880886426593,0.5637119113573408,0.9635036496350365,0.4700854700854701,0.2986425339366516,0.9821428571428571,1.8182246291499884,0.07763769077637682
single best (lightgbm_n800_leaves15_lr0.01),0.004469432575668775,132,276,309,5,0.43490304709141275,0.5650969529085872,0.9635036496350365,0.4717948717948718,0.29931972789115646,0.9822064056939501,1.8241088512507972,0.07735639479530299
single best (lightgbm_n800_leaves15_lr0.01),0.00448975600194891,132,277,308,5,0.43351800554016623,0.5664819944598338,0.9635036496350365,0.4735042735042735,0.3,0.9822695035460993,1.8300312825860272,0.07707712983214304
single best (lightgbm_n800_leaves15_lr0.01),0.00461344531970755,132,278,307,5,0.43213296398891965,0.5678670360110804,0.9635036496350365,0.4752136752136752,0.30068337129840544,0.9823321554770318,1.8359922965358186,0.0767998739694375
single best (lightgbm_n800_leaves15_lr0.01),0.0046551342758546065,132,279,306,5,0.4307479224376731,0.5692520775623269,0.9635036496350365,0.47692307692307695,0.3013698630136986,0.9823943661971831,1.8419922713610997,0.07652460560395563
single best (lightgbm_n800_leaves15_lr0.01),0.004683307010993581,132,280,305,5,0.4293628808864266,0.5706371191135734,0.9635036496350365,0.47863247863247865,0.30205949656750575,0.9824561403508771,1.8480315902835949,0.07625130344108437
single best (lightgbm_n800_leaves15_lr0.01),0.004811589891121314,132,281,304,5,0.4279778393351801,0.5720221606648199,0.9635036496350365,0.48034188034188036,0.30275229357798167,0.9825174825174825,1.8541106415674224,0.07597994648933673
single best (lightgbm_n800_leaves15_lr0.01),0.004850024161144261,132,282,303,5,0.4265927977839335,0.5734072022160666,0.9635036496350365,0.48205128205128206,0.30344827586206896,0.9825783972125436,1.8602298186022985,0.07571051405497739
single best (lightgbm_n800_leaves15_lr0.01),0.004872641792118764,132,283,302,5,0.425207756232687,0.574792243767313,0.9635036496350365,0.48376068376068376,0.30414746543778803,0.9826388888888888,1.8663895199883989,0.07544298573676192
single best (lightgbm_n800_leaves15_lr0.01),0.004929560447341521,132,284,301,5,0.42382271468144045,0.5761772853185596,0.9635036496350365,0.48547008547008547,0.30484988452655887,0.9826989619377162,1.8725901496229118,0.07517734142078741
single best (lightgbm_n800_leaves15_lr0.01),0.004950338757668321,132,285,300,5,0.4224376731301939,0.577562326869806,0.9635036496350365,0.48717948717948717,0.3055555555555556,0.9827586206896551,1.8788321167883215,0.07491356127545132
single best (lightgbm_n800_leaves15_lr0.01),0.005035718676114048,132,286,299,5,0.42105263157894735,0.5789473684210527,0.9635036496350365,0.4888888888888889,0.3062645011600928,0.9828178694158075,1.885115836242463,0.07465162574651617
single best (lightgbm_n800_leaves15_lr0.01),0.005087883121274107,132,287,298,5,0.4196675900277008,0.5803324099722992,0.9635036496350365,0.4905982905982906,0.30697674418604654,0.9828767123287672,1.8914417283103906,0.07439151555227744
single best (lightgbm_n800_leaves15_lr0.01),0.005250211939204074,132,288,297,5,0.4182825484764543,0.5817174515235457,0.9635036496350365,0.49230769230769234,0.3076923076923077,0.9829351535836177,1.8978102189781023,0.07413321167883202
single best (lightgbm_n800_leaves15_lr0.01),0.005251667920108901,132,289,296,5,0.4168975069252078,0.5831024930747922,0.9635036496350365,0.49401709401709404,0.308411214953271,0.9829931972789115,1.9042217399881636,0.07387669537544506
single best (lightgbm_n800_leaves15_lr0.01),0.005301195892967404,132,290,295,5,0.4155124653739612,0.5844875346260388,0.9635036496350365,0.49572649572649574,0.3091334894613583,0.9830508474576272,1.910676728937276,0.0736219481500125
single best (lightgbm_n800_leaves15_lr0.01),0.005379618630231032,132,291,294,5,0.41412742382271467,0.5858725761772854,0.9635036496350365,0.49743589743589745,0.30985915492957744,0.9831081081081081,1.917175629375838,0.07336895176461726
single best (lightgbm_n800_leaves15_lr0.01),0.005418821488015687,132,292,293,5,0.41274238227146814,0.5872576177285318,0.9635036496350365,0.49914529914529915,0.31058823529411766,0.9831649831649831,1.923718890909544,0.07311768823117679
single best (lightgbm_n800_leaves15_lr0.01),0.005474872512322259,132,293,292,5,0.4113573407202216,0.5886426592797784,0.9635036496350365,0.5008547008547009,0.3113207547169811,0.9832214765100671,1.9303069693030697,0.0728681398071796
single best (lightgbm_n800_leaves15_lr0.01),0.005514090248534928,131,293,292,6,0.41274238227146814,0.5872576177285318,0.9562043795620438,0.5008547008547009,0.30969267139479906,0.979933110367893,1.9156834316568343,0.08744176776861552
single best (lightgbm_n800_leaves15_lr0.01),0.005536135381673278,131,294,291,6,0.4113573407202216,0.5886426592797784,0.9562043795620438,0.5025641025641026,0.3104265402843602,0.98,1.9222665362329747,0.08714434678981071
single best (lightgbm_n800_leaves15_lr0.01),0.005590641315573271,131,295,290,6,0.4099722991689751,0.5900277008310248,0.9562043795620438,0.5042735042735043,0.31116389548693585,0.9800664451827242,1.9288950415303299,0.08684894222442152
single best (lightgbm_n800_leaves15_lr0.01),0.005608539178264599,131,296,289,6,0.4085872576177285,0.5914127423822715,0.9562043795620438,0.505982905982906,0.3119047619047619,0.9801324503311258,1.935569418836663,0.08655553363582551
single best (lightgbm_n800_leaves15_lr0.01),0.00562891103003922,131,297,288,6,0.407202216066482,0.592797783933518,0.9562043795620438,0.5076923076923077,0.3126491646778043,0.9801980198019802,1.9422901459854014,0.08626410086264091
single best (lightgbm_n800_leaves15_lr0.01),0.005693053562912177,131,298,287,6,0.40581717451523547,0.5941828254847645,0.9562043795620438,0.5094017094017094,0.3133971291866029,0.9802631578947368,1.949057707469671,0.08597462401410856
single best (lightgbm_n800_leaves15_lr0.01),0.005713206186191644,131,299,286,6,0.40443213296398894,0.5955678670360111,0.9562043795620438,0.5111111111111111,0.31414868105515587,0.980327868852459,1.9558725945587259,0.08568708346556639
single best (lightgbm_n800_leaves15_lr0.01),0.005721882135248665,131,300,285,6,0.40304709141274236,0.5969529085872576,0.9562043795620438,0.5128205128205128,0.31490384615384615,0.9803921568627451,1.9627353054168266,0.0854014598540145
single best (lightgbm_n800_leaves15_lr0.01),0.005767843098159276,131,301,284,6,0.40166204986149584,0.5983379501385042,0.9562043795620438,0.5145299145299145,0.3156626506024096,0.9804560260586319,1.9696463452246324,0.0851177340737686
single best (lightgbm_n800_leaves15_lr0.01),0.005769879908113381,131,302,283,6,0.4002770083102493,0.5997229916897506,0.9562043795620438,0.5162393162393163,0.3164251207729469,0.9805194805194806,1.976606226303165,0.08483588727219982
single best (lightgbm_n800_leaves15_lr0.01),0.005796892930535231,131,303,282,6,0.3988919667590028,0.6011080332409973,0.9562043795620438,0.517948717948718,0.3171912832929782,0.9805825242718447,1.9836154682404104,0.0845559008455589
single best (lightgbm_n800_leaves15_lr0.01),0.005810263545115827,131,304,281,6,0.3975069252077562,0.6024930747922438,0.9562043795620438,0.5196581196581197,0.3179611650485437,0.9806451612903225,1.9906745980206253,0.08427775643488272
single best (lightgbm_n800_leaves15_lr0.01),0.005839367265374568,131,305,280,6,0.3961218836565097,0.6038781163434903,0.9562043795620438,0.5213675213675214,0.31873479318734793,0.9807073954983923,1.997784150156413,0.08400143592198146
single best (lightgbm_n800_leaves15_lr0.01),0.0058908982866046145,131,306,279,6,0.39473684210526316,0.6052631578947368,0.9562043795620438,0.5230769230769231,0.3195121951219512,0.9807692307692307,2.0049446668236404,0.0837269214255044
single best (lightgbm_n800_leaves15_lr0.01),0.005985501543056593,131,307,278,6,0.39335180055401664,0.6066481994459834,0.9562043795620438,0.5247863247863248,0.3202933985330073,0.9808306709265175,2.012156697999265,0.08345419529708256
single best (lightgbm_n800_leaves15_lr0.01),0.00604402423278704,131,308,277,6,0.39196675900277006,0.60803324099723,0.9562043795620438,0.5264957264957265,0.32107843137254904,0.9808917197452229,2.0194208016021507,0.08318324011754659
single best (lightgbm_n800_leaves15_lr0.01),0.006157556921291254,131,309,276,6,0.39058171745152354,0.6094182825484764,0.9562043795620438,0.5282051282051282,0.32186732186732187,0.9809523809523809,2.026737543636941,0.08291403869321795
single best (lightgbm_n800_leaves15_lr0.01),0.006220375172596278,131,310,275,6,0.389196675900277,0.610803324099723,0.9562043795620438,0.5299145299145299,0.3226600985221675,0.9810126582278481,2.034107498341075,0.08264657405227209
single best (lightgbm_n800_leaves15_lr0.01),0.0063194241146005805,131,311,274,6,0.3878116343490305,0.6121883656509695,0.9562043795620438,0.5316239316239316,0.3234567901234568,0.9810725552050473,2.0415312483350205,0.08238082944117153
single best (lightgbm_n800_leaves15_lr0.01),0.006394824261873516,131,312,273,6,0.3864265927977839,0.6135734072022161,0.9562043795620438,0.5333333333333333,0.32425742574257427,0.9811320754716981,2.0490093847758084,0.08211678832116778
single best (lightgbm_n800_leaves15_lr0.01),0.00653056636117724,131,313,272,6,0.3850415512465374,0.6149584487534626,0.9562043795620438,0.535042735042735,0.3250620347394541,0.9811912225705329,2.0565425075139547,0.08185443436487012
single best (lightgbm_n800_leaves15_lr0.01),0.006556851822755038,131,314,271,6,0.38365650969529086,0.6163434903047091,0.9562043795620438,0.5367521367521367,0.32587064676616917,0.98125,2.0641312252538584,0.08159375145288009
single best (lightgbm_n800_leaves15_lr0.01),0.006578976159167186,131,315,270,6,0.38227146814404434,0.6177285318559557,0.9562043795620438,0.5384615384615384,0.3266832917705736,0.9813084112149533,2.0717761557177616,0.08133472367049
single best (lightgbm_n800_leaves15_lr0.01),0.0066330990170204406,131,316,269,6,0.3808864265927978,0.6191135734072022,0.9562043795620438,0.5401709401709401,0.3275,0.9813664596273292,2.0794779258133667,0.08107733530444415
single best (lightgbm_n800_leaves15_lr0.01),0.00666639149449297,131,317,268,6,0.37950138504155123,0.6204986149584488,0.9562043795620438,0.5418803418803418,0.3283208020050125,0.9814241486068112,2.0872371718052074,0.08082157083976135
single best (lightgbm_n800_leaves15_lr0.01),0.006733715388436582,131,318,267,6,0.3781163434903047,0.6218836565096952,0.9562043795620438,0.5435897435897435,0.32914572864321606,0.9814814814814815,2.095054539489871,0.08056741495661746
single best (lightgbm_n800_leaves15_lr0.01),0.006737207324309389,131,319,266,6,0.3767313019390582,0.6232686980609419,0.9562043795620438,0.5452991452991452,0.32997481108312343,0.9815384615384616,2.1029306843751714,0.08031485252728636
single best (lightgbm_n800_leaves15_lr0.01),0.006738196726131027,131,320,265,6,0.37534626038781166,0.6246537396121883,0.9562043795620438,0.5470085470085471,0.33080808080808083,0.9815950920245399,2.11086627186338,0.08006386861313858
single best (lightgbm_n800_leaves15_lr0.01),0.006858394514333939,131,321,264,6,0.3739612188365651,0.6260387811634349,0.9562043795620438,0.5487179487179488,0.33164556962025316,0.981651376146789,2.11886197743862,0.07981444846169578
single best (lightgbm_n800_leaves15_lr0.01),0.006909452410259039,131,322,263,6,0.37257617728531855,0.6274238227146814,0.9562043795620438,0.5504273504273505,0.33248730964467005,0.9817073170731707,2.1269184868585387,0.0795665775037402
single best (lightgbm_n800_leaves15_lr0.01),0.0070301830103712964,131,323,262,6,0.37119113573407203,0.628808864265928,0.9562043795620438,0.5521367521367522,0.3333333333333333,0.9817629179331308,2.135036496350365,0.07932024135047785
single best (lightgbm_n800_leaves15_lr0.01),0.0070373728935177815,131,324,261,6,0.3698060941828255,0.6301939058171745,0.9562043795620438,0.5538461538461539,0.33418367346938777,0.9818181818181818,2.1432167128114776,0.07907542579075416
single best (lightgbm_n800_leaves15_lr0.01),0.007039189028559502,131,325,260,6,0.3684210526315789,0.631578947368421,0.9562043795620438,0.5555555555555556,0.3350383631713555,0.9818731117824774,2.1514598540145986,0.07883211678832107
single best (lightgbm_n800_leaves15_lr0.01),0.0070869976953776065,131,326,259,6,0.3670360110803324,0.6329639889196677,0.9562043795620438,0.5572649572649573,0.33589743589743587,0.9819277108433735,2.159766648817744,0.07859030047915444
single best (lightgbm_n800_leaves15_lr0.01),0.007092246519276307,131,327,258,6,0.3656509695290859,0.6343490304709141,0.9562043795620438,0.558974358974359,0.33676092544987146,0.9819819819819819,2.168137837379053,0.07834996316882063
single best (lightgbm_n800_leaves15_lr0.01),0.007103835468710086,131,328,257,6,0.36426592797783935,0.6357340720221607,0.9562043795620438,0.5606837606837607,0.33762886597938147,0.9820359281437125,2.176574171376637,0.0781110913298913
single best (lightgbm_n800_leaves15_lr0.01),0.007160238138373795,131,329,256,6,0.3628808864265928,0.6371191135734072,0.9562043795620438,0.5623931623931624,0.3385012919896641,0.982089552238806,2.185076414233577,0.07787367159940531
single best (lightgbm_n800_leaves15_lr0.01),0.007245812086703262,131,330,255,6,0.36149584487534625,0.6385041551246537,0.9562043795620438,0.5641025641025641,0.3393782383419689,0.9821428571428571,2.193645341348218,0.07763769077637682
single best (lightgbm_n800_leaves15_lr0.01),0.007276781377834339,131,331,254,6,0.3601108033240997,0.6398891966759003,0.9562043795620438,0.5658119658119658,0.34025974025974026,0.9821958456973294,2.202281740329904,0.07740313581934849
single best (lightgbm_n800_leaves15_lr0.01),0.007373164623272454,131,332,253,6,0.3587257617728532,0.6412742382271468,0.9562043795620438,0.5675213675213675,0.3411458333333333,0.9822485207100592,2.210986411240299,0.07716999384398901
single best (lightgbm_n800_leaves15_lr0.01),0.007406528348135848,130,332,253,7,0.3601108033240997,0.6398891966759003,0.948905109489051,0.5675213675213675,0.3394255874673629,0.9793510324483776,2.194108652375869,0.09003165948465404
single best (lightgbm_n800_leaves15_lr0.01),0.007428981724397271,130,334,251,7,0.3573407202216066,0.6426592797783934,0.948905109489051,0.5709401709401709,0.34120734908136485,0.9794721407624634,2.2115915898449994,0.08949254775121299
single best (lightgbm_n800_leaves15_lr0.01),0.007505096748168839,130,335,250,7,0.3559556786703601,0.6440443213296398,0.948905109489051,0.5726495726495726,0.34210526315789475,0.97953216374269,2.2204379562043792,0.08922540581762728
single best (lightgbm_n800_leaves15_lr0.01),0.007559461630226986,130,336,249,7,0.3545706371191136,0.6454293628808865,0.948905109489051,0.5743589743589743,0.34300791556728233,0.9795918367346939,2.2293553777152404,0.08895985401459863
single best (lightgbm_n800_leaves15_lr0.01),0.007621363211038219,130,337,248,7,0.35318559556786705,0.6468144044321329,0.948905109489051,0.576068376068376,0.3439153439153439,0.9796511627906976,2.238344713915705,0.08869587818666214
single best (lightgbm_n800_leaves15_lr0.01),0.007768792685505916,130,338,247,7,0.3518005540166205,0.6481994459833795,0.948905109489051,0.5777777777777777,0.3448275862068966,0.9797101449275363,2.2474068382635415,0.0884334643458732
single best (lightgbm_n800_leaves15_lr0.01),0.00776979155058743,129,338,247,8,0.35318559556786705,0.6468144044321329,0.9416058394160584,0.5777777777777777,0.34308510638297873,0.976878612716763,2.230119093353822,0.10106681639528363
single best (lightgbm_n800_leaves15_lr0.01),0.007812490396550674,129,339,246,8,0.3518005540166205,0.6481994459833795,0.9416058394160584,0.5794871794871795,0.344,0.9769452449567724,2.2391846181235535,0.10076868419352761
single best (lightgbm_n800_leaves15_lr0.01),0.007820484056304618,128,339,246,9,0.35318559556786705,0.6468144044321329,0.9343065693430657,0.5794871794871795,0.3422459893048128,0.9741379310344828,2.2218265978280223,0.11336476971771854
single best (lightgbm_n800_leaves15_lr0.01),0.007825766831591335,128,340,245,9,0.3518005540166205,0.6481994459833795,0.9343065693430657,0.5811965811965812,0.34316353887399464,0.9742120343839542,2.230895277819157,0.11303134392443114
single best (lightgbm_n800_leaves15_lr0.01),0.007841650681146251,128,341,244,9,0.35041551246537395,0.649584487534626,0.9343065693430657,0.582905982905983,0.34408602150537637,0.9742857142857143,2.240038291252842,0.11269987370764395
single best (lightgbm_n800_leaves15_lr0.01),0.00797363266515708,128,342,243,9,0.3490304709141274,0.6509695290858726,0.9343065693430657,0.5846153846153846,0.3450134770889488,0.9743589743589743,2.249256555825899,0.11237034191317714
single best (lightgbm_n800_leaves15_lr0.01),0.008030013769958329,128,343,242,9,0.3476454293628809,0.6523545706371191,0.9343065693430657,0.5863247863247864,0.34594594594594597,0.9744318181818182,2.258551004403692,0.11204273158689966
single best (lightgbm_n800_leaves15_lr0.01),0.008051397349015051,128,344,241,9,0.3462603878116344,0.6537396121883656,0.9343065693430657,0.588034188034188,0.34688346883468835,0.9745042492917847,2.2679225853348277,0.11171702597182147
single best (lightgbm_n800_leaves15_lr0.01),0.00822795487340262,128,345,240,9,0.3448753462603878,0.6551246537396123,0.9343065693430657,0.5897435897435898,0.34782608695652173,0.9745762711864406,2.2773722627737225,0.11139320850523649
single best (lightgbm_n800_leaves15_lr0.01),0.008251461003920284,128,346,239,9,0.34349030470914127,0.6565096952908587,0.9343065693430657,0.5914529914529915,0.34877384196185285,0.9746478873239437,2.2869010170112696,0.11107126281591499
single best (lightgbm_n800_leaves15_lr0.01),0.008310758673882881,128,347,238,9,0.34210526315789475,0.6578947368421053,0.9343065693430657,0.5931623931623932,0.34972677595628415,0.9747191011235955,2.296509844813838,0.11075117272134463
single best (lightgbm_n800_leaves15_lr0.01),0.008339172097462058,128,348,237,9,0.3407202216066482,0.6592797783933517,0.9343065693430657,0.5948717948717949,0.3506849315068493,0.9747899159663865,2.306199759770858,0.11043292222501894
single best (lightgbm_n800_leaves15_lr0.01),0.008467045159720571,128,349,236,9,0.33933518005540164,0.6606648199445984,0.9343065693430657,0.5965811965811966,0.3516483516483517,0.9748603351955307,2.315971792651243,0.11011649551377246
single best (lightgbm_n800_leaves15_lr0.01),0.008472097129100726,128,350,235,9,0.3379501385041551,0.6620498614958449,0.9343065693430657,0.5982905982905983,0.3526170798898072,0.9749303621169917,2.325826991768908,0.10980187695516168
single best (lightgbm_n800_leaves15_lr0.01),0.00866364361985047,128,351,234,9,0.3365650969529086,0.6634349030470914,0.9343065693430657,0.6,0.35359116022099446,0.975,2.335766423357664,0.10948905109489057
single best (lightgbm_n800_leaves15_lr0.01),0.008842323338726008,128,352,233,9,0.33518005540166207,0.6648199445983379,0.9343065693430657,0.6017094017094017,0.3545706371191136,0.9750692520775623,2.3457911719557654,0.10917800265428008
single best (lightgbm_n800_leaves15_lr0.01),0.008906497402597796,128,353,232,9,0.3337950138504155,0.6662049861495845,0.9343065693430657,0.6034188034188034,0.35555555555555557,0.9751381215469613,2.3559023408004025,0.10886871652778071
single best (lightgbm_n800_leaves15_lr0.01),0.008931110513043414,128,354,231,9,0.33240997229916897,0.6675900277008311,0.9343065693430657,0.6051282051282051,0.3565459610027855,0.9752066115702479,2.366101052232439,0.1085611777805271
single best (lightgbm_n800_leaves15_lr0.01),0.00894450136514262,128,355,230,9,0.33102493074792244,0.6689750692520775,0.9343065693430657,0.6068376068376068,0.3575418994413408,0.9752747252747253,2.3763884481117103,0.10825537164593406
single best (lightgbm_n800_leaves15_lr0.01),0.009003629783663732,128,356,229,9,0.3296398891966759,0.6703601108033241,0.9343065693430657,0.6085470085470085,0.3585434173669468,0.9753424657534246,2.386765690243202,0.10795128352333312
single best (lightgbm_n800_leaves15_lr0.01),0.009042858565376262,128,357,228,9,0.32825484764542934,0.6717451523545707,0.9343065693430657,0.6102564102564103,0.3595505617977528,0.9754098360655737,2.3972339608144453,0.1076488989756487
single best (lightgbm_n800_leaves15_lr0.01),0.009086574278615756,128,358,227,9,0.3268698060941828,0.6731301939058172,0.9343065693430657,0.611965811965812,0.36056338028169016,0.9754768392370572,2.4077944628444645,0.10734820372711336
single best (lightgbm_n800_leaves15_lr0.01),0.009157317966566252,128,359,226,9,0.3254847645429363,0.6745152354570637,0.9343065693430657,0.6136752136752137,0.3615819209039548,0.9755434782608695,2.4184484206446615,0.10704918366102113
single best (lightgbm_n800_leaves15_lr0.01),0.009240319488332212,128,360,225,9,0.32409972299168976,0.6759002770083102,0.9343065693430657,0.6153846153846154,0.3626062322946176,0.975609756097561,2.429197080291971,0.1067518248175183
single best (lightgbm_n800_leaves15_lr0.01),0.00932125252487176,128,361,224,9,0.32271468144044324,0.6772853185595568,0.9343065693430657,0.6170940170940171,0.36363636363636365,0.9756756756756757,2.440041710114703,0.10645611339143099
single best (lightgbm_n800_leaves15_lr0.01),0.009988811665555892,128,362,223,9,0.32132963988919666,0.6786703601108033,0.9343065693430657,0.6188034188034188,0.3646723646723647,0.9757412398921833,2.4509836011914503,0.1061620357301287
single best (lightgbm_n800_leaves15_lr0.01),0.010044873532867026,128,363,222,9,0.31994459833795014,0.6800554016620499,0.9343065693430657,0.6205128205128205,0.3657142857142857,0.9758064516129032,2.462024067863484,0.1058695783314231
single best (lightgbm_n800_leaves15_lr0.01),0.010103631164519865,128,364,221,9,0.3185595567867036,0.6814404432132963,0.9343065693430657,0.6222222222222222,0.3667621776504298,0.9758713136729222,2.4731644482610564,0.10557872784150162
single best (lightgbm_n800_leaves15_lr0.01),0.010209422655470491,128,365,220,9,0.3171745152354571,0.682825484764543,0.9343065693430657,0.6239316239316239,0.367816091954023,0.9759358288770054,2.484406104844061,0.10528947105289475
single best (lightgbm_n800_leaves15_lr0.01),0.01027196867347999,128,366,219,9,0.3157894736842105,0.6842105263157895,0.9343065693430657,0.6256410256410256,0.3688760806916426,0.976,2.495750424957504,0.10500179490247702
single best (lightgbm_n800_leaves15_lr0.01),0.010349451143038443,128,367,218,9,0.314404432132964,0.685595567867036,0.9343065693430657,0.6273504273504273,0.3699421965317919,0.976063829787234,2.5071988214022634,0.10471568646950023
single best (lightgbm_n800_leaves15_lr0.01),0.010399650362180138,127,367,218,10,0.3157894736842105,0.6842105263157895,0.927007299270073,0.6273504273504273,0.3681159420289855,0.9734748010610079,2.4876113306100582,0.11635076274388914
single best (lightgbm_n800_leaves15_lr0.01),0.010495002478860883,127,368,217,10,0.314404432132964,0.685595567867036,0.927007299270073,0.629059829059829,0.3691860465116279,0.9735449735449735,2.4990749772948972,0.11603459219295466
single best (lightgbm_n800_leaves15_lr0.01),0.010687397605448574,127,369,216,10,0.31301939058171746,0.6869806094182825,0.927007299270073,0.6307692307692307,0.37026239067055394,0.9736147757255936,2.5106447688564475,0.11572013530354286
single best (lightgbm_n800_leaves15_lr0.01),0.010791885208368171,127,370,215,10,0.31163434903047094,0.6883656509695291,0.927007299270073,0.6324786324786325,0.3713450292397661,0.9736842105263158,2.5223221863860124,0.11540737818110085
single best (lightgbm_n800_leaves15_lr0.01),0.010812613801045283,127,371,214,10,0.31024930747922436,0.6897506925207757,0.927007299270073,0.6341880341880342,0.3724340175953079,0.973753280839895,2.534108738658844,0.11509630708088225
single best (lightgbm_n800_leaves15_lr0.01),0.010829311464944842,127,372,213,10,0.30886426592797783,0.6911357340720221,0.927007299270073,0.6358974358974359,0.3735294117647059,0.9738219895287958,2.546005962784003,0.11478690840593364
single best (lightgbm_n800_leaves15_lr0.01),0.010972063026169288,127,373,212,10,0.3074792243767313,0.6925207756232687,0.927007299270073,0.6376068376068376,0.3746312684365782,0.9738903394255874,2.5580154248726066,0.11447916870511345
single best (lightgbm_n800_leaves15_lr0.01),0.011054961221612794,127,374,211,10,0.3060941828254848,0.6939058171745152,0.927007299270073,0.6393162393162393,0.3757396449704142,0.9739583333333334,2.5701387207250836,0.11417307467114256
single best (lightgbm_n800_leaves15_lr0.01),0.011087121263270898,127,375,210,10,0.3047091412742382,0.6952908587257618,0.927007299270073,0.6410256410256411,0.3768545994065282,0.974025974025974,2.5823774765380607,0.11386861313868615
single best (lightgbm_n800_leaves15_lr0.01),0.011168628592730493,127,376,209,10,0.3033240997229917,0.6966759002770083,0.927007299270073,0.6427350427350428,0.37797619047619047,0.9740932642487047,2.5947333496315443,0.11356577108246625
single best (lightgbm_n800_leaves15_lr0.01),0.011678136395335542,126,376,209,11,0.3047091412742382,0.6952908587257618,0.9197080291970803,0.6427350427350428,0.3761194029850746,0.9715762273901809,2.574302378374603,0.12492234819071285
single best (lightgbm_n800_leaves15_lr0.01),0.011749550238067612,126,377,208,11,0.3033240997229917,0.6966759002770083,0.9197080291970803,0.6444444444444445,0.3772455089820359,0.9716494845360825,2.5866788321167884,0.12459098917694439
single best (lightgbm_n800_leaves15_lr0.01),0.011755466451271582,126,378,207,11,0.30193905817174516,0.6980609418282548,0.9197080291970803,0.6461538461538462,0.3783783783783784,0.9717223650385605,2.5991748651221838,0.12426138338547099
single best (lightgbm_n800_leaves15_lr0.01),0.011922484861943266,126,379,206,11,0.30055401662049863,0.6994459833795014,0.9197080291970803,0.6478632478632479,0.3795180722891566,0.9717948717948718,2.611792218836369,0.12393351693854363
single best (lightgbm_n800_leaves15_lr0.01),0.01195180754130193,126,380,205,11,0.29916897506925205,0.7008310249307479,0.9197080291970803,0.6495726495726496,0.3806646525679758,0.9718670076726342,2.6245326686843513,0.12360737610449483
single best (lightgbm_n800_leaves15_lr0.01),0.011953513041861773,126,381,204,11,0.29778393351800553,0.7022160664819945,0.9197080291970803,0.6512820512820513,0.38181818181818183,0.9719387755102041,2.637398024903392,0.12328294729582162
single best (lightgbm_n800_leaves15_lr0.01),0.012017640805088452,126,382,203,11,0.296398891966759,0.7036011080332409,0.9197080291970803,0.652991452991453,0.3829787234042553,0.9720101781170484,2.650390133400453,0.12296021706729852
single best (lightgbm_n800_leaves15_lr0.01),0.012186237407558064,126,383,202,11,0.2950138504155125,0.7049861495844876,0.9197080291970803,0.6547008547008547,0.38414634146341464,0.9720812182741116,2.663510876635109,0.1226391721141202
single best (lightgbm_n800_leaves15_lr0.01),0.012511424268600814,126,384,201,11,0.29362880886426596,0.706371191135734,0.9197080291970803,0.6564102564102564,0.3853211009174312,0.9721518987341772,2.676762174528816,0.12231979927007301
single best (lightgbm_n800_leaves15_lr0.01),0.012582547781867086,126,385,200,11,0.2922437673130194,0.7077562326869806,0.9197080291970803,0.6581196581196581,0.38650306748466257,0.9722222222222222,2.6901459854014598,0.12200208550573516
single best (lightgbm_n800_leaves15_lr0.01),0.01282399464359732,126,386,199,11,0.29085872576177285,0.7091412742382271,0.9197080291970803,0.6598290598290598,0.38769230769230767,0.9722921914357683,2.7036643069361403,0.12168601792670476
single best (lightgbm_n800_leaves15_lr0.01),0.013009848666709074,126,387,198,11,0.2894736842105263,0.7105263157894737,0.9197080291970803,0.6615384615384615,0.3888888888888889,0.9723618090452262,2.7173191771731915,0.12137158377185539
single best (lightgbm_n800_leaves15_lr0.01),0.013122016553750414,126,388,197,11,0.2880886426592798,0.7119113573407202,0.9197080291970803,0.6632478632478632,0.39009287925696595,0.9724310776942355,2.731112675534477,0.12105877041161865
single best (lightgbm_n800_leaves15_lr0.01),0.013208391117404735,126,389,196,11,0.2867036011080332,0.7132963988919667,0.9197080291970803,0.6649572649572649,0.391304347826087,0.9725,2.7450469238790403,0.12074756534629316
single best (lightgbm_n800_leaves15_lr0.01),0.013285725435932327,126,390,195,11,0.2853185595567867,0.7146814404432134,0.9197080291970803,0.6666666666666666,0.3925233644859813,0.972568578553616,2.7591240875912404,0.12043795620437958
single best (lightgbm_n800_leaves15_lr0.01),0.013348989309266146,126,391,194,11,0.2839335180055402,0.7160664819944598,0.9197080291970803,0.6683760683760683,0.39375,0.972636815920398,2.7733463767025355,0.12012993074094128
single best (lightgbm_n800_leaves15_lr0.01),0.013581195656158063,126,392,193,11,0.28254847645429365,0.7174515235457064,0.9197080291970803,0.67008547008547,0.3949843260188088,0.9727047146401985,2.7877160470481446,0.1198234768359899
single best (lightgbm_n800_leaves15_lr0.01),0.014421602106016175,126,393,192,11,0.28116343490304707,0.7188365650969529,0.9197080291970803,0.6717948717948717,0.39622641509433965,0.9727722772277227,2.8022354014598534,0.11951858249289578
single best (lightgbm_n800_leaves15_lr0.01),0.014522833118916873,126,394,191,11,0.27977839335180055,0.7202216066481995,0.9197080291970803,0.6735042735042736,0.39747634069400634,0.9728395061728395,2.8169067909962933,0.11921523583682242
single best (lightgbm_n800_leaves15_lr0.01),0.014695783161070449,126,395,190,11,0.278393351800554,0.721606648199446,0.9197080291970803,0.6752136752136753,0.3987341772151899,0.9729064039408867,2.8317326162120633,0.1189134251131849
single best (lightgbm_n800_leaves15_lr0.01),0.014914306333529487,126,396,189,11,0.2770083102493075,0.7229916897506925,0.9197080291970803,0.676923076923077,0.4,0.972972972972973,2.8467153284671536,0.1186131386861314
single best (lightgbm_n800_leaves15_lr0.01),0.015009695497559566,125,396,189,12,0.278393351800554,0.721606648199446,0.9124087591240876,0.676923076923077,0.3980891719745223,0.9705882352941176,2.8241223496697954,0.1293961512939615
single best (lightgbm_n800_leaves15_lr0.01),0.015459126867774136,125,397,188,12,0.2770083102493075,0.7229916897506925,0.9124087591240876,0.6786324786324787,0.3993610223642173,0.9706601466992665,2.839144277061656,0.12907021640405228
single best (lightgbm_n800_leaves15_lr0.01),0.01554051701552633,125,398,187,12,0.2756232686980609,0.7243767313019391,0.9124087591240876,0.6803418803418804,0.40064102564102566,0.9707317073170731,2.854326866778563,0.12874591937791147
single best (lightgbm_n800_leaves15_lr0.01),0.01566829024892419,125,399,186,12,0.2742382271468144,0.7257617728531855,0.9124087591240876,0.6820512820512821,0.40192926045016075,0.9708029197080292,2.86967271014834,0.12842324790077383
single best (lightgbm_n800_leaves15_lr0.01),0.015689357841936945,125,400,185,12,0.27285318559556787,0.7271468144044322,0.9124087591240876,0.6837606837606838,0.4032258064516129,0.970873786407767,2.8851844545275203,0.1281021897810219
single best (lightgbm_n800_leaves15_lr0.01),0.01581847461069362,124,400,185,13,0.2742382271468144,0.7257617728531855,0.9051094890510949,0.6837606837606838,0.40129449838187703,0.9685230024213075,2.8621029788913,0.1387773722627737
single best (lightgbm_n800_leaves15_lr0.01),0.016112495189946043,124,401,184,13,0.27285318559556787,0.7271468144044322,0.9051094890510949,0.6854700854700855,0.4025974025974026,0.9685990338164251,2.8776578863852746,0.13843129402770446
single best (lightgbm_n800_leaves15_lr0.01),0.01621739712109282,124,402,183,13,0.27146814404432135,0.7285318559556786,0.9051094890510949,0.6871794871794872,0.40390879478827363,0.9686746987951808,2.893382792868254,0.13808693757489923
single best (lightgbm_n800_leaves15_lr0.01),0.01663020955060253,124,403,182,13,0.27008310249307477,0.7299168975069252,0.9051094890510949,0.6888888888888889,0.40522875816993464,0.96875,2.909280500521376,0.1377442900871203
single best (lightgbm_n800_leaves15_lr0.01),0.016702874144045865,124,404,181,13,0.26869806094182824,0.7313019390581718,0.9051094890510949,0.6905982905982906,0.4065573770491803,0.9688249400479616,2.925353873452434,0.1374033388740334
single best (lightgbm_n800_leaves15_lr0.01),0.01687087266510137,124,405,180,13,0.2673130193905817,0.7326869806094183,0.9051094890510949,0.6923076923076923,0.40789473684210525,0.9688995215311005,2.9416058394160585,0.13706407137064072
single best (lightgbm_n800_leaves15_lr0.01),0.016892280018175228,124,406,179,13,0.2659279778393352,0.7340720221606648,0.9051094890510949,0.694017094017094,0.40924092409240925,0.9689737470167065,2.958039391591567,0.13672647513573766
single best (lightgbm_n800_leaves15_lr0.01),0.017631923529601988,124,407,178,13,0.26454293628808867,0.7354570637119113,0.9051094890510949,0.6957264957264957,0.4105960264900662,0.969047619047619,2.974657590420733,0.13639053785039187
single best (lightgbm_n800_leaves15_lr0.01),0.017782637576642127,124,408,177,13,0.2631578947368421,0.736842105263158,0.9051094890510949,0.6974358974358974,0.4119601328903654,0.9691211401425178,2.9914635655078556,0.13605624731644483
single best (lightgbm_n800_leaves15_lr0.01),0.018152570312538488,124,409,176,13,0.26177285318559557,0.7382271468144044,0.9051094890510949,0.6991452991452991,0.41333333333333333,0.9691943127962085,3.008460517584605,0.13572359145503543
single best (lightgbm_n800_leaves15_lr0.01),0.018307335986524925,124,410,175,13,0.26038781163434904,0.739612188365651,0.9051094890510949,0.7008547008547008,0.41471571906354515,0.9692671394799054,3.025651720542231,0.1353925583051451
single best (lightgbm_n800_leaves15_lr0.01),0.018487731820916273,123,410,175,14,0.26177285318559557,0.7382271468144044,0.8978102189781022,0.7008547008547008,0.412751677852349,0.9669811320754716,3.001251303441084,0.14580737048246395
single best (lightgbm_n800_leaves15_lr0.01),0.018740439465545954,122,410,175,15,0.2631578947368421,0.736842105263158,0.8905109489051095,0.7008547008547008,0.4107744107744108,0.9647058823529412,2.976850886339937,0.15622218265978277
single best (lightgbm_n800_leaves15_lr0.01),0.01924115672846902,121,410,175,16,0.26454293628808867,0.7354570637119113,0.8832116788321168,0.7008547008547008,0.40878378378378377,0.9624413145539906,2.95245046923879,0.16663699483710162
single best (lightgbm_n800_leaves15_lr0.01),0.019493493066494057,121,411,174,16,0.2631578947368421,0.736842105263158,0.8832116788321168,0.7025641025641025,0.4101694915254237,0.9625292740046838,2.9694185753838407,0.166231552027279
single best (lightgbm_n800_leaves15_lr0.01),0.020282807062688563,121,412,173,16,0.26177285318559557,0.7382271468144044,0.8832116788321168,0.7042735042735043,0.41156462585034015,0.9626168224299065,2.9865828446057137,0.16582807738643607
single best (lightgbm_n800_leaves15_lr0.01),0.020328503605054442,121,413,172,16,0.26038781163434904,0.739612188365651,0.8832116788321168,0.705982905982906,0.4129692832764505,0.9627039627039627,3.003946698353421,0.1654265566179459
single best (lightgbm_n800_leaves15_lr0.01),0.020378283386717825,121,414,171,16,0.2590027700831025,0.7409972299168974,0.8832116788321168,0.7076923076923077,0.4143835616438356,0.9627906976744186,3.021513638109874,0.16502697556331317
single best (lightgbm_n800_leaves15_lr0.01),0.020815252198305465,121,415,170,16,0.25761772853185594,0.7423822714681441,0.8832116788321168,0.7094017094017094,0.41580756013745707,0.962877030162413,3.039287247745814,0.16462932020051002
single best (lightgbm_n800_leaves15_lr0.01),0.021224180187681498,121,416,169,16,0.2562326869806094,0.7437673130193906,0.8832116788321168,0.7111111111111111,0.41724137931034483,0.9629629629629629,3.0572711959573278,0.1642335766423357
single best (lightgbm_n800_leaves15_lr0.01),0.021464084194558558,121,417,168,16,0.2548476454293629,0.7451523545706371,0.8832116788321168,0.7128205128205128,0.4186851211072664,0.9630484988452656,3.075469238790407,0.16383973113480013
single best (lightgbm_n800_leaves15_lr0.01),0.022155284254651093,121,418,167,16,0.25346260387811637,0.7465373961218836,0.8832116788321168,0.7145299145299145,0.4201388888888889,0.9631336405529954,3.0938852222562176,0.1634477700555303
single best (lightgbm_n800_leaves15_lr0.01),0.02224061572036271,121,419,166,16,0.2520775623268698,0.7479224376731302,0.8832116788321168,0.7162393162393162,0.42160278745644597,0.9632183908045977,3.112523085040894,0.16305767991219966
single best (lightgbm_n800_leaves15_lr0.01),0.02290421647946719,121,420,165,16,0.25069252077562326,0.7493074792243768,0.8832116788321168,0.717948717948718,0.4230769230769231,0.963302752293578,3.1313868613138687,0.16266944734098016
single best (lightgbm_n800_leaves15_lr0.01),0.023141427328006912,121,421,164,16,0.24930747922437674,0.7506925207756232,0.8832116788321168,0.7196581196581197,0.4245614035087719,0.9633867276887872,3.1504806836389534,0.1622830591050158
single best (lightgbm_n800_leaves15_lr0.01),0.02318297332820467,121,422,163,16,0.24792243767313019,0.7520775623268698,0.8832116788321168,0.7213675213675214,0.426056338028169,0.9634703196347032,3.1698087859925663,0.16189850209291862
single best (lightgbm_n800_leaves15_lr0.01),0.023781846487202916,121,423,162,16,0.24653739612188366,0.7534626038781164,0.8832116788321168,0.7230769230769231,0.4275618374558304,0.9635535307517085,3.189375506893755,0.16151576331728526
single best (lightgbm_n800_leaves15_lr0.01),0.02498453068787774,121,424,161,16,0.2451523545706371,0.7548476454293629,0.8832116788321168,0.7247863247863248,0.42907801418439717,0.9636363636363636,3.209185292650859,0.16113482991323505
single best (lightgbm_n800_leaves15_lr0.01),0.02508309542053316,120,424,161,17,0.24653739612188366,0.7534626038781164,0.8759124087591241,0.7247863247863248,0.42704626334519574,0.9614512471655329,3.1826631001496124,0.17120575678281225
single best (lightgbm_n800_leaves15_lr0.01),0.025391147446504694,119,424,161,18,0.24792243767313019,0.7520775623268698,0.8686131386861314,0.7247863247863248,0.425,0.9592760180995475,3.1561409076483655,0.18127668365238941
single best (lightgbm_n800_leaves15_lr0.01),0.0255628007711075,118,424,161,19,0.24930747922437674,0.7506925207756232,0.8613138686131386,0.7247863247863248,0.4229390681003584,0.9571106094808126,3.129618715147118,0.19134761052196675
single best (lightgbm_n800_leaves15_lr0.01),0.02598482174425771,118,425,160,19,0.24792243767313019,0.7520775623268698,0.8613138686131386,0.7264957264957265,0.4244604316546763,0.9572072072072072,3.149178832116788,0.19089738085015037
single best (lightgbm_n800_leaves15_lr0.01),0.026126737864669264,118,426,159,19,0.24653739612188366,0.7534626038781164,0.8613138686131386,0.7282051282051282,0.4259927797833935,0.9573033707865168,3.168984988293623,0.19044926493266173
single best (lightgbm_n800_leaves15_lr0.01),0.02635490047431939,118,427,158,19,0.2451523545706371,0.7548476454293629,0.8613138686131386,0.7299145299145299,0.427536231884058,0.9573991031390134,3.1890418553081394,0.19000324791876794
single best (lightgbm_n800_leaves15_lr0.01),0.026795643764274228,118,428,157,19,0.24376731301939059,0.7562326869806094,0.8613138686131386,0.7316239316239316,0.4290909090909091,0.9574944071588367,3.209354223813287,0.18955931509652782
single best (lightgbm_n800_leaves15_lr0.01),0.026799815832295737,118,429,156,19,0.24238227146814403,0.7576177285318559,0.8613138686131386,0.7333333333333333,0.4306569343065693,0.9575892857142857,3.229927007299269,0.1891174518911746
single best (lightgbm_n800_leaves15_lr0.01),0.02715441616990061,118,430,155,19,0.2409972299168975,0.7590027700831025,0.8613138686131386,0.7350427350427351,0.43223443223443225,0.9576837416481069,3.25076524605604,0.18867764386352068
single best (lightgbm_n800_leaves15_lr0.01),0.02730355793262602,118,431,154,19,0.23961218836565096,0.760387811634349,0.8613138686131386,0.7367521367521368,0.4338235294117647,0.9577777777777777,3.27187411129017,0.1882398767083849
single best (lightgbm_n800_leaves15_lr0.01),0.027445648447687626,117,431,154,20,0.2409972299168975,0.7590027700831025,0.8540145985401459,0.7367521367521368,0.4317343173431734,0.9556541019955654,3.244146364584321,0.19814723864040515
single best (lightgbm_n800_leaves15_lr0.01),0.027484441529828728,117,432,153,20,0.23961218836565096,0.760387811634349,0.8540145985401459,0.7384615384615385,0.43333333333333335,0.9557522123893806,3.265349935594676,0.19768856447688568
single best (lightgbm_n800_leaves15_lr0.01),0.028183659367885094,117,433,152,20,0.23822714681440443,0.7617728531855956,0.8540145985401459,0.7401709401709402,0.4349442379182156,0.9558498896247241,3.2868325009604304,0.19723200890072662
single best (lightgbm_n800_leaves15_lr0.01),0.028473560001134886,116,433,152,21,0.23961218836565096,0.760387811634349,0.8467153284671532,0.7401709401709402,0.43283582089552236,0.9537444933920705,3.258739915482136,0.20709360934576293
single best (lightgbm_n800_leaves15_lr0.01),0.02913554775966625,116,434,151,21,0.23822714681440443,0.7617728531855956,0.8467153284671532,0.7418803418803419,0.4344569288389513,0.9538461538461539,3.2803209745250643,0.2066164351306805
single best (lightgbm_n800_leaves15_lr0.01),0.029143997599676234,115,434,151,22,0.23961218836565096,0.760387811634349,0.8394160583941606,0.7418803418803419,0.4323308270676692,0.9517543859649122,3.252042345434331,0.21645531299404625
single best (lightgbm_n800_leaves15_lr0.01),0.029359769804950572,115,435,150,22,0.23822714681440443,0.7617728531855956,0.8394160583941606,0.7435897435897436,0.4339622641509434,0.9518599562363238,3.2737226277372264,0.2159577145733703
single best (lightgbm_n800_leaves15_lr0.01),0.029456173692927717,115,436,149,22,0.23684210526315788,0.7631578947368421,0.8394160583941606,0.7452991452991453,0.4356060606060606,0.9519650655021834,3.295693920540832,0.21546239871425704
single best (lightgbm_n800_leaves15_lr0.01),0.02960268909775184,115,437,148,22,0.23545706371191136,0.7645429362880887,0.8394160583941606,0.747008547008547,0.4372623574144487,0.9520697167755992,3.3179621227066485,0.21496934974694754
single best (lightgbm_n800_leaves15_lr0.01),0.029904893041694323,115,438,147,22,0.23407202216066483,0.7659279778393352,0.8394160583941606,0.7487179487179487,0.4389312977099237,0.9521739130434783,3.3405332936094143,0.21447855214478556
single best (lightgbm_n800_leaves15_lr0.01),0.030651768935673198,115,439,146,22,0.23268698060941828,0.7673130193905817,0.8394160583941606,0.7504273504273504,0.44061302681992337,0.9522776572668112,3.3634136586341365,0.21398999052258788
single best (lightgbm_n800_leaves15_lr0.01),0.0307330213652195,115,440,145,22,0.23130193905817176,0.7686980609418282,0.8394160583941606,0.7521367521367521,0.4423076923076923,0.9523809523809523,3.386609614900579,0.21350364963503654
single best (lightgbm_n800_leaves15_lr0.01),0.03132279182112962,115,441,144,22,0.2299168975069252,0.7700831024930748,0.8394160583941606,0.7538461538461538,0.444015444015444,0.9524838012958964,3.410127737226277,0.21301951437509314
single best (lightgbm_n800_leaves15_lr0.01),0.032454721043570924,115,442,143,22,0.22853185595567868,0.7714681440443213,0.8394160583941606,0.7555555555555555,0.44573643410852715,0.9525862068965517,3.4339747843397475,0.21253756977243457
single best (lightgbm_n800_leaves15_lr0.01),0.03246995257247549,115,443,142,22,0.22714681440443213,0.7728531855955678,0.8394160583941606,0.7572649572649572,0.4474708171206226,0.9526881720430107,3.4581577053562245,0.21205780099190988
single best (lightgbm_n800_leaves15_lr0.01),0.03263756413184858,115,444,141,22,0.2257617728531856,0.7742382271468145,0.8394160583941606,0.7589743589743589,0.44921875,0.9527896995708155,3.4826836465289635,0.2115801933320182
single best (lightgbm_n800_leaves15_lr0.01),0.0328718352232643,115,445,140,22,0.22437673130193905,0.775623268698061,0.8394160583941606,0.7606837606837606,0.45098039215686275,0.9528907922912205,3.5075599582898844,0.21110473222340692
single best (lightgbm_n800_leaves15_lr0.01),0.033381171057260385,115,446,139,22,0.22299168975069253,0.7770083102493075,0.8394160583941606,0.7623931623931623,0.452755905511811,0.9529914529914529,3.532794202594128,0.21063140322739032
single best (lightgbm_n800_leaves15_lr0.01),0.03361427179514077,115,448,137,22,0.22022160664819945,0.7797783933518005,0.8394160583941606,0.7658119658119659,0.45634920634920634,0.9531914893617022,3.5843678405882047,0.2096910844629823
single best (lightgbm_n800_leaves15_lr0.01),0.03418687112889801,115,449,136,22,0.2188365650969529,0.7811634349030471,0.8394160583941606,0.7675213675213676,0.4581673306772908,0.9532908704883227,3.6107234864748827,0.2092240664574968
single best (lightgbm_n800_leaves15_lr0.01),0.03457990428451902,115,450,135,22,0.21745152354570638,0.7825484764542936,0.8394160583941606,0.7692307692307693,0.46,0.9533898305084746,3.6374695863746966,0.20875912408759126
single best (lightgbm_n800_leaves15_lr0.01),0.03528697120291042,115,451,134,22,0.21606648199445982,0.7839335180055402,0.8394160583941606,0.770940170940171,0.46184738955823296,0.9534883720930233,3.664614881795403,0.2082962435463771
single best (lightgbm_n800_leaves15_lr0.01),0.036059096069220545,114,451,134,23,0.21745152354570638,0.7825484764542936,0.8321167883211679,0.770940170940171,0.4596774193548387,0.9514767932489452,3.632748665431965,0.21776425461666696
single best (lightgbm_n800_leaves15_lr0.01),0.036115911781551685,114,452,133,23,0.21606648199445982,0.7839335180055402,0.8321167883211679,0.7726495726495727,0.46153846153846156,0.9515789473684211,3.660062565172055,0.2172824752922938
single best (lightgbm_n800_leaves15_lr0.01),0.03655783262247616,114,453,132,23,0.2146814404432133,0.7853185595567866,0.8321167883211679,0.7743589743589744,0.4634146341463415,0.9516806722689075,3.6877903118779036,0.2168028230289554
single best (lightgbm_n800_leaves15_lr0.01),0.03659968936271065,114,454,131,23,0.21329639889196675,0.7867036011080333,0.8321167883211679,0.7760683760683761,0.46530612244897956,0.9517819706498952,3.7159413829609407,0.21632528377118238
single best (lightgbm_n800_leaves15_lr0.01),0.03830461023148349,114,455,130,23,0.21191135734072022,0.7880886426592798,0.8321167883211679,0.7777777777777778,0.4672131147540984,0.9518828451882845,3.7445255474452557,0.21584984358706988
single best (lightgbm_n800_leaves15_lr0.01),0.03848320160395465,114,456,129,23,0.21052631578947367,0.7894736842105263,0.8321167883211679,0.7794871794871795,0.4691358024691358,0.9519832985386222,3.7735528772704123,0.2153764886669228
single best (lightgbm_n800_leaves15_lr0.01),0.038940601756803965,114,457,128,23,0.20914127423822715,0.7908587257617729,0.8321167883211679,0.7811965811965812,0.47107438016528924,0.9520833333333333,3.8030337591240877,0.2149052053219186
single best (lightgbm_n800_leaves15_lr0.01),0.04009253026111782,114,458,127,23,0.2077562326869806,0.7922437673130194,0.8321167883211679,0.7829059829059829,0.4730290456431535,0.9521829521829522,3.832978906833726,0.21443597998278777
single best (lightgbm_n800_leaves15_lr0.01),0.040546794516313475,114,459,126,23,0.20637119113573407,0.7936288088642659,0.8321167883211679,0.7846153846153846,0.475,0.9522821576763485,3.8633993743482793,0.21396879919851156
single best (lightgbm_n800_leaves15_lr0.01),0.04085595879480684,114,460,125,23,0.20498614958448755,0.7950138504155124,0.8321167883211679,0.7863247863247863,0.4769874476987448,0.9523809523809523,3.8943065693430654,0.2135036496350365
single best (lightgbm_n800_leaves15_lr0.01),0.04262282219513817,114,461,124,23,0.203601108033241,0.7963988919667591,0.8321167883211679,0.788034188034188,0.4789915966386555,0.9524793388429752,3.9257122674829286,0.21304051807400606
single best (lightgbm_n800_leaves15_lr0.01),0.043340385027834175,114,462,123,23,0.20221606648199447,0.7977839335180055,0.8321167883211679,0.7897435897435897,0.4810126582278481,0.9525773195876288,3.9576286273811636,0.21257939141150822
single best (lightgbm_n800_leaves15_lr0.01),0.043462892476572756,113,462,123,24,0.203601108033241,0.7963988919667591,0.8248175182481752,0.7897435897435897,0.4788135593220339,0.9506172839506173,3.9229125867901007,0.22182197364679118
single best (lightgbm_n800_leaves15_lr0.01),0.04355520174361173,113,463,122,24,0.20221606648199447,0.7977839335180055,0.8248175182481752,0.7914529914529914,0.4808510638297872,0.9507186858316222,3.9550676079932985,0.22134287651148493
single best (lightgbm_n800_leaves15_lr0.01),0.04391715600484545,113,464,121,24,0.20083102493074792,0.7991689750692521,0.8248175182481752,0.7931623931623931,0.4829059829059829,0.9508196721311475,3.9877541171502675,0.2208658444500378
single best (lightgbm_n800_leaves15_lr0.01),0.04453812705081061,113,465,120,24,0.1994459833795014,0.8005540166204986,0.8248175182481752,0.7948717948717948,0.48497854077253216,0.950920245398773,4.020985401459853,0.22039086413939254
single best (lightgbm_n800_leaves15_lr0.01),0.04506747709947729,113,466,119,24,0.19806094182825484,0.8019390581717452,0.8248175182481752,0.7965811965811965,0.4870689655172414,0.9510204081632653,4.054775194749432,0.21991792237085306
single best (lightgbm_n800_leaves15_lr0.01),0.0458481136336298,113,467,118,24,0.19667590027700832,0.8033240997229917,0.8248175182481752,0.7982905982905983,0.48917748917748916,0.9511201629327902,4.0891376963998525,0.21944700604885978
single best (lightgbm_n800_leaves15_lr0.01),0.04689196482818902,112,467,118,25,0.19806094182825484,0.8019390581717452,0.8175182481751825,0.7982905982905983,0.48695652173913045,0.9491869918699187,4.052950637139677,0.2285906313008956
single best (lightgbm_n800_leaves15_lr0.01),0.046940921372471404,112,468,117,25,0.19667590027700832,0.8033240997229917,0.8175182481751825,0.8,0.4890829694323144,0.949290060851927,4.087591240875914,0.2281021897810219
single best (lightgbm_n800_leaves15_lr0.01),0.050053986826591346,112,469,116,25,0.19529085872576177,0.8047091412742382,0.8175182481751825,0.8017094017094017,0.49122807017543857,0.9493927125506073,4.1228290964007055,0.2276158311674163
single best (lightgbm_n800_leaves15_lr0.01),0.052163546825209066,111,469,116,26,0.19667590027700832,0.8033240997229917,0.8102189781021898,0.8017094017094017,0.4889867841409692,0.9474747474747475,4.086018122325699,0.23672046441411293
single best (lightgbm_n800_leaves15_lr0.01),0.05354249677641431,111,470,115,26,0.19529085872576177,0.8047091412742382,0.8102189781021898,0.8034188034188035,0.4911504424778761,0.9475806451612904,4.121548714693748,0.2362168038515297
single best (lightgbm_n800_leaves15_lr0.01),0.05522433035371933,111,471,114,26,0.19390581717451524,0.8060941828254847,0.8102189781021898,0.8051282051282052,0.49333333333333335,0.9476861167002012,4.157702650787553,0.2357152819749872
single best (lightgbm_n800_leaves15_lr0.01),0.05661597752513484,110,471,114,27,0.19529085872576177,0.8047091412742382,0.8029197080291971,0.8051282051282052,0.49107142857142855,0.9457831325301205,4.1202458701498275,0.24478125435864054
single best (lightgbm_n800_leaves15_lr0.01),0.057069425382425085,110,472,113,27,0.19390581717451524,0.8060941828254847,0.8029197080291971,0.8068376068376069,0.49327354260089684,0.9458917835671342,4.156708222983012,0.2442626500061858
single best (lightgbm_n800_leaves15_lr0.01),0.05846659988768575,110,473,112,27,0.1925207756232687,0.8074792243767313,0.8029197080291971,0.8085470085470086,0.4954954954954955,0.946,4.193821689259646,0.24374623848397398
single best (lightgbm_n800_leaves15_lr0.01),0.06101303571064641,110,474,111,27,0.19113573407202217,0.8088642659279779,0.8029197080291971,0.8102564102564103,0.497737556561086,0.9461077844311377,4.231603866640364,0.2432320059133327
single best (lightgbm_n800_leaves15_lr0.01),0.061323341473187624,110,475,110,27,0.18975069252077562,0.8102493074792244,0.8029197080291971,0.811965811965812,0.5,0.9462151394422311,4.27007299270073,0.24271993853246251
single best (lightgbm_n800_leaves15_lr0.01),0.06165898978244895,110,476,109,27,0.1883656509695291,0.8116343490304709,0.8029197080291971,0.8136752136752137,0.502283105022831,0.9463220675944334,4.309247974285141,0.24221002269520944
single best (lightgbm_n800_leaves15_lr0.01),0.062007264744493196,110,477,108,27,0.18698060941828254,0.8130193905817175,0.8029197080291971,0.8153846153846154,0.5045871559633027,0.9464285714285714,4.349148418491484,0.24170224486985262
single best (lightgbm_n800_leaves15_lr0.01),0.06287814799023486,109,477,108,28,0.1883656509695291,0.8116343490304709,0.7956204379562044,0.8153846153846154,0.5023041474654378,0.9445544554455445,4.309610705596107,0.25065417986503236
single best (lightgbm_n800_leaves15_lr0.01),0.06331367230133268,109,478,107,28,0.18698060941828254,0.8130193905817175,0.7956204379562044,0.8170940170940171,0.5046296296296297,0.9446640316205533,4.3498874411624255,0.2501297987356076
single best (lightgbm_n800_leaves15_lr0.01),0.06447640671149885,109,479,106,28,0.18559556786703602,0.814404432132964,0.7956204379562044,0.8188034188034188,0.5069767441860465,0.9447731755424064,4.390924115135656,0.24960760708897792
single best (lightgbm_n800_leaves15_lr0.01),0.06454659367444728,108,479,106,29,0.18698060941828254,0.8130193905817175,0.7883211678832117,0.8188034188034188,0.5046728971962616,0.9429133858267716,4.350640407657347,0.25852216448501286
single best (lightgbm_n800_leaves15_lr0.01),0.0660433514246975,108,480,105,29,0.18559556786703602,0.814404432132964,0.7883211678832117,0.8205128205128205,0.5070422535211268,0.9430255402750491,4.392075078206465,0.25798357664233573
single best (lightgbm_n800_leaves15_lr0.01),0.06652516945101224,108,481,104,29,0.18421052631578946,0.8157894736842105,0.7883211678832117,0.8222222222222222,0.5094339622641509,0.9431372549019608,4.434306569343065,0.25744722825014793
single best (lightgbm_n800_leaves15_lr0.01),0.06659857575549596,107,481,104,30,0.18559556786703602,0.814404432132964,0.781021897810219,0.8222222222222222,0.5071090047393365,0.9412915851272016,4.393248175182481,0.26632471887946335
single best (lightgbm_n800_leaves15_lr0.01),0.06675506896267076,107,482,103,30,0.18421052631578946,0.8157894736842105,0.781021897810219,0.8239316239316239,0.5095238095238095,0.94140625,4.435901070087165,0.26577217796892505
single best (lightgbm_n800_leaves15_lr0.01),0.06948579546775539,107,483,102,30,0.18282548476454294,0.817174515235457,0.781021897810219,0.8256410256410256,0.5119617224880383,0.9415204678362573,4.479390296264491,0.26522192501246766
single best (lightgbm_n800_leaves15_lr0.01),0.06956627434593399,106,483,102,31,0.18421052631578946,0.8157894736842105,0.7737226277372263,0.8256410256410256,0.5096153846153846,0.9396887159533074,4.437526835551738,0.2740626558462166
single best (lightgbm_n800_leaves15_lr0.01),0.06957096484426079,105,483,102,32,0.18559556786703602,0.814404432132964,0.7664233576642335,0.8256410256410256,0.5072463768115942,0.9378640776699029,4.3956633748389855,0.2829033866799656
single best (lightgbm_n800_leaves15_lr0.01),0.07058917870369219,105,484,101,32,0.18421052631578946,0.8157894736842105,0.7664233576642335,0.8273504273504273,0.5097087378640777,0.937984496124031,4.4391847943918465,0.28231887555046153
single best (lightgbm_n800_leaves15_lr0.01),0.0721699662826664,104,484,101,33,0.18559556786703602,0.814404432132964,0.7591240875912408,0.8273504273504273,0.5073170731707317,0.9361702127659575,4.396906843969067,0.2911413404114135
single best (lightgbm_n800_leaves15_lr0.01),0.07254935795718524,104,485,100,33,0.18421052631578946,0.8157894736842105,0.7591240875912408,0.8290598290598291,0.5098039215686274,0.9362934362934363,4.44087591240876,0.29054104898788474
single best (lightgbm_n800_leaves15_lr0.01),0.07488477680230099,104,486,99,33,0.18282548476454294,0.817174515235457,0.7591240875912408,0.8307692307692308,0.5123152709359606,0.9364161849710982,4.485733244857333,0.28994322789943233
single best (lightgbm_n800_leaves15_lr0.01),0.07724368543415677,104,487,98,33,0.1814404432132964,0.8185595567867037,0.7591240875912408,0.8324786324786325,0.5148514851485149,0.9365384615384615,4.531506033070163,0.28934786192838624
single best (lightgbm_n800_leaves15_lr0.01),0.07755090665174258,104,488,97,33,0.18005540166204986,0.8199445983379501,0.7591240875912408,0.8341880341880342,0.5174129353233831,0.9366602687140115,4.578222590112124,0.2887549359818117
single best (lightgbm_n800_leaves15_lr0.01),0.07777064175046204,104,489,96,33,0.1786703601108033,0.8213296398891967,0.7591240875912408,0.8358974358974359,0.52,0.9367816091954023,4.625912408759125,0.2881644350902333
single best (lightgbm_n800_leaves15_lr0.01),0.07801720461719534,103,489,96,34,0.18005540166204986,0.8199445983379501,0.7518248175182481,0.8358974358974359,0.5175879396984925,0.9349904397705545,4.5814324817518255,0.2968966906990283
single best (lightgbm_n800_leaves15_lr0.01),0.07860246735821227,103,490,95,34,0.1786703601108033,0.8213296398891967,0.7518248175182481,0.8376068376068376,0.5202020202020202,0.9351145038167938,4.629658086822897,0.2962907790853568
single best (lightgbm_n800_leaves15_lr0.01),0.08019124410917565,103,491,94,34,0.1772853185595568,0.8227146814404432,0.7518248175182481,0.8393162393162393,0.5228426395939086,0.9352380952380952,4.678909768597609,0.2956873355434314
single best (lightgbm_n800_leaves15_lr0.01),0.08442417417408603,103,492,93,34,0.17590027700831026,0.8240997229916898,0.7518248175182481,0.841025641025641,0.5255102040816326,0.935361216730038,4.729220626324464,0.2950863450240342
single best (lightgbm_n800_leaves15_lr0.01),0.0847970953589024,103,493,92,34,0.1745152354570637,0.8254847645429363,0.7518248175182481,0.8427350427350427,0.5282051282051282,0.9354838709677419,4.78062519834973,0.29448779260005037
single best (lightgbm_n800_leaves15_lr0.01),0.08504205461329727,103,494,91,34,0.1731301939058172,0.8268698060941828,0.7518248175182481,0.8444444444444444,0.5309278350515464,0.9356060606060606,4.833159541188738,0.29389166346523243
single best (lightgbm_n800_leaves15_lr0.01),0.0855100793754022,102,494,91,35,0.1745152354570637,0.8254847645429363,0.7445255474452555,0.8444444444444444,0.5284974093264249,0.9338374291115312,4.786235662148071,0.30253553592009225
single best (lightgbm_n800_leaves15_lr0.01),0.08612309077030772,101,494,91,36,0.17590027700831026,0.8240997229916898,0.7372262773722628,0.8444444444444444,0.5260416666666666,0.9320754716981132,4.739311783107404,0.311179408374952
single best (lightgbm_n800_leaves15_lr0.01),0.08649289695566445,101,495,90,36,0.1745152354570637,0.8254847645429363,0.7372262773722628,0.8461538461538461,0.5287958115183246,0.9322033898305084,4.791970802919708,0.31055076310550767
single best (lightgbm_n800_leaves15_lr0.01),0.09003619416330655,101,496,89,36,0.1731301939058172,0.8268698060941828,0.7372262773722628,0.8478632478632478,0.531578947368421,0.9323308270676691,4.845813171491839,0.30992465269602076
single best (lightgbm_n800_leaves15_lr0.01),0.09565690313666242,101,497,88,36,0.17174515235457063,0.8282548476454293,0.7372262773722628,0.8495726495726496,0.5343915343915344,0.9324577861163227,4.900879230258791,0.30930106184552575
single best (lightgbm_n800_leaves15_lr0.01),0.09618456903597751,101,498,87,36,0.1703601108033241,0.8296398891966759,0.7372262773722628,0.8512820512820513,0.5372340425531915,0.9325842696629213,4.95721117543418,0.30867997537595643
single best (lightgbm_n800_leaves15_lr0.01),0.09908992378372579,101,499,86,36,0.16897506925207756,0.8310249307479225,0.7372262773722628,0.852991452991453,0.5401069518716578,0.9327102803738317,5.014853165846205,0.3080613782309144
single best (lightgbm_n800_leaves15_lr0.01),0.1017492665998394,101,500,85,36,0.16759002770083103,0.8324099722991689,0.7372262773722628,0.8547008547008547,0.543010752688172,0.9328358208955224,5.073851438385572,0.30744525547445256
single best (lightgbm_n800_leaves15_lr0.01),0.1019305167314217,101,501,84,36,0.16620498614958448,0.8337950138504155,0.7372262773722628,0.8564102564102564,0.5459459459459459,0.9329608938547486,5.134254431699685,0.30683159228987283
single best (lightgbm_n800_leaves15_lr0.01),0.10206969592297074,101,502,83,36,0.16481994459833796,0.8351800554016621,0.7372262773722628,0.8581196581196581,0.5489130434782609,0.9330855018587361,5.1961129188285975,0.3062203739785384
single best (lightgbm_n800_leaves15_lr0.01),0.1024435340189078,100,502,83,37,0.16620498614958448,0.8337950138504155,0.7299270072992701,0.8581196581196581,0.546448087431694,0.9313543599257885,5.144666256265938,0.3147264954779423
single best (lightgbm_n800_leaves15_lr0.01),0.10379461830017811,99,502,83,38,0.16759002770083103,0.8324099722991689,0.7226277372262774,0.8581196581196581,0.5439560439560439,0.9296296296296296,5.093219593703279,0.3232326169773461
single best (lightgbm_n800_leaves15_lr0.01),0.10704037767750343,99,503,82,38,0.16620498614958448,0.8337950138504155,0.7226277372262774,0.8598290598290599,0.5469613259668509,0.9297597042513863,5.155332027772834,0.32259000740085036
single best (lightgbm_n800_leaves15_lr0.01),0.10786187828492484,98,503,82,39,0.16759002770083103,0.8324099722991689,0.7153284671532847,0.8598290598290599,0.5444444444444444,0.9280442804428044,5.103257966886241,0.33107921812192537
single best (lightgbm_n800_leaves15_lr0.01),0.10826579334034707,98,504,81,39,0.16620498614958448,0.8337950138504155,0.7153284671532847,0.8615384615384616,0.547486033519553,0.9281767955801105,5.166261151662614,0.330422314911366
single best (lightgbm_n800_leaves15_lr0.01),0.11321621225495597,98,505,80,39,0.16481994459833796,0.8351800554016621,0.7153284671532847,0.8632478632478633,0.550561797752809,0.9283088235294118,5.230839416058396,0.3297680132976801
single best (lightgbm_n800_leaves15_lr0.01),0.11446122229662122,98,506,79,39,0.1634349030470914,0.8365650969529086,0.7153284671532847,0.864957264957265,0.5536723163841808,0.9284403669724771,5.2970525732236915,0.32911629785638036
single best (lightgbm_n800_leaves15_lr0.01),0.11484529050048767,97,506,79,40,0.16481994459833796,0.8351800554016621,0.708029197080292,0.864957264957265,0.5511363636363636,0.9267399267399268,5.243001016354063,0.3375551772885952
single best (lightgbm_n800_leaves15_lr0.01),0.1158082671608426,97,507,78,40,0.1634349030470914,0.8365650969529086,0.708029197080292,0.8666666666666667,0.5542857142857143,0.926873857404022,5.310218978102191,0.3368893879842785
single best (lightgbm_n800_leaves15_lr0.01),0.11837307227007025,97,508,77,40,0.16204986149584488,0.8379501385041551,0.708029197080292,0.8683760683760684,0.5574712643678161,0.927007299270073,5.379182860934687,0.33622621989769524
single best (lightgbm_n800_leaves15_lr0.01),0.11886542944592213,96,508,77,41,0.1634349030470914,0.8365650969529086,0.7007299270072993,0.8683760683760684,0.5549132947976878,0.9253187613843351,5.323727367522989,0.3446318753951376
single best (lightgbm_n800_leaves15_lr0.01),0.12483843806325796,95,508,77,42,0.16481994459833796,0.8351800554016621,0.6934306569343066,0.8683760683760684,0.5523255813953488,0.9236363636363636,5.268271874111291,0.35303753089258
single best (lightgbm_n800_leaves15_lr0.01),0.12732354013260633,95,509,76,42,0.1634349030470914,0.8365650969529086,0.6934306569343066,0.8700854700854701,0.5555555555555556,0.9237749546279492,5.337591240875914,0.35234394045860634
single best (lightgbm_n800_leaves15_lr0.01),0.12858031122091387,95,510,75,42,0.16204986149584488,0.8379501385041551,0.6934306569343066,0.8717948717948718,0.5588235294117647,0.9239130434782609,5.408759124087592,0.35165306998711887
single best (lightgbm_n800_leaves15_lr0.01),0.13211019589440545,95,511,74,42,0.16066481994459833,0.8393351800554016,0.6934306569343066,0.8735042735042735,0.5621301775147929,0.9240506329113924,5.481850463602289,0.350964903509649
single best (lightgbm_n800_leaves15_lr0.01),0.13234647194977,95,512,73,42,0.1592797783933518,0.8407202216066482,0.6934306569343066,0.8752136752136752,0.5654761904761905,0.924187725631769,5.556944305569443,0.35027942518248173
single best (lightgbm_n800_leaves15_lr0.01),0.1334587441790266,95,513,72,42,0.15789473684210525,0.8421052631578947,0.6934306569343066,0.8769230769230769,0.5688622754491018,0.9243243243243243,5.634124087591241,0.34959661928543984
single best (lightgbm_n800_leaves15_lr0.01),0.13384399321242146,95,514,71,42,0.15650969529085873,0.8434903047091413,0.6934306569343066,0.8786324786324786,0.572289156626506,0.9244604316546763,5.713477947979849,0.3489164702206822
single best (lightgbm_n800_leaves15_lr0.01),0.13818950281419642,94,514,71,43,0.15789473684210525,0.8421052631578947,0.6861313868613139,0.8786324786324786,0.5696969696969697,0.9228007181328546,5.65333607484322,0.3572240052259365
single best (lightgbm_n800_leaves15_lr0.01),0.13937130869963688,94,515,70,43,0.15650969529085873,0.8434903047091413,0.6861313868613139,0.8803418803418803,0.573170731707317,0.9229390681003584,5.734098018769551,0.35653036638083757
single best (lightgbm_n800_leaves15_lr0.01),0.1411881366806075,94,516,69,43,0.15512465373961218,0.8448753462603878,0.6861313868613139,0.882051282051282,0.5766871165644172,0.9230769230769231,5.8172008886067905,0.3558394160583941
single best (lightgbm_n800_leaves15_lr0.01),0.1468536515805998,94,517,68,43,0.15373961218836565,0.8462603878116344,0.6861313868613139,0.8837606837606837,0.5802469135802469,0.9232142857142858,5.902747960498067,0.3551511386578943
single best (lightgbm_n800_leaves15_lr0.01),0.15860531346430642,94,518,67,43,0.1523545706371191,0.8476454293628809,0.6861313868613139,0.8854700854700854,0.5838509316770186,0.9233511586452763,5.9908486763263955,0.3544655186990953
single best (lightgbm_n800_leaves15_lr0.01),0.1589463346090008,94,519,66,43,0.15096952908587258,0.8490304709141274,0.6861313868613139,0.8871794871794871,0.5875,0.9234875444839857,6.081619110816189,0.35378254082106236
single best (lightgbm_n800_leaves15_lr0.01),0.15958743450888205,94,520,65,43,0.14958448753462603,0.850415512465374,0.6861313868613139,0.8888888888888888,0.5911949685534591,0.9236234458259325,6.175182481751823,0.35310218978102187
single best (lightgbm_n800_leaves15_lr0.01),0.16156182869765928,94,521,64,43,0.1481994459833795,0.8518005540166205,0.6861313868613139,0.8905982905982905,0.5949367088607594,0.9237588652482269,6.2716697080291945,0.3524244504532272
single best (lightgbm_n800_leaves15_lr0.01),0.1620279167220735,94,522,63,43,0.14681440443213298,0.853185595567867,0.6861313868613139,0.8923076923076924,0.5987261146496815,0.9238938053097345,6.371220020855061,0.3517493078278378
single best (lightgbm_n800_leaves15_lr0.01),0.1626474919965898,94,523,62,43,0.14542936288088643,0.8545706371191135,0.6861313868613139,0.8940170940170941,0.6025641025641025,0.9240282685512368,6.473981634094658,0.3510767470098114
single best (lightgbm_n800_leaves15_lr0.01),0.16636590231874682,94,524,61,43,0.1440443213296399,0.8559556786703602,0.6861313868613139,0.8957264957264958,0.6064516129032258,0.9241622574955908,6.580112480555226,0.3504067532178079
single best (lightgbm_n800_leaves15_lr0.01),0.16803224833372502,94,525,60,43,0.14265927977839335,0.8573407202216067,0.6861313868613139,0.8974358974358975,0.6103896103896104,0.9242957746478874,6.689781021897812,0.34973931178310735
single best (lightgbm_n800_leaves15_lr0.01),0.17484167992536392,94,526,59,43,0.14127423822714683,0.8587257617728532,0.6861313868613139,0.8991452991452992,0.6143790849673203,0.9244288224956063,6.80316714091303,0.3490744081485387
single best (lightgbm_n800_leaves15_lr0.01),0.18360218709082657,94,527,58,43,0.13988919667590027,0.8601108033240997,0.6861313868613139,0.9008547008547009,0.618421052631579,0.9245614035087719,6.920463126101184,0.3484120278674219
single best (lightgbm_n800_leaves15_lr0.01),0.19037578087036702,94,528,57,43,0.13850415512465375,0.8614958448753463,0.6861313868613139,0.9025641025641026,0.6225165562913907,0.9246935201401051,7.041874759892433,0.3477521566025215
single best (lightgbm_n800_leaves15_lr0.01),0.2008569056209018,94,529,56,43,0.1371191135734072,0.8628808864265928,0.6861313868613139,0.9042735042735043,0.6266666666666667,0.9248251748251748,7.16762252346194,0.347094780125012
single best (lightgbm_n800_leaves15_lr0.01),0.2027589760363037,93,529,56,44,0.13850415512465375,0.8614958448753463,0.6788321167883211,0.9042735042735043,0.6241610738255033,0.9232111692844677,7.091371220020855,0.35516675175582635
single best (lightgbm_n800_leaves15_lr0.01),0.20430935496326236,92,529,56,45,0.13988919667590027,0.8601108033240997,0.6715328467153284,0.9042735042735043,0.6216216216216216,0.921602787456446,7.015119916579771,0.3632387233866406
single best (lightgbm_n800_leaves15_lr0.01),0.20495861722556818,92,530,55,45,0.13850415512465375,0.8614958448753463,0.6715328467153284,0.905982905982906,0.6258503401360545,0.9217391304347826,7.142667551426675,0.362553367304779
single best (lightgbm_n800_leaves15_lr0.01),0.20720401356596035,92,531,54,45,0.1371191135734072,0.8628808864265928,0.6715328467153284,0.9076923076923077,0.6301369863013698,0.921875,7.274939172749391,0.3618705926017568
single best (lightgbm_n800_leaves15_lr0.01),0.20824483286149306,91,531,54,46,0.13850415512465375,0.8614958448753463,0.6642335766423357,0.9076923076923077,0.6275862068965518,0.9202772963604853,7.195863746958636,0.3699121613262403
single best (lightgbm_n800_leaves15_lr0.01),0.21581950897557584,91,532,53,46,0.1371191135734072,0.8628808864265928,0.6642335766423357,0.9094017094017094,0.6319444444444444,0.9204152249134948,7.331634761052196,0.3692168377147248
single best (lightgbm_n800_leaves15_lr0.01),0.21784192900925806,91,533,52,46,0.13573407202216067,0.8642659279778393,0.6642335766423357,0.9111111111111111,0.6363636363636364,0.9205526770293609,7.472627737226276,0.3685241231974364
single best (lightgbm_n800_leaves15_lr0.01),0.2208743734702616,91,534,51,46,0.13434903047091412,0.8656509695290859,0.6642335766423357,0.9128205128205128,0.6408450704225352,0.9206896551724137,7.619149849720908,0.36783400311654235
single best (lightgbm_n800_leaves15_lr0.01),0.22875788875759898,91,535,50,46,0.1329639889196676,0.8670360110803323,0.6642335766423357,0.9145299145299145,0.6453900709219859,0.9208261617900172,7.771532846715325,0.36714646292380115
single best (lightgbm_n800_leaves15_lr0.01),0.22980409623633508,91,536,49,46,0.13157894736842105,0.868421052631579,0.6642335766423357,0.9162393162393162,0.65,0.9209621993127147,7.930135557872781,0.36646148817954033
single best (lightgbm_n800_leaves15_lr0.01),0.23105188491200904,90,536,49,47,0.1329639889196676,0.8670360110803323,0.656934306569343,0.9162393162393162,0.6474820143884892,0.9193825042881647,7.842991211082969,0.3744280422703999
single best (lightgbm_n800_leaves15_lr0.01),0.23208972687725726,89,536,49,48,0.13434903047091412,0.8656509695290859,0.6496350364963503,0.9162393162393162,0.644927536231884,0.9178082191780822,7.755846864293159,0.38239459636125944
single best (lightgbm_n800_leaves15_lr0.01),0.24279018724770127,88,536,49,49,0.13573407202216067,0.8642659279778393,0.6423357664233577,0.9162393162393162,0.6423357664233577,0.9162393162393162,7.668702517503348,0.390361150452119
single best (lightgbm_n800_leaves15_lr0.01),0.24449567823760418,87,536,49,50,0.1371191135734072,0.8628808864265928,0.635036496350365,0.9162393162393162,0.6397058823529411,0.9146757679180887,7.581558170713538,0.39832770454297856
single best (lightgbm_n800_leaves15_lr0.01),0.24658102068059368,87,537,48,50,0.13573407202216067,0.8642659279778393,0.635036496350365,0.9179487179487179,0.6444444444444445,0.9148211243611585,7.739507299270069,0.39758593973004935
single best (lightgbm_n800_leaves15_lr0.01),0.2524480928046445,86,537,48,51,0.1371191135734072,0.8628808864265928,0.6277372262773723,0.9179487179487179,0.6417910447761194,0.9132653061224489,7.650547445255471,0.40553765852465035
single best (lightgbm_n800_leaves15_lr0.01),0.260951939918607,86,538,47,51,0.13573407202216067,0.8642659279778393,0.6277372262773723,0.9196581196581196,0.6466165413533834,0.9134125636672326,7.813325050473671,0.4047838710552737
single best (lightgbm_n800_leaves15_lr0.01),0.2610360148290081,85,538,47,52,0.1371191135734072,0.8628808864265928,0.6204379562043796,0.9196581196581196,0.6439393939393939,0.911864406779661,7.722472433607699,0.4127208097034163
single best (lightgbm_n800_leaves15_lr0.01),0.27047234988370333,84,538,47,53,0.13850415512465375,0.8614958448753463,0.6131386861313869,0.9196581196581196,0.6412213740458015,0.9103214890016921,7.6316198167417255,0.4206577483515589
single best (lightgbm_n800_leaves15_lr0.01),0.27426374536454257,83,538,47,54,0.13988919667590027,0.8601108033240997,0.6058394160583942,0.9196581196581196,0.6384615384615384,0.9087837837837838,7.540767199875753,0.4285946869997015
single best (lightgbm_n800_leaves15_lr0.01),0.27526320086585404,83,539,46,54,0.13850415512465375,0.8614958448753463,0.6058394160583942,0.9213675213675213,0.6434108527131783,0.9089376053962901,7.7046969216121814,0.4277995206045258
single best (lightgbm_n800_leaves15_lr0.01),0.28169689247017754,82,539,46,55,0.13988919667590027,0.8601108033240997,0.5985401459854015,0.9213675213675213,0.640625,0.9074074074074074,7.611869247857818,0.43572173394905406
single best (lightgbm_n800_leaves15_lr0.01),0.28667799068467176,81,539,46,56,0.14127423822714683,0.8587257617728532,0.5912408759124088,0.9213675213675213,0.6377952755905512,0.9058823529411765,7.519041574103455,0.4436439472935823
single best (lightgbm_n800_leaves15_lr0.01),0.28728819291885144,81,540,45,56,0.13988919667590027,0.8601108033240997,0.5912408759124088,0.9230769230769231,0.6428571428571429,0.9060402684563759,7.6861313868613195,0.44282238442822375
single best (lightgbm_n800_leaves15_lr0.01),0.2892823995225429,80,540,45,57,0.14127423822714683,0.8587257617728532,0.583941605839416,0.9230769230769231,0.64,0.9045226130653267,7.591240875912413,0.4507299270072993
single best (lightgbm_n800_leaves15_lr0.01),0.3027126581971051,79,540,45,58,0.14265927977839335,0.8573407202216067,0.5766423357664233,0.9230769230769231,0.6370967741935484,0.903010033444816,7.496350364963508,0.4586374695863747
single best (lightgbm_n800_leaves15_lr0.01),0.31138424330867853,79,541,44,58,0.14127423822714683,0.8587257617728532,0.5766423357664233,0.9247863247863248,0.6422764227642277,0.9031719532554258,7.666721964167224,0.45778971086255515
single best (lightgbm_n800_leaves15_lr0.01),0.3171068322135868,79,542,43,58,0.13988919667590027,0.8601108033240997,0.5766423357664233,0.9264957264957265,0.6475409836065574,0.9033333333333333,7.845017823799019,0.4569450803997091
single best (lightgbm_n800_leaves15_lr0.01),0.32471610304095977,79,543,42,58,0.13850415512465375,0.8614958448753463,0.5766423357664233,0.9282051282051282,0.6528925619834711,0.9034941763727121,8.0318039624609,0.4561035609146268
single best (lightgbm_n800_leaves15_lr0.01),0.329252822634056,79,544,41,58,0.1371191135734072,0.8628808864265928,0.5766423357664233,0.9299145299145299,0.6583333333333333,0.9036544850498339,8.227701620081897,0.4552651352511808
single best (lightgbm_n800_leaves15_lr0.01),0.33965345935851016,79,545,40,58,0.13573407202216067,0.8642659279778393,0.5766423357664233,0.9316239316239316,0.6638655462184874,0.9038142620232172,8.433394160583944,0.45442978637916026
single best (lightgbm_n800_leaves15_lr0.01),0.3409724232306592,78,545,40,59,0.1371191135734072,0.8628808864265928,0.5693430656934306,0.9316239316239316,0.6610169491525424,0.902317880794702,8.326642335766426,0.4622647826960423
single best (lightgbm_n800_leaves15_lr0.01),0.3425800256629895,77,545,40,60,0.13850415512465375,0.8614958448753463,0.5620437956204379,0.9316239316239316,0.6581196581196581,0.9008264462809917,8.219890510948908,0.4700997790129244
single best (lightgbm_n800_leaves15_lr0.01),0.34481825941548433,76,545,40,61,0.13988919667590027,0.8601108033240997,0.5547445255474452,0.9316239316239316,0.6551724137931034,0.8993399339933993,8.11313868613139,0.4779347753298065
single best (lightgbm_n800_leaves15_lr0.01),0.34707741470173054,76,546,39,61,0.13850415512465375,0.8614958448753463,0.5547445255474452,0.9333333333333333,0.6608695652173913,0.899505766062603,8.32116788321168,0.47705943691345154
single best (lightgbm_n800_leaves15_lr0.01),0.3528564508719431,75,546,39,62,0.13988919667590027,0.8601108033240997,0.5474452554744526,0.9333333333333333,0.6578947368421053,0.8980263157894737,8.21167883211679,0.4848800834202294
single best (lightgbm_n800_leaves15_lr0.01),0.36523443847291176,75,547,38,62,0.13850415512465375,0.8614958448753463,0.5474452554744526,0.935042735042735,0.6637168141592921,0.8981937602627258,8.427775643488284,0.483993648167176
single best (lightgbm_n800_leaves15_lr0.01),0.3691477123413278,75,548,37,62,0.1371191135734072,0.8628808864265928,0.5474452554744526,0.9367521367521368,0.6696428571428571,0.898360655737705,8.65555336358256,0.48311044807927966
single best (lightgbm_n800_leaves15_lr0.01),0.3717695574693873,74,548,37,63,0.13850415512465375,0.8614958448753463,0.5401459854014599,0.9367521367521368,0.6666666666666666,0.8968903436988543,8.54014598540146,0.4909025520805584
single best (lightgbm_n800_leaves15_lr0.01),0.37437754889864355,73,548,37,64,0.13988919667590027,0.8601108033240997,0.5328467153284672,0.9367521367521368,0.6636363636363637,0.8954248366013072,8.424738607220359,0.49869465608183705
single best (lightgbm_n800_leaves15_lr0.01),0.3801371633325118,73,549,36,64,0.13850415512465375,0.8614958448753463,0.5328467153284672,0.9384615384615385,0.6697247706422018,0.8955954323001631,8.658759124087592,0.497786286945076
single best (lightgbm_n800_leaves15_lr0.01),0.38072107421898277,72,549,36,65,0.13988919667590027,0.8601108033240997,0.5255474452554745,0.9384615384615385,0.6666666666666666,0.8941368078175895,8.540145985401459,0.5055641976785927
single best (lightgbm_n800_leaves15_lr0.01),0.38165245491805067,71,549,36,66,0.14127423822714683,0.8587257617728532,0.5182481751824818,0.9384615384615385,0.6635514018691588,0.8926829268292683,8.421532846715328,0.5133421084121096
single best (lightgbm_n800_leaves15_lr0.01),0.38676015686453286,70,549,36,67,0.14265927977839335,0.8573407202216067,0.5109489051094891,0.9384615384615385,0.660377358490566,0.8912337662337663,8.302919708029197,0.5211200191456263
single best (lightgbm_n800_leaves15_lr0.01),0.3928721623559355,69,549,36,68,0.1440443213296399,0.8559556786703602,0.5036496350364964,0.9384615384615385,0.6571428571428571,0.8897893030794165,8.184306569343066,0.5288979298791432
single best (lightgbm_n800_leaves15_lr0.01),0.4007483029884379,69,550,35,68,0.14265927977839335,0.8573407202216067,0.5036496350364964,0.9401709401709402,0.6634615384615384,0.889967637540453,8.418143899895725,0.527936297279363
single best (lightgbm_n800_leaves15_lr0.01),0.4120475739725368,69,551,34,68,0.14127423822714683,0.8587257617728532,0.5036496350364964,0.9418803418803419,0.6699029126213593,0.8901453957996769,8.665736367539715,0.5269781551790375
single best (lightgbm_n800_leaves15_lr0.01),0.4145438953117075,68,551,34,69,0.14265927977839335,0.8573407202216067,0.49635036496350365,0.9418803418803419,0.6666666666666666,0.8887096774193548,8.540145985401457,0.5347278339316703
single best (lightgbm_n800_leaves15_lr0.01),0.4194151141743621,68,552,33,69,0.14127423822714683,0.8587257617728532,0.49635036496350365,0.9435897435897436,0.6732673267326733,0.8888888888888888,8.79893828798938,0.5337591240875912
single best (lightgbm_n800_leaves15_lr0.01),0.42770089659266936,68,553,32,69,0.13988919667590027,0.8601108033240997,0.49635036496350365,0.9452991452991453,0.68,0.8890675241157556,9.073905109489047,0.5327939177149192
single best (lightgbm_n800_leaves15_lr0.01),0.45080536949148764,68,554,31,69,0.13850415512465375,0.8614958448753463,0.49635036496350365,0.947008547008547,0.6868686868686869,0.8892455858747994,9.366611725924177,0.5318321958417876
single best (lightgbm_n800_leaves15_lr0.01),0.45439532334404975,68,555,30,69,0.1371191135734072,0.8628808864265928,0.49635036496350365,0.9487179487179487,0.6938775510204082,0.8894230769230769,9.678832116788314,0.5308739396330637
single best (lightgbm_n800_leaves15_lr0.01),0.4670079023240089,68,556,29,69,0.13573407202216067,0.8642659279778393,0.49635036496350365,0.9504273504273504,0.7010309278350515,0.8896,10.012584948401702,0.5299191303891193
single best (lightgbm_n800_leaves15_lr0.01),0.4765927666025863,68,557,28,69,0.13434903047091412,0.8656509695290859,0.49635036496350365,0.9521367521367521,0.7083333333333334,0.889776357827476,10.370177267987476,0.5289677495446147
single best (lightgbm_n800_leaves15_lr0.01),0.4794763754796742,67,557,28,70,0.13573407202216067,0.8642659279778393,0.48905109489051096,0.9521367521367521,0.7052631578947368,0.8883572567783095,10.217674661105308,0.5366339488133772
single best (lightgbm_n800_leaves15_lr0.01),0.4842237308749796,67,558,27,70,0.13434903047091412,0.8656509695290859,0.48905109489051096,0.9538461538461539,0.7127659574468085,0.8885350318471338,10.596107055961083,0.5356722392276901
single best (lightgbm_n800_leaves15_lr0.01),0.49884436389455483,66,558,27,71,0.13573407202216067,0.8642659279778393,0.48175182481751827,0.9538461538461539,0.7096774193548387,0.8871224165341812,10.437956204379574,0.5433246997880856
single best (lightgbm_n800_leaves15_lr0.01),0.5176490543796489,66,559,26,71,0.13434903047091412,0.8656509695290859,0.48175182481751827,0.9555555555555556,0.717391304347826,0.8873015873015873,10.839416058394173,0.542352741470039
single best (lightgbm_n800_leaves15_lr0.01),0.5293214800834314,65,559,26,72,0.13573407202216067,0.8642659279778393,0.4744525547445255,0.9555555555555556,0.7142857142857143,0.8858954041204438,10.675182481751836,0.5499915124766593
single best (lightgbm_n800_leaves15_lr0.01),0.5349528661934481,65,560,25,72,0.13434903047091412,0.8656509695290859,0.4744525547445255,0.9572649572649573,0.7222222222222222,0.8860759493670886,11.102189781021908,0.5490093847758082
single best (lightgbm_n800_leaves15_lr0.01),0.5412477059560977,64,560,25,73,0.13573407202216067,0.8642659279778393,0.46715328467153283,0.9572649572649573,0.7191011235955056,0.8846761453396524,10.931386861313879,0.5566345151199166
single best (lightgbm_n800_leaves15_lr0.01),0.5522249941708655,64,561,24,73,0.13434903047091412,0.8656509695290859,0.46715328467153283,0.958974358974359,0.7272727272727273,0.8848580441640379,11.386861313868623,0.5556422967328936
single best (lightgbm_n800_leaves15_lr0.01),0.5586480511457405,64,562,23,73,0.1329639889196676,0.8670360110803323,0.46715328467153283,0.9606837606837607,0.735632183908046,0.8850393700787401,11.881942240558562,0.5546536093721589
single best (lightgbm_n800_leaves15_lr0.01),0.5661997690825014,64,563,22,73,0.13157894736842105,0.868421052631579,0.46715328467153283,0.9623931623931624,0.7441860465116279,0.8852201257861635,12.422030524220313,0.5536684342222972
single best (lightgbm_n800_leaves15_lr0.01),0.5760336546807158,63,563,22,74,0.1329639889196676,0.8670360110803323,0.45985401459854014,0.9623931623931624,0.7411764705882353,0.8838304552590267,12.22793629727937,0.5612529333212327
single best (lightgbm_n800_leaves15_lr0.01),0.5865149473357257,63,564,21,74,0.13157894736842105,0.868421052631579,0.45985401459854014,0.9641025641025641,0.75,0.8840125391849529,12.810218978102196,0.5602578040068333
single best (lightgbm_n800_leaves15_lr0.01),0.5975448985518358,62,564,21,75,0.1329639889196676,0.8670360110803323,0.45255474452554745,0.9641025641025641,0.7469879518072289,0.8826291079812206,12.60688216892597,0.5678288554123311
single best (lightgbm_n800_leaves15_lr0.01),0.610300495452879,61,564,21,76,0.13434903047091412,0.8656509695290859,0.44525547445255476,0.9641025641025641,0.7439024390243902,0.88125,12.403545359749746,0.5753999068178288
single best (lightgbm_n800_leaves15_lr0.01),0.6150600282312044,61,565,20,76,0.1329639889196676,0.8670360110803323,0.44525547445255476,0.9658119658119658,0.7530864197530864,0.8814352574102964,13.02372262773723,0.574381499903107
single best (lightgbm_n800_leaves15_lr0.01),0.6163282478842221,61,566,19,76,0.13157894736842105,0.868421052631579,0.44525547445255476,0.9675213675213675,0.7625,0.881619937694704,13.70918171340761,0.5733666915993912
single best (lightgbm_n800_leaves15_lr0.01),0.6249627951271913,60,566,19,77,0.1329639889196676,0.8670360110803323,0.43795620437956206,0.9675213675213675,0.759493670886076,0.880248833592535,13.484441029581255,0.5809109901730675
single best (lightgbm_n800_leaves15_lr0.01),0.6303109849609401,59,566,19,78,0.13434903047091412,0.8656509695290859,0.4306569343065693,0.9675213675213675,0.7564102564102564,0.8788819875776398,13.259700345754899,0.5884552887467437
single best (lightgbm_n800_leaves15_lr0.01),0.6521984568855469,58,566,19,79,0.13573407202216067,0.8642659279778393,0.4233576642335766,0.9675213675213675,0.7532467532467533,0.8775193798449612,13.034959661928545,0.59599958732042
single best (lightgbm_n800_leaves15_lr0.01),0.6589317727164373,58,567,18,79,0.13434903047091412,0.8656509695290859,0.4233576642335766,0.9692307692307692,0.7631578947368421,0.8777089783281734,13.759124087591239,0.5949484416637703
single best (lightgbm_n800_leaves15_lr0.01),0.6648686472794202,58,568,17,79,0.1329639889196676,0.8670360110803323,0.4233576642335766,0.9709401709401709,0.7733333333333333,0.8778979907264297,14.56848432803778,0.5939009972242213
single best (lightgbm_n800_leaves15_lr0.01),0.665605816184515,57,568,17,80,0.13434903047091412,0.8656509695290859,0.41605839416058393,0.9709401709401709,0.7702702702702703,0.8765432098765432,14.317303563761266,0.6014187313663
single best (lightgbm_n800_leaves15_lr0.01),0.666208871055816,56,568,17,81,0.13573407202216067,0.8642659279778393,0.40875912408759124,0.9709401709401709,0.7671232876712328,0.8751926040061633,14.066122799484754,0.6089364655083788
single best (lightgbm_n800_leaves15_lr0.01),0.6678340276015144,55,568,17,82,0.1371191135734072,0.8628808864265928,0.40145985401459855,0.9709401709401709,0.7638888888888888,0.8738461538461538,13.81494203520824,0.6164541996504574
single best (lightgbm_n800_leaves15_lr0.01),0.681616236136611,54,568,17,83,0.13850415512465375,0.8614958448753463,0.39416058394160586,0.9709401709401709,0.7605633802816901,0.8725038402457758,13.563761270931728,0.6239719337925362
single best (lightgbm_n800_leaves15_lr0.01),0.6929815395325202,53,568,17,84,0.13988919667590027,0.8601108033240997,0.38686131386861317,0.9709401709401709,0.7571428571428571,0.8711656441717791,13.312580506655214,0.6314896679346149
single best (lightgbm_n800_leaves15_lr0.01),0.6973474477113154,53,569,16,84,0.13850415512465375,0.8614958448753463,0.38686131386861317,0.9726495726495726,0.7681159420289855,0.8713629402756509,14.144616788321162,0.630379844265134
single best (lightgbm_n800_leaves15_lr0.01),0.6981447665509073,52,569,16,85,0.13988919667590027,0.8601108033240997,0.3795620437956204,0.9726495726495726,0.7647058823529411,0.8700305810397554,13.877737226277365,0.6378843662206715
single best (lightgbm_n800_leaves15_lr0.01),0.6999683825858432,52,570,15,85,0.13850415512465375,0.8614958448753463,0.3795620437956204,0.9743589743589743,0.7761194029850746,0.8702290076335878,14.802919708029185,0.6367652708413369
single best (lightgbm_n800_leaves15_lr0.01),0.7004109620895237,51,570,15,86,0.13988919667590027,0.8601108033240997,0.3722627737226277,0.9743589743589743,0.7727272727272727,0.8689024390243902,14.51824817518247,0.6442566269688821
single best (lightgbm_n800_leaves15_lr0.01),0.7105362266206321,51,571,14,86,0.13850415512465375,0.8614958448753463,0.3722627737226277,0.976068376068376,0.7846153846153846,0.8691019786910198,15.555265901981214,0.6431283316501976
single best (lightgbm_n800_leaves15_lr0.01),0.7116468124755653,51,572,13,86,0.1371191135734072,0.8628808864265928,0.3722627737226277,0.9777777777777777,0.796875,0.8693009118541033,16.751824817518223,0.6420039814200399
single best (lightgbm_n800_leaves15_lr0.01),0.7125323788929143,51,573,12,86,0.13573407202216067,0.8642659279778393,0.3722627737226277,0.9794871794871794,0.8095238095238095,0.8694992412746586,18.14781021897807,0.6408835556234953
single best (lightgbm_n800_leaves15_lr0.01),0.7181607223405505,50,573,12,87,0.1371191135734072,0.8628808864265928,0.36496350364963503,0.9794871794871794,0.8064516129032258,0.8681818181818182,17.791970802919675,0.6483356899912104
single best (lightgbm_n800_leaves15_lr0.01),0.7207365190088802,50,574,11,87,0.13573407202216067,0.8642659279778393,0.36496350364963503,0.9811965811965812,0.819672131147541,0.8683812405446294,19.409422694094182,0.6472061853048146
single best (lightgbm_n800_leaves15_lr0.01),0.7236878152880667,49,574,11,88,0.1371191135734072,0.8628808864265928,0.35766423357664234,0.9811965811965812,0.8166666666666667,0.8670694864048338,19.021234240212298,0.6546453368600422
single best (lightgbm_n800_leaves15_lr0.01),0.7268324816301464,49,575,10,88,0.13573407202216067,0.8642659279778393,0.35766423357664234,0.9829059829059829,0.8305084745762712,0.8672699849170438,20.923357664233517,0.6535068232307204
single best (lightgbm_n800_leaves15_lr0.01),0.7310175693533243,48,575,10,89,0.1371191135734072,0.8628808864265928,0.35036496350364965,0.9829059829059829,0.8275862068965517,0.8659638554216867,20.496350364963444,0.6609330371310695
single best (lightgbm_n800_leaves15_lr0.01),0.7435515580977218,48,576,9,89,0.13573407202216067,0.8642659279778393,0.35036496350364965,0.9846153846153847,0.8421052631578947,0.8661654135338346,22.773722627737307,0.6597855839416058
single best (lightgbm_n800_leaves15_lr0.01),0.7469441694669363,47,576,9,90,0.1371191135734072,0.8628808864265928,0.34306569343065696,0.9846153846153847,0.8392857142857143,0.8648648648648649,22.299270072992783,0.667198905109489
single best (lightgbm_n800_leaves15_lr0.01),0.7514122659381794,46,576,9,91,0.13850415512465375,0.8614958448753463,0.3357664233576642,0.9846153846153847,0.8363636363636363,0.863568215892054,21.824817518248253,0.6746122262773722
single best (lightgbm_n800_leaves15_lr0.01),0.7552355070088178,45,576,9,92,0.13988919667590027,0.8601108033240997,0.3284671532846715,0.9846153846153847,0.8333333333333334,0.8622754491017964,21.350364963503726,0.6820255474452555
single best (lightgbm_n800_leaves15_lr0.01),0.7633802367525679,44,576,9,93,0.14127423822714683,0.8587257617728532,0.32116788321167883,0.9846153846153847,0.8301886792452831,0.8609865470852018,20.8759124087592,0.6894388686131386
single best (lightgbm_n800_leaves15_lr0.01),0.7712292225307694,44,577,8,93,0.13988919667590027,0.8601108033240997,0.32116788321167883,0.9863247863247864,0.8461538461538461,0.8611940298507462,23.4854014598541,0.6882440005566167
single best (lightgbm_n800_leaves15_lr0.01),0.7781633057418808,43,577,8,94,0.14127423822714683,0.8587257617728532,0.31386861313868614,0.9863247863247864,0.8431372549019608,0.8599105812220567,22.951642335766504,0.6956444736808814
single best (lightgbm_n800_leaves15_lr0.01),0.7824526420167672,43,578,7,94,0.13988919667590027,0.8601108033240997,0.31386861313868614,0.9880341880341881,0.86,0.8601190476190477,26.230448383733147,0.6944409365291845
single best (lightgbm_n800_leaves15_lr0.01),0.7975828696227605,42,578,7,95,0.14127423822714683,0.8587257617728532,0.30656934306569344,0.9880341880341881,0.8571428571428571,0.8588410104011887,25.620437956204473,0.7018286060667289
single best (lightgbm_n800_leaves15_lr0.01),0.807758305313251,41,578,7,96,0.14265927977839335,0.8573407202216067,0.29927007299270075,0.9880341880341881,0.8541666666666666,0.857566765578635,25.010427528675795,0.7092162756042735
single best (lightgbm_n800_leaves15_lr0.01),0.810663960056699,40,578,7,97,0.1440443213296399,0.8559556786703602,0.291970802919708,0.9880341880341881,0.851063829787234,0.8562962962962963,24.400417101147113,0.716603945141818
single best (lightgbm_n800_leaves15_lr0.01),0.8155258116890772,40,579,6,97,0.14265927977839335,0.8573407202216067,0.291970802919708,0.9897435897435898,0.8695652173913043,0.856508875739645,28.46715328467163,0.7153662872054763
single best (lightgbm_n800_leaves15_lr0.01),0.8201598330068682,40,580,5,97,0.14127423822714683,0.8587257617728532,0.291970802919708,0.9914529914529915,0.8888888888888888,0.8567208271787297,34.16058394160596,0.7141328970551221
single best (lightgbm_n800_leaves15_lr0.01),0.8245891955255611,39,580,5,98,0.14265927977839335,0.8573407202216067,0.2846715328467153,0.9914529914529915,0.8863636363636364,0.855457227138643,33.30656934306581,0.7214950918701233
single best (lightgbm_n800_leaves15_lr0.01),0.8256913999256494,39,581,4,98,0.14127423822714683,0.8587257617728532,0.2846715328467153,0.9931623931623932,0.9069767441860465,0.8556701030927835,41.63321167883226,0.7202532758772315
single best (lightgbm_n800_leaves15_lr0.01),0.8285925589683035,38,581,4,99,0.14265927977839335,0.8573407202216067,0.2773722627737226,0.9931623931623932,0.9047619047619048,0.8544117647058823,40.56569343065708,0.7276027991004685
single best (lightgbm_n800_leaves15_lr0.01),0.8349464657989825,37,581,4,100,0.1440443213296399,0.8559556786703602,0.27007299270072993,0.9931623931623932,0.9024390243902439,0.8531571218795888,39.498175182481894,0.7349523223237057
single best (lightgbm_n800_leaves15_lr0.01),0.8506824941779461,36,581,4,101,0.14542936288088643,0.8545706371191135,0.26277372262773724,0.9931623931623932,0.9,0.8519061583577713,38.43065693430671,0.7423018455469427
single best (lightgbm_n800_leaves15_lr0.01),0.8513688054439194,35,581,4,102,0.14681440443213298,0.853185595567867,0.25547445255474455,0.9931623931623932,0.8974358974358975,0.8506588579795022,37.36313868613152,0.7496513687701798
single best (lightgbm_n800_leaves15_lr0.01),0.8576347438962988,34,581,4,103,0.1481994459833795,0.8518005540166205,0.24817518248175183,0.9931623931623932,0.8947368421052632,0.8494152046783626,36.29562043795633,0.7570008919934168
single best (lightgbm_n800_leaves15_lr0.01),0.8608416524120152,33,581,4,104,0.14958448753462603,0.850415512465374,0.24087591240875914,0.9931623931623932,0.8918918918918919,0.8481751824817518,35.22810218978115,0.7643504152166538
single best (lightgbm_n800_leaves15_lr0.01),0.8714317884291967,32,581,4,105,0.15096952908587258,0.8490304709141274,0.23357664233576642,0.9931623931623932,0.8888888888888888,0.8469387755102041,34.16058394160596,0.771699938439891
single best (lightgbm_n800_leaves15_lr0.01),0.8781794151390881,31,581,4,106,0.1523545706371191,0.8476454293628809,0.22627737226277372,0.9931623931623932,0.8857142857142857,0.8457059679767104,33.09306569343077,0.7790494616631279
single best (lightgbm_n800_leaves15_lr0.01),0.8833083910274232,30,581,4,107,0.15373961218836565,0.8462603878116344,0.21897810218978103,0.9931623931623932,0.8823529411764706,0.8444767441860465,32.02554744525559,0.7863989848863651
single best (lightgbm_n800_leaves15_lr0.01),0.8913956912186854,29,581,4,108,0.15512465373961218,0.8448753462603878,0.2116788321167883,0.9931623931623932,0.8787878787878788,0.8432510885341074,30.9580291970804,0.7937485081096022
single best (lightgbm_n800_leaves15_lr0.01),0.8919614089863931,28,581,4,109,0.15650969529085873,0.8434903047091413,0.20437956204379562,0.9931623931623932,0.875,0.8420289855072464,29.890510948905217,0.8010980313328392
single best (lightgbm_n800_leaves15_lr0.01),0.8932440130414881,27,581,4,110,0.15789473684210525,0.8421052631578947,0.19708029197080293,0.9931623931623932,0.8709677419354839,0.8408104196816208,28.82299270073003,0.8084475545560762
single best (lightgbm_n800_leaves15_lr0.01),0.8934227862975049,26,581,4,111,0.1592797783933518,0.8407202216066482,0.1897810218978102,0.9931623931623932,0.8666666666666667,0.8395953757225434,27.755474452554843,0.8157970777793133
single best (lightgbm_n800_leaves15_lr0.01),0.8974983400161083,25,581,4,112,0.16066481994459833,0.8393351800554016,0.18248175182481752,0.9931623931623932,0.8620689655172413,0.8383838383838383,26.687956204379656,0.8231466010025503
single best (lightgbm_n800_leaves15_lr0.01),0.904420963865844,24,581,4,113,0.16204986149584488,0.8379501385041551,0.17518248175182483,0.9931623931623932,0.8571428571428571,0.8371757925072046,25.620437956204473,0.8304961242257873
single best (lightgbm_n800_leaves15_lr0.01),0.9052211460594133,23,581,4,114,0.1634349030470914,0.8365650969529086,0.1678832116788321,0.9931623931623932,0.8518518518518519,0.8359712230215828,24.552919708029282,0.8378456474490245
single best (lightgbm_n800_leaves15_lr0.01),0.9064838306185063,22,581,4,115,0.16481994459833796,0.8351800554016621,0.16058394160583941,0.9931623931623932,0.8461538461538461,0.8347701149425287,23.4854014598541,0.8451951706722615
single best (lightgbm_n800_leaves15_lr0.01),0.9098001651749984,21,581,4,116,0.16620498614958448,0.8337950138504155,0.15328467153284672,0.9931623931623932,0.84,0.8335724533715926,22.417883211678912,0.8525446938954985
single best (lightgbm_n800_leaves15_lr0.01),0.9161190690759998,20,581,4,117,0.16759002770083103,0.8324099722991689,0.145985401459854,0.9931623931623932,0.8333333333333334,0.832378223495702,21.350364963503722,0.8598942171187356
single best (lightgbm_n800_leaves15_lr0.01),0.9211323363213818,19,581,4,118,0.16897506925207756,0.8310249307479225,0.1386861313868613,0.9931623931623932,0.8260869565217391,0.8311874105865522,20.28284671532854,0.8672437403419727
single best (lightgbm_n800_leaves15_lr0.01),0.9233922920364439,18,581,4,119,0.1703601108033241,0.8296398891966759,0.13138686131386862,0.9931623931623932,0.8181818181818182,0.83,19.215328467153356,0.8745932635652096
single best (lightgbm_n800_leaves15_lr0.01),0.9439873123525363,17,581,4,120,0.17174515235457063,0.8282548476454293,0.12408759124087591,0.9931623931623932,0.8095238095238095,0.8288159771754636,18.147810218978165,0.8819427867884468
single best (lightgbm_n800_leaves15_lr0.01),0.9549798004157786,17,582,3,120,0.1703601108033241,0.8296398891966759,0.12408759124087591,0.9948717948717949,0.85,0.8290598290598291,24.197080291970888,0.8804274211754083
single best (lightgbm_n800_leaves15_lr0.01),0.9565289806420493,16,582,3,121,0.17174515235457063,0.8282548476454293,0.11678832116788321,0.9948717948717949,0.8421052631578947,0.8278805120910384,22.773722627737307,0.88776431635187
single best (lightgbm_n800_leaves15_lr0.01),0.9584700965461295,16,583,2,121,0.1703601108033241,0.8296398891966759,0.11678832116788321,0.9965811965811966,0.8888888888888888,0.828125,34.16058394160596,0.886241564522793
single best (lightgbm_n800_leaves15_lr0.01),0.9599880349973664,15,583,2,122,0.17174515235457063,0.8282548476454293,0.10948905109489052,0.9965811965811966,0.8823529411764706,0.826950354609929,32.02554744525559,0.8935658749733946
single best (lightgbm_n800_leaves15_lr0.01),0.9688326881331648,14,583,2,123,0.1731301939058172,0.8268698060941828,0.10218978102189781,0.9965811965811966,0.875,0.8257790368271954,29.890510948905217,0.9008901854239962
single best (lightgbm_n800_leaves15_lr0.01),0.9697791611807824,13,583,2,124,0.1745152354570637,0.8254847645429363,0.0948905109489051,0.9965811965811966,0.8666666666666667,0.8246110325318247,27.755474452554843,0.9082144958745978
single best (lightgbm_n800_leaves15_lr0.01),0.9710359553020764,13,584,1,124,0.1731301939058172,0.8268698060941828,0.0948905109489051,0.9982905982905983,0.9285714285714286,0.8248587570621468,55.510948905109686,0.9066593340665934
single best (lightgbm_n800_leaves15_lr0.01),0.9753923538566664,12,584,1,125,0.1745152354570637,0.8254847645429363,0.08759124087591241,0.9982905982905983,0.9230769230769231,0.8236953455571228,51.240875912408946,0.9139711028897111
single best (lightgbm_n800_leaves15_lr0.01),0.9768099384245156,11,584,1,126,0.17590027700831026,0.8240997229916898,0.08029197080291971,0.9982905982905983,0.9166666666666666,0.8225352112676056,46.9708029197082,0.9212828717128287
single best (lightgbm_n800_leaves15_lr0.01),0.9777532096435023,10,584,1,127,0.1772853185595568,0.8227146814404432,0.072992700729927,0.9982905982905983,0.9090909090909091,0.8213783403656821,42.700729927007444,0.9285946405359464
single best (lightgbm_n800_leaves15_lr0.01),0.979526896314463,9,584,1,128,0.1786703601108033,0.8213296398891967,0.06569343065693431,0.9982905982905983,0.9,0.8202247191011236,38.43065693430671,0.9359064093590641
single best (lightgbm_n800_leaves15_lr0.01),0.9795472458642475,8,584,1,129,0.18005540166204986,0.8199445983379501,0.058394160583941604,0.9982905982905983,0.8888888888888888,0.8190743338008415,34.16058394160596,0.9432181781821818
single best (lightgbm_n800_leaves15_lr0.01),0.9805049571234763,7,584,1,130,0.1814404432132964,0.8185595567867037,0.051094890510948905,0.9982905982905983,0.875,0.8179271708683473,29.890510948905217,0.9505299470052995
single best (lightgbm_n800_leaves15_lr0.01),0.9833592337979894,6,584,1,131,0.18282548476454294,0.817174515235457,0.043795620437956206,0.9982905982905983,0.8571428571428571,0.8167832167832167,25.620437956204473,0.9578417158284172
single best (lightgbm_n800_leaves15_lr0.01),0.9867183001782441,5,584,1,132,0.18421052631578946,0.8157894736842105,0.0364963503649635,0.9982905982905983,0.8333333333333334,0.8156424581005587,21.350364963503722,0.9651534846515348
single best (lightgbm_n800_leaves15_lr0.01),0.988521450053117,4,584,1,133,0.18559556786703602,0.814404432132964,0.029197080291970802,0.9982905982905983,0.8,0.8145048814504882,17.08029197080298,0.9724652534746525
single best (lightgbm_n800_leaves15_lr0.01),0.9896641253869068,3,584,1,134,0.18698060941828254,0.8130193905817175,0.021897810218978103,0.9982905982905983,0.75,0.8133704735376045,12.810218978102236,0.9797770222977702
single best (lightgbm_n800_leaves15_lr0.01),0.9902923895801669,2,584,1,135,0.1883656509695291,0.8116343490304709,0.014598540145985401,0.9982905982905983,0.6666666666666666,0.8122392211404729,8.54014598540149,0.9870887911208879
single best (lightgbm_n800_leaves15_lr0.01),0.9924817440982043,2,585,0,135,0.18698060941828254,0.8130193905817175,0.014598540145985401,1.0,1.0,0.8125,inf,0.9854014598540146
single best (lightgbm_n800_leaves15_lr0.01),0.9941681715895435,1,585,0,136,0.1883656509695291,0.8116343490304709,0.0072992700729927005,1.0,1.0,0.811373092926491,inf,0.9927007299270073
single best (lightgbm_n800_leaves15_lr0.01),1.0,0,585,0,137,0.18975069252077562,0.8102493074792244,0.0,1.0,,0.8102493074792244,inf,1.0
ensemble (top 5),0.0,137,0,585,0,0.8102493074792244,0.1897506925207756,1.0,0.0,0.18975069252077562,,1.0,inf
ensemble (top 5),0.0033006308427384586,137,0,585,0,0.8102493074792244,0.1897506925207756,1.0,0.0,0.18975069252077562,,1.0,inf
ensemble (top 5),0.003399226244948305,137,1,584,0,0.8088642659279779,0.1911357340720221,1.0,0.0017094017094017094,0.1900138696255201,1.0,1.0017123287671232,0.0
ensemble (top 5),0.003417347769102761,137,2,583,0,0.8074792243767313,0.19252077562326875,1.0,0.003418803418803419,0.19027777777777777,1.0,1.0034305317324186,0.0
ensemble (top 5),0.003423181953595448,137,3,582,0,0.8060941828254847,0.19390581717451527,1.0,0.005128205128205128,0.1905424200278164,1.0,1.0051546391752577,0.0
ensemble (top 5),0.0037023534745897957,137,4,581,0,0.8047091412742382,0.1952908587257618,1.0,0.006837606837606838,0.19080779944289694,1.0,1.0068846815834767,0.0
ensemble (top 5),0.0037127658413626877,137,5,580,0,0.8033240997229917,0.19667590027700832,1.0,0.008547008547008548,0.1910739191073919,1.0,1.0086206896551724,0.0
ensemble (top 5),0.0037492014985501406,137,6,579,0,0.8019390581717452,0.19806094182825484,1.0,0.010256410256410256,0.19134078212290503,1.0,1.0103626943005182,0.0
ensemble (top 5),0.0038257035309009362,137,7,578,0,0.8005540166204986,0.19944598337950137,1.0,0.011965811965811967,0.1916083916083916,1.0,1.0121107266435985,0.0
ensemble (top 5),0.003882617400201355,137,8,577,0,0.7991689750692521,0.2008310249307479,1.0,0.013675213675213675,0.19187675070028012,1.0,1.0138648180242633,0.0
ensemble (top 5),0.003963583287351072,137,9,576,0,0.7977839335180056,0.20221606648199442,1.0,0.015384615384615385,0.19214586255259467,1.0,1.015625,0.0
ensemble (top 5),0.0039790453250530475,137,10,575,0,0.796398891966759,0.20360110803324105,1.0,0.017094017094017096,0.19241573033707865,1.0,1.0173913043478262,0.0
ensemble (top 5),0.004039651055669915,137,11,574,0,0.7950138504155124,0.20498614958448758,1.0,0.018803418803418803,0.19268635724331926,1.0,1.019163763066202,0.0
ensemble (top 5),0.004125788231084009,137,12,573,0,0.7936288088642659,0.2063711911357341,1.0,0.020512820512820513,0.19295774647887323,1.0,1.0209424083769634,0.0
ensemble (top 5),0.004179905223339403,137,13,572,0,0.7922437673130194,0.20775623268698062,1.0,0.022222222222222223,0.19322990126939352,1.0,1.0227272727272727,0.0
ensemble (top 5),0.004291843859037917,137,14,571,0,0.7908587257617729,0.20914127423822715,1.0,0.023931623931623933,0.19350282485875706,1.0,1.0245183887915936,0.0
ensemble (top 5),0.00452346955899107,137,15,570,0,0.7894736842105263,0.21052631578947367,1.0,0.02564102564102564,0.19377652050919378,1.0,1.0263157894736843,0.0
ensemble (top 5),0.004691182633868288,137,16,569,0,0.7880886426592798,0.2119113573407202,1.0,0.02735042735042735,0.19405099150141644,1.0,1.0281195079086116,0.0
ensemble (top 5),0.004714545169221588,137,17,568,0,0.7867036011080333,0.21329639889196672,1.0,0.02905982905982906,0.19432624113475178,1.0,1.0299295774647887,0.0
ensemble (top 5),0.004802482363966598,137,18,567,0,0.7853185595567868,0.21468144044321325,1.0,0.03076923076923077,0.19460227272727273,1.0,1.0317460317460319,0.0
ensemble (top 5),0.004840000604439158,137,19,566,0,0.7839335180055401,0.21606648199445988,1.0,0.03247863247863248,0.19487908961593173,1.0,1.0335689045936396,0.0
ensemble (top 5),0.004857928551225223,137,20,565,0,0.7825484764542936,0.2174515235457064,1.0,0.03418803418803419,0.19515669515669515,1.0,1.0353982300884956,0.0
ensemble (top 5),0.00486626523719156,137,21,564,0,0.7811634349030471,0.21883656509695293,1.0,0.035897435897435895,0.19543509272467904,1.0,1.0372340425531914,0.0
ensemble (top 5),0.004900112454480967,137,22,563,0,0.7797783933518005,0.22022160664819945,1.0,0.037606837606837605,0.1957142857142857,1.0,1.039076376554174,0.0
ensemble (top 5),0.00500381905242934,137,23,562,0,0.778393351800554,0.22160664819944598,1.0,0.039316239316239315,0.19599427753934193,1.0,1.0409252669039146,0.0
ensemble (top 5),0.005113809457523844,137,24,561,0,0.7770083102493075,0.2229916897506925,1.0,0.041025641025641026,0.19627507163323782,1.0,1.0427807486631016,0.0
ensemble (top 5),0.005130396758428883,137,25,560,0,0.775623268698061,0.22437673130193903,1.0,0.042735042735042736,0.19655667144906744,1.0,1.0446428571428572,0.0
ensemble (top 5),0.005259228101063806,137,26,559,0,0.7742382271468145,0.22576177285318555,1.0,0.044444444444444446,0.1968390804597701,1.0,1.0465116279069766,0.0
ensemble (top 5),0.005261072978761516,137,27,558,0,0.7728531855955678,0.22714681440443218,1.0,0.046153846153846156,0.1971223021582734,1.0,1.0483870967741935,0.0
ensemble (top 5),0.005369213086316875,137,28,557,0,0.7714681440443213,0.2285318559556787,1.0,0.04786324786324787,0.19740634005763688,1.0,1.0502692998204668,0.0
ensemble (top 5),0.005376925710655153,137,29,556,0,0.7700831024930748,0.22991689750692523,1.0,0.04957264957264957,0.1976911976911977,1.0,1.052158273381295,0.0
ensemble (top 5),0.005409403006726479,137,30,555,0,0.7686980609418282,0.23130193905817176,1.0,0.05128205128205128,0.19797687861271676,1.0,1.0540540540540542,0.0
ensemble (top 5),0.005425235701792172,137,31,554,0,0.7673130193905817,0.23268698060941828,1.0,0.05299145299145299,0.19826338639652677,1.0,1.0559566787003611,0.0
ensemble (top 5),0.0054529563316646,137,32,553,0,0.7659279778393352,0.2340720221606648,1.0,0.0547008547008547,0.19855072463768117,1.0,1.057866184448463,0.0
ensemble (top 5),0.005454228333784838,137,33,552,0,0.7645429362880887,0.23545706371191133,1.0,0.05641025641025641,0.1988388969521045,1.0,1.059782608695652,0.0
ensemble (top 5),0.005519895201452246,137,34,551,0,0.7631578947368421,0.23684210526315785,1.0,0.05811965811965812,0.19912790697674418,1.0,1.061705989110708,0.0
ensemble (top 5),0.005571182757405082,137,35,550,0,0.7617728531855956,0.23822714681440438,1.0,0.05982905982905983,0.19941775836972345,1.0,1.0636363636363637,0.0
ensemble (top 5),0.005578906572534384,137,36,549,0,0.760387811634349,0.239612188365651,1.0,0.06153846153846154,0.19970845481049562,1.0,1.0655737704918034,0.0
ensemble (top 5),0.005638915099619857,137,37,548,0,0.7590027700831025,0.24099722991689754,1.0,0.06324786324786325,0.2,1.0,1.0675182481751824,0.0
ensemble (top 5),0.005724090793985084,137,38,547,0,0.7576177285318559,0.24238227146814406,1.0,0.06495726495726496,0.20029239766081872,1.0,1.0694698354661791,0.0
ensemble (top 5),0.005805468877128135,137,39,546,0,0.7562326869806094,0.24376731301939059,1.0,0.06666666666666667,0.2005856515373353,1.0,1.0714285714285714,0.0
ensemble (top 5),0.005831634145547089,137,40,545,0,0.7548476454293629,0.2451523545706371,1.0,0.06837606837606838,0.20087976539589442,1.0,1.073394495412844,0.0
ensemble (top 5),0.005866523034588105,137,41,544,0,0.7534626038781164,0.24653739612188363,1.0,0.07008547008547009,0.2011747430249633,1.0,1.0753676470588236,0.0
ensemble (top 5),0.005989031894839723,137,42,543,0,0.7520775623268698,0.24792243767313016,1.0,0.07179487179487179,0.20147058823529412,1.0,1.0773480662983426,0.0
ensemble (top 5),0.006041890389927188,137,43,542,0,0.7506925207756233,0.24930747922437668,1.0,0.0735042735042735,0.20176730486008837,1.0,1.0793357933579335,0.0
ensemble (top 5),0.006113007573773767,137,44,541,0,0.7493074792243767,0.2506925207756233,1.0,0.07521367521367521,0.20206489675516223,1.0,1.0813308687615526,0.0
ensemble (top 5),0.006154311607361725,137,45,540,0,0.7479224376731302,0.25207756232686984,1.0,0.07692307692307693,0.20236336779911374,1.0,1.0833333333333333,0.0
ensemble (top 5),0.006171700743421306,137,46,539,0,0.7465373961218836,0.25346260387811637,1.0,0.07863247863247863,0.20266272189349113,1.0,1.085343228200371,0.0
ensemble (top 5),0.006246654749926217,137,47,538,0,0.7451523545706371,0.2548476454293629,1.0,0.08034188034188035,0.20296296296296296,1.0,1.0873605947955391,0.0
ensemble (top 5),0.006276552044487796,137,48,537,0,0.7437673130193906,0.2562326869806094,1.0,0.08205128205128205,0.2032640949554896,1.0,1.0893854748603353,0.0
ensemble (top 5),0.006293710344089108,137,49,536,0,0.7423822714681441,0.25761772853185594,1.0,0.08376068376068375,0.20356612184249628,1.0,1.0914179104477613,0.0
ensemble (top 5),0.006476885756984356,137,50,535,0,0.7409972299168975,0.25900277008310246,1.0,0.08547008547008547,0.20386904761904762,1.0,1.0934579439252337,0.0
ensemble (top 5),0.006491331756686663,137,51,534,0,0.739612188365651,0.260387811634349,1.0,0.08717948717948718,0.20417287630402384,1.0,1.0955056179775282,0.0
ensemble (top 5),0.00658191538498894,137,52,533,0,0.7382271468144044,0.2617728531855956,1.0,0.08888888888888889,0.2044776119402985,1.0,1.0975609756097562,0.0
ensemble (top 5),0.0065849253669695755,137,53,532,0,0.7368421052631579,0.26315789473684215,1.0,0.0905982905982906,0.20478325859491778,1.0,1.099624060150376,0.0
ensemble (top 5),0.0066043263334942025,137,54,531,0,0.7354570637119113,0.26454293628808867,1.0,0.09230769230769231,0.20508982035928144,1.0,1.1016949152542372,0.0
ensemble (top 5),0.006607694000105682,137,55,530,0,0.7340720221606648,0.2659279778393352,1.0,0.09401709401709402,0.20539730134932535,1.0,1.1037735849056605,0.0
ensemble (top 5),0.006696441149472066,137,56,529,0,0.7326869806094183,0.2673130193905817,1.0,0.09572649572649573,0.2057057057057057,1.0,1.10586011342155,0.0
ensemble (top 5),0.0067065222605407525,137,57,528,0,0.7313019390581718,0.26869806094182824,1.0,0.09743589743589744,0.20601503759398496,1.0,1.1079545454545454,0.0
ensemble (top 5),0.006722930133962218,137,58,527,0,0.7299168975069252,0.27008310249307477,1.0,0.09914529914529914,0.2063253012048193,1.0,1.110056925996205,0.0
ensemble (top 5),0.0067374295274769585,137,59,526,0,0.7285318559556787,0.2714681440443213,1.0,0.10085470085470086,0.2066365007541478,1.0,1.1121673003802282,0.0
ensemble (top 5),0.006809144225453241,137,60,525,0,0.7271468144044322,0.2728531855955678,1.0,0.10256410256410256,0.20694864048338368,1.0,1.1142857142857143,0.0
ensemble (top 5),0.006852190327533763,137,61,524,0,0.7257617728531855,0.27423822714681445,1.0,0.10427350427350428,0.20726172465960666,1.0,1.116412213740458,0.0
ensemble (top 5),0.006998872263463851,137,62,523,0,0.724376731301939,0.275623268698061,1.0,0.10598290598290598,0.20757575757575758,1.0,1.1185468451242828,0.0
ensemble (top 5),0.007022671223163401,137,63,522,0,0.7229916897506925,0.2770083102493075,1.0,0.1076923076923077,0.2078907435508346,1.0,1.120689655172414,0.0
ensemble (top 5),0.007073172915059529,137,64,521,0,0.721606648199446,0.278393351800554,1.0,0.1094017094017094,0.20820668693009117,1.0,1.1228406909788868,0.0
ensemble (top 5),0.0071252297605518475,137,65,520,0,0.7202216066481995,0.27977839335180055,1.0,0.1111111111111111,0.2085235920852359,1.0,1.125,0.0
ensemble (top 5),0.007194595093663529,137,66,519,0,0.7188365650969529,0.28116343490304707,1.0,0.11282051282051282,0.20884146341463414,1.0,1.1271676300578035,0.0
ensemble (top 5),0.007209119323827477,137,67,518,0,0.7174515235457064,0.2825484764542936,1.0,0.11452991452991453,0.20916030534351146,1.0,1.1293436293436294,0.0
ensemble (top 5),0.007215009833480423,137,68,517,0,0.7160664819944599,0.2839335180055401,1.0,0.11623931623931624,0.20948012232415902,1.0,1.1315280464216635,0.0
ensemble (top 5),0.007338012556513031,137,69,516,0,0.7146814404432132,0.28531855955678675,1.0,0.11794871794871795,0.20980091883614088,1.0,1.1337209302325582,0.0
ensemble (top 5),0.007338917676443346,137,70,515,0,0.7132963988919667,0.2867036011080333,1.0,0.11965811965811966,0.21012269938650308,1.0,1.1359223300970873,0.0
ensemble (top 5),0.007460368144172974,137,71,514,0,0.7119113573407202,0.2880886426592798,1.0,0.12136752136752137,0.21044546850998463,1.0,1.1381322957198443,0.0
ensemble (top 5),0.007463139784351744,137,72,513,0,0.7105263157894737,0.2894736842105263,1.0,0.12307692307692308,0.21076923076923076,1.0,1.1403508771929824,0.0
ensemble (top 5),0.007520925343843672,137,73,512,0,0.7091412742382271,0.29085872576177285,1.0,0.12478632478632479,0.2110939907550077,1.0,1.142578125,0.0
ensemble (top 5),0.007578467627154283,137,74,511,0,0.7077562326869806,0.2922437673130194,1.0,0.1264957264957265,0.21141975308641975,1.0,1.1448140900195696,0.0
ensemble (top 5),0.00765015077336032,137,75,510,0,0.7063711911357341,0.2936288088642659,1.0,0.1282051282051282,0.2117465224111283,1.0,1.1470588235294117,0.0
ensemble (top 5),0.007749932617559447,137,76,509,0,0.7049861495844876,0.2950138504155124,1.0,0.12991452991452992,0.21207430340557276,1.0,1.149312377210216,0.0
ensemble (top 5),0.007835940089374362,137,77,508,0,0.703601108033241,0.29639889196675895,1.0,0.13162393162393163,0.2124031007751938,1.0,1.1515748031496063,0.0
ensemble (top 5),0.007857102303579005,137,78,507,0,0.7022160664819944,0.2977839335180056,1.0,0.13333333333333333,0.2127329192546584,1.0,1.1538461538461537,0.0
ensemble (top 5),0.00790168611045212,137,79,506,0,0.7008310249307479,0.2991689750692521,1.0,0.13504273504273503,0.2130637636080871,1.0,1.1561264822134387,0.0
ensemble (top 5),0.0079129055791882,137,80,505,0,0.6994459833795014,0.30055401662049863,1.0,0.13675213675213677,0.21339563862928349,1.0,1.1584158415841583,0.0
ensemble (top 5),0.007925820011442365,137,81,504,0,0.6980609418282548,0.30193905817174516,1.0,0.13846153846153847,0.21372854914196568,1.0,1.1607142857142856,0.0
ensemble (top 5),0.007954623729029225,137,82,503,0,0.6966759002770083,0.3033240997229917,1.0,0.14017094017094017,0.2140625,1.0,1.1630218687872762,0.0
ensemble (top 5),0.007963595651819002,137,83,502,0,0.6952908587257618,0.3047091412742382,1.0,0.14188034188034188,0.21439749608763695,1.0,1.1653386454183265,0.0
ensemble (top 5),0.008046416187678327,137,84,501,0,0.6939058171745153,0.30609418282548473,1.0,0.14358974358974358,0.21473354231974923,1.0,1.1676646706586826,0.0
ensemble (top 5),0.00805045917981366,137,85,500,0,0.6925207756232687,0.30747922437673125,1.0,0.1452991452991453,0.2150706436420722,1.0,1.1700000000000002,0.0
ensemble (top 5),0.008078084908482195,137,86,499,0,0.6911357340720221,0.3088642659279779,1.0,0.147008547008547,0.21540880503144655,1.0,1.1723446893787575,0.0
ensemble (top 5),0.008100395315146754,137,87,498,0,0.6897506925207756,0.3102493074792244,1.0,0.14871794871794872,0.215748031496063,1.0,1.1746987951807228,0.0
ensemble (top 5),0.008128151706962326,137,88,497,0,0.6883656509695291,0.31163434903047094,1.0,0.15042735042735042,0.21608832807570977,1.0,1.1770623742454729,0.0
ensemble (top 5),0.008150360441860321,137,89,496,0,0.6869806094182825,0.31301939058171746,1.0,0.15213675213675212,0.21642969984202212,1.0,1.1794354838709677,0.0
ensemble (top 5),0.00816217923770864,137,90,495,0,0.685595567867036,0.314404432132964,1.0,0.15384615384615385,0.21677215189873417,1.0,1.1818181818181819,0.0
ensemble (top 5),0.008177060448264098,137,91,494,0,0.6842105263157895,0.3157894736842105,1.0,0.15555555555555556,0.21711568938193343,1.0,1.1842105263157894,0.0
ensemble (top 5),0.008188864148871752,137,92,493,0,0.682825484764543,0.31717451523545703,1.0,0.15726495726495726,0.21746031746031746,1.0,1.1866125760649087,0.0
ensemble (top 5),0.00821083285845418,137,93,492,0,0.6814404432132964,0.31855955678670356,1.0,0.15897435897435896,0.2178060413354531,1.0,1.1890243902439024,0.0
ensemble (top 5),0.008260130148709018,137,94,491,0,0.6800554016620498,0.3199445983379502,1.0,0.1606837606837607,0.21815286624203822,1.0,1.1914460285132382,0.0
ensemble (top 5),0.008313784492870617,137,95,490,0,0.6786703601108033,0.3213296398891967,1.0,0.1623931623931624,0.21850079744816586,1.0,1.193877551020408,0.0
ensemble (top 5),0.008321855192214216,137,96,489,0,0.6772853185595568,0.32271468144044324,1.0,0.1641025641025641,0.21884984025559107,1.0,1.196319018404908,0.0
ensemble (top 5),0.008361577046993501,137,97,488,0,0.6759002770083102,0.32409972299168976,1.0,0.1658119658119658,0.2192,1.0,1.1987704918032787,0.0
ensemble (top 5),0.008361744086646894,137,98,487,0,0.6745152354570637,0.3254847645429363,1.0,0.1675213675213675,0.21955128205128205,1.0,1.2012320328542094,0.0
ensemble (top 5),0.008414643523405938,137,99,486,0,0.6731301939058172,0.3268698060941828,1.0,0.16923076923076924,0.21990369181380418,1.0,1.2037037037037037,0.0
ensemble (top 5),0.008459634727093865,137,100,485,0,0.6717451523545707,0.32825484764542934,1.0,0.17094017094017094,0.2202572347266881,1.0,1.2061855670103094,0.0
ensemble (top 5),0.008479612127105648,137,101,484,0,0.6703601108033241,0.32963988919667586,1.0,0.17264957264957265,0.22061191626409019,1.0,1.2086776859504134,0.0
ensemble (top 5),0.008574031931520018,137,102,483,0,0.6689750692520776,0.3310249307479224,1.0,0.17435897435897435,0.22096774193548388,1.0,1.2111801242236027,0.0
ensemble (top 5),0.008623737477843604,137,103,482,0,0.667590027700831,0.332409972299169,1.0,0.17606837606837608,0.22132471728594508,1.0,1.2136929460580914,0.0
ensemble (top 5),0.008627255339504165,137,104,481,0,0.6662049861495845,0.33379501385041555,1.0,0.17777777777777778,0.22168284789644013,1.0,1.2162162162162162,0.0
ensemble (top 5),0.008631330838677263,137,105,480,0,0.6648199445983379,0.33518005540166207,1.0,0.1794871794871795,0.22204213938411668,1.0,1.21875,0.0
ensemble (top 5),0.008723167709567268,137,106,479,0,0.6634349030470914,0.3365650969529086,1.0,0.1811965811965812,0.2224025974025974,1.0,1.221294363256785,0.0
ensemble (top 5),0.008807433451243647,137,107,478,0,0.6620498614958449,0.3379501385041551,1.0,0.1829059829059829,0.22276422764227644,1.0,1.2238493723849373,0.0
ensemble (top 5),0.008837120700035658,137,108,477,0,0.6606648199445984,0.33933518005540164,1.0,0.18461538461538463,0.22312703583061888,1.0,1.2264150943396226,0.0
ensemble (top 5),0.008857834507185308,137,109,476,0,0.6592797783933518,0.34072022160664817,1.0,0.18632478632478633,0.2234910277324633,1.0,1.2289915966386555,0.0
ensemble (top 5),0.008894390789775757,137,110,475,0,0.6578947368421053,0.3421052631578947,1.0,0.18803418803418803,0.2238562091503268,1.0,1.231578947368421,0.0
ensemble (top 5),0.00902593319049926,137,111,474,0,0.6565096952908587,0.3434903047091413,1.0,0.18974358974358974,0.22422258592471359,1.0,1.2341772151898733,0.0
ensemble (top 5),0.009099991660953962,137,112,473,0,0.6551246537396122,0.34487534626038785,1.0,0.19145299145299147,0.22459016393442624,1.0,1.236786469344609,0.0
ensemble (top 5),0.00914075877030287,137,113,472,0,0.6537396121883656,0.3462603878116344,1.0,0.19316239316239317,0.22495894909688013,1.0,1.2394067796610169,0.0
ensemble (top 5),0.009142742686875958,137,114,471,0,0.6523545706371191,0.3476454293628809,1.0,0.19487179487179487,0.22532894736842105,1.0,1.2420382165605095,0.0
ensemble (top 5),0.009144667524191847,137,115,470,0,0.6509695290858726,0.3490304709141274,1.0,0.19658119658119658,0.2257001647446458,1.0,1.2446808510638296,0.0
ensemble (top 5),0.009153674289827596,137,116,469,0,0.649584487534626,0.35041551246537395,1.0,0.19829059829059828,0.22607260726072606,1.0,1.2473347547974414,0.0
ensemble (top 5),0.00918900500179291,137,117,468,0,0.6481994459833795,0.35180055401662047,1.0,0.2,0.22644628099173553,1.0,1.25,0.0
ensemble (top 5),0.009189452568672115,137,118,467,0,0.646814404432133,0.353185595567867,1.0,0.20170940170940171,0.22682119205298013,1.0,1.2526766595289078,0.0
ensemble (top 5),0.009221643402170729,137,119,466,0,0.6454293628808865,0.3545706371191135,1.0,0.20341880341880342,0.22719734660033167,1.0,1.2553648068669527,0.0
ensemble (top 5),0.00925590395480339,137,120,465,0,0.6440443213296398,0.35595567867036015,1.0,0.20512820512820512,0.22757475083056478,1.0,1.2580645161290323,0.0
ensemble (top 5),0.009318680103323089,137,121,464,0,0.6426592797783933,0.3573407202216067,1.0,0.20683760683760682,0.22795341098169716,1.0,1.2607758620689653,0.0
ensemble (top 5),0.009352090493404042,137,122,463,0,0.6412742382271468,0.3587257617728532,1.0,0.20854700854700856,0.22833333333333333,1.0,1.263498920086393,0.0
ensemble (top 5),0.009418308495511295,137,123,462,0,0.6398891966759003,0.3601108033240997,1.0,0.21025641025641026,0.2287145242070117,1.0,1.2662337662337664,0.0
ensemble (top 5),0.009421714048979766,137,124,461,0,0.6385041551246537,0.36149584487534625,1.0,0.21196581196581196,0.22909698996655517,1.0,1.2689804772234274,0.0
ensemble (top 5),0.00945195486749732,137,125,460,0,0.6371191135734072,0.3628808864265928,1.0,0.21367521367521367,0.22948073701842547,1.0,1.2717391304347827,0.0
ensemble (top 5),0.009474506717227266,137,126,459,0,0.6357340720221607,0.3642659279778393,1.0,0.2153846153846154,0.22986577181208054,1.0,1.2745098039215685,0.0
ensemble (top 5),0.00956160463294848,137,127,458,0,0.6343490304709142,0.3656509695290858,1.0,0.2170940170940171,0.23025210084033612,1.0,1.277292576419214,0.0
ensemble (top 5),0.00962984521612459,137,128,457,0,0.6329639889196675,0.36703601108033246,1.0,0.2188034188034188,0.23063973063973064,1.0,1.2800875273522976,0.0
ensemble (top 5),0.00965744430118901,137,129,456,0,0.631578947368421,0.368421052631579,1.0,0.2205128205128205,0.23102866779089376,1.0,1.2828947368421053,0.0
ensemble (top 5),0.009660713431579631,137,130,455,0,0.6301939058171745,0.3698060941828255,1.0,0.2222222222222222,0.23141891891891891,1.0,1.2857142857142856,0.0
ensemble (top 5),0.009711861859604477,137,131,454,0,0.628808864265928,0.37119113573407203,1.0,0.22393162393162394,0.23181049069373943,1.0,1.2885462555066078,0.0
ensemble (top 5),0.009737781827717468,137,132,453,0,0.6274238227146814,0.37257617728531855,1.0,0.22564102564102564,0.23220338983050848,1.0,1.2913907284768211,0.0
ensemble (top 5),0.00974884069189814,137,133,452,0,0.6260387811634349,0.3739612188365651,1.0,0.22735042735042735,0.23259762308998302,1.0,1.2942477876106193,0.0
ensemble (top 5),0.009774290405472523,137,134,451,0,0.6246537396121884,0.3753462603878116,1.0,0.22905982905982905,0.23299319727891157,1.0,1.2971175166297118,0.0
ensemble (top 5),0.009795215216016711,137,135,450,0,0.6232686980609419,0.3767313019390581,1.0,0.23076923076923078,0.23339011925042588,1.0,1.3,0.0
ensemble (top 5),0.009835713105539389,137,136,449,0,0.6218836565096952,0.37811634349030476,1.0,0.23247863247863249,0.23378839590443687,1.0,1.3028953229398665,0.0
ensemble (top 5),0.009838355284328472,137,137,448,0,0.6204986149584487,0.3795013850415513,1.0,0.2341880341880342,0.2341880341880342,1.0,1.3058035714285716,0.0
ensemble (top 5),0.009857397431936114,137,138,447,0,0.6191135734072022,0.3808864265927978,1.0,0.2358974358974359,0.2345890410958904,1.0,1.308724832214765,0.0
ensemble (top 5),0.009894923868118133,137,139,446,0,0.6177285318559557,0.38227146814404434,1.0,0.2376068376068376,0.23499142367066894,1.0,1.3116591928251122,0.0
ensemble (top 5),0.009929469917375835,137,140,445,0,0.6163434903047091,0.38365650969529086,1.0,0.23931623931623933,0.23539518900343642,1.0,1.3146067415730338,0.0
ensemble (top 5),0.009969700823801128,137,141,444,0,0.6149584487534626,0.3850415512465374,1.0,0.24102564102564103,0.23580034423407917,1.0,1.3175675675675675,0.0
ensemble (top 5),0.009992461598171645,137,142,443,0,0.6135734072022161,0.3864265927977839,1.0,0.24273504273504273,0.23620689655172414,1.0,1.3205417607223477,0.0
ensemble (top 5),0.00999870807148268,137,143,442,0,0.6121883656509696,0.38781163434903043,1.0,0.24444444444444444,0.23661485319516407,1.0,1.3235294117647058,0.0
ensemble (top 5),0.010122179544248159,137,144,441,0,0.610803324099723,0.38919667590027696,1.0,0.24615384615384617,0.2370242214532872,1.0,1.3265306122448979,0.0
ensemble (top 5),0.010243184308225354,137,145,440,0,0.6094182825484764,0.3905817174515236,1.0,0.24786324786324787,0.23743500866551126,1.0,1.3295454545454546,0.0
ensemble (top 5),0.010249979712271137,137,146,439,0,0.6080332409972299,0.3919667590027701,1.0,0.24957264957264957,0.2378472222222222,1.0,1.3325740318906607,0.0
ensemble (top 5),0.010268009428664788,137,147,438,0,0.6066481994459834,0.39335180055401664,1.0,0.2512820512820513,0.2382608695652174,1.0,1.3356164383561644,0.0
ensemble (top 5),0.010281762785309557,137,148,437,0,0.6052631578947368,0.39473684210526316,1.0,0.252991452991453,0.23867595818815332,1.0,1.3386727688787186,0.0
ensemble (top 5),0.010445984812624768,137,149,436,0,0.6038781163434903,0.3961218836565097,1.0,0.2547008547008547,0.23909249563699825,1.0,1.341743119266055,0.0
ensemble (top 5),0.010461524506703325,137,150,435,0,0.6024930747922438,0.3975069252077562,1.0,0.2564102564102564,0.2395104895104895,1.0,1.3448275862068966,0.0
ensemble (top 5),0.010615033324201889,137,151,434,0,0.6011080332409973,0.39889196675900274,1.0,0.25811965811965815,0.23992994746059546,1.0,1.3479262672811059,0.0
ensemble (top 5),0.010635071139341886,137,152,433,0,0.5997229916897507,0.40027700831024926,1.0,0.25982905982905985,0.24035087719298245,1.0,1.3510392609699768,0.0
ensemble (top 5),0.010652077550601049,137,153,432,0,0.5983379501385041,0.4016620498614959,1.0,0.26153846153846155,0.24077328646748683,1.0,1.3541666666666665,0.0
ensemble (top 5),0.010685615872428732,137,154,431,0,0.5969529085872576,0.4030470914127424,1.0,0.26324786324786326,0.24119718309859156,1.0,1.357308584686775,0.0
ensemble (top 5),0.01076281945587767,137,155,430,0,0.5955678670360111,0.40443213296398894,1.0,0.26495726495726496,0.24162257495590828,1.0,1.3604651162790697,0.0
ensemble (top 5),0.01083918214050093,137,156,429,0,0.5941828254847645,0.40581717451523547,1.0,0.26666666666666666,0.2420494699646643,1.0,1.3636363636363635,0.0
ensemble (top 5),0.01088806802076664,137,157,428,0,0.592797783933518,0.407202216066482,1.0,0.26837606837606837,0.2424778761061947,1.0,1.366822429906542,0.0
ensemble (top 5),0.010939484890482203,137,158,427,0,0.5914127423822715,0.4085872576177285,1.0,0.27008547008547007,0.2429078014184397,1.0,1.370023419203747,0.0
ensemble (top 5),0.010958477680285765,137,159,426,0,0.590027700831025,0.40997229916897504,1.0,0.2717948717948718,0.2433392539964476,1.0,1.3732394366197183,0.0
ensemble (top 5),0.010983670460698808,137,160,425,0,0.5886426592797784,0.41135734072022156,1.0,0.27350427350427353,0.24377224199288255,1.0,1.3764705882352941,0.0
ensemble (top 5),0.01113692146204479,137,161,424,0,0.5872576177285319,0.4127423822714681,1.0,0.27521367521367524,0.24420677361853832,1.0,1.3797169811320755,0.0
ensemble (top 5),0.011143781723171558,137,162,423,0,0.5858725761772853,0.4141274238227147,1.0,0.27692307692307694,0.24464285714285713,1.0,1.3829787234042554,0.0
ensemble (top 5),0.01115782107796199,137,163,422,0,0.5844875346260388,0.41551246537396125,1.0,0.27863247863247864,0.24508050089445438,1.0,1.386255924170616,0.0
ensemble (top 5),0.011202940873394575,137,164,421,0,0.5831024930747922,0.4168975069252078,1.0,0.28034188034188035,0.24551971326164876,1.0,1.3895486935866983,0.0
ensemble (top 5),0.01123685392563769,137,165,420,0,0.5817174515235457,0.4182825484764543,1.0,0.28205128205128205,0.2459605026929982,1.0,1.3928571428571428,0.0
ensemble (top 5),0.011241495654673639,137,166,419,0,0.5803324099722992,0.4196675900277008,1.0,0.28376068376068375,0.24640287769784172,1.0,1.39618138424821,0.0
ensemble (top 5),0.011406137677540711,137,167,418,0,0.5789473684210527,0.42105263157894735,1.0,0.28547008547008546,0.24684684684684685,1.0,1.3995215311004785,0.0
ensemble (top 5),0.011406858371489314,137,168,417,0,0.5775623268698061,0.42243767313019387,1.0,0.28717948717948716,0.24729241877256317,1.0,1.4028776978417266,0.0
ensemble (top 5),0.011489958633229477,137,169,416,0,0.5761772853185596,0.4238227146814404,1.0,0.28888888888888886,0.24773960216998192,1.0,1.40625,0.0
ensemble (top 5),0.0115055360610971,137,170,415,0,0.574792243767313,0.42520775623268703,1.0,0.2905982905982906,0.24818840579710144,1.0,1.4096385542168677,0.0
ensemble (top 5),0.011598816138909803,137,171,414,0,0.5734072022160664,0.42659279778393355,1.0,0.2923076923076923,0.24863883847549909,1.0,1.4130434782608696,0.0
ensemble (top 5),0.011703625690492986,137,172,413,0,0.5720221606648199,0.4279778393351801,1.0,0.294017094017094,0.24909090909090909,1.0,1.4164648910411624,0.0
ensemble (top 5),0.01170753449525586,137,173,412,0,0.5706371191135734,0.4293628808864266,1.0,0.29572649572649573,0.2495446265938069,1.0,1.4199029126213594,0.0
ensemble (top 5),0.011713392053585587,137,174,411,0,0.5692520775623269,0.4307479224376731,1.0,0.29743589743589743,0.25,1.0,1.4233576642335768,0.0
ensemble (top 5),0.01173264436233946,137,175,410,0,0.5678670360110804,0.43213296398891965,1.0,0.29914529914529914,0.25045703839122485,1.0,1.426829268292683,0.0
ensemble (top 5),0.011807712842235338,137,176,409,0,0.5664819944598338,0.4335180055401662,1.0,0.30085470085470084,0.2509157509157509,1.0,1.430317848410758,0.0
ensemble (top 5),0.011827978322327175,137,177,408,0,0.5650969529085873,0.4349030470914127,1.0,0.30256410256410254,0.25137614678899084,1.0,1.4338235294117647,0.0
ensemble (top 5),0.01183971164971884,137,178,407,0,0.5637119113573407,0.43628808864265933,1.0,0.30427350427350425,0.25183823529411764,1.0,1.4373464373464373,0.0
ensemble (top 5),0.011887059717447671,137,179,406,0,0.5623268698060941,0.43767313019390586,1.0,0.305982905982906,0.2523020257826888,1.0,1.4408866995073892,0.0
ensemble (top 5),0.011919984329688674,137,180,405,0,0.5609418282548476,0.4390581717451524,1.0,0.3076923076923077,0.25276752767527677,1.0,1.4444444444444444,0.0
ensemble (top 5),0.012069188205465143,137,181,404,0,0.5595567867036011,0.4404432132963989,1.0,0.3094017094017094,0.2532347504621072,1.0,1.448019801980198,0.0
ensemble (top 5),0.01209437445059753,137,182,403,0,0.5581717451523546,0.44182825484764543,1.0,0.3111111111111111,0.2537037037037037,1.0,1.4516129032258065,0.0
ensemble (top 5),0.012100647048337649,137,183,402,0,0.556786703601108,0.44321329639889195,1.0,0.3128205128205128,0.2541743970315399,1.0,1.455223880597015,0.0
ensemble (top 5),0.012103970397605612,137,184,401,0,0.5554016620498615,0.4445983379501385,1.0,0.3145299145299145,0.25464684014869887,1.0,1.458852867830424,0.0
ensemble (top 5),0.012243242614874607,137,185,400,0,0.554016620498615,0.445983379501385,1.0,0.3162393162393162,0.25512104283054005,1.0,1.4625,0.0
ensemble (top 5),0.012294375484349012,137,186,399,0,0.5526315789473685,0.4473684210526315,1.0,0.31794871794871793,0.2555970149253731,1.0,1.4661654135338344,0.0
ensemble (top 5),0.012497626889391303,137,187,398,0,0.5512465373961218,0.44875346260387816,1.0,0.31965811965811963,0.2560747663551402,1.0,1.4698492462311556,0.0
ensemble (top 5),0.012530680809781309,137,188,397,0,0.5498614958448753,0.4501385041551247,1.0,0.3213675213675214,0.2565543071161049,1.0,1.473551637279597,0.0
ensemble (top 5),0.012585576644695156,137,189,396,0,0.5484764542936288,0.4515235457063712,1.0,0.3230769230769231,0.2570356472795497,1.0,1.4772727272727273,0.0
ensemble (top 5),0.012612870903150039,137,190,395,0,0.5470914127423823,0.45290858725761773,1.0,0.3247863247863248,0.2575187969924812,1.0,1.481012658227848,0.0
ensemble (top 5),0.012619477947995303,137,191,394,0,0.5457063711911357,0.45429362880886426,1.0,0.3264957264957265,0.2580037664783427,1.0,1.4847715736040608,0.0
ensemble (top 5),0.01269476924008785,137,192,393,0,0.5443213296398892,0.4556786703601108,1.0,0.3282051282051282,0.25849056603773585,1.0,1.4885496183206106,0.0
ensemble (top 5),0.012746674477221243,137,193,392,0,0.5429362880886427,0.4570637119113573,1.0,0.3299145299145299,0.2589792060491493,1.0,1.4923469387755102,0.0
ensemble (top 5),0.012766063488368284,137,194,391,0,0.5415512465373962,0.45844875346260383,1.0,0.3316239316239316,0.25946969696969696,1.0,1.49616368286445,0.0
ensemble (top 5),0.012793967443791887,137,195,390,0,0.5401662049861495,0.45983379501385047,1.0,0.3333333333333333,0.25996204933586337,1.0,1.4999999999999998,0.0
ensemble (top 5),0.012871371349575911,137,196,389,0,0.538781163434903,0.461218836565097,1.0,0.335042735042735,0.26045627376425856,1.0,1.5038560411311053,0.0
ensemble (top 5),0.013025650670782258,137,197,388,0,0.5373961218836565,0.4626038781163435,1.0,0.3367521367521368,0.26095238095238094,1.0,1.5077319587628866,0.0
ensemble (top 5),0.013028357080153699,137,198,387,0,0.53601108033241,0.46398891966759004,1.0,0.3384615384615385,0.26145038167938933,1.0,1.5116279069767442,0.0
ensemble (top 5),0.013096752133817533,137,199,386,0,0.5346260387811634,0.46537396121883656,1.0,0.3401709401709402,0.26195028680688337,1.0,1.5155440414507773,0.0
ensemble (top 5),0.013188994014832789,137,200,385,0,0.5332409972299169,0.4667590027700831,1.0,0.3418803418803419,0.2624521072796935,1.0,1.5194805194805194,0.0
ensemble (top 5),0.01322669169585601,137,201,384,0,0.5318559556786704,0.4681440443213296,1.0,0.3435897435897436,0.2629558541266795,1.0,1.5234375,0.0
ensemble (top 5),0.013522995461407242,137,202,383,0,0.5304709141274239,0.46952908587257614,1.0,0.3452991452991453,0.26346153846153847,1.0,1.5274151436031331,0.0
ensemble (top 5),0.013564507458041625,137,203,382,0,0.5290858725761773,0.47091412742382266,1.0,0.347008547008547,0.26396917148362237,1.0,1.531413612565445,0.0
ensemble (top 5),0.013737746301716794,137,204,381,0,0.5277008310249307,0.4722991689750693,1.0,0.3487179487179487,0.2644787644787645,1.0,1.5354330708661417,0.0
ensemble (top 5),0.013984186620691553,137,205,380,0,0.5263157894736842,0.4736842105263158,1.0,0.3504273504273504,0.26499032882011603,1.0,1.5394736842105263,0.0
ensemble (top 5),0.014071697411821755,137,206,379,0,0.5249307479224377,0.47506925207756234,1.0,0.35213675213675216,0.2655038759689923,1.0,1.5435356200527706,0.0
ensemble (top 5),0.01407270998673558,137,207,378,0,0.5235457063711911,0.47645429362880887,1.0,0.35384615384615387,0.26601941747572816,1.0,1.547619047619048,0.0
ensemble (top 5),0.014082044888849487,137,208,377,0,0.5221606648199446,0.4778393351800554,1.0,0.35555555555555557,0.26653696498054474,1.0,1.5517241379310347,0.0
ensemble (top 5),0.01413774641747445,137,209,376,0,0.5207756232686981,0.4792243767313019,1.0,0.3572649572649573,0.26705653021442494,1.0,1.5558510638297873,0.0
ensemble (top 5),0.014207291660330777,137,210,375,0,0.5193905817174516,0.48060941828254844,1.0,0.358974358974359,0.267578125,1.0,1.56,0.0
ensemble (top 5),0.014218484168836582,137,211,374,0,0.518005540166205,0.48199445983379496,1.0,0.3606837606837607,0.26810176125244617,1.0,1.5641711229946524,0.0
ensemble (top 5),0.014249717479138668,137,212,373,0,0.5166204986149584,0.4833795013850416,1.0,0.3623931623931624,0.26862745098039215,1.0,1.5683646112600538,0.0
ensemble (top 5),0.014404798143147018,137,213,372,0,0.5152354570637119,0.4847645429362881,1.0,0.3641025641025641,0.2691552062868369,1.0,1.5725806451612905,0.0
ensemble (top 5),0.014448726506532677,137,214,371,0,0.5138504155124654,0.48614958448753465,1.0,0.3658119658119658,0.26968503937007876,1.0,1.5768194070080863,0.0
ensemble (top 5),0.014481383005611507,137,215,370,0,0.5124653739612188,0.48753462603878117,1.0,0.36752136752136755,0.2702169625246548,1.0,1.5810810810810811,0.0
ensemble (top 5),0.014490171667145427,137,216,369,0,0.5110803324099723,0.4889196675900277,1.0,0.36923076923076925,0.2707509881422925,1.0,1.5853658536585367,0.0
ensemble (top 5),0.014508108698882267,137,217,368,0,0.5096952908587258,0.4903047091412742,1.0,0.37094017094017095,0.2712871287128713,1.0,1.5896739130434783,0.0
ensemble (top 5),0.01470579782270306,137,218,367,0,0.5083102493074793,0.49168975069252074,1.0,0.37264957264957266,0.2718253968253968,1.0,1.5940054495912808,0.0
ensemble (top 5),0.014756901158239851,137,219,366,0,0.5069252077562327,0.49307479224376727,1.0,0.37435897435897436,0.27236580516898606,1.0,1.598360655737705,0.0
ensemble (top 5),0.014799366685104837,137,220,365,0,0.5055401662049861,0.4944598337950139,1.0,0.37606837606837606,0.2729083665338645,1.0,1.6027397260273972,0.0
ensemble (top 5),0.014822640846290772,137,221,364,0,0.5041551246537396,0.4958448753462604,1.0,0.37777777777777777,0.27345309381237526,1.0,1.6071428571428572,0.0
ensemble (top 5),0.014933561603957224,137,222,363,0,0.502770083102493,0.49722991689750695,1.0,0.37948717948717947,0.274,1.0,1.6115702479338843,0.0
ensemble (top 5),0.015012664501270673,137,223,362,0,0.5013850415512465,0.4986149584487535,1.0,0.3811965811965812,0.2745490981963928,1.0,1.6160220994475138,0.0
ensemble (top 5),0.015038735985657869,137,224,361,0,0.5,0.5,1.0,0.38290598290598293,0.2751004016064257,1.0,1.6204986149584486,0.0
ensemble (top 5),0.015066804508778165,137,225,360,0,0.4986149584487535,0.5013850415512465,1.0,0.38461538461538464,0.27565392354124746,1.0,1.625,0.0
ensemble (top 5),0.015092156064278998,137,226,359,0,0.49722991689750695,0.502770083102493,1.0,0.38632478632478634,0.2762096774193548,1.0,1.629526462395543,0.0
ensemble (top 5),0.01530616170219537,137,227,358,0,0.49584487534626037,0.5041551246537397,1.0,0.38803418803418804,0.2767676767676768,1.0,1.6340782122905027,0.0
ensemble (top 5),0.015509450526109659,137,228,357,0,0.49445983379501385,0.5055401662049861,1.0,0.38974358974358975,0.2773279352226721,1.0,1.638655462184874,0.0
ensemble (top 5),0.015544195582420303,137,229,356,0,0.4930747922437673,0.5069252077562327,1.0,0.39145299145299145,0.2778904665314402,1.0,1.643258426966292,0.0
ensemble (top 5),0.015585913209335205,137,230,355,0,0.4916897506925208,0.5083102493074791,1.0,0.39316239316239315,0.2784552845528455,1.0,1.6478873239436618,0.0
ensemble (top 5),0.01569933712743975,137,231,354,0,0.4903047091412742,0.5096952908587258,1.0,0.39487179487179486,0.2790224032586558,1.0,1.6525423728813557,0.0
ensemble (top 5),0.01579801507552831,137,232,353,0,0.4889196675900277,0.5110803324099723,1.0,0.39658119658119656,0.2795918367346939,1.0,1.6572237960339942,0.0
ensemble (top 5),0.015803667488939695,137,233,352,0,0.48753462603878117,0.5124653739612188,1.0,0.39829059829059826,0.28016359918200406,1.0,1.661931818181818,0.0
ensemble (top 5),0.01583679684044225,137,234,351,0,0.48614958448753465,0.5138504155124654,1.0,0.4,0.2807377049180328,1.0,1.6666666666666667,0.0
ensemble (top 5),0.016004560835263897,137,235,350,0,0.48476454293628807,0.5152354570637119,1.0,0.4017094017094017,0.2813141683778234,1.0,1.6714285714285715,0.0
ensemble (top 5),0.016095314497502622,137,236,349,0,0.48337950138504154,0.5166204986149585,1.0,0.40341880341880343,0.28189300411522633,1.0,1.67621776504298,0.0
ensemble (top 5),0.01612417399065267,137,237,348,0,0.481994459833795,0.5180055401662049,1.0,0.40512820512820513,0.2824742268041237,1.0,1.6810344827586208,0.0
ensemble (top 5),0.016350560764081406,137,238,347,0,0.4806094182825485,0.5193905817174516,1.0,0.40683760683760684,0.2830578512396694,1.0,1.685878962536023,0.0
ensemble (top 5),0.01635552712156393,137,239,346,0,0.4792243767313019,0.5207756232686981,1.0,0.40854700854700854,0.2836438923395445,1.0,1.6907514450867052,0.0
ensemble (top 5),0.016610637813903366,137,240,345,0,0.4778393351800554,0.5221606648199446,1.0,0.41025641025641024,0.2842323651452282,1.0,1.6956521739130435,0.0
ensemble (top 5),0.01663449576481413,137,241,344,0,0.47645429362880887,0.5235457063711911,1.0,0.41196581196581195,0.28482328482328484,1.0,1.7005813953488371,0.0
ensemble (top 5),0.016695691484195113,136,241,344,1,0.4778393351800554,0.5221606648199446,0.9927007299270073,0.41196581196581195,0.2833333333333333,0.9958677685950413,1.6881683924630793,0.01771814519792832
ensemble (top 5),0.016803760847468294,135,241,344,2,0.4792243767313019,0.5207756232686981,0.9854014598540146,0.41196581196581195,0.2818371607515658,0.9917695473251029,1.6757553895773214,0.03543629039585664
ensemble (top 5),0.01701204666340849,135,242,343,2,0.4778393351800554,0.5221606648199446,0.9854014598540146,0.41367521367521365,0.2824267782426778,0.9918032786885246,1.6806409738034942,0.03528985944380764
ensemble (top 5),0.01706220310286208,134,242,343,3,0.4792243767313019,0.5207756232686981,0.9781021897810219,0.41367521367521365,0.2809224318658281,0.9877551020408163,1.6681917814049498,0.05293478916571147
ensemble (top 5),0.01729915749283765,134,243,342,3,0.4778393351800554,0.5221606648199446,0.9781021897810219,0.4153846153846154,0.2815126050420168,0.9878048780487805,1.6730695351517482,0.05271695052716944
ensemble (top 5),0.01750943716235432,134,244,341,3,0.47645429362880887,0.5235457063711911,0.9781021897810219,0.4170940170940171,0.28210526315789475,0.9878542510121457,1.6779758974249206,0.05250089745123842
ensemble (top 5),0.0175146799068819,134,245,340,3,0.47506925207756234,0.5249307479224377,0.9781021897810219,0.4188034188034188,0.28270042194092826,0.9879032258064516,1.6829111206526408,0.05228660807388642
ensemble (top 5),0.017516245655996986,134,246,339,3,0.47368421052631576,0.5263157894736843,0.9781021897810219,0.4205128205128205,0.2832980972515856,0.9879518072289156,1.6878754602415866,0.052074060886594206
ensemble (top 5),0.017621553112404605,134,247,338,3,0.47229916897506924,0.5277008310249307,0.9781021897810219,0.4222222222222222,0.2838983050847458,0.988,1.6928691746209996,0.0518632347291586
ensemble (top 5),0.017659607977830078,134,248,337,3,0.4709141274238227,0.5290858725761773,0.9781021897810219,0.4239316239316239,0.28450106157112526,0.9880478087649402,1.6978925252875308,0.05165410878267006
ensemble (top 5),0.017681762897418282,134,249,336,3,0.4695290858725762,0.5304709141274238,0.9781021897810219,0.4256410256410256,0.2851063829787234,0.9880952380952381,1.7029457768508864,0.05144666256265933
ensemble (top 5),0.017686685706927066,134,250,335,3,0.46814404432132967,0.5318559556786704,0.9781021897810219,0.42735042735042733,0.2857142857142857,0.9881422924901185,1.708029197080292,0.051240875912408695
ensemble (top 5),0.01778837578801356,134,251,334,3,0.4667590027700831,0.5332409972299169,0.9781021897810219,0.42905982905982903,0.2863247863247863,0.9881889763779528,1.71314305695179,0.05103672899642301
ensemble (top 5),0.017860751588849727,134,252,333,3,0.46537396121883656,0.5346260387811634,0.9781021897810219,0.4307692307692308,0.28693790149892934,0.9882352941176471,1.71828763069639,0.05083420229405625
ensemble (top 5),0.01800059095039563,134,253,332,3,0.46398891966759004,0.53601108033241,0.9781021897810219,0.4324786324786325,0.2875536480686695,0.98828125,1.7234631958490898,0.05063327659328922
ensemble (top 5),0.018019039576644347,134,254,331,3,0.4626038781163435,0.5373961218836565,0.9781021897810219,0.4341880341880342,0.28817204301075267,0.9883268482490273,1.728670033298785,0.05043393298465423
ensemble (top 5),0.018024530908966892,134,255,330,3,0.46121883656509693,0.5387811634349031,0.9781021897810219,0.4358974358974359,0.28879310344827586,0.9883720930232558,1.7339084273390843,0.05023615285530264
ensemble (top 5),0.018083479190580794,134,256,329,3,0.4598337950138504,0.5401662049861495,0.9781021897810219,0.4376068376068376,0.2894168466522678,0.9884169884169884,1.739178665720054,0.05003991788321162
ensemble (top 5),0.018263918244655227,134,257,328,3,0.4584487534626039,0.5415512465373962,0.9781021897810219,0.4393162393162393,0.29004329004329005,0.9884615384615385,1.744481039700908,0.04984521003152597
ensemble (top 5),0.01837656450549424,134,258,327,3,0.45706371191135736,0.5429362880886426,0.9781021897810219,0.441025641025641,0.29067245119305857,0.9885057471264368,1.749815844103663,0.049652011543031685
ensemble (top 5),0.018526499823912107,134,259,326,3,0.4556786703601108,0.5443213296398892,0.9781021897810219,0.4427350427350427,0.29130434782608694,0.9885496183206107,1.7551833773677847,0.04946030493475743
ensemble (top 5),0.018576671325426033,134,260,325,3,0.45429362880886426,0.5457063711911357,0.9781021897810219,0.4444444444444444,0.29193899782135074,0.9885931558935361,1.7605839416058393,0.04927007299270067
ensemble (top 5),0.018792941310873886,134,261,324,3,0.45290858725761773,0.5470914127423823,0.9781021897810219,0.4461538461538462,0.2925764192139738,0.9886363636363636,1.7660178426601785,0.049081298766675
ensemble (top 5),0.018909592258058855,134,262,323,3,0.4515235457063712,0.5484764542936288,0.9781021897810219,0.4478632478632479,0.29321663019693656,0.9886792452830189,1.7714853901606742,0.04889396556527547
ensemble (top 5),0.01896109918795951,134,263,322,3,0.45013850415512463,0.5498614958448753,0.9781021897810219,0.4495726495726496,0.29385964912280704,0.9887218045112782,1.7769868975835335,0.04870805695095884
ensemble (top 5),0.019075544063390258,134,264,321,3,0.4487534626038781,0.551246537396122,0.9781021897810219,0.4512820512820513,0.2945054945054945,0.9887640449438202,1.782522682311208,0.04852355673523551
ensemble (top 5),0.019571654113118626,134,265,320,3,0.4473684210526316,0.5526315789473684,0.9781021897810219,0.452991452991453,0.29515418502202645,0.9888059701492538,1.7880930656934306,0.04834044897397047
ensemble (top 5),0.019644362424841563,134,266,319,3,0.44598337950138506,0.554016620498615,0.9781021897810219,0.4547008547008547,0.2958057395143488,0.9888475836431226,1.7936983731093974,0.04815871796279013
ensemble (top 5),0.019717467291136874,134,267,318,3,0.4445983379501385,0.5554016620498615,0.9781021897810219,0.4564102564102564,0.29646017699115046,0.9888888888888889,1.799338934031125,0.047978348232592415
ensemble (top 5),0.019826532452008584,134,268,317,3,0.44321329639889195,0.556786703601108,0.9781021897810219,0.4581196581196581,0.29711751662971175,0.988929889298893,1.8050150820880055,0.04779932454515737
ensemble (top 5),0.02009062937315444,134,269,316,3,0.44182825484764543,0.5581717451523546,0.9781021897810219,0.4598290598290598,0.29777777777777775,0.9889705882352942,1.8107271551325879,0.04762163188885567
ensemble (top 5),0.020234129626986265,134,270,315,3,0.4404432132963989,0.5595567867036011,0.9781021897810219,0.46153846153846156,0.2984409799554566,0.989010989010989,1.8164754953076123,0.0474452554744525
ensemble (top 5),0.020916223329897263,134,271,314,3,0.4390581717451524,0.5609418282548476,0.9781021897810219,0.46324786324786327,0.29910714285714285,0.9890510948905109,1.8222604491143244,0.04727018073100433
ensemble (top 5),0.021077553567196008,134,272,313,3,0.4376731301939058,0.5623268698060941,0.9781021897810219,0.46495726495726497,0.29977628635346754,0.9890909090909091,1.8280823674821016,0.04709639330184623
ensemble (top 5),0.021634626338061902,134,273,312,3,0.4362880886426593,0.5637119113573408,0.9781021897810219,0.4666666666666667,0.3004484304932735,0.9891304347826086,1.8339416058394162,0.046923879040667305
ensemble (top 5),0.021723713812714922,134,274,311,3,0.43490304709141275,0.5650969529085872,0.9781021897810219,0.4683760683760684,0.30112359550561796,0.9891696750902527,1.8398385241861666,0.04675262400767217
ensemble (top 5),0.021762997671691812,134,275,310,3,0.43351800554016623,0.5664819944598338,0.9781021897810219,0.4700854700854701,0.30180180180180183,0.9892086330935251,1.8457734871674123,0.04658261446582609
ensemble (top 5),0.022339105499909532,134,276,309,3,0.43213296398891965,0.5678670360110804,0.9781021897810219,0.4717948717948718,0.30248306997742663,0.989247311827957,1.8517468641485366,0.04641383687718179
ensemble (top 5),0.022422334259982742,134,277,308,3,0.4307479224376731,0.5692520775623269,0.9781021897810219,0.4735042735042735,0.3031674208144796,0.9892857142857143,1.857759029291876,0.04624627789928583
ensemble (top 5),0.022496418288401918,134,278,307,3,0.4293628808864266,0.5706371191135734,0.9781021897810219,0.4752136752136752,0.30385487528344673,0.9893238434163701,1.8638103616348463,0.0460799243816625
ensemble (top 5),0.022719892266759648,134,279,306,3,0.4279778393351801,0.5720221606648199,0.9781021897810219,0.47692307692307695,0.30454545454545456,0.9893617021276596,1.869901245169601,0.04591476336237338
ensemble (top 5),0.022967830212285538,133,279,306,4,0.4293628808864266,0.5706371191135734,0.9708029197080292,0.47692307692307695,0.30296127562642367,0.9858657243816255,1.8559467582653504,0.06121968448316451
ensemble (top 5),0.022996557552391318,133,280,305,4,0.4279778393351801,0.5720221606648199,0.9708029197080292,0.47863247863247865,0.3036529680365297,0.9859154929577465,1.862031829603925,0.061001042752867496
ensemble (top 5),0.023027415943953144,133,281,304,4,0.4265927977839335,0.5734072022160666,0.9708029197080292,0.48034188034188036,0.30434782608695654,0.9859649122807017,1.8681569343065696,0.06078395719146939
ensemble (top 5),0.02325415270739034,133,282,303,4,0.425207756232687,0.574792243767313,0.9708029197080292,0.48205128205128206,0.30504587155963303,0.986013986013986,1.874322468743225,0.06056841124398191
ensemble (top 5),0.02327259090748578,133,283,302,4,0.42382271468144045,0.5761772853185596,0.9708029197080292,0.48376068376068376,0.3057471264367816,0.9860627177700348,1.8805288345337654,0.06035438858940954
ensemble (top 5),0.023278930329825514,133,284,301,4,0.4224376731301939,0.577562326869806,0.9708029197080292,0.48547008547008547,0.3064516129032258,0.9861111111111112,1.8867764386352066,0.06014187313662993
ensemble (top 5),0.023362153805574486,133,285,300,4,0.42105263157894735,0.5789473684210527,0.9708029197080292,0.48717948717948717,0.3071593533487298,0.986159169550173,1.8930656934306571,0.05993084902036105
ensemble (top 5),0.023620988928038558,133,286,299,4,0.4196675900277008,0.5803324099722992,0.9708029197080292,0.4888888888888889,0.30787037037037035,0.9862068965517241,1.8993970168200573,0.05972130059721294
ensemble (top 5),0.023873031859921928,133,287,298,4,0.4182825484764543,0.5817174515235457,0.9708029197080292,0.4905982905982906,0.308584686774942,0.9862542955326461,1.905770832312742,0.05951321244182195
ensemble (top 5),0.02396052617781625,132,287,298,5,0.4196675900277008,0.5803324099722992,0.9635036496350365,0.4905982905982906,0.30697674418604654,0.9828767123287672,1.8914417283103906,0.07439151555227744
ensemble (top 5),0.024143626925965868,132,288,297,5,0.4182825484764543,0.5817174515235457,0.9635036496350365,0.49230769230769234,0.3076923076923077,0.9829351535836177,1.8978102189781023,0.07413321167883202
ensemble (top 5),0.024209121002239122,132,289,296,5,0.4168975069252078,0.5831024930747922,0.9635036496350365,0.49401709401709404,0.308411214953271,0.9829931972789115,1.9042217399881636,0.07387669537544506
ensemble (top 5),0.024368507807479598,132,290,295,5,0.4155124653739612,0.5844875346260388,0.9635036496350365,0.49572649572649574,0.3091334894613583,0.9830508474576272,1.910676728937276,0.0736219481500125
ensemble (top 5),0.024451587967362763,132,291,294,5,0.41412742382271467,0.5858725761772854,0.9635036496350365,0.49743589743589745,0.30985915492957744,0.9831081081081081,1.917175629375838,0.07336895176461726
ensemble (top 5),0.024469210126210388,132,292,293,5,0.41274238227146814,0.5872576177285318,0.9635036496350365,0.49914529914529915,0.31058823529411766,0.9831649831649831,1.923718890909544,0.07311768823117679
ensemble (top 5),0.024700538106588295,132,293,292,5,0.4113573407202216,0.5886426592797784,0.9635036496350365,0.5008547008547009,0.3113207547169811,0.9832214765100671,1.9303069693030697,0.0728681398071796
ensemble (top 5),0.02473908256036991,132,294,291,5,0.4099722991689751,0.5900277008310248,0.9635036496350365,0.5025641025641026,0.3120567375886525,0.9832775919732442,1.9369403265858982,0.07262028899150892
ensemble (top 5),0.024875759638717427,132,295,290,5,0.4085872576177285,0.5914127423822715,0.9635036496350365,0.5042735042735043,0.3127962085308057,0.9833333333333333,1.9436194311603323,0.07237411852035126
ensemble (top 5),0.024914518829225674,131,295,290,6,0.4099722991689751,0.5900277008310248,0.9562043795620438,0.5042735042735043,0.31116389548693585,0.9800664451827242,1.9288950415303299,0.08684894222442152
ensemble (top 5),0.024936671310874136,131,296,289,6,0.4085872576177285,0.5914127423822715,0.9562043795620438,0.505982905982906,0.3119047619047619,0.9801324503311258,1.935569418836663,0.08655553363582551
ensemble (top 5),0.025036280768643542,131,297,288,6,0.407202216066482,0.592797783933518,0.9562043795620438,0.5076923076923077,0.3126491646778043,0.9801980198019802,1.9422901459854014,0.08626410086264091
ensemble (top 5),0.025049261304856258,131,298,287,6,0.40581717451523547,0.5941828254847645,0.9562043795620438,0.5094017094017094,0.3133971291866029,0.9802631578947368,1.949057707469671,0.08597462401410856
ensemble (top 5),0.02522085081476459,131,299,286,6,0.40443213296398894,0.5955678670360111,0.9562043795620438,0.5111111111111111,0.31414868105515587,0.980327868852459,1.9558725945587259,0.08568708346556639
ensemble (top 5),0.025290252135465936,131,300,285,6,0.40304709141274236,0.5969529085872576,0.9562043795620438,0.5128205128205128,0.31490384615384615,0.9803921568627451,1.9627353054168266,0.0854014598540145
ensemble (top 5),0.025409407262692103,131,301,284,6,0.40166204986149584,0.5983379501385042,0.9562043795620438,0.5145299145299145,0.3156626506024096,0.9804560260586319,1.9696463452246324,0.0851177340737686
ensemble (top 5),0.025422321085627076,131,302,283,6,0.4002770083102493,0.5997229916897506,0.9562043795620438,0.5162393162393163,0.3164251207729469,0.9805194805194806,1.976606226303165,0.08483588727219982
ensemble (top 5),0.025501725894435955,131,303,282,6,0.3988919667590028,0.6011080332409973,0.9562043795620438,0.517948717948718,0.3171912832929782,0.9805825242718447,1.9836154682404104,0.0845559008455589
ensemble (top 5),0.02558671765472021,131,304,281,6,0.3975069252077562,0.6024930747922438,0.9562043795620438,0.5196581196581197,0.3179611650485437,0.9806451612903225,1.9906745980206253,0.08427775643488272
ensemble (top 5),0.025629178945863855,131,305,280,6,0.3961218836565097,0.6038781163434903,0.9562043795620438,0.5213675213675214,0.31873479318734793,0.9807073954983923,1.997784150156413,0.08400143592198146
ensemble (top 5),0.025636323930804766,131,306,279,6,0.39473684210526316,0.6052631578947368,0.9562043795620438,0.5230769230769231,0.3195121951219512,0.9807692307692307,2.0049446668236404,0.0837269214255044
ensemble (top 5),0.02571112085356997,131,307,278,6,0.39335180055401664,0.6066481994459834,0.9562043795620438,0.5247863247863248,0.3202933985330073,0.9808306709265175,2.012156697999265,0.08345419529708256
ensemble (top 5),0.025914869236484644,131,308,277,6,0.39196675900277006,0.60803324099723,0.9562043795620438,0.5264957264957265,0.32107843137254904,0.9808917197452229,2.0194208016021507,0.08318324011754659
ensemble (top 5),0.02592206538822478,131,309,276,6,0.39058171745152354,0.6094182825484764,0.9562043795620438,0.5282051282051282,0.32186732186732187,0.9809523809523809,2.026737543636941,0.08291403869321795
ensemble (top 5),0.025951744250631216,131,310,275,6,0.389196675900277,0.610803324099723,0.9562043795620438,0.5299145299145299,0.3226600985221675,0.9810126582278481,2.034107498341075,0.08264657405227209
ensemble (top 5),0.02597552879984022,131,311,274,6,0.3878116343490305,0.6121883656509695,0.9562043795620438,0.5316239316239316,0.3234567901234568,0.9810725552050473,2.0415312483350205,0.08238082944117153
ensemble (top 5),0.02599047243190645,131,312,273,6,0.3864265927977839,0.6135734072022161,0.9562043795620438,0.5333333333333333,0.32425742574257427,0.9811320754716981,2.0490093847758084,0.08211678832116778
ensemble (top 5),0.026071211465982826,131,313,272,6,0.3850415512465374,0.6149584487534626,0.9562043795620438,0.535042735042735,0.3250620347394541,0.9811912225705329,2.0565425075139547,0.08185443436487012
ensemble (top 5),0.02646038216688439,131,314,271,6,0.38365650969529086,0.6163434903047091,0.9562043795620438,0.5367521367521367,0.32587064676616917,0.98125,2.0641312252538584,0.08159375145288009
ensemble (top 5),0.026635220307360243,131,315,270,6,0.38227146814404434,0.6177285318559557,0.9562043795620438,0.5384615384615384,0.3266832917705736,0.9813084112149533,2.0717761557177616,0.08133472367049
ensemble (top 5),0.02695116963830969,131,316,269,6,0.3808864265927978,0.6191135734072022,0.9562043795620438,0.5401709401709401,0.3275,0.9813664596273292,2.0794779258133667,0.08107733530444415
ensemble (top 5),0.026956672017624982,131,317,268,6,0.37950138504155123,0.6204986149584488,0.9562043795620438,0.5418803418803418,0.3283208020050125,0.9814241486068112,2.0872371718052074,0.08082157083976135
ensemble (top 5),0.02696234020431527,131,318,267,6,0.3781163434903047,0.6218836565096952,0.9562043795620438,0.5435897435897435,0.32914572864321606,0.9814814814814815,2.095054539489871,0.08056741495661746
ensemble (top 5),0.026967978613905243,131,319,266,6,0.3767313019390582,0.6232686980609419,0.9562043795620438,0.5452991452991452,0.32997481108312343,0.9815384615384616,2.1029306843751714,0.08031485252728636
ensemble (top 5),0.02708351528854459,131,320,265,6,0.37534626038781166,0.6246537396121883,0.9562043795620438,0.5470085470085471,0.33080808080808083,0.9815950920245399,2.11086627186338,0.08006386861313858
ensemble (top 5),0.02748771823699215,131,321,264,6,0.3739612188365651,0.6260387811634349,0.9562043795620438,0.5487179487179488,0.33164556962025316,0.981651376146789,2.11886197743862,0.07981444846169578
ensemble (top 5),0.027637549292449742,131,322,263,6,0.37257617728531855,0.6274238227146814,0.9562043795620438,0.5504273504273505,0.33248730964467005,0.9817073170731707,2.1269184868585387,0.0795665775037402
ensemble (top 5),0.02813772094500385,131,323,262,6,0.37119113573407203,0.628808864265928,0.9562043795620438,0.5521367521367522,0.3333333333333333,0.9817629179331308,2.135036496350365,0.07932024135047785
ensemble (top 5),0.028220713223168374,131,324,261,6,0.3698060941828255,0.6301939058171745,0.9562043795620438,0.5538461538461539,0.33418367346938777,0.9818181818181818,2.1432167128114776,0.07907542579075416
ensemble (top 5),0.028242412739790817,131,325,260,6,0.3684210526315789,0.631578947368421,0.9562043795620438,0.5555555555555556,0.3350383631713555,0.9818731117824774,2.1514598540145986,0.07883211678832107
ensemble (top 5),0.028510583862040112,131,326,259,6,0.3670360110803324,0.6329639889196677,0.9562043795620438,0.5572649572649573,0.33589743589743587,0.9819277108433735,2.159766648817744,0.07859030047915444
ensemble (top 5),0.028534119641312944,131,327,258,6,0.3656509695290859,0.6343490304709141,0.9562043795620438,0.558974358974359,0.33676092544987146,0.9819819819819819,2.168137837379053,0.07834996316882063
ensemble (top 5),0.02861309368117677,131,328,257,6,0.36426592797783935,0.6357340720221607,0.9562043795620438,0.5606837606837607,0.33762886597938147,0.9820359281437125,2.176574171376637,0.0781110913298913
ensemble (top 5),0.028762851228860364,131,329,256,6,0.3628808864265928,0.6371191135734072,0.9562043795620438,0.5623931623931624,0.3385012919896641,0.982089552238806,2.185076414233577,0.07787367159940531
ensemble (top 5),0.029050870697293264,131,330,255,6,0.36149584487534625,0.6385041551246537,0.9562043795620438,0.5641025641025641,0.3393782383419689,0.9821428571428571,2.193645341348218,0.07763769077637682
ensemble (top 5),0.029133702280718564,131,331,254,6,0.3601108033240997,0.6398891966759003,0.9562043795620438,0.5658119658119658,0.34025974025974026,0.9821958456973294,2.202281740329904,0.07740313581934849
ensemble (top 5),0.02924570198420892,131,332,253,6,0.3587257617728532,0.6412742382271468,0.9562043795620438,0.5675213675213675,0.3411458333333333,0.9822485207100592,2.210986411240299,0.07716999384398901
ensemble (top 5),0.02933564149805846,131,333,252,6,0.3573407202216066,0.6426592797783934,0.9562043795620438,0.5692307692307692,0.34203655352480417,0.9823008849557522,2.2197601668404587,0.07693825212073378
ensemble (top 5),0.02944885842725493,131,334,251,6,0.3559556786703601,0.6440443213296398,0.9562043795620438,0.5709401709401709,0.34293193717277487,0.9823529411764705,2.2286038328438074,0.07670789807246811
ensemble (top 5),0.029484916896701314,131,335,250,6,0.3545706371191136,0.6454293628808865,0.9562043795620438,0.5726495726495726,0.3438320209973753,0.9824046920821115,2.2375182481751823,0.0764789192722518
ensemble (top 5),0.03009718559184247,131,336,249,6,0.35318559556786705,0.6468144044321329,0.9562043795620438,0.5743589743589743,0.3447368421052632,0.9824561403508771,2.2465042652361267,0.07625130344108437
ensemble (top 5),0.030179368023038333,131,337,248,6,0.3518005540166205,0.6481994459833795,0.9562043795620438,0.576068376068376,0.34564643799472294,0.9825072886297376,2.255562750176595,0.07602503844571024
ensemble (top 5),0.030751129862444465,131,338,247,6,0.35041551246537395,0.649584487534626,0.9562043795620438,0.5777777777777777,0.34656084656084657,0.9825581395348837,2.2646945831732617,0.07580011229646258
ensemble (top 5),0.030806354985357488,131,339,246,6,0.3490304709141274,0.6509695290858726,0.9562043795620438,0.5794871794871795,0.34748010610079577,0.9826086956521739,2.273900658714617,0.07557651314514556
ensemble (top 5),0.031021627670225115,131,340,245,6,0.3476454293628809,0.6523545706371191,0.9562043795620438,0.5811965811965812,0.3484042553191489,0.9826589595375722,2.2831818858930437,0.07535422928295396
ensemble (top 5),0.0310662430861805,131,341,244,6,0.3462603878116344,0.6537396121883656,0.9562043795620438,0.582905982905983,0.34933333333333333,0.9827089337175793,2.292539188704081,0.07513324913842917
ensemble (top 5),0.03136415068444463,131,342,243,6,0.3448753462603878,0.6551246537396123,0.9562043795620438,0.5846153846153846,0.3502673796791444,0.9827586206896551,2.3019735063530686,0.0749135612754513
ensemble (top 5),0.031458873471335295,131,343,242,6,0.34349030470914127,0.6565096952908587,0.9562043795620438,0.5863247863247864,0.3512064343163539,0.9828080229226361,2.3114857935694038,0.07469515439126632
ensemble (top 5),0.03150756121851219,130,343,242,7,0.3448753462603878,0.6551246537396123,0.948905109489051,0.5863247863247864,0.34946236559139787,0.98,2.2938408638474996,0.0871443467898109
ensemble (top 5),0.031576673612319264,130,344,241,7,0.34349030470914127,0.6565096952908587,0.948905109489051,0.588034188034188,0.3504043126684636,0.98005698005698,2.303358875730684,0.08689102020030563
ensemble (top 5),0.031665542849327696,130,345,240,7,0.34210526315789475,0.6578947368421053,0.948905109489051,0.5897435897435898,0.35135135135135137,0.9801136363636364,2.312956204379562,0.08663916217073953
ensemble (top 5),0.031772880984706535,130,346,239,7,0.3407202216066482,0.6592797783933517,0.948905109489051,0.5914529914529915,0.3523035230352303,0.9801699716713881,2.3226338454020707,0.08638875996793392
ensemble (top 5),0.03215251649787404,130,347,238,7,0.33933518005540164,0.6606648199445984,0.948905109489051,0.5931623931623932,0.3532608695652174,0.980225988700565,2.332392811139054,0.0861398010054903
ensemble (top 5),0.03215767641242332,130,348,237,7,0.3379501385041551,0.6620498614958449,0.948905109489051,0.5948717948717949,0.3542234332425068,0.9802816901408451,2.342234131017278,0.08589227284168142
ensemble (top 5),0.03251549669817817,130,349,236,7,0.3365650969529086,0.6634349030470914,0.948905109489051,0.5965811965811966,0.3551912568306011,0.9803370786516854,2.352158851911419,0.08564616317737862
ensemble (top 5),0.03270651930495137,130,350,235,7,0.33518005540166207,0.6648199445983379,0.948905109489051,0.5982905982905983,0.3561643835616438,0.9803921568627451,2.362168038515297,0.08540145985401468
ensemble (top 5),0.032734639937404345,130,351,234,7,0.3337950138504155,0.6662049861495845,0.948905109489051,0.6,0.35714285714285715,0.9804469273743017,2.3722627737226274,0.0851581508515816
ensemble (top 5),0.03282925923404559,130,352,233,7,0.33240997229916897,0.6675900277008311,0.948905109489051,0.6017094017094017,0.3581267217630854,0.9805013927576601,2.3824441590175742,0.08491622428666233
ensemble (top 5),0.03296379428726716,130,353,232,7,0.33102493074792244,0.6689750692520775,0.948905109489051,0.6034188034188034,0.35911602209944754,0.9805555555555555,2.3927133148754085,0.08467566841049615
ensemble (top 5),0.03304783292117804,130,354,231,7,0.3296398891966759,0.6703601108033241,0.948905109489051,0.6051282051282051,0.3601108033240997,0.9806094182825484,2.4030713811735707,0.08443647160707667
ensemble (top 5),0.033199277968116156,130,355,230,7,0.32825484764542934,0.6717451523545707,0.948905109489051,0.6068376068376068,0.3611111111111111,0.9806629834254144,2.4135195176134556,0.08419862239128209
ensemble (top 5),0.03330424915678145,129,355,230,8,0.3296398891966759,0.6703601108033241,0.9416058394160584,0.6068376068376068,0.3593314763231198,0.977961432506887,2.394953982862583,0.09622699701860807
ensemble (top 5),0.03362493044321215,129,356,229,8,0.32825484764542934,0.6717451523545707,0.9416058394160584,0.6085470085470085,0.36033519553072624,0.978021978021978,2.4054122971982275,0.09595669646518501
ensemble (top 5),0.03383644577744199,129,357,228,8,0.3268698060941828,0.6731301939058172,0.9416058394160584,0.6102564102564103,0.36134453781512604,0.9780821917808219,2.415962351133308,0.09568791020057664
ensemble (top 5),0.034381565423158775,129,358,227,8,0.3254847645429363,0.6745152354570637,0.9416058394160584,0.611965811965812,0.36235955056179775,0.9781420765027322,2.426605357085437,0.0954206255352119
ensemble (top 5),0.03448685112634958,129,359,226,8,0.32409972299168976,0.6759002770083102,0.9416058394160584,0.6136752136752137,0.36338028169014086,0.9782016348773842,2.437342548930948,0.0951548299209077
ensemble (top 5),0.034877942836969635,129,360,225,8,0.32271468144044324,0.6772853185595568,0.9416058394160584,0.6153846153846154,0.3644067796610169,0.9782608695652174,2.448175182481752,0.09489051094890517
ensemble (top 5),0.03491280767270845,129,362,223,8,0.31994459833795014,0.6800554016620499,0.9416058394160584,0.6188034188034188,0.3664772727272727,0.9783783783783784,2.4701319105757586,0.09436625398233664
ensemble (top 5),0.03499696168191473,129,363,222,8,0.3185595567867036,0.6814404432132963,0.9416058394160584,0.6205128205128205,0.36752136752136755,0.9784366576819407,2.4812586308936675,0.09410629185015389
ensemble (top 5),0.03514312312555484,129,364,221,8,0.3171745152354571,0.682825484764543,0.9416058394160584,0.6222222222222222,0.36857142857142855,0.978494623655914,2.4924860455130955,0.09384775808133479
ensemble (top 5),0.03533236420083519,128,364,221,9,0.3185595567867036,0.6814404432132963,0.9343065693430657,0.6222222222222222,0.3667621776504298,0.9758713136729222,2.4731644482610564,0.10557872784150162
ensemble (top 5),0.03544215379138402,128,365,220,9,0.3171745152354571,0.682825484764543,0.9343065693430657,0.6239316239316239,0.367816091954023,0.9759358288770054,2.484406104844061,0.10528947105289475
ensemble (top 5),0.0354616441498194,128,366,219,9,0.3157894736842105,0.6842105263157895,0.9343065693430657,0.6256410256410256,0.3688760806916426,0.976,2.495750424957504,0.10500179490247702
ensemble (top 5),0.03546558282402279,128,367,218,9,0.314404432132964,0.685595567867036,0.9343065693430657,0.6273504273504273,0.3699421965317919,0.976063829787234,2.5071988214022634,0.10471568646950023
ensemble (top 5),0.03574122689530353,128,368,217,9,0.31301939058171746,0.6869806094182825,0.9343065693430657,0.629059829059829,0.3710144927536232,0.9761273209549072,2.5187527330216284,0.1044311329736592
ensemble (top 5),0.03590374250739844,127,368,217,10,0.314404432132964,0.685595567867036,0.927007299270073,0.629059829059829,0.3691860465116279,0.9735449735449735,2.4990749772948972,0.11603459219295466
ensemble (top 5),0.03601892027306068,127,369,216,10,0.31301939058171746,0.6869806094182825,0.927007299270073,0.6307692307692307,0.37026239067055394,0.9736147757255936,2.5106447688564475,0.11572013530354286
ensemble (top 5),0.0360790658943579,127,370,215,10,0.31163434903047094,0.6883656509695291,0.927007299270073,0.6324786324786325,0.3713450292397661,0.9736842105263158,2.5223221863860124,0.11540737818110085
ensemble (top 5),0.03623225683347905,126,370,215,11,0.31301939058171746,0.6869806094182825,0.9197080291970803,0.6324786324786325,0.36950146627565983,0.9711286089238845,2.5024613817687995,0.1269481159992109
ensemble (top 5),0.03629284525792319,126,371,214,11,0.31163434903047094,0.6883656509695291,0.9197080291970803,0.6341880341880342,0.37058823529411766,0.9712041884816754,2.5141551265434203,0.12660593778897045
ensemble (top 5),0.037023153523118836,126,372,213,11,0.31024930747922436,0.6897506925207757,0.9197080291970803,0.6358974358974359,0.37168141592920356,0.9712793733681462,2.5259586717384597,0.126265599246527
ensemble (top 5),0.037157807855372094,125,372,213,12,0.31163434903047094,0.6883656509695291,0.9124087591240876,0.6358974358974359,0.3698224852071006,0.96875,2.5059113806929165,0.13774429008712033
ensemble (top 5),0.037525460979045855,125,373,212,12,0.31024930747922436,0.6897506925207757,0.9124087591240876,0.6376068376068376,0.37091988130563797,0.9688311688311688,2.517731717394298,0.1373750024461361
ensemble (top 5),0.037662253085554195,125,374,211,12,0.30886426592797783,0.6911357340720221,0.9124087591240876,0.6393162393162393,0.37202380952380953,0.9689119170984456,2.529664095201854,0.13700768960537102
ensemble (top 5),0.03885892706909132,125,375,210,12,0.3074792243767313,0.6925207756232687,0.9124087591240876,0.6410256410256411,0.373134328358209,0.9689922480620154,2.541710114702816,0.13664233576642335
ensemble (top 5),0.03896966351041429,125,376,209,12,0.3060941828254848,0.6939058171745152,0.9124087591240876,0.6427350427350428,0.37425149700598803,0.9690721649484536,2.553871407117662,0.13627892529895946
ensemble (top 5),0.039303889158082576,125,377,208,12,0.3047091412742382,0.6952908587257618,0.9124087591240876,0.6444444444444445,0.37537537537537535,0.9691516709511568,2.5661496350364965,0.13591744273848477
ensemble (top 5),0.039368176165007665,125,378,207,12,0.3033240997229917,0.6966759002770083,0.9124087591240876,0.6461538461538462,0.37650602409638556,0.9692307692307692,2.5785464931767694,0.13555787278415016
ensemble (top 5),0.03943789580067756,125,379,206,12,0.30193905817174516,0.6980609418282548,0.9124087591240876,0.6478632478632479,0.3776435045317221,0.969309462915601,2.5910637091630644,0.13520020029659302
ensemble (top 5),0.03964135764938507,125,380,205,12,0.30055401662049863,0.6994459833795014,0.9124087591240876,0.6495726495726496,0.3787878787878788,0.9693877551020408,2.6037030443297136,0.13484441029581254
ensemble (top 5),0.03974143004311217,125,381,204,12,0.29916897506925205,0.7008310249307479,0.9124087591240876,0.6512820512820513,0.3799392097264438,0.9694656488549618,2.616466294547016,0.13449048795907811
ensemble (top 5),0.03992508128728989,125,382,203,12,0.29778393351800553,0.7022160664819945,0.9124087591240876,0.652991452991453,0.38109756097560976,0.9695431472081218,2.629355291071878,0.1341384186188711
ensemble (top 5),0.0399835962421318,125,383,202,12,0.296398891966759,0.7036011080332409,0.9124087591240876,0.6547008547008547,0.382262996941896,0.9696202531645569,2.642371901423719,0.13378818776085838
ensemble (top 5),0.04000085057397198,125,384,201,12,0.2950138504155125,0.7049861495844876,0.9124087591240876,0.6564102564102564,0.3834355828220859,0.9696969696969697,2.655518030286524,0.13343978102189782
ensemble (top 5),0.040101364451942845,125,385,200,12,0.29362880886426596,0.706371191135734,0.9124087591240876,0.6581196581196581,0.38461538461538464,0.9697732997481109,2.668795620437956,0.1330931841880747
ensemble (top 5),0.04026757255442094,125,386,199,12,0.2922437673130194,0.7077562326869806,0.9124087591240876,0.6598290598290598,0.38580246913580246,0.9698492462311558,2.6822066537064884,0.13274838319276883
ensemble (top 5),0.04045697293450608,125,387,198,12,0.29085872576177285,0.7091412742382271,0.9124087591240876,0.6615384615384615,0.38699690402476783,0.9699248120300752,2.6957531519575313,0.13240536411475132
ensemble (top 5),0.04050155382030261,125,388,197,12,0.2894736842105263,0.7105263157894737,0.9124087591240876,0.6632478632478632,0.38819875776397517,0.97,2.7094371781096,0.13206411317631125
ensemble (top 5),0.0408574936184509,125,389,196,12,0.2880886426592798,0.7119113573407202,0.9124087591240876,0.6649572649572649,0.3894080996884735,0.970074812967581,2.723260837181588,0.1317246167414107
ensemble (top 5),0.04184358753701628,125,390,195,12,0.2867036011080332,0.7132963988919667,0.9124087591240876,0.6666666666666666,0.390625,0.9701492537313433,2.7372262773722627,0.13138686131386862
ensemble (top 5),0.04196436649474615,125,391,194,12,0.2853185595567867,0.7146814404432134,0.9124087591240876,0.6683760683760683,0.39184952978056425,0.9702233250620348,2.7513356911731504,0.1310508335355723
ensemble (top 5),0.04245287992781553,125,392,193,12,0.2839335180055402,0.7160664819944598,0.9124087591240876,0.67008547008547,0.39308176100628933,0.9702970297029703,2.765591316516016,0.13071652018471625
ensemble (top 5),0.042647367977512445,125,393,192,12,0.28254847645429365,0.7174515235457064,0.9124087591240876,0.6717948717948717,0.3943217665615142,0.9703703703703703,2.7799954379562037,0.1303839081740681
ensemble (top 5),0.04296566544305393,124,393,192,13,0.2839335180055402,0.7160664819944598,0.9051094890510949,0.6717948717948717,0.3924050632911392,0.9679802955665024,2.757755474452554,0.14124923385524044
ensemble (top 5),0.043872599657913146,124,394,191,13,0.28254847645429365,0.7174515235457064,0.9051094890510949,0.6735042735042736,0.39365079365079364,0.9680589680589681,2.772193984790003,0.14089073326169918
ensemble (top 5),0.04388981856799075,124,395,190,13,0.28116343490304707,0.7188365650969529,0.9051094890510949,0.6752136752136753,0.39490445859872614,0.9681372549019608,2.7867844794467924,0.14053404786103665
ensemble (top 5),0.04402337159040022,124,396,189,13,0.27977839335180055,0.7202216066481995,0.9051094890510949,0.676923076923077,0.3961661341853035,0.9682151589242054,2.8015293708724367,0.14017916390179164
ensemble (top 5),0.04413809735955152,123,396,189,14,0.28116343490304707,0.7188365650969529,0.8978102189781022,0.676923076923077,0.3942307692307692,0.9658536585365853,2.7789363920750785,0.15096217650962174
ensemble (top 5),0.04428933892606596,123,397,188,14,0.27977839335180055,0.7202216066481995,0.8978102189781022,0.6786324786324787,0.3954983922829582,0.9659367396593674,2.7937179686286693,0.150581919138061
ensemble (top 5),0.04455665298088755,123,398,187,14,0.278393351800554,0.721606648199446,0.8978102189781022,0.6803418803418804,0.3967741935483871,0.9660194174757282,2.808657636910106,0.15020357260756334
ensemble (top 5),0.0455842399750216,122,398,187,15,0.27977839335180055,0.7202216066481995,0.8905109489051095,0.6803418803418804,0.3948220064724919,0.9636803874092009,2.7858230219758777,0.16093239922238928
ensemble (top 5),0.04571866669737729,122,399,186,15,0.278393351800554,0.721606648199446,0.8905109489051095,0.6820512820512821,0.3961038961038961,0.9637681159420289,2.80080056510478,0.16052905987596724
ensemble (top 5),0.04585603922016997,122,400,185,15,0.2770083102493075,0.7229916897506925,0.8905109489051095,0.6837606837606838,0.3973941368078176,0.963855421686747,2.81594002761886,0.16012773722627732
ensemble (top 5),0.04595716862673536,122,401,184,15,0.2756232686980609,0.7243767313019391,0.8905109489051095,0.6854700854700855,0.39869281045751637,0.9639423076923077,2.8312440495080926,0.1597284161858128
ensemble (top 5),0.04595909678252116,122,402,183,15,0.2742382271468144,0.7257617728531855,0.8905109489051095,0.6871794871794872,0.4,0.9640287769784173,2.8467153284671536,0.15933108181719138
ensemble (top 5),0.04643691522968655,122,403,182,15,0.27285318559556787,0.7271468144044322,0.8905109489051095,0.6888888888888889,0.40131578947368424,0.9641148325358851,2.8623566214807092,0.15893571933129264
ensemble (top 5),0.04672772484409376,122,404,181,15,0.27146814404432135,0.7285318559556786,0.8905109489051095,0.6905982905982906,0.40264026402640263,0.964200477326969,2.8781707464612656,0.1585423140854231
ensemble (top 5),0.046772337940529096,122,405,180,15,0.27008310249307477,0.7299168975069252,0.8905109489051095,0.6923076923076923,0.40397350993377484,0.9642857142857143,2.8941605839416056,0.1581508515815085
ensemble (top 5),0.047146328068295947,122,406,179,15,0.26869806094182824,0.7313019390581718,0.8905109489051095,0.694017094017094,0.4053156146179402,0.9643705463182898,2.910329078823961,0.15776131746431266
ensemble (top 5),0.04732430941475325,122,407,178,15,0.2673130193905817,0.7326869806094183,0.8905109489051095,0.6957264957264957,0.4066666666666667,0.9644549763033176,2.9266792421881407,0.1573736975196829
ensemble (top 5),0.04803164976503059,122,408,177,15,0.2659279778393352,0.7340720221606648,0.8905109489051095,0.6974358974358974,0.4080267558528428,0.9645390070921985,2.943214153160955,0.15698797767282094
ensemble (top 5),0.04808476422360564,122,409,176,15,0.26454293628808867,0.7354570637119113,0.8905109489051095,0.6991452991452991,0.40939597315436244,0.964622641509434,2.9599369608493693,0.15660414398657932
ensemble (top 5),0.0481437129153672,122,410,175,15,0.2631578947368421,0.736842105263158,0.8905109489051095,0.7008547008547008,0.4107744107744108,0.9647058823529412,2.976850886339937,0.15622218265978277
ensemble (top 5),0.048153190438783654,122,411,174,15,0.26177285318559557,0.7382271468144044,0.8905109489051095,0.7025641025641025,0.41216216216216217,0.9647887323943662,2.993959224767178,0.15584208002557406
ensemble (top 5),0.04830793479620403,122,412,173,15,0.26038781163434904,0.739612188365651,0.8905109489051095,0.7042735042735043,0.4135593220338983,0.9648711943793911,3.0112653474536946,0.1554638225497838
ensemble (top 5),0.049317298768744466,121,412,173,16,0.26177285318559557,0.7382271468144044,0.8832116788321168,0.7042735042735043,0.41156462585034015,0.9626168224299065,2.9865828446057137,0.16582807738643607
ensemble (top 5),0.0495379044897553,121,413,172,16,0.26038781163434904,0.739612188365651,0.8832116788321168,0.705982905982906,0.4129692832764505,0.9627039627039627,3.003946698353421,0.1654265566179459
ensemble (top 5),0.050376332702766466,121,414,171,16,0.2590027700831025,0.7409972299168974,0.8832116788321168,0.7076923076923077,0.4143835616438356,0.9627906976744186,3.021513638109874,0.16502697556331317
ensemble (top 5),0.05059662868009367,121,415,170,16,0.25761772853185594,0.7423822714681441,0.8832116788321168,0.7094017094017094,0.41580756013745707,0.962877030162413,3.039287247745814,0.16462932020051002
ensemble (top 5),0.050767474894160135,121,416,169,16,0.2562326869806094,0.7437673130193906,0.8832116788321168,0.7111111111111111,0.41724137931034483,0.9629629629629629,3.0572711959573278,0.1642335766423357
ensemble (top 5),0.05106333028812049,121,417,168,16,0.2548476454293629,0.7451523545706371,0.8832116788321168,0.7128205128205128,0.4186851211072664,0.9630484988452656,3.075469238790407,0.16383973113480013
ensemble (top 5),0.051296088866153756,121,418,167,16,0.25346260387811637,0.7465373961218836,0.8832116788321168,0.7145299145299145,0.4201388888888889,0.9631336405529954,3.0938852222562176,0.1634477700555303
ensemble (top 5),0.05199051343933868,121,419,166,16,0.2520775623268698,0.7479224376731302,0.8832116788321168,0.7162393162393162,0.42160278745644597,0.9632183908045977,3.112523085040894,0.16305767991219966
ensemble (top 5),0.05373630140470061,121,420,165,16,0.25069252077562326,0.7493074792243768,0.8832116788321168,0.717948717948718,0.4230769230769231,0.963302752293578,3.1313868613138687,0.16266944734098016
ensemble (top 5),0.055515452142787504,121,421,164,16,0.24930747922437674,0.7506925207756232,0.8832116788321168,0.7196581196581197,0.4245614035087719,0.9633867276887872,3.1504806836389534,0.1622830591050158
ensemble (top 5),0.056350804208050276,121,422,163,16,0.24792243767313019,0.7520775623268698,0.8832116788321168,0.7213675213675214,0.426056338028169,0.9634703196347032,3.1698087859925663,0.16189850209291862
ensemble (top 5),0.05669971251531085,121,423,162,16,0.24653739612188366,0.7534626038781164,0.8832116788321168,0.7230769230769231,0.4275618374558304,0.9635535307517085,3.189375506893755,0.16151576331728526
ensemble (top 5),0.056820778552096406,121,424,161,16,0.2451523545706371,0.7548476454293629,0.8832116788321168,0.7247863247863248,0.42907801418439717,0.9636363636363636,3.209185292650859,0.16113482991323505
ensemble (top 5),0.05719098109516616,121,425,160,16,0.24376731301939059,0.7562326869806094,0.8832116788321168,0.7264957264957265,0.4306049822064057,0.963718820861678,3.2292427007299267,0.1607556891369686
ensemble (top 5),0.0576030222036706,121,426,159,16,0.24238227146814403,0.7576177285318559,0.8832116788321168,0.7282051282051282,0.43214285714285716,0.9638009049773756,3.2495524032502408,0.16037832836434662
ensemble (top 5),0.058626046719392956,121,427,158,16,0.2409972299168975,0.7590027700831025,0.8832116788321168,0.7299145299145299,0.4336917562724014,0.963882618510158,3.270119190612584,0.16000273508948867
ensemble (top 5),0.059038921564087056,121,428,157,16,0.23961218836565096,0.760387811634349,0.8832116788321168,0.7316239316239316,0.4352517985611511,0.963963963963964,3.290947975266167,0.15962889692339174
ensemble (top 5),0.0592218547134595,121,429,156,16,0.23822714681440443,0.7617728531855956,0.8832116788321168,0.7333333333333333,0.4368231046931408,0.9640449438202248,3.3120437956204376,0.15925680159256797
ensemble (top 5),0.05976796913582303,121,430,155,16,0.23684210526315788,0.7631578947368421,0.8832116788321168,0.7350427350427351,0.4384057971014493,0.9641255605381166,3.3334118201083127,0.15888643693770152
ensemble (top 5),0.060098914029837434,121,431,154,16,0.23545706371191136,0.7645429362880887,0.8832116788321168,0.7367521367521368,0.44,0.9642058165548099,3.355057351407717,0.15851779091232404
ensemble (top 5),0.06052416093231727,121,432,153,16,0.23407202216066483,0.7659279778393352,0.8832116788321168,0.7384615384615385,0.4416058394160584,0.9642857142857143,3.3769858308286826,0.15815085158150846
ensemble (top 5),0.061163641284738814,120,432,153,17,0.23545706371191136,0.7645429362880887,0.8759124087591241,0.7384615384615385,0.43956043956043955,0.9621380846325167,3.349076857020181,0.16803527980535274
ensemble (top 5),0.0621857263196822,120,433,152,17,0.23407202216066483,0.7659279778393352,0.8759124087591241,0.7401709401709402,0.4411764705882353,0.9622222222222222,3.371110257395314,0.16764720756561752
ensemble (top 5),0.06243160698822127,119,433,152,18,0.23545706371191136,0.7645429362880887,0.8686131386861314,0.7401709401709402,0.43911439114391143,0.9600886917960089,3.3430176719170195,0.17750880801065383
ensemble (top 5),0.06286674583317768,119,434,151,18,0.23407202216066483,0.7659279778393352,0.8686131386861314,0.7418803418803419,0.44074074074074077,0.9601769911504425,3.3651568617972645,0.1770998015405832
ensemble (top 5),0.0641971036964053,119,435,150,18,0.23268698060941828,0.7673130193905817,0.8686131386861314,0.7435897435897436,0.4423791821561338,0.9602649006622517,3.387591240875913,0.17669267556003013
ensemble (top 5),0.06547589543443619,119,436,149,18,0.23130193905817176,0.7686980609418282,0.8686131386861314,0.7452991452991453,0.44402985074626866,0.960352422907489,3.410326752559644,0.17628741712984658
ensemble (top 5),0.065650213413034,119,437,148,18,0.2299168975069252,0.7700831024930748,0.8686131386861314,0.747008547008547,0.44569288389513106,0.9604395604395605,3.4333695008877494,0.1758840134293206
ensemble (top 5),0.06590173560969045,118,437,148,19,0.23130193905817176,0.7686980609418282,0.8613138686131386,0.747008547008547,0.44360902255639095,0.9583333333333334,3.404517656342474,0.18565534750872745
ensemble (top 5),0.06631364273953659,118,438,147,19,0.2299168975069252,0.7700831024930748,0.8613138686131386,0.7487179487179487,0.44528301886792454,0.9584245076586433,3.4276776403992253,0.18523147685231484
ensemble (top 5),0.06651122117939129,118,439,146,19,0.22853185595567868,0.7714681440443213,0.8613138686131386,0.7504273504273504,0.44696969696969696,0.9585152838427947,3.4511548845115487,0.18480953726950775
ensemble (top 5),0.06713222525032865,117,439,146,20,0.2299168975069252,0.7700831024930748,0.8540145985401459,0.7504273504273504,0.4448669201520912,0.9564270152505446,3.421907809219078,0.19453635502053446
ensemble (top 5),0.0671781583552882,116,439,146,21,0.23130193905817176,0.7686980609418282,0.8467153284671532,0.7504273504273504,0.44274809160305345,0.9543478260869566,3.3926607339266073,0.20426317277156117
ensemble (top 5),0.06739216352625517,115,439,146,22,0.23268698060941828,0.7673130193905817,0.8394160583941606,0.7504273504273504,0.44061302681992337,0.9522776572668112,3.3634136586341365,0.21398999052258788
ensemble (top 5),0.07027942982038453,115,440,145,22,0.23130193905817176,0.7686980609418282,0.8394160583941606,0.7521367521367521,0.4423076923076923,0.9523809523809523,3.386609614900579,0.21350364963503654
ensemble (top 5),0.07028679667512935,115,441,144,22,0.2299168975069252,0.7700831024930748,0.8394160583941606,0.7538461538461538,0.444015444015444,0.9524838012958964,3.410127737226277,0.21301951437509314
ensemble (top 5),0.07037709759346206,114,441,144,23,0.23130193905817176,0.7686980609418282,0.8321167883211679,0.7538461538461538,0.4418604651162791,0.9504310344827587,3.3804744525547443,0.222702219573961
ensemble (top 5),0.07038969591995477,114,442,143,23,0.2299168975069252,0.7700831024930748,0.8321167883211679,0.7555555555555555,0.44357976653696496,0.9505376344086022,3.404114134041141,0.2221983683984543
ensemble (top 5),0.07083670634791163,114,443,142,23,0.22853185595567868,0.7714681440443213,0.8321167883211679,0.7572649572649572,0.4453125,0.9506437768240343,3.4280867687879093,0.2216967919460876
ensemble (top 5),0.07093966022464292,114,444,141,23,0.22714681440443213,0.7728531855955678,0.8321167883211679,0.7589743589743589,0.4470588235294118,0.9507494646680942,3.4523994409069725,0.22119747484710992
ensemble (top 5),0.07096144369149063,114,445,140,23,0.2257617728531856,0.7742382271468145,0.8321167883211679,0.7606837606837606,0.44881889763779526,0.9508547008547008,3.477059436913451,0.2207004018699254
ensemble (top 5),0.07180153935303334,114,446,139,23,0.22437673130193905,0.775623268698061,0.8321167883211679,0.7623931623931623,0.4505928853754941,0.9509594882729211,3.502074253006353,0.2202055579195444
ensemble (top 5),0.07206459609041986,114,448,137,23,0.22160664819944598,0.778393351800554,0.8321167883211679,0.7658119658119659,0.4541832669322709,0.9511677282377919,3.55319942458309,0.21922249739311783
ensemble (top 5),0.07235518370715852,114,449,136,23,0.22022160664819945,0.7797783933518005,0.8321167883211679,0.7675213675213676,0.456,0.951271186440678,3.5793258909403183,0.21873425129647392
ensemble (top 5),0.0729938867490687,114,450,135,23,0.2188365650969529,0.7811634349030471,0.8321167883211679,0.7692307692307693,0.4578313253012048,0.9513742071881607,3.605839416058395,0.21824817518248177
ensemble (top 5),0.07431754564971542,114,451,134,23,0.21745152354570638,0.7825484764542936,0.8321167883211679,0.770940170940171,0.4596774193548387,0.9514767932489452,3.632748665431965,0.21776425461666696
ensemble (top 5),0.07524641717410738,114,452,133,23,0.21606648199445982,0.7839335180055402,0.8321167883211679,0.7726495726495727,0.46153846153846156,0.9515789473684211,3.660062565172055,0.2172824752922938
ensemble (top 5),0.0754063653955644,114,453,132,23,0.2146814404432133,0.7853185595567866,0.8321167883211679,0.7743589743589744,0.4634146341463415,0.9516806722689075,3.6877903118779036,0.2168028230289554
ensemble (top 5),0.07542444417131673,113,453,132,24,0.21606648199445982,0.7839335180055402,0.8248175182481752,0.7743589743589744,0.46122448979591835,0.949685534591195,3.655441274054413,0.2262290327258665
ensemble (top 5),0.07694061498909122,113,454,131,24,0.2146814404432133,0.7853185595567866,0.8248175182481752,0.7760683760683761,0.46311475409836067,0.9497907949790795,3.6833454059174238,0.22573073089166854
ensemble (top 5),0.07739706167666408,113,455,130,24,0.21329639889196675,0.7867036011080333,0.8248175182481752,0.7777777777777778,0.46502057613168724,0.9498956158663883,3.7116788321167884,0.22523461939520334
ensemble (top 5),0.07831098284089326,113,456,129,24,0.21191135734072022,0.7880886426592798,0.8248175182481752,0.7794871794871795,0.4669421487603306,0.95,3.7404515362417246,0.2247406838263542
ensemble (top 5),0.07831765366637145,113,457,128,24,0.21052631578947367,0.7894736842105263,0.8248175182481752,0.7811965811965812,0.46887966804979253,0.9501039501039501,3.769673813868613,0.22424890990113244
ensemble (top 5),0.07851029300316822,113,458,127,24,0.20914127423822715,0.7908587257617729,0.8248175182481752,0.7829059829059829,0.4708333333333333,0.950207468879668,3.7993562848439564,0.22375928346030027
ensemble (top 5),0.08018348058945632,113,459,126,24,0.2077562326869806,0.7922437673130194,0.8248175182481752,0.7846153846153846,0.47280334728033474,0.9503105590062112,3.8295099061522415,0.22327179046801204
ensemble (top 5),0.0809316840359791,113,460,125,24,0.20637119113573407,0.7936288088642659,0.8248175182481752,0.7863247863247863,0.47478991596638653,0.9504132231404959,3.8601459854014597,0.2227864170104729
ensemble (top 5),0.08127676338776914,112,460,125,25,0.2077562326869806,0.7922437673130194,0.8175182481751825,0.7863247863247863,0.47257383966244726,0.9484536082474226,3.8259854014598536,0.23206918438590923
ensemble (top 5),0.08202514852787046,112,461,124,25,0.20637119113573407,0.7936288088642659,0.8175182481751825,0.788034188034188,0.4745762711864407,0.948559670781893,3.8568401224393685,0.23156578051522397
ensemble (top 5),0.08220783362072137,112,462,123,25,0.20498614958448755,0.7950138504155124,0.8175182481751825,0.7897435897435897,0.4765957446808511,0.9486652977412731,3.888196546199038,0.23106455588207414
ensemble (top 5),0.08226522531148407,111,462,123,26,0.20637119113573407,0.7936288088642659,0.8102189781021898,0.7897435897435897,0.47435897435897434,0.9467213114754098,3.8534805056079753,0.2403071381173571
ensemble (top 5),0.08229715571730932,111,463,122,26,0.20498614958448755,0.7950138504155124,0.8102189781021898,0.7914529914529914,0.47639484978540775,0.9468302658486708,3.885066411391647,0.23978811622077534
ensemble (top 5),0.08248827072727039,111,464,121,26,0.203601108033241,0.7963988919667591,0.8102189781021898,0.7931623931623931,0.47844827586206895,0.9469387755102041,3.9171743982626523,0.2392713314875409
ensemble (top 5),0.08370545019785988,111,465,120,26,0.20221606648199447,0.7977839335180055,0.8102189781021898,0.7948717948717948,0.4805194805194805,0.9470468431771895,3.9498175182481745,0.23875676948434188
ensemble (top 5),0.08399218761738887,110,465,120,27,0.203601108033241,0.7963988919667591,0.8029197080291971,0.7948717948717948,0.4782608695652174,0.9451219512195121,3.914233576642335,0.24793972215681656
ensemble (top 5),0.08498819632612067,110,466,119,27,0.20221606648199447,0.7977839335180055,0.8029197080291971,0.7965811965811965,0.48034934497816595,0.9452332657200812,3.947126295773783,0.24740766266720968
ensemble (top 5),0.08560386361567336,110,467,118,27,0.20083102493074792,0.7991689750692521,0.8029197080291971,0.7982905982905983,0.4824561403508772,0.9453441295546559,3.9805765186193254,0.24687788180496723
ensemble (top 5),0.0856389864398351,110,468,117,27,0.1994459833795014,0.8005540166204986,0.8029197080291971,0.8,0.4845814977973568,0.9454545454545454,4.014598540145986,0.24635036496350363
ensemble (top 5),0.08589461038812245,110,469,116,27,0.19806094182825484,0.8019390581717452,0.8029197080291971,0.8017094017094017,0.48672566371681414,0.9455645161290323,4.049207148250693,0.24582509766080957
ensemble (top 5),0.08600286280291072,110,470,115,27,0.19667590027700832,0.8033240997229917,0.8029197080291971,0.8034188034188035,0.4888888888888889,0.9456740442655935,4.084417645192003,0.245302065538127
ensemble (top 5),0.08637904577905822,110,471,114,27,0.19529085872576177,0.8047091412742382,0.8029197080291971,0.8051282051282052,0.49107142857142855,0.9457831325301205,4.1202458701498275,0.24478125435864054
ensemble (top 5),0.08653237316395021,110,472,113,27,0.19390581717451524,0.8060941828254847,0.8029197080291971,0.8068376068376069,0.49327354260089684,0.9458917835671342,4.156708222983012,0.2442626500061858
ensemble (top 5),0.08747002974240108,110,473,112,27,0.1925207756232687,0.8074792243767313,0.8029197080291971,0.8085470085470086,0.4954954954954955,0.946,4.193821689259646,0.24374623848397398
ensemble (top 5),0.08768667213606818,110,474,111,27,0.19113573407202217,0.8088642659279779,0.8029197080291971,0.8102564102564103,0.497737556561086,0.9461077844311377,4.231603866640364,0.2432320059133327
ensemble (top 5),0.08836825995117006,109,474,111,28,0.1925207756232687,0.8074792243767313,0.7956204379562044,0.8102564102564103,0.4954545454545455,0.9442231075697212,4.193134740579996,0.2522405987249376
ensemble (top 5),0.09117146654283592,108,474,111,29,0.19390581717451524,0.8060941828254847,0.7883211678832117,0.8102564102564103,0.4931506849315068,0.9423459244532804,4.1546656145196295,0.2612491915365425
ensemble (top 5),0.09398111264080282,108,475,110,29,0.1925207756232687,0.8074792243767313,0.7883211678832117,0.811965811965812,0.4954128440366973,0.9424603174603174,4.192435301924354,0.2606991932385708
ensemble (top 5),0.09655545609958276,108,476,109,29,0.19113573407202217,0.8088642659279779,0.7883211678832117,0.8136752136752137,0.4976958525345622,0.9425742574257425,4.230898011116319,0.26015150585781754
ensemble (top 5),0.0966796011203511,107,476,109,30,0.1925207756232687,0.8074792243767313,0.781021897810219,0.8136752136752137,0.49537037037037035,0.9407114624505929,4.191723029531909,0.26912224743912155
ensemble (top 5),0.09721930787854026,107,477,108,30,0.19113573407202217,0.8088642659279779,0.781021897810219,0.8153846153846154,0.49767441860465117,0.9408284023668639,4.230535279805353,0.2685580498553918
ensemble (top 5),0.0976037366027209,107,478,107,30,0.18975069252077562,0.8102493074792244,0.781021897810219,0.8170940170940171,0.5,0.9409448818897638,4.2700729927007295,0.2679962129310081
ensemble (top 5),0.09864650988439091,107,479,106,30,0.1883656509695291,0.8116343490304709,0.781021897810219,0.8188034188034188,0.5023474178403756,0.9410609037328095,4.310356700179039,0.2674367218810478
ensemble (top 5),0.0986541466989122,107,480,105,30,0.18698060941828254,0.8130193905817175,0.781021897810219,0.8205128205128205,0.5047169811320755,0.9411764705882353,4.351407716371219,0.2668795620437956
ensemble (top 5),0.09883253726401035,107,481,104,30,0.18559556786703602,0.814404432132964,0.781021897810219,0.8222222222222222,0.5071090047393365,0.9412915851272016,4.393248175182481,0.26632471887946335
ensemble (top 5),0.09940207641233215,107,482,103,30,0.18421052631578946,0.8157894736842105,0.781021897810219,0.8239316239316239,0.5095238095238095,0.94140625,4.435901070087165,0.26577217796892505
ensemble (top 5),0.09994301477617558,107,483,102,30,0.18282548476454294,0.817174515235457,0.781021897810219,0.8256410256410256,0.5119617224880383,0.9415204678362573,4.479390296264491,0.26522192501246766
ensemble (top 5),0.10157158914066204,107,484,101,30,0.1814404432132964,0.8185595567867037,0.781021897810219,0.8273504273504273,0.5144230769230769,0.9416342412451362,4.5237406952374055,0.2646739458285576
ensemble (top 5),0.10172378617261608,107,485,100,30,0.18005540166204986,0.8199445983379501,0.781021897810219,0.8290598290598291,0.5169082125603864,0.941747572815534,4.568978102189782,0.2641282263526224
ensemble (top 5),0.10276459954483426,107,486,99,30,0.1786703601108033,0.8213296398891967,0.781021897810219,0.8307692307692308,0.5194174757281553,0.9418604651162791,4.615129396151295,0.26358475263584746
ensemble (top 5),0.10349628621710297,106,486,99,31,0.18005540166204986,0.8199445983379501,0.7737226277372263,0.8307692307692308,0.5170731707317073,0.9400386847195358,4.571997345719975,0.27237091105704236
ensemble (top 5),0.10430596070030237,106,487,98,31,0.1786703601108033,0.8213296398891967,0.7737226277372263,0.8324786324786325,0.5196078431372549,0.9401544401544402,4.618650379859974,0.2718116278721203
ensemble (top 5),0.11104400799405383,106,488,97,31,0.1772853185595568,0.8227146814404432,0.7737226277372263,0.8341880341880342,0.5221674876847291,0.9402697495183044,4.666265332229665,0.2712546368313988
ensemble (top 5),0.11198870331182095,106,489,96,31,0.17590027700831026,0.8240997229916898,0.7737226277372263,0.8358974358974359,0.5247524752475248,0.9403846153846154,4.714872262773723,0.27069992387264336
ensemble (top 5),0.11286670309101443,106,490,95,31,0.1745152354570637,0.8254847645429363,0.7737226277372263,0.8376068376068376,0.527363184079602,0.9404990403071017,4.76450249711871,0.27014747504841347
ensemble (top 5),0.11300186078918328,105,490,95,32,0.17590027700831026,0.8240997229916898,0.7664233576642335,0.8376068376068376,0.525,0.9386973180076629,4.719554360353439,0.27886190972739466
ensemble (top 5),0.1179904702555489,105,491,94,32,0.1745152354570637,0.8254847645429363,0.7664233576642335,0.8393162393162393,0.5276381909547738,0.9388145315487572,4.769762385463581,0.27829396286440605
ensemble (top 5),0.1187041077356101,105,492,93,32,0.1731301939058172,0.8268698060941828,0.7664233576642335,0.841025641025641,0.5303030303030303,0.9389312977099237,4.821050153049211,0.27772832472850284
ensemble (top 5),0.11994034226658723,105,493,92,32,0.17174515235457063,0.8282548476454293,0.7664233576642335,0.8427350427350427,0.5329949238578681,0.939047619047619,4.873452872104094,0.27716498127063566
ensemble (top 5),0.12337632068019042,105,494,91,32,0.1703601108033241,0.8296398891966759,0.7664233576642335,0.8444444444444444,0.5357142857142857,0.9391634980988594,4.927007299270072,0.2766039185555129
ensemble (top 5),0.12724024398103517,105,495,90,32,0.16897506925207756,0.8310249307479225,0.7664233576642335,0.8461538461538461,0.5384615384615384,0.9392789373814042,4.981751824817517,0.2760451227604513
ensemble (top 5),0.1340059448302445,104,495,90,33,0.1703601108033241,0.8296398891966759,0.7591240875912408,0.8461538461538461,0.5360824742268041,0.9375,4.934306569343065,0.28467153284671537
ensemble (top 5),0.13472284477767288,104,496,89,33,0.16897506925207756,0.8310249307479225,0.7591240875912408,0.8478632478632478,0.538860103626943,0.9376181474480151,4.989748216189616,0.28409759830468573
ensemble (top 5),0.13690065604160626,104,497,88,33,0.16759002770083103,0.8324099722991689,0.7591240875912408,0.8495726495726496,0.5416666666666666,0.9377358490566038,5.0464499004644985,0.28352597335839863
ensemble (top 5),0.13828004938949218,104,498,87,33,0.16620498614958448,0.8337950138504155,0.7591240875912408,0.8512820512820513,0.5445026178010471,0.9378531073446328,5.104455071734205,0.28295664409462673
ensemble (top 5),0.13972416805388738,104,499,86,33,0.16481994459833796,0.8351800554016621,0.7591240875912408,0.852991452991453,0.5473684210526316,0.9379699248120301,5.1638092004753,0.2823895967116716
ensemble (top 5),0.14050046652640508,103,499,86,34,0.16620498614958448,0.8337950138504155,0.7518248175182481,0.852991452991453,0.544973544973545,0.9362101313320825,5.114157188932269,0.29094685721808583
ensemble (top 5),0.14069962483581466,102,499,86,35,0.16759002770083103,0.8324099722991689,0.7445255474452555,0.852991452991453,0.5425531914893617,0.9344569288389513,5.064505177389236,0.29950411772450014
ensemble (top 5),0.14088133305546352,102,500,85,35,0.16620498614958448,0.8337950138504155,0.7445255474452555,0.8547008547008547,0.5454545454545454,0.9345794392523364,5.124087591240874,0.29890510948905114
ensemble (top 5),0.1424315454753324,101,500,85,36,0.16759002770083103,0.8324099722991689,0.7372262773722628,0.8547008547008547,0.543010752688172,0.9328358208955224,5.073851438385572,0.30744525547445256
ensemble (top 5),0.14375803479534216,101,501,84,36,0.16620498614958448,0.8337950138504155,0.7372262773722628,0.8564102564102564,0.5459459459459459,0.9329608938547486,5.134254431699685,0.30683159228987283
ensemble (top 5),0.14597128590513977,101,502,83,36,0.16481994459833796,0.8351800554016621,0.7372262773722628,0.8581196581196581,0.5489130434782609,0.9330855018587361,5.1961129188285975,0.3062203739785384
ensemble (top 5),0.14652140951306442,101,503,82,36,0.1634349030470914,0.8365650969529086,0.7372262773722628,0.8598290598290599,0.5519125683060109,0.9332096474953617,5.259480149546023,0.30561158595870036
ensemble (top 5),0.14658205816280345,101,504,81,36,0.16204986149584488,0.8379501385041551,0.7372262773722628,0.8615384615384616,0.554945054945055,0.9333333333333333,5.324412003244122,0.30500521376433787
ensemble (top 5),0.15295850892272153,101,505,80,36,0.16066481994459833,0.8393351800554016,0.7372262773722628,0.8632478632478633,0.5580110497237569,0.933456561922366,5.390967153284673,0.30440124304401245
ensemble (top 5),0.1530840025385874,101,506,79,36,0.1592797783933518,0.8407202216066482,0.7372262773722628,0.864957264957265,0.5611111111111111,0.933579335793358,5.45920724383258,0.3037996595597357
ensemble (top 5),0.15790946557561228,101,507,78,36,0.15789473684210525,0.8421052631578947,0.7372262773722628,0.8666666666666667,0.5642458100558659,0.9337016574585635,5.529197080291972,0.30320044918585065
ensemble (top 5),0.17032620549108818,101,508,77,36,0.15650969529085873,0.8434903047091413,0.7372262773722628,0.8683760683760684,0.5674157303370787,0.9338235294117647,5.601004834581478,0.30260359790792574
ensemble (top 5),0.1759123355769688,101,509,76,36,0.15512465373961218,0.8448753462603878,0.7372262773722628,0.8700854700854701,0.5706214689265536,0.9339449541284404,5.674702266615444,0.30200909182166263
ensemble (top 5),0.17604717653433224,100,509,76,37,0.15650969529085873,0.8434903047091413,0.7299270072992701,0.8700854700854701,0.5681818181818182,0.9322344322344323,5.618517095658856,0.31039823326115323
ensemble (top 5),0.1777804525202344,100,510,75,37,0.15512465373961218,0.8448753462603878,0.7299270072992701,0.8717948717948718,0.5714285714285714,0.9323583180987203,5.693430656934307,0.30978960927436666
ensemble (top 5),0.18019420389836913,100,511,74,37,0.15373961218836565,0.8462603878116344,0.7299270072992701,0.8735042735042735,0.5747126436781609,0.9324817518248175,5.7703689090550405,0.309183367377548
ensemble (top 5),0.1871596222592928,100,512,73,37,0.1523545706371191,0.8476454293628809,0.7299270072992701,0.8752136752136752,0.5780346820809249,0.9326047358834244,5.84941505849415,0.3085794936131387
ensemble (top 5),0.19014645950994108,100,513,72,37,0.15096952908587258,0.8490304709141274,0.7299270072992701,0.8769230769230769,0.5813953488372093,0.9327272727272727,5.930656934306569,0.30797797413241135
ensemble (top 5),0.19048324678059378,100,514,71,37,0.14958448753462603,0.850415512465374,0.7299270072992701,0.8786324786324786,0.5847953216374269,0.9328493647912885,6.014187313662999,0.3073787951944105
ensemble (top 5),0.19350666162255964,100,515,70,37,0.1481994459833795,0.8518005540166205,0.7299270072992701,0.8803418803418803,0.5882352941176471,0.9329710144927537,6.100104275286756,0.3067819431649068
ensemble (top 5),0.1960678770237854,99,515,70,38,0.14958448753462603,0.850415512465374,0.7226277372262774,0.8803418803418803,0.5857988165680473,0.9312839059674503,6.039103232533889,0.3150733470342286
ensemble (top 5),0.19644806300413123,98,515,70,39,0.15096952908587258,0.8490304709141274,0.7153284671532847,0.8803418803418803,0.5833333333333334,0.9296028880866426,5.978102189781021,0.32336475090355044
ensemble (top 5),0.19739413765136624,98,516,69,39,0.14958448753462603,0.850415512465374,0.7153284671532847,0.882051282051282,0.5868263473053892,0.9297297297297298,6.06474135195176,0.3227380750297063
ensemble (top 5),0.2012326339436831,98,517,68,39,0.1481994459833795,0.8518005540166205,0.7153284671532847,0.8837606837606837,0.5903614457831325,0.9298561151079137,6.1539287247745795,0.3221138234339042
ensemble (top 5),0.20661764696402107,98,518,67,39,0.14681440443213298,0.853185595567867,0.7153284671532847,0.8854700854700854,0.593939393939394,0.9299820466786356,6.245778407233901,0.32149198207592367
ensemble (top 5),0.20762104685991617,98,519,66,39,0.14542936288088643,0.8545706371191135,0.7153284671532847,0.8871794871794871,0.5975609756097561,0.9301075268817204,6.340411413404111,0.3208725370237543
ensemble (top 5),0.21179594631944662,97,519,66,40,0.14681440443213298,0.853185595567867,0.708029197080292,0.8871794871794871,0.5950920245398773,0.9284436493738819,6.275713337757131,0.3291000379730813
ensemble (top 5),0.2190087430562647,97,520,65,40,0.14542936288088643,0.8545706371191135,0.708029197080292,0.8888888888888888,0.5987654320987654,0.9285714285714286,6.372262773722625,0.3284671532846715
ensemble (top 5),0.21924701223253704,97,521,64,40,0.1440443213296399,0.8559556786703602,0.708029197080292,0.8905982905982905,0.6024844720496895,0.928698752228164,6.471829379562041,0.32783669809602534
ensemble (top 5),0.22549079469314065,96,521,64,41,0.14542936288088643,0.8545706371191135,0.7007299270072993,0.8905982905982905,0.6,0.9270462633451957,6.405109489051092,0.33603261554842595
ensemble (top 5),0.22762819896131892,96,522,63,41,0.1440443213296399,0.8559556786703602,0.7007299270072993,0.8923076923076924,0.6037735849056604,0.9271758436944938,6.506777893639211,0.3353888749056128
ensemble (top 5),0.2306026931810603,95,522,63,42,0.14542936288088643,0.8545706371191135,0.6934306569343066,0.8923076923076924,0.6012658227848101,0.925531914893617,6.438998957247136,0.3435690913667253
ensemble (top 5),0.2317833058036729,95,523,62,42,0.1440443213296399,0.8559556786703602,0.6934306569343066,0.8940170940170941,0.6050955414012739,0.9256637168141593,6.542853779138218,0.34291217149795533
ensemble (top 5),0.23257375119212007,95,524,61,42,0.14265927977839335,0.8573407202216067,0.6934306569343066,0.8957264957264958,0.6089743589743589,0.9257950530035336,6.650113677156877,0.34225775895692867
ensemble (top 5),0.23550473387629153,94,524,61,43,0.1440443213296399,0.8559556786703602,0.6861313868613139,0.8957264957264958,0.6064516129032258,0.9241622574955908,6.580112480555226,0.3504067532178079
ensemble (top 5),0.23819283913523756,94,525,60,43,0.14265927977839335,0.8573407202216067,0.6861313868613139,0.8974358974358975,0.6103896103896104,0.9242957746478874,6.689781021897812,0.34973931178310735
ensemble (top 5),0.24128720257670128,94,526,59,43,0.14127423822714683,0.8587257617728532,0.6861313868613139,0.8991452991452992,0.6143790849673203,0.9244288224956063,6.80316714091303,0.3490744081485387
ensemble (top 5),0.2414687575600031,93,526,59,44,0.14265927977839335,0.8573407202216067,0.6788321167883211,0.8991452991452992,0.6118421052631579,0.9228070175438596,6.730793022392677,0.3571924176403653
ensemble (top 5),0.24312241587647487,93,527,58,44,0.14127423822714683,0.8587257617728532,0.6788321167883211,0.9008547008547009,0.6158940397350994,0.9229422066549913,6.8468411779511715,0.35651463316666443
ensemble (top 5),0.24389429821333267,93,528,57,44,0.13988919667590027,0.8601108033240997,0.6788321167883211,0.9025641025641026,0.62,0.9230769230769231,6.966961198616981,0.3558394160583942
ensemble (top 5),0.2535254415399481,92,528,57,45,0.14127423822714683,0.8587257617728532,0.6715328467153284,0.9025641025641026,0.6174496644295302,0.9214659685863874,6.89204763734153,0.3639266755142668
ensemble (top 5),0.2606923292761264,92,529,56,45,0.13988919667590027,0.8601108033240997,0.6715328467153284,0.9042735042735043,0.6216216216216216,0.921602787456446,7.015119916579771,0.3632387233866406
ensemble (top 5),0.2611749940253424,92,530,55,45,0.13850415512465375,0.8614958448753463,0.6715328467153284,0.905982905982906,0.6258503401360545,0.9217391304347826,7.142667551426675,0.362553367304779
ensemble (top 5),0.2629397114565366,92,531,54,45,0.1371191135734072,0.8628808864265928,0.6715328467153284,0.9076923076923077,0.6301369863013698,0.921875,7.274939172749391,0.3618705926017568
ensemble (top 5),0.26576126319280763,91,531,54,46,0.13850415512465375,0.8614958448753463,0.6642335766423357,0.9076923076923077,0.6275862068965518,0.9202772963604853,7.195863746958636,0.3699121613262403
ensemble (top 5),0.26611058612793487,90,531,54,47,0.13988919667590027,0.8601108033240997,0.656934306569343,0.9076923076923077,0.625,0.9186851211072664,7.116788321167882,0.37795373005072375
ensemble (top 5),0.2674618286388756,89,531,54,48,0.14127423822714683,0.8587257617728532,0.6496350364963503,0.9076923076923077,0.6223776223776224,0.917098445595855,7.037712895377128,0.3859952987752072
ensemble (top 5),0.26961222843005006,88,531,54,49,0.14265927977839335,0.8573407202216067,0.6423357664233577,0.9076923076923077,0.6197183098591549,0.9155172413793103,6.958637469586375,0.39403686749969075
ensemble (top 5),0.27301279434516834,87,531,54,50,0.1440443213296399,0.8559556786703602,0.635036496350365,0.9076923076923077,0.6170212765957447,0.9139414802065404,6.87956204379562,0.4020784362241742
ensemble (top 5),0.27424512178524185,87,532,53,50,0.14265927977839335,0.8573407202216067,0.635036496350365,0.9094017094017094,0.6214285714285714,0.9140893470790378,7.009365101225725,0.4013226496899182
ensemble (top 5),0.27664714686971337,87,533,52,50,0.14127423822714683,0.8587257617728532,0.635036496350365,0.9111111111111111,0.6258992805755396,0.9142367066895368,7.144160583941605,0.4005696991276482
ensemble (top 5),0.278488730801072,86,533,52,51,0.14265927977839335,0.8573407202216067,0.6277372262773723,0.9111111111111111,0.6231884057971014,0.9126712328767124,7.062043795620436,0.4085810931102012
ensemble (top 5),0.2802756452326184,85,533,52,52,0.1440443213296399,0.8559556786703602,0.6204379562043796,0.9111111111111111,0.6204379562043796,0.9111111111111111,6.979927007299269,0.41659248709275415
ensemble (top 5),0.2813798290964761,85,534,51,52,0.14265927977839335,0.8573407202216067,0.6204379562043796,0.9128205128205128,0.625,0.9112627986348123,7.116788321167881,0.41581235134913475
ensemble (top 5),0.2952959455699813,85,535,50,52,0.14127423822714683,0.8587257617728532,0.6204379562043796,0.9145299145299145,0.6296296296296297,0.9114139693356048,7.259124087591238,0.4150351320008186
ensemble (top 5),0.2953261605200116,84,535,50,53,0.14265927977839335,0.8573407202216067,0.6131386861313869,0.9145299145299145,0.6268656716417911,0.9098639455782312,7.173722627737225,0.4230165768469882
ensemble (top 5),0.3044916783837439,84,536,49,53,0.14127423822714683,0.8587257617728532,0.6131386861313869,0.9162393162393162,0.631578947368421,0.9100169779286927,7.320125130344105,0.4222273668155572
ensemble (top 5),0.3121207663096109,83,536,49,54,0.14265927977839335,0.8573407202216067,0.6058394160583942,0.9162393162393162,0.6287878787878788,0.9084745762711864,7.232980783554295,0.4301939209064168
ensemble (top 5),0.3176152415101358,83,537,48,54,0.14127423822714683,0.8587257617728532,0.6058394160583942,0.9179487179487179,0.6335877862595419,0.9086294416243654,7.383667883211675,0.42939281490845327
ensemble (top 5),0.3223703364053437,83,538,47,54,0.13988919667590027,0.8601108033240997,0.6058394160583942,0.9196581196581196,0.6384615384615384,0.9087837837837838,7.540767199875753,0.4285946869997015
ensemble (top 5),0.33212699931288286,83,539,46,54,0.13850415512465375,0.8614958448753463,0.6058394160583942,0.9213675213675213,0.6434108527131783,0.9089376053962901,7.7046969216121814,0.4277995206045258
ensemble (top 5),0.3329602207716507,83,540,45,54,0.1371191135734072,0.8628808864265928,0.6058394160583942,0.9230769230769231,0.6484375,0.9090909090909091,7.87591240875913,0.4270072992700729
ensemble (top 5),0.3376340114235343,83,541,44,54,0.13573407202216067,0.8642659279778393,0.6058394160583942,0.9247863247863248,0.6535433070866141,0.9092436974789916,8.05491041804911,0.4262180066651375
ensemble (top 5),0.3424636622000545,82,541,44,55,0.1371191135734072,0.8628808864265928,0.5985401459854015,0.9247863247863248,0.6507936507936508,0.9077181208053692,7.957863304578638,0.43411093271449186
ensemble (top 5),0.3463062455417714,81,541,44,56,0.13850415512465375,0.8614958448753463,0.5912408759124088,0.9247863247863248,0.648,0.9061976549413735,7.860816191108167,0.4420038587638463
ensemble (top 5),0.3478928973094823,80,541,44,57,0.13988919667590027,0.8601108033240997,0.583941605839416,0.9247863247863248,0.6451612903225806,0.9046822742474916,7.763769077637694,0.4498967848132008
ensemble (top 5),0.3478946290721041,80,542,43,57,0.13850415512465375,0.8614958448753463,0.583941605839416,0.9264957264957265,0.6504065040650406,0.9048414023372288,7.9443218468850825,0.44906671694454176
ensemble (top 5),0.35090040780908693,79,542,43,58,0.13988919667590027,0.8601108033240997,0.5766423357664233,0.9264957264957265,0.6475409836065574,0.9033333333333333,7.845017823799019,0.4569450803997091
ensemble (top 5),0.355298530408185,79,543,42,58,0.13850415512465375,0.8614958448753463,0.5766423357664233,0.9282051282051282,0.6528925619834711,0.9034941763727121,8.0318039624609,0.4561035609146268
ensemble (top 5),0.35637445580296145,78,543,42,59,0.13988919667590027,0.8601108033240997,0.5693430656934306,0.9282051282051282,0.65,0.9019933554817275,7.930135557872787,0.46396741541315484
ensemble (top 5),0.3923646315818071,77,543,42,60,0.14127423822714683,0.8587257617728532,0.5620437956204379,0.9282051282051282,0.6470588235294118,0.900497512437811,7.828467153284675,0.4718312699116829
ensemble (top 5),0.3988621286494799,77,544,41,60,0.13988919667590027,0.8601108033240997,0.5620437956204379,0.9299145299145299,0.652542372881356,0.9006622516556292,8.01940537653552,0.47096393301846284
ensemble (top 5),0.40105401313156863,77,545,40,60,0.13850415512465375,0.8614958448753463,0.5620437956204379,0.9316239316239316,0.6581196581196581,0.9008264462809917,8.219890510948908,0.4700997790129244
ensemble (top 5),0.4088497560337112,77,546,39,60,0.1371191135734072,0.8628808864265928,0.5620437956204379,0.9333333333333333,0.6637931034482759,0.900990099009901,8.43065693430657,0.46923879040667366
ensemble (top 5),0.41344483924509845,77,547,38,60,0.13573407202216067,0.8642659279778393,0.5620437956204379,0.935042735042735,0.6695652173913044,0.9011532125205931,8.652516327314638,0.4683809498392026
ensemble (top 5),0.4140921998067267,76,547,38,61,0.1371191135734072,0.8628808864265928,0.5547445255474452,0.935042735042735,0.6666666666666666,0.899671052631579,8.54014598540146,0.4761872990031893
ensemble (top 5),0.4148880448054534,76,548,37,61,0.13573407202216067,0.8642659279778393,0.5547445255474452,0.9367521367521368,0.672566371681416,0.8998357963875205,8.77096074176366,0.47531834407800094
ensemble (top 5),0.4182053780996319,75,548,37,62,0.1371191135734072,0.8628808864265928,0.5474452554744526,0.9367521367521368,0.6696428571428571,0.898360655737705,8.65555336358256,0.48311044807927966
ensemble (top 5),0.4221960430659622,75,549,36,62,0.13573407202216067,0.8642659279778393,0.5474452554744526,0.9384615384615385,0.6756756756756757,0.8985270049099836,8.895985401459853,0.4822304654780424
ensemble (top 5),0.42694480856321615,74,549,36,63,0.1371191135734072,0.8628808864265928,0.5401459854014599,0.9384615384615385,0.6727272727272727,0.8970588235294118,8.777372262773723,0.4900083762115592
ensemble (top 5),0.4287893168458764,74,550,35,63,0.13573407202216067,0.8642659279778393,0.5401459854014599,0.9401709401709402,0.6788990825688074,0.8972267536704731,9.0281543274244,0.4891174518911745
ensemble (top 5),0.435994458778301,74,551,34,63,0.13434903047091412,0.8656509695290859,0.5401459854014599,0.9418803418803419,0.6851851851851852,0.8973941368078175,9.293688278230999,0.48822976141587293
ensemble (top 5),0.4405348712226248,74,552,33,63,0.1329639889196676,0.8670360110803323,0.5401459854014599,0.9435897435897436,0.6915887850467289,0.8975609756097561,9.575315195753149,0.4873452872104094
ensemble (top 5),0.4420026092963039,74,553,32,63,0.13157894736842105,0.868421052631579,0.5401459854014599,0.9452991452991453,0.6981132075471698,0.8977272727272727,9.874543795620433,0.48646401182666543
ensemble (top 5),0.4605699660303465,74,554,31,63,0.13019390581717452,0.8698060941828255,0.5401459854014599,0.947008547008547,0.7047619047619048,0.8978930307941653,10.193077466446898,0.4855859179425018
ensemble (top 5),0.46158518176948576,73,554,31,64,0.13157894736842105,0.868421052631579,0.5328467153284672,0.947008547008547,0.7019230769230769,0.8964401294498382,10.055333176359778,0.4932936309257161
ensemble (top 5),0.4689508538546171,73,555,30,64,0.13019390581717452,0.8698060941828255,0.5328467153284672,0.9487179487179487,0.7087378640776699,0.8966074313408724,10.390510948905101,0.4924048135726968
ensemble (top 5),0.47148087926777144,72,555,30,65,0.13157894736842105,0.868421052631579,0.5255474452554745,0.9487179487179487,0.7058823529411765,0.8951612903225806,10.248175182481745,0.5000986387847701
ensemble (top 5),0.4794877436444091,71,555,30,66,0.1329639889196676,0.8670360110803323,0.5182481751824818,0.9487179487179487,0.7029702970297029,0.893719806763285,10.105839416058387,0.5077924639968435
ensemble (top 5),0.48086213462652455,71,556,29,66,0.13157894736842105,0.868421052631579,0.5182481751824818,0.9504273504273504,0.71,0.8938906752411575,10.454316637301778,0.506879168198288
ensemble (top 5),0.48141160133535726,71,557,28,66,0.13019390581717452,0.8698060941828255,0.5182481751824818,0.9521367521367521,0.7171717171717171,0.8940609951845907,10.827685088633983,0.505969151738327
ensemble (top 5),0.4916696141214101,70,557,28,67,0.13157894736842105,0.868421052631579,0.5109489051094891,0.9521367521367521,0.7142857142857143,0.8926282051282052,10.675182481751815,0.5136353510070896
ensemble (top 5),0.4928218889251744,70,558,27,67,0.13019390581717452,0.8698060941828255,0.5109489051094891,0.9538461538461539,0.7216494845360825,0.8928,11.07055961070561,0.5127148575465034
ensemble (top 5),0.5065569308159528,70,559,26,67,0.12880886426592797,0.871191135734072,0.5109489051094891,0.9555555555555556,0.7291666666666666,0.8929712460063898,11.496350364963517,0.5117976574435579
ensemble (top 5),0.5098428860267121,69,559,26,68,0.13019390581717452,0.8698060941828255,0.5036496350364964,0.9555555555555556,0.7263157894736842,0.8915470494417863,11.332116788321182,0.5194364284501781
ensemble (top 5),0.5124761676272784,68,559,26,69,0.13157894736842105,0.868421052631579,0.49635036496350365,0.9555555555555556,0.723404255319149,0.8901273885350318,11.167883211678843,0.5270751994567984
ensemble (top 5),0.515113078877945,68,560,25,69,0.13019390581717452,0.8698060941828255,0.49635036496350365,0.9572649572649573,0.7311827956989247,0.890302066772655,11.614598540145996,0.5261339937434827
ensemble (top 5),0.5254657282135822,68,561,24,69,0.12880886426592797,0.871191135734072,0.49635036496350365,0.958974358974359,0.7391304347826086,0.8904761904761904,12.098540145985412,0.5251961434872555
ensemble (top 5),0.5289314039575709,68,562,23,69,0.12742382271468145,0.8725761772853186,0.49635036496350365,0.9606837606837607,0.7472527472527473,0.8906497622820919,12.624563630593471,0.5242616307764241
ensemble (top 5),0.5304085633078677,67,562,23,70,0.12880886426592797,0.871191135734072,0.48905109489051096,0.9606837606837607,0.7444444444444445,0.8892405063291139,12.438908283084745,0.5318596254253578
ensemble (top 5),0.5326111170716816,67,563,22,70,0.12742382271468145,0.8725761772853186,0.48905109489051096,0.9623931623931624,0.7528089887640449,0.8894154818325435,13.00431320504314,0.5309149369254904
ensemble (top 5),0.5449858470969093,66,563,22,71,0.12880886426592797,0.871191135734072,0.48175182481751827,0.9623931623931624,0.75,0.88801261829653,12.810218978102197,0.5384994360244258
ensemble (top 5),0.5467162798459091,65,563,22,72,0.13019390581717452,0.8698060941828255,0.4744525547445255,0.9623931623931624,0.7471264367816092,0.8866141732283465,12.616124751161255,0.5460839351233616
ensemble (top 5),0.5514064131195756,64,563,22,73,0.13157894736842105,0.868421052631579,0.46715328467153283,0.9623931623931624,0.7441860465116279,0.8852201257861635,12.422030524220313,0.5536684342222972
ensemble (top 5),0.5573981483258121,64,564,21,73,0.13019390581717452,0.8698060941828255,0.46715328467153283,0.9641025641025641,0.7529411764705882,0.8854003139717426,13.01355578727842,0.5526867526013356
ensemble (top 5),0.5599183393601324,64,565,20,73,0.12880886426592797,0.871191135734072,0.46715328467153283,0.9658119658119658,0.7619047619047619,0.8855799373040752,13.664233576642339,0.5517085459595633
ensemble (top 5),0.5626804350424127,63,565,20,74,0.13019390581717452,0.8698060941828255,0.45985401459854014,0.9658119658119658,0.7590361445783133,0.8841940532081377,13.450729927007304,0.5592661972740779
ensemble (top 5),0.565333980557769,62,565,20,75,0.13157894736842105,0.868421052631579,0.45255474452554745,0.9658119658119658,0.7560975609756098,0.8828125,13.237226277372267,0.5668238485885925
ensemble (top 5),0.5709106497845046,61,565,20,76,0.1329639889196676,0.8670360110803323,0.44525547445255476,0.9658119658119658,0.7530864197530864,0.8814352574102964,13.02372262773723,0.574381499903107
ensemble (top 5),0.5754703690420816,61,566,19,76,0.13157894736842105,0.868421052631579,0.44525547445255476,0.9675213675213675,0.7625,0.881619937694704,13.70918171340761,0.5733666915993912
ensemble (top 5),0.5780670383483716,60,566,19,77,0.1329639889196676,0.8670360110803323,0.43795620437956206,0.9675213675213675,0.759493670886076,0.880248833592535,13.484441029581255,0.5809109901730675
ensemble (top 5),0.5832155771426615,59,566,19,78,0.13434903047091412,0.8656509695290859,0.4306569343065693,0.9675213675213675,0.7564102564102564,0.8788819875776398,13.259700345754899,0.5884552887467437
ensemble (top 5),0.5879575970362304,59,567,18,78,0.1329639889196676,0.8670360110803323,0.4306569343065693,0.9692307692307692,0.7662337662337663,0.8790697674418605,13.996350364963503,0.5874174487313173
ensemble (top 5),0.5891757656961265,58,567,18,79,0.13434903047091412,0.8656509695290859,0.4233576642335766,0.9692307692307692,0.7631578947368421,0.8777089783281734,13.759124087591239,0.5949484416637703
ensemble (top 5),0.5901240815652391,57,567,18,80,0.13573407202216067,0.8642659279778393,0.41605839416058393,0.9692307692307692,0.76,0.8763523956723338,13.521897810218977,0.6024794345962229
ensemble (top 5),0.5902567207967737,57,568,17,80,0.13434903047091412,0.8656509695290859,0.41605839416058393,0.9709401709401709,0.7702702702702703,0.8765432098765432,14.317303563761266,0.6014187313663
ensemble (top 5),0.5939025474884834,56,568,17,81,0.13573407202216067,0.8642659279778393,0.40875912408759124,0.9709401709401709,0.7671232876712328,0.8751926040061633,14.066122799484754,0.6089364655083788
ensemble (top 5),0.5993534553122903,55,568,17,82,0.1371191135734072,0.8628808864265928,0.40145985401459855,0.9709401709401709,0.7638888888888888,0.8738461538461538,13.81494203520824,0.6164541996504574
ensemble (top 5),0.6020877134234306,54,568,17,83,0.13850415512465375,0.8614958448753463,0.39416058394160586,0.9709401709401709,0.7605633802816901,0.8725038402457758,13.563761270931728,0.6239719337925362
ensemble (top 5),0.6039102886583299,53,568,17,84,0.13988919667590027,0.8601108033240997,0.38686131386861317,0.9709401709401709,0.7571428571428571,0.8711656441717791,13.312580506655214,0.6314896679346149
ensemble (top 5),0.6201828326173258,53,569,16,84,0.13850415512465375,0.8614958448753463,0.38686131386861317,0.9726495726495726,0.7681159420289855,0.8713629402756509,14.144616788321162,0.630379844265134
ensemble (top 5),0.625493613314446,53,570,15,84,0.1371191135734072,0.8628808864265928,0.38686131386861317,0.9743589743589743,0.7794117647058824,0.8715596330275229,15.087591240875902,0.6292739147137917
ensemble (top 5),0.6315328852274144,52,570,15,85,0.13850415512465375,0.8614958448753463,0.3795620437956204,0.9743589743589743,0.7761194029850746,0.8702290076335878,14.802919708029185,0.6367652708413369
ensemble (top 5),0.6343445659403111,52,571,14,85,0.1371191135734072,0.8628808864265928,0.3795620437956204,0.976068376068376,0.7878787878787878,0.8704268292682927,15.860271115745551,0.6356500952356604
ensemble (top 5),0.6352887483493906,51,571,14,86,0.13850415512465375,0.8614958448753463,0.3722627737226277,0.976068376068376,0.7846153846153846,0.8691019786910198,15.555265901981214,0.6431283316501976
ensemble (top 5),0.6360246697584019,51,572,13,86,0.1371191135734072,0.8628808864265928,0.3722627737226277,0.9777777777777777,0.796875,0.8693009118541033,16.751824817518223,0.6420039814200399
ensemble (top 5),0.6479950346574326,51,573,12,86,0.13573407202216067,0.8642659279778393,0.3722627737226277,0.9794871794871794,0.8095238095238095,0.8694992412746586,18.14781021897807,0.6408835556234953
ensemble (top 5),0.6534212826718908,50,573,12,87,0.1371191135734072,0.8628808864265928,0.36496350364963503,0.9794871794871794,0.8064516129032258,0.8681818181818182,17.791970802919675,0.6483356899912104
ensemble (top 5),0.6539593619756079,49,573,12,88,0.13850415512465375,0.8614958448753463,0.35766423357664234,0.9794871794871794,0.8032786885245902,0.8668683812405447,17.43613138686128,0.6557878243589254
ensemble (top 5),0.6609823057197713,48,573,12,89,0.13988919667590027,0.8601108033240997,0.35036496350364965,0.9794871794871794,0.8,0.8655589123867069,17.08029197080289,0.6632399587266404
ensemble (top 5),0.6706171852272762,47,573,12,90,0.14127423822714683,0.8587257617728532,0.34306569343065696,0.9794871794871794,0.7966101694915254,0.8642533936651584,16.724452554744495,0.6706920930943555
ensemble (top 5),0.676784359603918,46,573,12,91,0.14265927977839335,0.8573407202216067,0.3357664233576642,0.9794871794871794,0.7931034482758621,0.8629518072289156,16.3686131386861,0.6781442274620706
ensemble (top 5),0.6830812470603211,45,573,12,92,0.1440443213296399,0.8559556786703602,0.3284671532846715,0.9794871794871794,0.7894736842105263,0.8616541353383459,16.012773722627706,0.6855963618297857
ensemble (top 5),0.6844169588935782,45,574,11,92,0.14265927977839335,0.8573407202216067,0.3284671532846715,0.9811965811965812,0.8035714285714286,0.8618618618618619,17.468480424684763,0.6844019430809534
ensemble (top 5),0.6873243461449854,44,574,11,93,0.1440443213296399,0.8559556786703602,0.32116788321167883,0.9811965811965812,0.8,0.8605697151424287,17.08029197080288,0.6918410946361809
ensemble (top 5),0.6959524770467831,44,575,10,93,0.14265927977839335,0.8573407202216067,0.32116788321167883,0.9829059829059829,0.8148148148148148,0.8607784431137725,18.788321167883158,0.6906378927324659
ensemble (top 5),0.6981008459507851,43,575,10,94,0.1440443213296399,0.8559556786703602,0.31386861313868614,0.9829059829059829,0.8113207547169812,0.85949177877429,18.361313868613085,0.698064106632815
ensemble (top 5),0.7015790614923967,42,575,10,95,0.14542936288088643,0.8545706371191135,0.30656934306569344,0.9829059829059829,0.8076923076923077,0.8582089552238806,17.934306569343015,0.7054903205331641
ensemble (top 5),0.7046061393809073,41,575,10,96,0.14681440443213298,0.853185595567867,0.29927007299270075,0.9829059829059829,0.803921568627451,0.856929955290611,17.50729927007294,0.7129165344335132
ensemble (top 5),0.7193459193655565,41,576,9,96,0.14542936288088643,0.8545706371191135,0.29927007299270075,0.9846153846153847,0.82,0.8571428571428571,19.452554744525617,0.7116788321167883
ensemble (top 5),0.7279446884183842,41,577,8,96,0.1440443213296399,0.8559556786703602,0.29927007299270075,0.9863247863247864,0.8367346938775511,0.8573551263001485,21.88412408759132,0.7104454199294109
ensemble (top 5),0.7436055389995437,40,577,8,97,0.14542936288088643,0.8545706371191135,0.291970802919708,0.9863247863247864,0.8333333333333334,0.8560830860534124,21.350364963503722,0.7178458930536755
ensemble (top 5),0.7454826404927626,39,577,8,98,0.14681440443213298,0.853185595567867,0.2846715328467153,0.9863247863247864,0.8297872340425532,0.8548148148148148,20.81660583941613,0.7252463661779402
ensemble (top 5),0.7461501335489897,39,578,7,98,0.14542936288088643,0.8545706371191135,0.2846715328467153,0.9880341880341881,0.8478260869565217,0.8550295857988166,23.790406673618435,0.7239916146793625
ensemble (top 5),0.7476320400086734,38,578,7,99,0.14681440443213298,0.853185595567867,0.2773722627737226,0.9880341880341881,0.8444444444444444,0.8537666174298375,23.18039624608976,0.731379284216907
ensemble (top 5),0.749809024038986,37,578,7,100,0.1481994459833795,0.8518005540166205,0.27007299270072993,0.9880341880341881,0.8409090909090909,0.8525073746312685,22.570385818561082,0.7387669537544516
ensemble (top 5),0.7507252774099389,36,578,7,101,0.14958448753462603,0.850415512465374,0.26277372262773724,0.9880341880341881,0.8372093023255814,0.8512518409425626,21.960375391032404,0.746154623291996
ensemble (top 5),0.7536726236842212,35,578,7,102,0.15096952908587258,0.8490304709141274,0.25547445255474455,0.9880341880341881,0.8333333333333334,0.85,21.350364963503726,0.7535422928295405
ensemble (top 5),0.7568023826507275,35,579,6,102,0.14958448753462603,0.850415512465374,0.25547445255474455,0.9897435897435898,0.8536585365853658,0.8502202643171806,24.90875912408768,0.7522408380923565
ensemble (top 5),0.7749232666401019,35,580,5,102,0.1481994459833795,0.8518005540166205,0.25547445255474455,0.9914529914529915,0.875,0.8504398826979472,29.890510948905217,0.7509438711301283
ensemble (top 5),0.7830940543891922,34,580,5,103,0.14958448753462603,0.850415512465374,0.24817518248175183,0.9914529914529915,0.8717948717948718,0.849194729136164,29.036496350365066,0.7583060659451296
ensemble (top 5),0.7844179293371808,33,580,5,104,0.15096952908587258,0.8490304709141274,0.24087591240875914,0.9914529914529915,0.868421052631579,0.847953216374269,28.18248175182492,0.7656682607601308
ensemble (top 5),0.7954259109102388,33,581,4,104,0.14958448753462603,0.850415512465374,0.24087591240875914,0.9931623931623932,0.8918918918918919,0.8481751824817518,35.22810218978115,0.7643504152166538
ensemble (top 5),0.7960329937576388,32,581,4,105,0.15096952908587258,0.8490304709141274,0.23357664233576642,0.9931623931623932,0.8888888888888888,0.8469387755102041,34.16058394160596,0.771699938439891
ensemble (top 5),0.7978780267347172,31,581,4,106,0.1523545706371191,0.8476454293628809,0.22627737226277372,0.9931623931623932,0.8857142857142857,0.8457059679767104,33.09306569343077,0.7790494616631279
ensemble (top 5),0.8012812417303984,30,581,4,107,0.15373961218836565,0.8462603878116344,0.21897810218978103,0.9931623931623932,0.8823529411764706,0.8444767441860465,32.02554744525559,0.7863989848863651
ensemble (top 5),0.8022757614866405,29,581,4,108,0.15512465373961218,0.8448753462603878,0.2116788321167883,0.9931623931623932,0.8787878787878788,0.8432510885341074,30.9580291970804,0.7937485081096022
ensemble (top 5),0.8033780441326055,28,581,4,109,0.15650969529085873,0.8434903047091413,0.20437956204379562,0.9931623931623932,0.875,0.8420289855072464,29.890510948905217,0.8010980313328392
ensemble (top 5),0.8066151767810205,27,581,4,110,0.15789473684210525,0.8421052631578947,0.19708029197080293,0.9931623931623932,0.8709677419354839,0.8408104196816208,28.82299270073003,0.8084475545560762
ensemble (top 5),0.8084696715762805,26,581,4,111,0.1592797783933518,0.8407202216066482,0.1897810218978102,0.9931623931623932,0.8666666666666667,0.8395953757225434,27.755474452554843,0.8157970777793133
ensemble (top 5),0.8237213549961732,25,581,4,112,0.16066481994459833,0.8393351800554016,0.18248175182481752,0.9931623931623932,0.8620689655172413,0.8383838383838383,26.687956204379656,0.8231466010025503
ensemble (top 5),0.834114278709869,24,581,4,113,0.16204986149584488,0.8379501385041551,0.17518248175182483,0.9931623931623932,0.8571428571428571,0.8371757925072046,25.620437956204473,0.8304961242257873
ensemble (top 5),0.8364515877428957,24,582,3,113,0.16066481994459833,0.8393351800554016,0.17518248175182483,0.9948717948717949,0.8888888888888888,0.837410071942446,34.160583941605964,0.8290691549401761
ensemble (top 5),0.8695471733868911,23,582,3,114,0.16204986149584488,0.8379501385041551,0.1678832116788321,0.9948717948717949,0.8846153846153846,0.8362068965517241,32.73722627737238,0.8364060501166378
ensemble (top 5),0.8744128311635274,22,582,3,115,0.1634349030470914,0.8365650969529086,0.16058394160583941,0.9948717948717949,0.88,0.8350071736011477,31.313868613138798,0.8437429452930996
ensemble (top 5),0.8817533994398568,21,582,3,116,0.16481994459833796,0.8351800554016621,0.15328467153284672,0.9948717948717949,0.875,0.833810888252149,29.890510948905217,0.8510798404695612
ensemble (top 5),0.8832996973360435,20,582,3,117,0.16620498614958448,0.8337950138504155,0.145985401459854,0.9948717948717949,0.8695652173913043,0.8326180257510729,28.46715328467163,0.8584167356460229
ensemble (top 5),0.8857659670039911,19,582,3,118,0.16759002770083103,0.8324099722991689,0.1386861313868613,0.9948717948717949,0.8636363636363636,0.8314285714285714,27.04379562043805,0.8657536308224848
ensemble (top 5),0.8862884606383217,18,582,3,119,0.16897506925207756,0.8310249307479225,0.13138686131386862,0.9948717948717949,0.8571428571428571,0.8302425106990015,25.620437956204473,0.8730905259989464
ensemble (top 5),0.8905908445572874,17,582,3,120,0.1703601108033241,0.8296398891966759,0.12408759124087591,0.9948717948717949,0.85,0.8290598290598291,24.197080291970888,0.8804274211754083
ensemble (top 5),0.8936138612721838,16,582,3,121,0.17174515235457063,0.8282548476454293,0.11678832116788321,0.9948717948717949,0.8421052631578947,0.8278805120910384,22.773722627737307,0.88776431635187
ensemble (top 5),0.8944975867787622,16,583,2,121,0.1703601108033241,0.8296398891966759,0.11678832116788321,0.9965811965811966,0.8888888888888888,0.828125,34.16058394160596,0.886241564522793
ensemble (top 5),0.8981718904141222,16,584,1,121,0.16897506925207756,0.8310249307479225,0.11678832116788321,0.9982905982905983,0.9411764705882353,0.8283687943262411,68.32116788321191,0.8847240275972403
ensemble (top 5),0.9018703549192069,15,584,1,122,0.1703601108033241,0.8296398891966759,0.10948905109489052,0.9982905982905983,0.9375,0.8271954674220963,64.05109489051118,0.892035796420358
ensemble (top 5),0.9123082445071263,14,584,1,123,0.17174515235457063,0.8282548476454293,0.10218978102189781,0.9982905982905983,0.9333333333333333,0.826025459688826,59.78102189781043,0.8993475652434757
ensemble (top 5),0.9200020950151583,13,584,1,124,0.1731301939058172,0.8268698060941828,0.0948905109489051,0.9982905982905983,0.9285714285714286,0.8248587570621468,55.510948905109686,0.9066593340665934
ensemble (top 5),0.9222239355483508,12,584,1,125,0.1745152354570637,0.8254847645429363,0.08759124087591241,0.9982905982905983,0.9230769230769231,0.8236953455571228,51.240875912408946,0.9139711028897111
ensemble (top 5),0.9273180362280078,11,584,1,126,0.17590027700831026,0.8240997229916898,0.08029197080291971,0.9982905982905983,0.9166666666666666,0.8225352112676056,46.9708029197082,0.9212828717128287
ensemble (top 5),0.9344647337613899,10,584,1,127,0.1772853185595568,0.8227146814404432,0.072992700729927,0.9982905982905983,0.9090909090909091,0.8213783403656821,42.700729927007444,0.9285946405359464
ensemble (top 5),0.9359305972537315,9,584,1,128,0.1786703601108033,0.8213296398891967,0.06569343065693431,0.9982905982905983,0.9,0.8202247191011236,38.43065693430671,0.9359064093590641
ensemble (top 5),0.9395993356321355,8,584,1,129,0.18005540166204986,0.8199445983379501,0.058394160583941604,0.9982905982905983,0.8888888888888888,0.8190743338008415,34.16058394160596,0.9432181781821818
ensemble (top 5),0.9403885865501769,7,584,1,130,0.1814404432132964,0.8185595567867037,0.051094890510948905,0.9982905982905983,0.875,0.8179271708683473,29.890510948905217,0.9505299470052995
ensemble (top 5),0.9492508496531731,6,584,1,131,0.18282548476454294,0.817174515235457,0.043795620437956206,0.9982905982905983,0.8571428571428571,0.8167832167832167,25.620437956204473,0.9578417158284172
ensemble (top 5),0.9586880208355755,5,584,1,132,0.18421052631578946,0.8157894736842105,0.0364963503649635,0.9982905982905983,0.8333333333333334,0.8156424581005587,21.350364963503722,0.9651534846515348
ensemble (top 5),0.9616745244978283,4,584,1,133,0.18559556786703602,0.814404432132964,0.029197080291970802,0.9982905982905983,0.8,0.8145048814504882,17.08029197080298,0.9724652534746525
ensemble (top 5),0.9625703657223997,3,584,1,134,0.18698060941828254,0.8130193905817175,0.021897810218978103,0.9982905982905983,0.75,0.8133704735376045,12.810218978102236,0.9797770222977702
ensemble (top 5),0.9658199036387403,2,584,1,135,0.1883656509695291,0.8116343490304709,0.014598540145985401,0.9982905982905983,0.6666666666666666,0.8122392211404729,8.54014598540149,0.9870887911208879
ensemble (top 5),0.9671324445563811,1,584,1,136,0.18975069252077562,0.8102493074792244,0.0072992700729927005,0.9982905982905983,0.5,0.8111111111111111,4.270072992700745,0.9944005599440056
ensemble (top 5),0.9718167531673771,0,584,1,137,0.19113573407202217,0.8088642659279779,0.0,0.9982905982905983,0.0,0.8099861303744799,0.0,1.0017123287671232
ensemble (top 5),1.0,0,585,0,137,0.18975069252077562,0.8102493074792244,0.0,1.0,,0.8102493074792244,inf,1.0
