,temperature_c,wbc,spo2,age
temperature_c,1.0,0.6312056667371144,-0.5069657003002747,0.02874516940906175
wbc,0.6312056667371144,1.0,-0.47044627088917984,0.0240460177121987
spo2,-0.5069657003002747,-0.47044627088917984,1.0,-0.021611384172445434
age,0.02874516940906175,0.0240460177121987,-0.021611384172445434,1.0
