,temperature_c,wbc,spo2,age
temperature_c,1.0,0.6604975190618148,-0.5293938681676258,0.027687266574374873
wbc,0.6604975190618148,1.0,-0.5119146358381453,0.026482552540631175
spo2,-0.5293938681676258,-0.5119146358381453,1.0,-0.018853244704064975
age,0.027687266574374873,0.026482552540631175,-0.018853244704064975,1.0
